timestamp,pci,cell_type,nof_ue,dl_brate,ul_brate,dl_nof_ok,dl_nof_nok,ul_nof_ok,ul_nof_nok,dl_mcs,ul_mcs,dl_prb,ul_prb,pusch_snr_db,pucch_snr_db,anomaly_label
2026-08-21T22:25:00,PCI_1,TDD,40,59789170.0,23929110.0,948,10,956,8,13.1,12.7,37,30,17.99,19.58,Normal
2026-08-21T22:25:00,PCI_2,TDD,40,61674685.0,24177688.0,1126,13,681,17,13.8,12.4,39,29,17.79,19.73,Normal
2026-08-21T22:25:00,PCI_3,TDD,34,59198561.0,23410014.0,1154,5,661,17,14.1,12.0,37,31,17.86,19.59,Normal
2026-08-21T22:25:00,PCI_4,TDD,34,60072573.0,23761291.0,1043,10,839,4,13.7,11.7,39,30,17.97,20.83,Normal
2026-08-21T22:26:00,PCI_1,TDD,35,58885746.0,24890457.0,1024,10,734,9,13.5,11.7,37,28,17.57,20.01,Normal
2026-08-21T22:26:00,PCI_2,TDD,35,61096951.0,23309179.0,1000,13,797,13,14.0,12.4,37,29,17.93,20.34,Normal
2026-08-21T22:26:00,PCI_3,TDD,38,59866382.0,23807044.0,854,16,855,8,13.7,12.3,37,30,18.05,20.6,Normal
2026-08-21T22:26:00,PCI_4,TDD,36,60024260.0,23219577.0,1137,11,713,13,13.8,12.3,38,28,17.75,20.49,Normal
2026-08-21T22:27:00,PCI_1,TDD,39,59885971.0,24065626.0,875,17,950,5,13.3,12.9,36,30,17.87,20.01,Normal
2026-08-21T22:27:00,PCI_2,TDD,36,60144501.0,24516719.0,984,6,917,14,13.5,12.8,36,29,17.96,20.72,Normal
2026-08-21T22:27:00,PCI_3,TDD,36,58857883.0,23551446.0,844,17,683,17,13.5,12.4,37,30,18.49,20.62,Normal
2026-08-21T22:27:00,PCI_4,TDD,35,61988260.0,24190379.0,847,11,951,6,13.8,12.3,37,30,18.09,20.37,Normal
2026-08-21T22:28:00,PCI_1,TDD,33,59278189.0,23823158.0,1170,7,654,10,13.3,12.5,38,29,17.54,20.17,Normal
2026-08-21T22:28:00,PCI_2,TDD,36,60635210.0,23090473.0,1099,9,797,11,13.5,12.5,38,32,18.3,20.66,Normal
2026-08-21T22:28:00,PCI_3,TDD,38,62833700.0,24415928.0,821,7,713,7,13.1,12.9,36,29,17.62,20.03,Normal
2026-08-21T22:28:00,PCI_4,TDD,41,60365227.0,23825107.0,932,8,886,14,13.1,12.5,36,27,18.39,19.78,Normal
2026-08-21T22:29:00,PCI_1,TDD,36,59269418.0,24634979.0,802,16,618,4,13.4,12.9,39,27,17.42,20.23,Normal
2026-08-21T22:29:00,PCI_2,TDD,38,60899258.0,25020049.0,1163,19,701,16,13.3,12.2,39,29,18.39,19.45,Normal
2026-08-21T22:29:00,PCI_3,TDD,35,60628815.0,25421855.0,901,18,788,9,13.8,12.6,37,29,18.58,20.07,Normal
2026-08-21T22:29:00,PCI_4,TDD,32,58513296.0,24329268.0,1072,10,835,3,13.5,12.4,36,30,17.66,20.25,Normal
2026-08-21T22:30:00,PCI_1,TDD,41,60790815.0,24057013.0,936,20,721,6,13.6,12.3,38,29,18.83,19.77,Normal
2026-08-21T22:30:00,PCI_2,TDD,40,61170417.0,24747903.0,969,10,996,7,14.1,12.4,37,30,18.01,19.79,Normal
2026-08-21T22:30:00,PCI_3,TDD,34,59494075.0,24979928.0,861,8,969,6,13.4,12.5,38,31,17.74,20.06,Normal
2026-08-21T22:30:00,PCI_4,TDD,38,60378639.0,23979295.0,1170,6,631,15,13.1,12.7,36,30,18.83,20.59,Normal
2026-08-21T22:31:00,PCI_1,TDD,39,60453078.0,23509641.0,1039,15,775,17,14.1,12.4,38,29,18.47,19.49,Normal
2026-08-21T22:31:00,PCI_2,TDD,41,59565967.0,24221383.0,891,12,849,9,13.8,12.4,36,29,17.9,19.55,Normal
2026-08-21T22:31:00,PCI_3,TDD,40,60596284.0,23708190.0,1025,19,601,6,13.2,12.9,37,28,17.94,20.76,Normal
2026-08-21T22:31:00,PCI_4,TDD,39,57850772.0,24311813.0,832,13,757,4,13.8,12.2,37,31,18.5,19.9,Normal
2026-08-21T22:32:00,PCI_1,TDD,37,62148951.0,24414505.0,999,11,886,3,13.8,12.7,38,30,18.57,20.24,Normal
2026-08-21T22:32:00,PCI_2,TDD,37,60643732.0,25104983.0,935,16,709,15,13.4,12.9,39,29,18.32,20.13,Normal
2026-08-21T22:32:00,PCI_3,TDD,38,59946147.0,24308715.0,1050,17,952,3,13.8,12.9,38,29,18.39,19.89,Normal
2026-08-21T22:32:00,PCI_4,TDD,34,61283215.0,24317260.0,1099,16,735,6,13.7,12.6,40,31,18.07,19.6,Normal
2026-08-21T22:33:00,PCI_1,TDD,38,58592025.0,24006865.0,916,15,808,10,13.3,12.4,37,29,18.69,20.26,Normal
2026-08-21T22:33:00,PCI_2,TDD,38,59929609.0,23894461.0,1087,23,886,6,13.2,12.5,39,29,18.05,19.21,Normal
2026-08-21T22:33:00,PCI_3,TDD,39,62927360.0,24904581.0,936,5,774,5,13.7,12.5,39,32,18.39,19.78,Normal
2026-08-21T22:33:00,PCI_4,TDD,39,60045656.0,23935562.0,1121,5,954,17,12.9,12.1,38,29,17.54,19.65,Normal
2026-08-21T22:34:00,PCI_1,TDD,41,61537393.0,24849788.0,998,14,888,4,13.8,12.8,38,30,18.15,20.51,Normal
2026-08-21T22:34:00,PCI_2,TDD,37,61937274.0,25099534.0,971,16,662,12,13.1,12.2,36,31,17.91,19.87,Normal
2026-08-21T22:34:00,PCI_3,TDD,40,61838633.0,24097109.0,1136,12,757,9,14.0,11.6,38,30,17.62,20.0,Normal
2026-08-21T22:34:00,PCI_4,TDD,38,60126905.0,24346071.0,1018,18,817,15,13.4,12.5,38,29,18.0,19.3,Normal
2026-08-21T22:35:00,PCI_1,TDD,42,61462611.0,24933656.0,922,7,624,8,13.1,12.3,37,29,18.5,20.59,Normal
2026-08-21T22:35:00,PCI_2,TDD,38,61457163.0,23468718.0,1039,5,963,14,12.9,12.4,36,30,18.06,20.17,Normal
2026-08-21T22:35:00,PCI_3,TDD,41,61156763.0,24025115.0,1063,24,726,13,14.0,12.7,38,30,18.49,19.76,Normal
2026-08-21T22:35:00,PCI_4,TDD,38,59863532.0,24981590.0,1011,6,754,10,13.7,12.6,39,29,18.29,19.46,Normal
2026-08-21T22:36:00,PCI_1,TDD,41,60330020.0,23133418.0,838,6,781,10,13.5,13.0,37,30,18.23,20.03,Normal
2026-08-21T22:36:00,PCI_2,TDD,37,60818174.0,23838754.0,845,24,822,5,13.3,12.5,39,30,18.2,19.9,Normal
2026-08-21T22:36:00,PCI_3,TDD,40,60600403.0,24156504.0,1141,18,915,9,13.4,12.4,37,30,18.08,20.3,Normal
2026-08-21T22:36:00,PCI_4,TDD,38,60391459.0,23861425.0,947,5,863,17,13.3,12.5,37,30,17.61,19.34,Normal
2026-08-21T22:37:00,PCI_1,TDD,36,59951437.0,24629632.0,1033,20,847,10,13.4,12.8,39,29,17.28,20.79,Normal
2026-08-21T22:37:00,PCI_2,TDD,39,60326338.0,24285728.0,838,15,889,17,13.5,12.2,38,31,17.93,20.21,Normal
2026-08-21T22:37:00,PCI_3,TDD,45,60402858.0,24349437.0,931,14,655,9,14.0,12.7,38,30,17.39,19.45,Normal
2026-08-21T22:37:00,PCI_4,TDD,34,61864626.0,23874954.0,921,14,741,10,13.4,12.6,39,32,17.51,20.25,Normal
2026-08-21T22:38:00,PCI_1,TDD,38,60666284.0,24290233.0,1176,13,610,10,14.0,12.1,39,29,18.65,19.59,Normal
2026-08-21T22:38:00,PCI_2,TDD,38,61933389.0,25202726.0,1081,22,705,9,13.6,12.3,39,29,17.6,19.54,Normal
2026-08-21T22:38:00,PCI_3,TDD,33,61085678.0,25210825.0,1145,16,840,3,13.1,12.6,39,29,17.07,20.44,Normal
2026-08-21T22:38:00,PCI_4,TDD,34,62050178.0,24402558.0,1064,21,748,17,13.7,12.7,38,28,18.71,20.4,Normal
2026-08-21T22:39:00,PCI_1,TDD,35,62691918.0,24098390.0,1034,8,768,14,13.6,12.4,40,30,18.26,19.99,Normal
2026-08-21T22:39:00,PCI_2,TDD,39,60420359.0,24787391.0,908,24,878,11,13.4,12.1,38,30,18.69,20.62,Normal
2026-08-21T22:39:00,PCI_3,TDD,39,62601021.0,24310562.0,1184,10,753,11,13.5,13.0,37,32,17.44,20.21,Normal
2026-08-21T22:39:00,PCI_4,TDD,39,60050942.0,25028649.0,813,13,790,13,13.1,13.0,37,30,18.46,19.99,Normal
2026-08-21T22:40:00,PCI_1,TDD,39,60200057.0,23641046.0,891,23,815,11,13.3,12.7,38,28,17.85,20.14,Normal
2026-08-21T22:40:00,PCI_2,TDD,38,63226163.0,24347862.0,1148,19,678,15,14.0,12.4,39,28,18.42,19.95,Normal
2026-08-21T22:40:00,PCI_3,TDD,38,62397168.0,24142612.0,831,21,602,3,13.6,12.4,39,30,18.02,19.57,Normal
2026-08-21T22:40:00,PCI_4,TDD,38,61250234.0,24589107.0,1007,22,896,15,13.2,13.2,38,30,18.42,20.11,Normal
2026-08-21T22:41:00,PCI_1,TDD,32,60992440.0,23867410.0,1015,16,629,10,13.8,12.2,38,30,18.16,20.01,Normal
2026-08-21T22:41:00,PCI_2,TDD,44,61288222.0,25443784.0,1003,15,991,17,13.5,12.4,37,31,18.25,19.88,Normal
2026-08-21T22:41:00,PCI_3,TDD,44,62621989.0,25500363.0,1012,14,666,4,13.4,12.5,38,29,17.6,20.66,Normal
2026-08-21T22:41:00,PCI_4,TDD,40,60096764.0,25329909.0,861,24,752,17,13.6,12.3,38,30,18.06,19.42,Normal
2026-08-21T22:42:00,PCI_1,TDD,44,61276958.0,24523138.0,1156,11,656,15,13.2,12.4,37,31,18.0,20.05,Normal
2026-08-21T22:42:00,PCI_2,TDD,43,61099756.0,24478872.0,940,15,770,17,13.2,12.5,38,30,18.4,19.58,Normal
2026-08-21T22:42:00,PCI_3,TDD,43,61385736.0,24166138.0,1103,10,923,17,13.2,12.1,38,29,17.57,20.54,Normal
2026-08-21T22:42:00,PCI_4,TDD,38,62237628.0,24078197.0,1085,12,829,10,14.2,12.7,38,30,17.76,20.27,Normal
2026-08-21T22:43:00,PCI_1,TDD,38,61327447.0,24417194.0,1131,21,828,6,13.9,12.1,38,29,17.92,20.42,Normal
2026-08-21T22:43:00,PCI_2,TDD,36,61334345.0,24247223.0,825,19,812,13,13.7,12.5,39,29,18.08,20.58,Normal
2026-08-21T22:43:00,PCI_3,TDD,39,61371818.0,24580255.0,887,16,716,16,13.3,12.6,38,28,18.05,20.48,Normal
2026-08-21T22:43:00,PCI_4,TDD,45,62331119.0,25480687.0,984,5,870,7,13.7,12.4,40,31,17.98,19.86,Normal
2026-08-21T22:44:00,PCI_1,TDD,40,59295306.0,25521735.0,859,16,735,13,13.9,12.6,38,31,18.58,19.5,Normal
2026-08-21T22:44:00,PCI_2,TDD,41,63075555.0,24075873.0,1145,12,981,15,12.9,12.7,38,32,18.21,20.79,Normal
2026-08-21T22:44:00,PCI_3,TDD,39,61203467.0,24049188.0,996,18,813,5,13.2,12.7,37,31,17.73,19.51,Normal
2026-08-21T22:44:00,PCI_4,TDD,40,61684686.0,25008294.0,1034,24,730,16,13.2,12.5,40,30,18.19,19.42,Normal
2026-08-21T22:45:00,PCI_1,TDD,40,60975448.0,25048113.0,940,16,810,12,13.4,12.4,37,29,17.42,19.76,Normal
2026-08-21T22:45:00,PCI_2,TDD,41,61074903.0,25433511.0,939,6,737,8,13.5,12.5,39,29,18.49,19.76,Normal
2026-08-21T22:45:00,PCI_3,TDD,41,63228048.0,25340038.0,1176,24,863,14,13.7,12.4,39,30,18.67,20.03,Normal
2026-08-21T22:45:00,PCI_4,TDD,37,62293041.0,24284587.0,1117,8,654,10,13.5,12.8,40,29,17.14,20.81,Normal
2026-08-21T22:46:00,PCI_1,TDD,43,62548484.0,24865884.0,1106,17,842,8,14.0,12.7,40,31,18.79,20.36,Normal
2026-08-21T22:46:00,PCI_2,TDD,39,63317899.0,24742339.0,1080,5,994,9,13.7,12.4,40,30,18.63,20.18,Normal
2026-08-21T22:46:00,PCI_3,TDD,41,62232907.0,24840750.0,926,17,779,3,13.5,12.9,40,30,17.09,20.24,Normal
2026-08-21T22:46:00,PCI_4,TDD,42,63049807.0,25248514.0,930,24,851,7,13.8,12.5,39,31,17.72,19.75,Normal
2026-08-21T22:47:00,PCI_1,TDD,38,60223227.0,25179152.0,1013,12,844,12,13.9,12.1,38,31,17.98,19.93,Normal
2026-08-21T22:47:00,PCI_2,TDD,37,62477888.0,25278998.0,1146,11,674,11,13.6,12.6,39,30,18.23,20.22,Normal
2026-08-21T22:47:00,PCI_3,TDD,45,62094173.0,24016158.0,884,12,782,12,13.2,12.4,39,31,17.44,20.24,Normal
2026-08-21T22:47:00,PCI_4,TDD,42,61851581.0,25021443.0,1023,9,712,8,13.3,12.3,38,30,18.01,20.06,Normal
2026-08-21T22:48:00,PCI_1,TDD,41,64501404.0,24412109.0,993,19,757,3,13.6,12.1,38,34,18.34,19.64,Normal
2026-08-21T22:48:00,PCI_2,TDD,40,63602844.0,25080672.0,914,13,863,8,13.4,12.7,40,31,18.48,20.05,Normal
2026-08-21T22:48:00,PCI_3,TDD,42,62245166.0,24866090.0,943,9,725,3,13.6,12.4,38,30,18.14,20.01,Normal
2026-08-21T22:48:00,PCI_4,TDD,42,60626466.0,25692833.0,1156,7,753,10,13.4,12.4,39,30,18.62,20.55,Normal
2026-08-21T22:49:00,PCI_1,TDD,44,62152914.0,24736535.0,1182,7,667,4,13.6,12.6,39,30,18.24,19.75,Normal
2026-08-21T22:49:00,PCI_2,TDD,40,61550192.0,24295621.0,1183,6,982,4,13.3,12.9,40,29,17.77,19.92,Normal
2026-08-21T22:49:00,PCI_3,TDD,44,62818063.0,25100412.0,991,20,613,4,13.3,12.9,39,30,18.31,19.72,Normal
2026-08-21T22:49:00,PCI_4,TDD,38,62256768.0,24623900.0,879,17,907,17,13.0,12.4,38,29,17.97,19.65,Normal
2026-08-21T22:50:00,PCI_1,TDD,44,62098850.0,25154201.0,1124,15,905,6,13.5,12.1,39,30,18.22,19.63,Normal
2026-08-21T22:50:00,PCI_2,TDD,45,61041773.0,24526874.0,1011,8,679,4,14.0,12.5,39,32,18.74,19.88,Normal
2026-08-21T22:50:00,PCI_3,TDD,43,59822703.0,24304963.0,1093,16,886,12,13.6,12.8,39,29,17.8,19.61,Normal
2026-08-21T22:50:00,PCI_4,TDD,42,62266487.0,24712753.0,1093,22,661,13,13.9,12.2,41,30,18.03,20.47,Normal
2026-08-21T22:51:00,PCI_1,TDD,44,62670690.0,24629835.0,1001,10,892,11,13.6,12.7,40,32,18.27,19.42,Normal
2026-08-21T22:51:00,PCI_2,TDD,41,64411452.0,24773173.0,803,18,672,6,13.2,12.4,38,32,18.5,20.02,Normal
2026-08-21T22:51:00,PCI_3,TDD,41,63789362.0,24596711.0,942,13,769,7,13.2,12.4,40,32,18.16,19.66,Normal
2026-08-21T22:51:00,PCI_4,TDD,42,62298449.0,24935437.0,874,7,978,3,13.3,12.5,39,30,17.98,19.82,Normal
2026-08-21T22:52:00,PCI_1,TDD,40,62054526.0,24505724.0,946,16,777,5,13.6,12.4,41,31,17.99,19.51,Normal
2026-08-21T22:52:00,PCI_2,TDD,42,59774537.0,24369780.0,991,18,886,13,13.9,12.9,41,31,18.27,19.82,Normal
2026-08-21T22:52:00,PCI_3,TDD,43,64828476.0,24751232.0,849,10,692,5,13.9,13.0,41,30,17.59,19.81,Normal
2026-08-21T22:52:00,PCI_4,TDD,45,62137825.0,24959965.0,1045,19,803,17,13.9,12.4,40,29,18.21,20.25,Normal
2026-08-21T22:53:00,PCI_1,TDD,36,62476347.0,25068041.0,908,14,621,10,13.4,12.1,38,31,18.27,19.77,Normal
2026-08-21T22:53:00,PCI_2,TDD,46,62378303.0,25007237.0,1047,15,941,7,13.9,12.7,39,31,18.27,20.24,Normal
2026-08-21T22:53:00,PCI_3,TDD,42,61693355.0,24435419.0,961,7,990,16,13.4,12.5,37,29,17.68,20.03,Normal
2026-08-21T22:53:00,PCI_4,TDD,42,63115550.0,25069294.0,856,21,703,8,13.1,12.5,38,31,17.7,20.15,Normal
2026-08-21T22:54:00,PCI_1,TDD,36,63076216.0,25455318.0,1049,5,962,8,13.6,13.0,38,31,17.41,19.64,Normal
2026-08-21T22:54:00,PCI_2,TDD,37,61921250.0,23617083.0,814,7,805,17,13.2,12.4,39,32,18.37,19.3,Normal
2026-08-21T22:54:00,PCI_3,TDD,41,62209933.0,24369645.0,952,6,766,13,13.7,12.6,39,31,18.08,19.42,Normal
2026-08-21T22:54:00,PCI_4,TDD,43,63552064.0,24641802.0,1194,18,766,5,13.7,12.2,41,32,17.13,20.43,Normal
2026-08-21T22:55:00,PCI_1,TDD,47,61726632.0,24823199.0,1083,12,601,4,13.5,12.8,40,30,18.08,20.5,Normal
2026-08-21T22:55:00,PCI_2,TDD,36,61482418.0,25416943.0,987,6,625,6,13.6,12.9,38,30,17.77,19.74,Normal
2026-08-21T22:55:00,PCI_3,TDD,43,63637459.0,24635704.0,867,24,656,14,13.4,12.8,39,31,18.06,20.32,Normal
2026-08-21T22:55:00,PCI_4,TDD,41,61957419.0,25647474.0,1054,13,804,12,13.6,11.8,40,30,17.77,20.38,Normal
2026-08-21T22:56:00,PCI_1,TDD,34,62280130.0,25238090.0,952,15,998,17,13.4,12.5,40,32,17.47,19.92,Normal
2026-08-21T22:56:00,PCI_2,TDD,40,64181069.0,24933673.0,833,5,769,3,13.0,12.8,40,30,17.13,19.78,Normal
2026-08-21T22:56:00,PCI_3,TDD,44,61945914.0,24149973.0,1196,5,821,10,13.3,12.8,39,30,17.51,20.12,Normal
2026-08-21T22:56:00,PCI_4,TDD,43,63463515.0,24982843.0,905,19,694,9,12.7,12.6,40,29,18.17,20.19,Normal
2026-08-21T22:57:00,PCI_1,TDD,42,63177253.0,25399868.0,1118,16,942,8,13.3,12.1,41,31,18.62,20.17,Normal
2026-08-21T22:57:00,PCI_2,TDD,45,61454052.0,25004598.0,1012,6,758,15,13.4,12.3,39,31,17.44,20.64,Normal
2026-08-21T22:57:00,PCI_3,TDD,46,63227441.0,25240395.0,801,18,816,11,13.7,12.7,40,31,18.07,19.91,Normal
2026-08-21T22:57:00,PCI_4,TDD,45,63170282.0,24797770.0,1011,16,611,4,13.4,12.1,39,31,17.74,20.11,Normal
2026-08-21T22:58:00,PCI_1,TDD,36,63481457.0,24856985.0,904,7,991,8,13.4,12.5,40,31,17.99,20.54,Normal
2026-08-21T22:58:00,PCI_2,TDD,47,63507199.0,24242752.0,1010,18,882,6,13.7,12.2,41,31,17.53,20.79,Normal
2026-08-21T22:58:00,PCI_3,TDD,44,62420033.0,25113647.0,945,24,885,6,13.2,12.4,38,31,18.37,20.1,Normal
2026-08-21T22:58:00,PCI_4,TDD,44,62297968.0,25509400.0,1056,24,921,5,14.1,12.5,39,30,17.97,19.84,Normal
2026-08-21T22:59:00,PCI_1,TDD,40,62245039.0,25832874.0,1075,22,880,11,13.9,12.7,40,31,17.89,19.93,Normal
2026-08-21T22:59:00,PCI_2,TDD,44,63232230.0,24326004.0,972,23,701,7,13.8,11.9,39,31,17.85,19.81,Normal
2026-08-21T22:59:00,PCI_3,TDD,50,63585930.0,24964375.0,933,13,841,13,13.8,12.1,40,31,17.67,20.18,Normal
2026-08-21T22:59:00,PCI_4,TDD,48,62783582.0,24227549.0,801,18,710,4,13.5,12.5,37,30,18.25,19.78,Normal
2026-08-21T23:00:00,PCI_1,TDD,45,63237831.0,24808241.0,925,20,678,14,13.2,12.3,41,30,18.43,19.95,Normal
2026-08-21T23:00:00,PCI_2,TDD,51,63216741.0,25819744.0,1074,21,877,11,13.5,12.1,41,30,17.92,19.75,Normal
2026-08-21T23:00:00,PCI_3,TDD,44,63539291.0,25143077.0,850,15,709,17,13.0,12.6,38,30,18.2,20.1,Normal
2026-08-21T23:00:00,PCI_4,TDD,43,61868833.0,25573788.0,983,6,964,11,13.3,12.9,41,32,17.8,20.26,Normal
2026-08-21T23:01:00,PCI_1,TDD,37,62788257.0,25281613.0,1118,19,978,12,13.2,12.3,39,33,17.64,19.77,Normal
2026-08-21T23:01:00,PCI_2,TDD,43,62367162.0,24657504.0,973,18,949,9,13.5,12.1,41,32,17.48,20.07,Normal
2026-08-21T23:01:00,PCI_3,TDD,44,64708466.0,25127313.0,830,23,938,11,13.2,12.4,41,32,17.95,19.62,Normal
2026-08-21T23:01:00,PCI_4,TDD,42,64168606.0,25017826.0,820,10,722,12,13.3,12.7,40,32,17.18,20.18,Normal
2026-08-21T23:02:00,PCI_1,TDD,47,63795342.0,24620013.0,1152,5,714,9,13.6,11.9,39,31,17.99,20.12,Normal
2026-08-21T23:02:00,PCI_2,TDD,46,62631392.0,24301124.0,927,13,976,4,13.3,12.6,40,30,18.57,19.98,Normal
2026-08-21T23:02:00,PCI_3,TDD,46,63113141.0,25883832.0,953,12,854,3,13.8,12.5,39,31,17.56,21.02,Normal
2026-08-21T23:02:00,PCI_4,TDD,46,63440664.0,25174347.0,858,18,958,8,13.2,13.1,40,31,17.91,20.24,Normal
2026-08-21T23:03:00,PCI_1,TDD,44,61705836.0,25221962.0,1009,11,622,15,13.1,12.3,40,32,17.64,20.58,Normal
2026-08-21T23:03:00,PCI_2,TDD,48,63109559.0,24613867.0,808,21,880,14,13.1,12.6,39,32,18.05,20.15,Normal
2026-08-21T23:03:00,PCI_3,TDD,42,63970609.0,24987600.0,1005,16,905,6,13.2,12.6,37,32,18.56,20.01,Normal
2026-08-21T23:03:00,PCI_4,TDD,50,62193574.0,25298165.0,1158,19,891,8,13.8,12.4,41,31,18.83,20.85,Normal
2026-08-21T23:04:00,PCI_1,TDD,49,62150871.0,24679227.0,1176,5,633,10,13.4,12.5,41,32,17.05,19.92,Normal
2026-08-21T23:04:00,PCI_2,TDD,48,63914749.0,25532957.0,997,10,876,11,13.7,12.9,39,32,18.85,19.32,Normal
2026-08-21T23:04:00,PCI_3,TDD,46,63351470.0,25218186.0,839,16,858,16,13.2,12.2,41,30,17.86,19.51,Normal
2026-08-21T23:04:00,PCI_4,TDD,43,64211835.0,25305477.0,879,5,813,9,13.5,12.3,41,31,18.0,20.28,Normal
2026-08-21T23:05:00,PCI_1,TDD,43,64179252.0,25078128.0,924,18,630,12,14.0,12.2,41,31,17.41,19.75,Normal
2026-08-21T23:05:00,PCI_2,TDD,47,63416023.0,25128240.0,1149,7,996,6,14.0,12.3,40,31,17.47,20.32,Normal
2026-08-21T23:05:00,PCI_3,TDD,44,64266186.0,25909179.0,890,5,879,13,13.7,12.7,40,31,17.44,19.55,Normal
2026-08-21T23:05:00,PCI_4,TDD,45,63258051.0,24522359.0,1095,23,975,4,13.3,12.5,39,31,18.23,20.91,Normal
2026-08-21T23:06:00,PCI_1,TDD,43,61827127.0,25224679.0,965,5,767,8,13.3,11.9,39,31,18.69,19.78,Normal
2026-08-21T23:06:00,PCI_2,TDD,44,64592240.0,25034132.0,832,11,617,11,13.7,12.7,40,32,17.96,20.21,Normal
2026-08-21T23:06:00,PCI_3,TDD,45,62056779.0,25700417.0,855,24,930,6,13.9,12.1,40,31,18.66,19.99,Normal
2026-08-21T23:06:00,PCI_4,TDD,41,63362464.0,25568202.0,904,20,737,6,12.8,12.0,41,31,18.82,19.56,Normal
2026-08-21T23:07:00,PCI_1,TDD,45,64208888.0,25023375.0,1134,8,985,8,13.6,12.4,42,32,18.26,20.63,Normal
2026-08-21T23:07:00,PCI_2,TDD,44,64347776.0,25678029.0,1184,21,902,6,13.5,12.2,39,32,18.14,20.06,Normal
2026-08-21T23:07:00,PCI_3,TDD,46,63215980.0,25503389.0,1051,5,969,4,13.1,12.3,40,34,17.8,20.82,Normal
2026-08-21T23:07:00,PCI_4,TDD,47,63917282.0,26051643.0,1197,23,748,7,13.6,11.9,41,31,18.04,19.68,Normal
2026-08-21T23:08:00,PCI_1,TDD,47,61968444.0,25540147.0,1091,6,940,3,13.8,12.7,39,31,18.46,20.62,Normal
2026-08-21T23:08:00,PCI_2,TDD,42,64411113.0,25219336.0,862,21,665,13,13.8,12.8,39,32,18.09,20.05,Normal
2026-08-21T23:08:00,PCI_3,TDD,48,63869012.0,25887397.0,1029,11,867,10,13.1,12.6,39,31,18.66,19.81,Normal
2026-08-21T23:08:00,PCI_4,TDD,40,63142902.0,25648263.0,814,14,620,8,13.8,12.8,37,31,18.15,20.35,Normal
2026-08-21T23:09:00,PCI_1,TDD,46,63861879.0,25182241.0,1100,5,931,4,13.9,12.4,42,33,17.62,20.51,Normal
2026-08-21T23:09:00,PCI_2,TDD,45,64171730.0,24955787.0,1086,11,890,17,14.0,12.7,41,33,17.45,20.08,Normal
2026-08-21T23:09:00,PCI_3,TDD,46,65159590.0,25806993.0,1031,7,642,10,13.2,12.9,43,31,17.52,19.92,Normal
2026-08-21T23:09:00,PCI_4,TDD,48,64203131.0,25297211.0,818,22,711,13,13.7,12.5,42,36,17.48,19.75,Normal
2026-08-21T23:10:00,PCI_1,TDD,47,65604850.0,26154317.0,1054,13,748,13,13.9,12.5,40,30,17.31,20.28,Normal
2026-08-21T23:10:00,PCI_2,TDD,44,63716380.0,25897989.0,1107,19,771,7,13.7,12.4,40,31,18.22,19.56,Normal
2026-08-21T23:10:00,PCI_3,TDD,47,64749290.0,25264437.0,919,20,676,10,13.0,12.9,40,33,18.53,20.34,Normal
2026-08-21T23:10:00,PCI_4,TDD,46,62531795.0,25049887.0,885,14,826,5,13.2,12.7,41,32,18.18,20.6,Normal
2026-08-21T23:11:00,PCI_1,TDD,48,64887240.0,24919366.0,1091,13,923,16,13.4,12.6,40,32,18.25,20.16,Normal
2026-08-21T23:11:00,PCI_2,TDD,50,64257044.0,25053618.0,952,13,821,8,13.5,12.4,40,30,17.77,20.63,Normal
2026-08-21T23:11:00,PCI_3,TDD,54,64984579.0,25547155.0,1016,10,830,12,13.4,12.3,39,30,17.71,19.87,Normal
2026-08-21T23:11:00,PCI_4,TDD,43,63225067.0,25483088.0,853,11,989,8,13.6,12.0,40,34,18.17,20.22,Normal
2026-08-21T23:12:00,PCI_1,TDD,52,62917607.0,25925382.0,1088,18,902,11,14.0,12.7,41,32,17.78,20.44,Normal
2026-08-21T23:12:00,PCI_2,TDD,43,62954209.0,25620690.0,1145,10,952,13,13.6,12.3,41,30,18.51,19.86,Normal
2026-08-21T23:12:00,PCI_3,TDD,44,65256436.0,25595261.0,822,8,637,8,13.2,12.1,40,32,18.16,19.56,Normal
2026-08-21T23:12:00,PCI_4,TDD,49,62733661.0,25285428.0,870,16,603,11,13.8,12.4,40,34,18.23,19.46,Normal
2026-08-21T23:13:00,PCI_1,TDD,49,63969907.0,25750953.0,1071,19,723,14,13.4,12.4,41,32,18.09,20.16,Normal
2026-08-21T23:13:00,PCI_2,TDD,44,64466248.0,26362783.0,1001,10,679,17,13.6,12.2,41,31,18.52,20.07,Normal
2026-08-21T23:13:00,PCI_3,TDD,46,65379036.0,25525827.0,1031,9,801,12,13.3,12.6,41,32,18.11,19.38,Normal
2026-08-21T23:13:00,PCI_4,TDD,48,64102996.0,25756532.0,1004,12,917,6,13.4,12.7,42,31,18.19,20.18,Normal
2026-08-21T23:14:00,PCI_1,TDD,51,63839860.0,25162317.0,1107,15,625,17,13.6,12.6,40,33,17.91,19.85,Normal
2026-08-21T23:14:00,PCI_2,TDD,50,63140691.0,26039944.0,819,7,822,16,13.4,13.0,40,32,17.83,20.07,Normal
2026-08-21T23:14:00,PCI_3,TDD,47,63880348.0,25401866.0,1005,9,944,17,13.3,12.7,40,33,18.13,19.44,Normal
2026-08-21T23:14:00,PCI_4,TDD,49,63639741.0,25662957.0,990,5,846,4,13.8,12.3,39,32,17.76,20.18,Normal
2026-08-21T23:15:00,PCI_1,TDD,54,64754736.0,26038932.0,1164,13,678,3,13.7,12.3,41,30,18.22,19.91,Normal
2026-08-21T23:15:00,PCI_2,TDD,50,63037804.0,26813258.0,1188,10,989,7,13.9,12.5,43,34,18.47,19.96,Normal
2026-08-21T23:15:00,PCI_3,TDD,51,64194844.0,25077881.0,888,16,916,13,13.8,12.0,40,30,18.11,19.66,Normal
2026-08-21T23:15:00,PCI_4,TDD,47,65064372.0,25056670.0,1069,14,959,8,12.8,13.0,40,30,18.83,20.04,Normal
2026-08-21T23:16:00,PCI_1,TDD,51,63790722.0,25840861.0,1053,18,704,3,13.3,12.6,41,31,17.61,20.18,Normal
2026-08-21T23:16:00,PCI_2,TDD,52,64136919.0,26181947.0,1036,9,794,9,13.5,13.1,39,32,17.22,19.96,Normal
2026-08-21T23:16:00,PCI_3,TDD,47,64636850.0,25814299.0,824,18,764,9,13.9,12.4,42,32,17.7,19.91,Normal
2026-08-21T23:16:00,PCI_4,TDD,47,63633322.0,25971374.0,874,10,891,5,13.4,12.8,40,33,17.84,20.25,Normal
2026-08-21T23:17:00,PCI_1,TDD,49,62720314.0,26257881.0,851,8,678,12,13.7,12.3,41,33,17.63,20.26,Normal
2026-08-21T23:17:00,PCI_2,TDD,48,65407121.0,25965137.0,1169,12,854,3,13.6,12.9,41,32,17.98,20.21,Normal
2026-08-21T23:17:00,PCI_3,TDD,53,65585441.0,25793186.0,882,8,728,7,13.4,12.6,41,31,18.34,20.3,Normal
2026-08-21T23:17:00,PCI_4,TDD,48,63396720.0,26421677.0,920,9,683,8,13.7,12.7,42,32,18.56,20.29,Normal
2026-08-21T23:18:00,PCI_1,TDD,52,63952454.0,25269979.0,968,14,782,12,13.6,12.7,42,32,17.77,19.55,Normal
2026-08-21T23:18:00,PCI_2,TDD,49,63118652.0,25658700.0,891,5,868,14,13.3,12.1,42,33,18.01,20.22,Normal
2026-08-21T23:18:00,PCI_3,TDD,49,65964334.0,25887364.0,866,20,612,6,14.1,12.1,39,32,18.01,19.91,Normal
2026-08-21T23:18:00,PCI_4,TDD,52,64546761.0,26423421.0,892,15,645,5,13.3,12.0,41,32,18.11,20.82,Normal
2026-08-21T23:19:00,PCI_1,TDD,47,64295572.0,26308283.0,1045,8,887,8,13.7,12.5,43,34,18.08,19.7,Normal
2026-08-21T23:19:00,PCI_2,TDD,49,64247913.0,25081241.0,916,14,797,15,13.1,12.4,41,32,17.87,19.75,Normal
2026-08-21T23:19:00,PCI_3,TDD,43,64543191.0,25864026.0,1036,5,751,10,13.2,12.5,41,32,17.82,20.62,Normal
2026-08-21T23:19:00,PCI_4,TDD,56,64345145.0,26094040.0,1092,18,889,5,13.6,12.6,42,33,18.04,19.77,Normal
2026-08-21T23:20:00,PCI_1,TDD,53,64921404.0,26274909.0,930,9,654,15,13.8,12.9,40,32,17.69,19.81,Normal
2026-08-21T23:20:00,PCI_2,TDD,54,64824343.0,25970085.0,1097,21,768,8,13.9,12.2,41,33,17.86,20.37,Normal
2026-08-21T23:20:00,PCI_3,TDD,52,65720939.0,25622173.0,1002,6,779,5,13.2,12.5,41,31,18.01,19.61,Normal
2026-08-21T23:20:00,PCI_4,TDD,50,62649847.0,25341206.0,832,9,863,12,13.0,12.5,39,33,18.66,20.67,Normal
2026-08-21T23:21:00,PCI_1,TDD,46,63501580.0,25821151.0,931,16,654,12,13.3,12.7,42,33,17.1,19.7,Normal
2026-08-21T23:21:00,PCI_2,TDD,49,64553245.0,25790526.0,1170,10,952,16,13.5,12.4,41,33,18.16,20.33,Normal
2026-08-21T23:21:00,PCI_3,TDD,53,63591955.0,26780237.0,823,19,753,16,13.2,13.2,40,32,17.8,19.8,Normal
2026-08-21T23:21:00,PCI_4,TDD,48,64561829.0,24113281.0,1064,5,822,3,13.8,12.9,41,32,17.92,20.33,Normal
2026-08-21T23:22:00,PCI_1,TDD,48,63586890.0,25815841.0,942,12,658,5,13.9,12.3,43,33,18.42,19.74,Normal
2026-08-21T23:22:00,PCI_2,TDD,51,65022328.0,25539043.0,1093,10,838,5,13.3,11.9,42,34,18.2,19.87,Normal
2026-08-21T23:22:00,PCI_3,TDD,48,64502736.0,25858575.0,809,13,627,11,13.1,12.1,43,32,18.06,19.55,Normal
2026-08-21T23:22:00,PCI_4,TDD,51,64403451.0,26055465.0,1191,21,951,7,13.7,11.7,41,33,17.9,20.21,Normal
2026-08-21T23:23:00,PCI_1,TDD,52,64929021.0,26693198.0,1013,21,614,14,13.4,11.6,42,32,17.87,19.46,Normal
2026-08-21T23:23:00,PCI_2,TDD,52,66244767.0,25926104.0,833,22,675,5,13.1,12.3,44,33,17.85,20.24,Normal
2026-08-21T23:23:00,PCI_3,TDD,49,64399975.0,26344946.0,906,22,800,8,13.4,12.9,42,34,17.45,19.44,Normal
2026-08-21T23:23:00,PCI_4,TDD,53,64245954.0,25700892.0,910,18,602,14,13.4,12.3,41,33,17.46,19.77,Normal
2026-08-21T23:24:00,PCI_1,TDD,48,66160380.0,25677087.0,1012,5,984,5,13.5,12.1,43,34,18.92,20.15,Normal
2026-08-21T23:24:00,PCI_2,TDD,52,66235174.0,25638520.0,998,22,878,14,13.7,12.5,42,31,18.11,19.94,Normal
2026-08-21T23:24:00,PCI_3,TDD,52,66413940.0,25691360.0,886,19,869,8,13.5,12.0,42,33,17.48,19.69,Normal
2026-08-21T23:24:00,PCI_4,TDD,51,64894275.0,24874576.0,966,23,727,10,14.1,12.3,40,32,18.35,19.81,Normal
2026-08-21T23:25:00,PCI_1,TDD,49,64309895.0,26709035.0,1088,8,886,16,13.3,12.9,42,34,18.11,20.17,Normal
2026-08-21T23:25:00,PCI_2,TDD,50,64557410.0,26479773.0,846,6,754,3,13.0,12.0,41,31,18.25,19.54,Normal
2026-08-21T23:25:00,PCI_3,TDD,50,65438405.0,26079152.0,1090,20,949,12,13.6,13.0,39,32,18.67,19.45,Normal
2026-08-21T23:25:00,PCI_4,TDD,55,66012856.0,26175294.0,1139,18,873,9,13.9,12.8,42,34,18.18,19.86,Normal
2026-08-21T23:26:00,PCI_1,TDD,50,64724135.0,26596810.0,1043,10,963,17,13.4,12.6,43,32,18.19,19.79,Normal
2026-08-21T23:26:00,PCI_2,TDD,52,66834268.0,25805623.0,837,14,955,8,13.4,12.1,41,31,18.3,20.17,Normal
2026-08-21T23:26:00,PCI_3,TDD,52,63939588.0,26132237.0,806,19,723,12,13.7,12.0,42,31,17.95,19.53,Normal
2026-08-21T23:26:00,PCI_4,TDD,45,65208736.0,25823302.0,946,10,971,15,12.9,12.2,40,33,17.77,20.32,Normal
2026-08-21T23:27:00,PCI_1,TDD,50,62723073.0,26255579.0,908,12,743,12,13.6,12.1,43,34,17.79,20.77,Normal
2026-08-21T23:27:00,PCI_2,TDD,53,64719222.0,25469275.0,973,12,875,15,13.4,12.2,43,33,18.82,19.99,Normal
2026-08-21T23:27:00,PCI_3,TDD,49,64637440.0,26783310.0,810,16,810,15,13.7,12.5,43,31,17.59,20.1,Normal
2026-08-21T23:27:00,PCI_4,TDD,48,64650589.0,26024413.0,950,10,725,17,13.6,13.0,41,34,17.94,19.78,Normal
2026-08-21T23:28:00,PCI_1,TDD,50,65945033.0,25471131.0,804,18,745,17,13.9,12.8,42,33,18.52,19.96,Normal
2026-08-21T23:28:00,PCI_2,TDD,46,63798473.0,26372558.0,1115,9,948,17,13.8,11.9,43,33,17.8,19.25,Normal
2026-08-21T23:28:00,PCI_3,TDD,47,65739011.0,26620906.0,848,5,834,9,13.7,12.4,42,33,17.56,20.23,Normal
2026-08-21T23:28:00,PCI_4,TDD,52,64056486.0,26435164.0,1018,6,619,13,13.4,12.3,42,32,18.36,19.43,Normal
2026-08-21T23:29:00,PCI_1,TDD,56,66353473.0,25299257.0,819,19,965,10,13.1,11.7,43,34,17.97,20.45,Normal
2026-08-21T23:29:00,PCI_2,TDD,56,63071260.0,25935652.0,1174,9,844,8,13.9,12.8,41,34,17.46,20.35,Normal
2026-08-21T23:29:00,PCI_3,TDD,45,66337182.0,26029627.0,1030,5,909,10,13.6,12.5,40,33,17.38,20.75,Normal
2026-08-21T23:29:00,PCI_4,TDD,50,65658680.0,25554866.0,990,12,863,14,13.5,12.1,42,31,17.55,20.66,Normal
2026-08-21T23:30:00,PCI_1,TDD,45,64775994.0,26379804.0,987,19,665,10,13.6,12.6,42,31,18.51,19.74,Normal
2026-08-21T23:30:00,PCI_2,TDD,48,66109705.0,24790830.0,1109,5,752,17,13.5,12.8,41,34,17.34,19.36,Normal
2026-08-21T23:30:00,PCI_3,TDD,51,64254843.0,26199589.0,829,22,733,7,14.3,12.6,41,34,17.75,18.99,Normal
2026-08-21T23:30:00,PCI_4,TDD,48,65002161.0,26476861.0,1106,20,963,11,13.4,12.5,43,33,17.75,19.77,Normal
2026-08-21T23:31:00,PCI_1,TDD,58,65885239.0,26754129.0,875,24,837,8,13.3,12.6,41,33,18.28,20.02,Normal
2026-08-21T23:31:00,PCI_2,TDD,55,66210677.0,27060237.0,943,8,815,6,13.2,12.3,40,34,18.22,20.49,Normal
2026-08-21T23:31:00,PCI_3,TDD,52,65260024.0,26605572.0,1093,9,941,10,13.3,12.1,45,33,17.87,19.62,Normal
2026-08-21T23:31:00,PCI_4,TDD,50,67431345.0,25810832.0,961,8,725,3,13.8,12.9,42,33,18.17,20.42,Normal
2026-08-21T23:32:00,PCI_1,TDD,54,67032257.0,25373530.0,873,24,631,9,12.7,12.6,41,34,18.42,19.77,Normal
2026-08-21T23:32:00,PCI_2,TDD,50,65026801.0,25866327.0,917,15,915,4,13.4,13.1,41,33,17.84,20.14,Normal
2026-08-21T23:32:00,PCI_3,TDD,46,63948004.0,25604249.0,1068,20,824,6,13.0,12.3,42,34,17.45,19.89,Normal
2026-08-21T23:32:00,PCI_4,TDD,51,66974598.0,26436698.0,973,7,654,7,13.3,12.6,41,33,18.21,19.45,Normal
2026-08-21T23:33:00,PCI_1,TDD,53,66423276.0,26475496.0,950,5,862,12,13.2,12.1,42,34,16.72,19.97,Normal
2026-08-21T23:33:00,PCI_2,TDD,46,64944750.0,26471907.0,805,19,830,12,13.3,12.5,41,33,18.24,20.38,Normal
2026-08-21T23:33:00,PCI_3,TDD,50,66228884.0,25726145.0,1112,8,993,7,13.5,12.2,42,33,17.26,20.21,Normal
2026-08-21T23:33:00,PCI_4,TDD,53,66675112.0,26534727.0,963,12,926,13,13.5,12.6,42,32,18.04,19.93,Normal
2026-08-21T23:34:00,PCI_1,TDD,53,65864884.0,26321122.0,858,5,734,5,13.9,12.3,44,32,18.44,20.49,Normal
2026-08-21T23:34:00,PCI_2,TDD,53,64786790.0,26078547.0,1190,9,605,6,13.2,12.5,43,34,18.08,19.8,Normal
2026-08-21T23:34:00,PCI_3,TDD,52,66854913.0,26083018.0,874,24,865,13,13.4,12.8,43,31,18.63,19.69,Normal
2026-08-21T23:34:00,PCI_4,TDD,50,65395484.0,26703827.0,1080,18,742,8,13.1,12.5,42,31,17.25,19.88,Normal
2026-08-21T23:35:00,PCI_1,TDD,59,64677567.0,26422685.0,913,13,841,6,14.0,12.4,41,33,17.89,19.62,Normal
2026-08-21T23:35:00,PCI_2,TDD,51,65689878.0,25963767.0,876,23,822,14,13.1,13.1,43,34,17.43,20.52,Normal
2026-08-21T23:35:00,PCI_3,TDD,51,65702252.0,26398515.0,857,12,817,7,13.3,12.1,41,33,17.67,19.54,Normal
2026-08-21T23:35:00,PCI_4,TDD,52,67710109.0,25189079.0,814,16,671,6,13.7,12.7,43,33,17.93,20.07,Normal
2026-08-21T23:36:00,PCI_1,TDD,47,66583856.0,26311225.0,1171,21,822,12,13.5,12.9,42,33,19.29,20.49,Normal
2026-08-21T23:36:00,PCI_2,TDD,54,64881869.0,25692412.0,1194,17,887,7,13.0,12.3,42,34,18.23,20.02,Normal
2026-08-21T23:36:00,PCI_3,TDD,59,64269037.0,25308230.0,1041,20,758,16,13.5,12.5,42,32,17.92,19.66,Normal
2026-08-21T23:36:00,PCI_4,TDD,56,65626657.0,25840488.0,1090,13,854,13,13.1,12.1,41,33,18.21,19.29,Normal
2026-08-21T23:37:00,PCI_1,TDD,52,64843087.0,26733327.0,853,9,700,9,13.6,12.0,42,32,17.35,19.55,Normal
2026-08-21T23:37:00,PCI_2,TDD,56,64957863.0,26638475.0,1126,22,804,3,13.6,12.5,42,32,17.75,20.02,Normal
2026-08-21T23:37:00,PCI_3,TDD,51,64572904.0,26388524.0,832,11,966,10,13.4,12.7,41,32,18.07,19.79,Normal
2026-08-21T23:37:00,PCI_4,TDD,45,66675218.0,25414133.0,815,5,710,11,14.2,13.0,41,33,18.28,20.14,Normal
2026-08-21T23:38:00,PCI_1,TDD,51,65131559.0,26456693.0,1082,6,745,3,12.9,12.5,42,34,17.65,19.84,Normal
2026-08-21T23:38:00,PCI_2,TDD,53,65735890.0,26048998.0,1069,13,924,6,13.3,12.5,42,33,17.89,19.76,Normal
2026-08-21T23:38:00,PCI_3,TDD,52,66094088.0,25865881.0,981,8,647,13,13.1,12.6,42,33,17.8,19.86,Normal
2026-08-21T23:38:00,PCI_4,TDD,51,63879551.0,25579325.0,1199,22,654,14,13.3,12.9,43,35,18.3,19.92,Normal
2026-08-21T23:39:00,PCI_1,TDD,55,66415445.0,26068856.0,1100,8,678,10,13.6,12.8,42,35,18.22,20.11,Normal
2026-08-21T23:39:00,PCI_2,TDD,55,66282044.0,26060379.0,1151,9,853,13,13.4,13.3,43,33,17.38,20.38,Normal
2026-08-21T23:39:00,PCI_3,TDD,61,65055781.0,26045324.0,1099,22,913,14,13.8,12.3,42,32,18.26,19.47,Normal
2026-08-21T23:39:00,PCI_4,TDD,48,67536419.0,25642358.0,926,11,609,12,13.3,12.0,41,34,18.82,19.6,Normal
2026-08-21T23:40:00,PCI_1,TDD,55,66549967.0,26021645.0,894,5,680,10,13.7,12.1,42,33,18.81,19.7,Normal
2026-08-21T23:40:00,PCI_2,TDD,49,65213186.0,25949784.0,943,17,903,8,13.7,12.3,42,32,17.64,19.84,Normal
2026-08-21T23:40:00,PCI_3,TDD,53,64654570.0,25863691.0,1021,15,813,16,13.7,12.2,41,35,17.77,19.67,Normal
2026-08-21T23:40:00,PCI_4,TDD,52,68168782.0,27060226.0,1041,23,656,7,13.4,12.7,44,34,17.86,20.65,Normal
2026-08-21T23:41:00,PCI_1,TDD,54,67896881.0,25745771.0,939,23,753,11,13.1,12.3,44,33,17.34,20.26,Normal
2026-08-21T23:41:00,PCI_2,TDD,57,65484598.0,26328594.0,969,11,902,4,14.3,12.7,41,33,17.89,19.76,Normal
2026-08-21T23:41:00,PCI_3,TDD,52,66686674.0,25985922.0,1055,9,634,6,13.1,12.7,42,34,17.99,19.27,Normal
2026-08-21T23:41:00,PCI_4,TDD,55,65907900.0,27388188.0,941,10,842,6,12.9,12.3,44,32,17.51,20.73,Normal
2026-08-21T23:42:00,PCI_1,TDD,53,66045479.0,26473745.0,910,11,863,12,13.2,13.0,44,34,17.88,19.82,Normal
2026-08-21T23:42:00,PCI_2,TDD,54,66325072.0,26288646.0,895,17,982,4,13.6,12.7,42,33,17.91,20.38,Normal
2026-08-21T23:42:00,PCI_3,TDD,54,64865760.0,26606418.0,808,14,894,3,12.9,12.4,41,32,18.64,19.95,Normal
2026-08-21T23:42:00,PCI_4,TDD,55,65459934.0,26176274.0,946,6,817,13,13.3,12.8,43,33,18.41,19.34,Normal
2026-08-21T23:43:00,PCI_1,TDD,55,67436279.0,27868266.0,846,19,806,6,13.7,12.3,42,33,17.94,19.83,Normal
2026-08-21T23:43:00,PCI_2,TDD,53,67564435.0,26520027.0,884,15,843,5,12.9,12.1,41,33,18.25,19.9,Normal
2026-08-21T23:43:00,PCI_3,TDD,53,65817691.0,26995206.0,1000,8,876,16,14.0,12.4,43,34,18.53,19.58,Normal
2026-08-21T23:43:00,PCI_4,TDD,49,66865970.0,26567938.0,1112,8,602,3,13.5,12.7,44,33,17.73,19.72,Normal
2026-08-21T23:44:00,PCI_1,TDD,53,66277998.0,27341593.0,1136,13,782,10,13.0,12.5,42,33,18.26,20.33,Normal
2026-08-21T23:44:00,PCI_2,TDD,54,67316616.0,26909928.0,1004,6,986,15,14.0,12.4,44,34,17.47,20.27,Normal
2026-08-21T23:44:00,PCI_3,TDD,58,68306255.0,26854240.0,1100,5,701,3,13.6,12.3,43,32,18.08,20.02,Normal
2026-08-21T23:44:00,PCI_4,TDD,57,63637628.0,26639310.0,1033,7,800,5,13.7,13.0,44,35,18.07,20.0,Normal
2026-08-21T23:45:00,PCI_1,TDD,52,65912636.0,26015074.0,1085,10,680,6,13.4,12.3,43,34,18.2,20.31,Normal
2026-08-21T23:45:00,PCI_2,TDD,50,67382386.0,25883584.0,1026,9,909,14,14.0,12.7,43,35,18.28,20.9,Normal
2026-08-21T23:45:00,PCI_3,TDD,57,66090589.0,27191040.0,966,24,877,14,13.4,12.3,43,34,17.78,20.11,Normal
2026-08-21T23:45:00,PCI_4,TDD,56,67527293.0,26006688.0,1134,15,943,7,14.4,12.9,41,33,17.78,20.17,Normal
2026-08-21T23:46:00,PCI_1,TDD,58,66327056.0,26552452.0,996,20,681,16,13.3,12.0,43,35,18.13,19.18,Normal
2026-08-21T23:46:00,PCI_2,TDD,56,67536837.0,26907968.0,1119,20,872,4,13.6,12.4,45,33,18.38,19.98,Normal
2026-08-21T23:46:00,PCI_3,TDD,58,67087620.0,26581562.0,1035,21,914,6,13.6,12.4,43,34,17.72,19.87,Normal
2026-08-21T23:46:00,PCI_4,TDD,50,66276833.0,26921815.0,1131,11,794,15,13.5,12.6,44,32,18.02,20.54,Normal
2026-08-21T23:47:00,PCI_1,TDD,57,66023504.0,25744966.0,1047,7,606,17,13.1,13.2,43,35,17.66,20.03,Normal
2026-08-21T23:47:00,PCI_2,TDD,54,65071096.0,28037150.0,1171,18,644,12,13.8,13.0,42,33,18.45,19.52,Normal
2026-08-21T23:47:00,PCI_3,TDD,57,64925402.0,26222635.0,1046,20,932,17,13.4,13.0,43,34,18.29,20.26,Normal
2026-08-21T23:47:00,PCI_4,TDD,52,68298133.0,27635334.0,1091,5,666,7,12.6,12.4,43,35,18.44,20.37,Normal
2026-08-21T23:48:00,PCI_1,TDD,47,67039193.0,25708816.0,911,9,672,17,13.4,12.7,44,35,17.91,20.1,Normal
2026-08-21T23:48:00,PCI_2,TDD,50,64796270.0,26589516.0,1011,14,890,6,13.3,13.1,43,34,18.06,20.09,Normal
2026-08-21T23:48:00,PCI_3,TDD,56,67068218.0,27018472.0,1013,9,830,12,13.5,12.4,41,32,18.23,20.01,Normal
2026-08-21T23:48:00,PCI_4,TDD,55,65285144.0,26843909.0,935,9,849,10,13.1,12.4,41,34,18.36,20.09,Normal
2026-08-21T23:49:00,PCI_1,TDD,53,65189928.0,25829143.0,1125,11,765,13,13.6,12.7,43,34,18.0,19.89,Normal
2026-08-21T23:49:00,PCI_2,TDD,51,65846141.0,26720986.0,912,14,828,4,13.1,12.5,43,37,17.43,19.84,Normal
2026-08-21T23:49:00,PCI_3,TDD,53,66499986.0,26461363.0,1075,15,898,5,13.4,12.5,42,33,18.22,19.91,Normal
2026-08-21T23:49:00,PCI_4,TDD,56,65995408.0,27050084.0,1018,15,878,15,13.2,12.5,44,33,18.14,19.87,Normal
2026-08-21T23:50:00,PCI_1,TDD,56,66409612.0,25875328.0,1145,20,988,3,13.6,12.5,44,33,17.24,20.03,Normal
2026-08-21T23:50:00,PCI_2,TDD,55,64778716.0,27340901.0,995,8,944,17,13.3,12.6,43,33,18.27,19.8,Normal
2026-08-21T23:50:00,PCI_3,TDD,52,64691538.0,26253658.0,977,10,724,9,13.6,12.3,45,36,17.91,20.19,Normal
2026-08-21T23:50:00,PCI_4,TDD,59,65710192.0,26327848.0,1162,10,951,8,13.3,12.5,43,34,18.24,20.78,Normal
2026-08-21T23:51:00,PCI_1,TDD,60,66270818.0,26065817.0,1073,12,728,15,13.6,12.5,43,35,17.42,19.98,Normal
2026-08-21T23:51:00,PCI_2,TDD,54,66432499.0,26379141.0,861,10,736,3,13.6,12.2,43,34,17.34,20.1,Normal
2026-08-21T23:51:00,PCI_3,TDD,61,68810673.0,26257938.0,800,15,643,11,13.7,12.4,44,35,18.51,20.0,Normal
2026-08-21T23:51:00,PCI_4,TDD,57,66559572.0,26960383.0,1094,9,874,6,13.5,12.7,43,34,17.92,19.42,Normal
2026-08-21T23:52:00,PCI_1,TDD,51,65861302.0,26895084.0,1076,19,831,4,13.4,12.9,43,32,17.82,19.93,Normal
2026-08-21T23:52:00,PCI_2,TDD,58,64110992.0,27620180.0,971,12,872,4,13.3,12.0,44,36,18.0,19.89,Normal
2026-08-21T23:52:00,PCI_3,TDD,55,66642838.0,27014778.0,1196,13,703,6,13.8,12.9,43,33,18.43,19.93,Normal
2026-08-21T23:52:00,PCI_4,TDD,53,66753821.0,26417873.0,817,10,879,3,13.1,12.9,43,33,17.61,20.0,Normal
2026-08-21T23:53:00,PCI_1,TDD,58,67249450.0,27140635.0,985,7,811,8,12.9,12.3,45,34,18.28,19.75,Normal
2026-08-21T23:53:00,PCI_2,TDD,56,68071328.0,26687209.0,1105,9,735,6,13.1,12.4,43,35,18.33,20.03,Normal
2026-08-21T23:53:00,PCI_3,TDD,50,67716270.0,27211537.0,966,22,876,7,13.7,12.3,43,34,17.72,20.08,Normal
2026-08-21T23:53:00,PCI_4,TDD,55,66702347.0,26987613.0,1116,21,769,7,13.9,12.3,43,33,17.88,19.36,Normal
2026-08-21T23:54:00,PCI_1,TDD,57,67608610.0,27079128.0,861,11,897,5,13.0,12.2,45,33,17.72,19.61,Normal
2026-08-21T23:54:00,PCI_2,TDD,60,67513401.0,27874273.0,875,11,956,16,13.8,11.9,43,32,17.7,20.21,Normal
2026-08-21T23:54:00,PCI_3,TDD,52,66998290.0,27305468.0,1147,10,994,11,13.1,12.3,43,33,18.16,20.14,Normal
2026-08-21T23:54:00,PCI_4,TDD,57,66111385.0,27148168.0,973,6,795,3,13.5,13.2,43,33,18.3,20.05,Normal
2026-08-21T23:55:00,PCI_1,TDD,52,64560139.0,27693364.0,1149,20,689,10,13.5,12.0,45,34,17.91,20.72,Normal
2026-08-21T23:55:00,PCI_2,TDD,51,56380306.0,21964958.0,1103,0,755,6,14.0,13.0,35,28,17.47,19.72,Normal
2026-08-21T23:55:00,PCI_3,TDD,54,67848114.0,26867828.0,988,13,990,14,14.4,12.3,44,34,17.64,19.59,Normal
2026-08-21T23:55:00,PCI_4,TDD,57,65165764.0,26909263.0,903,12,824,10,13.7,13.2,42,34,17.57,19.94,Normal
2026-08-21T23:56:00,PCI_1,TDD,54,67956571.0,26608974.0,1106,15,687,4,13.2,12.4,46,34,17.68,20.32,Normal
2026-08-21T23:56:00,PCI_2,TDD,54,53932947.0,21923197.0,821,25,697,26,13.6,12.7,37,30,18.28,19.99,Normal
2026-08-21T23:56:00,PCI_3,TDD,50,67569142.0,26350163.0,967,23,905,15,13.6,12.8,43,34,18.33,20.08,Normal
2026-08-21T23:56:00,PCI_4,TDD,54,66936076.0,28162089.0,1036,18,776,12,13.3,12.8,44,34,18.3,20.31,Normal
2026-08-21T23:57:00,PCI_1,TDD,60,67476497.0,26820053.0,838,7,912,6,13.3,12.5,44,33,17.3,20.33,Normal
2026-08-21T23:57:00,PCI_2,TDD,53,51028509.0,20506694.0,926,40,723,30,13.3,12.3,39,33,17.75,19.56,Normal
2026-08-21T23:57:00,PCI_3,TDD,54,68274872.0,25825156.0,975,24,794,12,13.6,12.1,43,34,17.8,19.96,Normal
2026-08-21T23:57:00,PCI_4,TDD,53,66705921.0,27320385.0,887,15,692,17,13.5,12.4,42,34,19.08,19.83,Normal
2026-08-21T23:58:00,PCI_1,TDD,54,67781492.0,27336891.0,1167,18,633,15,13.2,12.2,43,34,18.41,19.78,Normal
2026-08-21T23:58:00,PCI_2,TDD,54,49503627.0,20740453.0,1024,43,912,30,12.9,11.9,41,35,17.56,19.45,Normal
2026-08-21T23:58:00,PCI_3,TDD,57,67559269.0,26660867.0,838,15,753,15,13.6,12.5,44,32,18.79,20.0,Normal
2026-08-21T23:58:00,PCI_4,TDD,55,67688452.0,26914944.0,978,14,773,10,13.6,12.9,42,32,18.03,20.33,Normal
2026-08-21T23:59:00,PCI_1,TDD,54,67508845.0,27528951.0,913,10,997,4,13.4,12.4,44,35,17.95,19.98,Normal
2026-08-21T23:59:00,PCI_2,TDD,57,47920504.0,18540916.0,928,66,737,69,12.5,11.6,44,37,17.67,19.12,Normal
2026-08-21T23:59:00,PCI_3,TDD,58,67694314.0,26843075.0,1166,11,633,11,13.3,12.1,46,35,18.23,19.98,Normal
2026-08-21T23:59:00,PCI_4,TDD,56,67844202.0,27146285.0,901,11,837,12,13.4,12.4,43,35,17.79,20.45,Normal
2026-08-22T00:00:00,PCI_1,TDD,62,66634054.0,25488612.0,853,18,878,10,13.2,12.3,45,34,17.83,20.52,Normal
2026-08-22T00:00:00,PCI_2,TDD,58,45940769.0,18338155.0,828,94,807,64,12.2,11.3,46,39,17.5,19.41,Normal
2026-08-22T00:00:00,PCI_3,TDD,58,66988808.0,26381639.0,1019,8,813,11,13.7,12.9,43,34,17.46,19.76,Normal
2026-08-22T00:00:00,PCI_4,TDD,55,66943041.0,26243113.0,979,7,734,15,13.3,12.4,44,34,18.45,19.6,Normal
2026-08-22T00:01:00,PCI_1,TDD,57,68101202.0,27173455.0,1005,14,805,11,13.7,12.8,44,34,18.43,19.53,Normal
2026-08-22T00:01:00,PCI_2,TDD,55,44330672.0,18255564.0,1095,107,634,79,11.8,10.9,48,42,17.36,18.92,Normal
2026-08-22T00:01:00,PCI_3,TDD,55,67841683.0,26931320.0,1042,24,625,11,13.4,13.0,42,35,17.44,19.93,Normal
2026-08-22T00:01:00,PCI_4,TDD,55,69202016.0,27044264.0,970,9,904,13,13.0,12.3,43,32,17.75,19.91,Normal
2026-08-22T00:02:00,PCI_1,TDD,60,69112398.0,26048600.0,1004,7,833,5,13.5,12.1,43,33,18.67,20.02,Normal
2026-08-22T00:02:00,PCI_2,TDD,57,43150303.0,16771268.0,1038,136,963,95,11.4,10.5,50,44,16.66,18.65,Normal
2026-08-22T00:02:00,PCI_3,TDD,54,68400808.0,26316976.0,896,20,853,17,14.1,13.1,42,34,17.82,19.73,Normal
2026-08-22T00:02:00,PCI_4,TDD,57,68279113.0,27451177.0,1022,16,854,17,13.3,12.7,44,35,17.8,20.18,Normal
2026-08-22T00:03:00,PCI_1,TDD,60,65976697.0,26486380.0,1146,17,707,8,13.4,12.4,44,33,18.52,20.06,Normal
2026-08-22T00:03:00,PCI_2,TDD,56,41133717.0,16818047.0,886,112,911,88,11.1,10.2,52,46,17.29,18.63,Anomaly
2026-08-22T00:03:00,PCI_3,TDD,50,69342200.0,27317305.0,979,6,979,14,13.8,12.2,43,33,17.59,19.69,Normal
2026-08-22T00:03:00,PCI_4,TDD,61,68592067.0,27019225.0,1024,24,812,13,13.0,12.3,45,34,17.68,19.75,Normal
2026-08-22T00:04:00,PCI_1,TDD,59,69319317.0,26178951.0,958,5,951,12,13.7,12.4,43,34,17.71,20.29,Normal
2026-08-22T00:04:00,PCI_2,TDD,55,39520280.0,15643366.0,1032,152,992,115,10.7,9.9,54,49,16.73,18.35,Anomaly
2026-08-22T00:04:00,PCI_3,TDD,61,68063040.0,26788385.0,1055,7,906,10,14.3,12.6,45,35,18.28,20.12,Normal
2026-08-22T00:04:00,PCI_4,TDD,58,68125235.0,27618818.0,930,6,910,12,13.4,12.1,44,34,18.66,19.78,Normal
2026-08-22T00:05:00,PCI_1,TDD,58,67542997.0,26670278.0,1066,5,751,13,13.5,12.8,43,36,18.55,19.84,Normal
2026-08-22T00:05:00,PCI_2,TDD,54,37314520.0,15360420.0,927,156,934,142,10.3,9.5,56,51,16.52,18.24,Anomaly
2026-08-22T00:05:00,PCI_3,TDD,59,67407105.0,26743850.0,1067,19,971,10,13.7,12.6,44,35,18.44,20.51,Normal
2026-08-22T00:05:00,PCI_4,TDD,59,68159645.0,26656362.0,862,16,918,15,13.5,12.6,42,32,17.53,20.42,Normal
2026-08-22T00:06:00,PCI_1,TDD,59,66649912.0,27315639.0,1139,9,785,10,13.1,12.5,45,34,17.6,20.45,Normal
2026-08-22T00:06:00,PCI_2,TDD,51,35884796.0,15088030.0,802,168,975,131,10.0,9.1,58,53,16.27,18.12,Anomaly
2026-08-22T00:06:00,PCI_3,TDD,54,67605277.0,27344495.0,1121,6,699,4,13.8,12.7,44,33,17.58,19.48,Normal
2026-08-22T00:06:00,PCI_4,TDD,54,68261519.0,27224285.0,1089,13,720,11,13.2,12.8,45,34,17.78,20.07,Normal
2026-08-22T00:07:00,PCI_1,TDD,61,67055185.0,27515836.0,1034,8,772,5,13.4,13.0,42,34,17.53,20.27,Normal
2026-08-22T00:07:00,PCI_2,TDD,57,34141629.0,12939258.0,984,192,616,147,9.6,8.8,61,56,16.26,18.38,Anomaly
2026-08-22T00:07:00,PCI_3,TDD,60,68543870.0,26830377.0,850,13,697,12,13.7,12.2,46,36,17.59,19.87,Normal
2026-08-22T00:07:00,PCI_4,TDD,59,69058922.0,27396821.0,899,7,889,12,13.6,12.5,43,34,18.18,20.24,Normal
2026-08-22T00:08:00,PCI_1,TDD,59,67462607.0,27081115.0,960,11,818,6,13.9,12.6,45,35,17.96,19.9,Normal
2026-08-22T00:08:00,PCI_2,TDD,57,32755897.0,13326165.0,1052,217,927,162,9.2,8.5,63,58,15.89,17.56,Anomaly
2026-08-22T00:08:00,PCI_3,TDD,58,68912318.0,27597590.0,1154,12,691,16,13.8,12.5,43,36,17.52,20.42,Normal
2026-08-22T00:08:00,PCI_4,TDD,57,70952255.0,27138684.0,941,20,719,17,14.0,12.8,43,33,18.56,20.1,Normal
2026-08-22T00:09:00,PCI_1,TDD,59,68167161.0,27843266.0,1043,19,609,13,13.5,12.0,44,34,17.07,20.33,Normal
2026-08-22T00:09:00,PCI_2,TDD,61,31897010.0,12560577.0,847,219,985,174,8.9,8.1,65,60,16.71,17.82,Anomaly
2026-08-22T00:09:00,PCI_3,TDD,61,65434642.0,26858917.0,952,17,823,5,13.4,13.1,44,34,18.44,19.73,Normal
2026-08-22T00:09:00,PCI_4,TDD,60,67630365.0,26168810.0,865,23,967,8,13.8,12.5,44,35,17.85,20.79,Normal
2026-08-22T00:10:00,PCI_1,TDD,57,68623443.0,26445599.0,815,10,753,6,13.3,12.9,44,33,17.76,20.29,Normal
2026-08-22T00:10:00,PCI_2,TDD,61,29281086.0,11658218.0,871,224,796,176,8.5,7.8,67,62,16.23,18.05,Anomaly
2026-08-22T00:10:00,PCI_3,TDD,61,69062901.0,26904895.0,961,21,761,12,13.7,12.5,42,34,18.07,19.79,Normal
2026-08-22T00:10:00,PCI_4,TDD,60,68092599.0,27435597.0,827,23,735,11,13.6,12.7,45,34,18.46,20.17,Normal
2026-08-22T00:11:00,PCI_1,TDD,57,68175819.0,27133424.0,1039,20,824,13,12.9,11.6,43,33,17.95,20.93,Normal
2026-08-22T00:11:00,PCI_2,TDD,59,25535420.0,10250612.0,872,243,921,197,8.1,7.4,69,65,15.51,17.27,Anomaly
2026-08-22T00:11:00,PCI_3,TDD,57,68022557.0,26647636.0,1029,17,941,11,13.7,12.4,43,33,17.25,19.97,Normal
2026-08-22T00:11:00,PCI_4,TDD,57,68667861.0,27739024.0,1072,13,986,17,13.7,12.5,43,35,18.14,19.47,Normal
2026-08-22T00:12:00,PCI_1,TDD,60,68958557.0,27549832.0,1142,17,812,17,13.7,12.9,45,35,17.99,20.07,Normal
2026-08-22T00:12:00,PCI_2,TDD,55,25743230.0,10110321.0,918,274,731,194,7.8,7.0,71,67,15.37,17.32,Anomaly
2026-08-22T00:12:00,PCI_3,TDD,51,67638282.0,28135685.0,891,6,948,8,13.7,12.0,44,35,18.03,20.03,Normal
2026-08-22T00:12:00,PCI_4,TDD,57,67110213.0,26698222.0,1022,7,712,6,13.3,12.3,45,35,17.77,19.81,Normal
2026-08-22T00:13:00,PCI_1,TDD,58,67332373.0,27313591.0,1047,13,982,7,13.5,13.1,45,34,18.85,19.58,Normal
2026-08-22T00:13:00,PCI_2,TDD,62,23101471.0,9639837.0,1080,281,677,223,7.4,6.7,73,69,16.2,17.0,Anomaly
2026-08-22T00:13:00,PCI_3,TDD,62,67240469.0,27906008.0,1184,23,749,13,13.2,12.2,44,34,17.83,19.03,Normal
2026-08-22T00:13:00,PCI_4,TDD,61,68880181.0,27447558.0,1162,22,947,12,13.4,12.9,44,34,17.67,19.71,Normal
2026-08-22T00:14:00,PCI_1,TDD,60,68344059.0,27897843.0,853,10,799,12,13.5,12.4,45,37,17.48,20.28,Normal
2026-08-22T00:14:00,PCI_2,TDD,60,20610876.0,9002469.0,1141,282,630,240,7.0,6.4,76,72,15.53,16.88,Anomaly
2026-08-22T00:14:00,PCI_3,TDD,55,68861599.0,25817537.0,940,9,912,17,13.3,12.1,45,33,17.91,20.34,Normal
2026-08-22T00:14:00,PCI_4,TDD,57,69722204.0,27472343.0,967,19,873,5,14.0,12.7,43,34,17.63,19.89,Normal
2026-08-22T00:15:00,PCI_1,TDD,54,67513899.0,27971208.0,1137,5,962,3,13.5,13.2,44,35,18.0,20.44,Normal
2026-08-22T00:15:00,PCI_2,TDD,59,19225867.0,8031474.0,1022,304,931,248,6.7,6.0,78,74,15.6,16.43,Anomaly
2026-08-22T00:15:00,PCI_3,TDD,62,68264404.0,27194047.0,934,22,803,11,13.6,13.0,42,34,18.23,20.45,Normal
2026-08-22T00:15:00,PCI_4,TDD,63,67303787.0,27759219.0,889,11,976,8,13.4,12.2,45,35,18.71,20.25,Normal
2026-08-22T00:16:00,PCI_1,TDD,59,68405979.0,27496443.0,996,10,666,5,13.1,12.5,45,34,17.3,19.87,Normal
2026-08-22T00:16:00,PCI_2,TDD,65,16305409.0,8577093.0,801,304,803,262,6.3,5.6,80,76,15.13,16.6,Anomaly
2026-08-22T00:16:00,PCI_3,TDD,59,66303877.0,27333403.0,1182,12,750,16,13.9,12.8,45,35,17.74,20.64,Normal
2026-08-22T00:16:00,PCI_4,TDD,59,68310578.0,25981438.0,883,21,869,13,14.0,13.0,44,33,18.34,19.9,Normal
2026-08-22T00:17:00,PCI_1,TDD,65,67598178.0,26138353.0,1059,19,654,14,14.0,12.8,45,36,18.48,20.02,Normal
2026-08-22T00:17:00,PCI_2,TDD,61,16364730.0,6656249.0,1008,351,700,281,5.9,5.3,82,79,14.78,16.03,Anomaly
2026-08-22T00:17:00,PCI_3,TDD,60,67309518.0,27637438.0,821,5,707,10,13.6,12.7,46,33,18.21,20.66,Normal
2026-08-22T00:17:00,PCI_4,TDD,61,68374609.0,27000093.0,928,12,727,5,13.6,12.2,45,35,17.81,19.82,Normal
2026-08-22T00:18:00,PCI_1,TDD,61,69318376.0,26906732.0,900,20,841,4,13.5,12.5,44,36,17.93,20.45,Normal
2026-08-22T00:18:00,PCI_2,TDD,59,13877564.0,7015940.0,851,362,691,273,5.6,5.0,84,81,15.19,16.03,Anomaly
2026-08-22T00:18:00,PCI_3,TDD,64,67417375.0,27626422.0,894,10,800,12,13.3,12.9,45,37,18.01,19.5,Normal
2026-08-22T00:18:00,PCI_4,TDD,56,68651032.0,27814448.0,818,24,834,9,13.5,12.5,45,34,18.09,20.44,Normal
2026-08-22T00:19:00,PCI_1,TDD,58,68552727.0,27916745.0,1156,13,804,8,13.5,12.7,46,37,17.42,20.17,Normal
2026-08-22T00:19:00,PCI_2,TDD,69,13303554.0,4928093.0,1169,352,843,306,5.2,4.6,86,83,14.92,15.84,Anomaly
2026-08-22T00:19:00,PCI_3,TDD,61,67994882.0,27199288.0,909,14,672,12,12.6,13.2,46,35,18.07,20.14,Normal
2026-08-22T00:19:00,PCI_4,TDD,62,67962982.0,26739785.0,1120,16,616,9,13.3,12.3,45,36,18.49,19.82,Normal
2026-08-22T00:20:00,PCI_1,TDD,59,66860276.0,27103896.0,852,17,722,16,13.8,13.1,45,35,18.6,20.37,Normal
2026-08-22T00:20:00,PCI_2,TDD,60,11835579.0,5077636.0,1093,384,773,311,4.8,4.2,88,86,14.85,15.8,Anomaly
2026-08-22T00:20:00,PCI_3,TDD,60,67600066.0,26944782.0,985,14,783,5,13.7,12.1,44,35,17.8,20.1,Normal
2026-08-22T00:20:00,PCI_4,TDD,59,67710494.0,27400168.0,1127,20,771,13,13.4,12.6,45,34,17.7,19.34,Normal
2026-08-22T00:21:00,PCI_1,TDD,56,68132759.0,28224664.0,1175,10,845,5,14.1,12.6,43,35,17.85,19.94,Normal
2026-08-22T00:21:00,PCI_2,TDD,58,8742390.0,3283929.0,822,386,927,305,4.5,3.9,90,88,14.56,15.24,Anomaly
2026-08-22T00:21:00,PCI_3,TDD,58,68877411.0,26590146.0,1122,23,630,4,13.4,13.2,45,34,18.37,19.95,Normal
2026-08-22T00:21:00,PCI_4,TDD,63,66947807.0,27270231.0,1067,10,815,10,13.5,12.4,43,35,18.44,19.77,Normal
2026-08-22T00:22:00,PCI_1,TDD,55,67777987.0,27437491.0,967,14,915,3,13.4,12.4,45,36,17.65,20.13,Normal
2026-08-22T00:22:00,PCI_2,TDD,60,8301628.0,2998135.0,1048,375,899,319,4.1,3.6,93,90,14.17,15.63,Anomaly
2026-08-22T00:22:00,PCI_3,TDD,59,69729660.0,27190094.0,819,18,893,16,13.3,12.4,44,35,18.04,19.83,Normal
2026-08-22T00:22:00,PCI_4,TDD,59,67516244.0,26833669.0,1102,12,661,3,13.1,12.7,45,35,18.31,20.39,Normal
2026-08-22T00:23:00,PCI_1,TDD,67,68270151.0,26905823.0,1196,6,948,17,14.0,12.2,43,37,17.71,19.87,Normal
2026-08-22T00:23:00,PCI_2,TDD,54,8167514.0,2742853.0,1138,425,745,324,3.7,3.2,95,92,14.4,15.27,Anomaly
2026-08-22T00:23:00,PCI_3,TDD,60,66300782.0,27277410.0,920,9,794,7,13.3,12.2,44,35,17.27,20.06,Normal
2026-08-22T00:23:00,PCI_4,TDD,60,68276723.0,27198157.0,966,16,692,9,13.1,12.5,43,36,17.68,19.84,Normal
2026-08-22T00:24:00,PCI_1,TDD,64,68946677.0,27644588.0,1010,23,840,14,13.4,12.9,43,35,17.8,20.11,Normal
2026-08-22T00:24:00,PCI_2,TDD,60,5077787.0,1040901.0,1056,443,922,353,3.4,2.8,97,95,13.65,14.48,Anomaly
2026-08-22T00:24:00,PCI_3,TDD,58,68052744.0,27385993.0,953,10,653,12,13.7,12.6,46,37,18.53,19.9,Normal
2026-08-22T00:24:00,PCI_4,TDD,57,68441282.0,26887813.0,1130,10,817,15,13.9,12.0,46,36,18.76,19.37,Normal
2026-08-22T00:25:00,PCI_1,TDD,64,68885828.0,27342187.0,1082,8,729,17,13.8,12.7,44,34,18.54,20.16,Normal
2026-08-22T00:25:00,PCI_2,TDD,62,2130283.0,920579.0,905,454,797,364,3.0,2.5,99,97,13.67,15.28,Anomaly
2026-08-22T00:25:00,PCI_3,TDD,61,67322489.0,27399188.0,894,20,694,9,13.4,13.2,42,33,17.28,19.5,Normal
2026-08-22T00:25:00,PCI_4,TDD,61,69362396.0,27295300.0,1161,24,704,4,13.3,12.7,44,35,17.36,20.36,Normal
2026-08-22T00:26:00,PCI_1,TDD,55,67723768.0,28080749.0,1133,9,911,6,13.2,12.5,45,35,17.45,20.04,Normal
2026-08-22T00:26:00,PCI_2,TDD,58,3907949.0,2161930.0,1001,454,738,340,3.4,2.8,97,95,14.07,15.08,Anomaly
2026-08-22T00:26:00,PCI_3,TDD,57,69358338.0,27835499.0,884,5,691,10,12.9,12.3,44,34,18.21,19.57,Normal
2026-08-22T00:26:00,PCI_4,TDD,60,67556513.0,27442433.0,877,6,843,9,13.3,12.2,44,34,17.47,20.43,Normal
2026-08-22T00:27:00,PCI_1,TDD,59,69660909.0,27117800.0,1109,9,685,11,13.7,12.8,46,34,18.18,19.45,Normal
2026-08-22T00:27:00,PCI_2,TDD,58,6975677.0,2371524.0,820,414,720,329,3.7,3.2,95,92,14.31,14.92,Anomaly
2026-08-22T00:27:00,PCI_3,TDD,61,69208847.0,27253218.0,990,13,602,14,13.2,12.8,44,35,17.95,19.87,Normal
2026-08-22T00:27:00,PCI_4,TDD,56,67684767.0,28027333.0,936,7,936,15,13.6,12.3,45,33,17.65,19.54,Normal
2026-08-22T00:28:00,PCI_1,TDD,58,68908298.0,28304450.0,1195,15,892,15,14.0,12.1,45,34,18.11,20.2,Normal
2026-08-22T00:28:00,PCI_2,TDD,59,8445142.0,2360202.0,816,417,647,324,4.1,3.5,93,90,14.5,15.38,Anomaly
2026-08-22T00:28:00,PCI_3,TDD,62,68660663.0,27909103.0,1140,19,947,15,12.8,12.2,46,36,18.55,19.5,Normal
2026-08-22T00:28:00,PCI_4,TDD,58,66792939.0,27230812.0,1066,20,781,3,13.3,12.2,47,34,18.49,19.9,Normal
2026-08-22T00:29:00,PCI_1,TDD,62,67910186.0,26919998.0,877,22,885,8,13.0,12.0,46,35,17.55,19.5,Normal
2026-08-22T00:29:00,PCI_2,TDD,58,9037319.0,4819788.0,863,396,661,311,4.5,3.9,90,88,14.45,15.62,Anomaly
2026-08-22T00:29:00,PCI_3,TDD,62,68952064.0,28915023.0,911,11,719,8,13.6,12.3,46,34,18.18,19.45,Normal
2026-08-22T00:29:00,PCI_4,TDD,64,69332120.0,27958849.0,1047,18,689,3,13.3,12.7,45,35,18.41,19.97,Normal
2026-08-22T00:30:00,PCI_1,TDD,61,68945794.0,27790156.0,1106,5,617,17,13.6,12.5,45,34,18.74,20.32,Normal
2026-08-22T00:30:00,PCI_2,TDD,62,12559426.0,4404440.0,832,377,909,294,4.8,4.3,88,85,14.72,15.8,Anomaly
2026-08-22T00:30:00,PCI_3,TDD,62,70155332.0,27543030.0,992,18,715,5,13.3,12.8,45,36,18.43,20.5,Normal
2026-08-22T00:30:00,PCI_4,TDD,61,69250177.0,27267973.0,1015,20,985,15,13.2,13.1,46,36,18.04,19.56,Normal
2026-08-22T00:31:00,PCI_1,TDD,66,69919550.0,28223680.0,819,6,730,14,13.6,12.7,46,36,18.29,19.7,Normal
2026-08-22T00:31:00,PCI_2,TDD,60,12686752.0,5598273.0,817,373,650,285,5.2,4.6,86,83,14.61,15.6,Anomaly
2026-08-22T00:31:00,PCI_3,TDD,59,70186820.0,27990614.0,907,17,942,16,13.4,12.7,45,34,18.08,20.04,Normal
2026-08-22T00:31:00,PCI_4,TDD,61,69360079.0,27070566.0,882,11,747,6,13.6,12.7,48,35,17.84,20.0,Normal
2026-08-22T00:32:00,PCI_1,TDD,62,67300122.0,28456092.0,1090,19,831,8,13.0,12.3,46,36,18.56,21.66,Normal
2026-08-22T00:32:00,PCI_2,TDD,63,13902503.0,6550920.0,961,335,601,285,5.6,5.0,84,81,14.6,15.8,Anomaly
2026-08-22T00:32:00,PCI_3,TDD,61,68933940.0,27016879.0,1104,16,725,17,13.1,12.3,44,35,17.57,20.23,Normal
2026-08-22T00:32:00,PCI_4,TDD,60,70805403.0,27089356.0,1157,19,753,6,13.8,12.6,45,35,17.83,20.03,Normal
2026-08-22T00:33:00,PCI_1,TDD,57,70231029.0,28128393.0,800,5,842,9,13.4,12.2,44,35,17.25,19.73,Normal
2026-08-22T00:33:00,PCI_2,TDD,62,17662856.0,7167725.0,1050,340,867,267,5.9,5.3,82,79,15.03,15.78,Anomaly
2026-08-22T00:33:00,PCI_3,TDD,67,68163129.0,26157768.0,1016,14,886,14,13.5,12.1,44,36,17.43,19.86,Normal
2026-08-22T00:33:00,PCI_4,TDD,60,68360823.0,27216038.0,1057,9,781,11,13.6,12.6,45,35,17.97,19.59,Normal
2026-08-22T00:34:00,PCI_1,TDD,67,67677017.0,27400853.0,936,23,633,9,13.8,12.4,45,35,17.91,20.33,Normal
2026-08-22T00:34:00,PCI_2,TDD,61,18200486.0,7463360.0,809,327,901,256,6.3,5.6,80,76,15.24,16.25,Anomaly
2026-08-22T00:34:00,PCI_3,TDD,57,69088139.0,26663735.0,819,17,728,17,13.6,13.1,45,35,18.23,20.58,Normal
2026-08-22T00:34:00,PCI_4,TDD,67,68294016.0,27211789.0,972,5,671,5,13.6,12.4,46,35,17.76,20.65,Normal
2026-08-22T00:35:00,PCI_1,TDD,63,67484065.0,27209841.0,950,8,921,5,13.4,12.5,44,36,17.42,20.93,Normal
2026-08-22T00:35:00,PCI_2,TDD,60,19347373.0,9089676.0,910,291,996,239,6.7,6.0,78,74,14.76,16.75,Anomaly
2026-08-22T00:35:00,PCI_3,TDD,58,69098520.0,26341217.0,1000,16,756,3,13.1,13.0,45,35,17.76,19.91,Normal
2026-08-22T00:35:00,PCI_4,TDD,65,71536094.0,27998051.0,1013,18,845,12,13.6,13.0,46,37,18.32,20.06,Normal
2026-08-22T00:36:00,PCI_1,TDD,62,67555865.0,26827211.0,988,21,802,16,13.5,12.5,45,34,18.07,19.64,Normal
2026-08-22T00:36:00,PCI_2,TDD,63,20553560.0,8737503.0,1053,281,648,226,7.0,6.3,76,72,15.8,17.12,Anomaly
2026-08-22T00:36:00,PCI_3,TDD,60,67700545.0,27570757.0,1105,23,823,16,13.5,12.4,46,35,18.42,19.76,Normal
2026-08-22T00:36:00,PCI_4,TDD,58,69628798.0,27572290.0,1024,9,667,9,13.9,12.0,45,37,18.26,20.09,Normal
2026-08-22T00:37:00,PCI_1,TDD,56,70598097.0,27911654.0,909,16,996,9,13.0,12.4,44,35,17.81,19.47,Normal
2026-08-22T00:37:00,PCI_2,TDD,61,23194353.0,9737492.0,866,268,906,216,7.4,6.7,73,69,15.59,16.68,Anomaly
2026-08-22T00:37:00,PCI_3,TDD,62,69345824.0,26891768.0,1048,9,754,8,14.3,12.4,46,35,18.13,21.13,Normal
2026-08-22T00:37:00,PCI_4,TDD,59,70663721.0,27074631.0,813,6,641,13,13.4,12.1,46,35,18.54,19.89,Normal
2026-08-22T00:38:00,PCI_1,TDD,60,69505208.0,28088948.0,1086,11,628,13,13.7,12.5,46,33,17.87,19.96,Normal
2026-08-22T00:38:00,PCI_2,TDD,58,24964160.0,10291466.0,859,274,865,215,7.8,7.1,71,67,16.06,16.92,Anomaly
2026-08-22T00:38:00,PCI_3,TDD,58,67726785.0,27804117.0,804,13,930,14,13.3,12.2,45,37,18.09,19.73,Normal
2026-08-22T00:38:00,PCI_4,TDD,62,69291565.0,27770814.0,880,22,816,5,13.5,12.8,44,36,18.24,19.92,Normal
2026-08-22T00:39:00,PCI_1,TDD,63,68893899.0,27912898.0,812,7,609,17,14.1,12.8,45,37,18.62,19.38,Normal
2026-08-22T00:39:00,PCI_2,TDD,62,26801793.0,10085599.0,1051,258,710,204,8.1,7.4,69,65,16.21,17.98,Anomaly
2026-08-22T00:39:00,PCI_3,TDD,59,69277577.0,28734813.0,1018,20,752,7,13.8,12.9,45,35,17.66,19.9,Normal
2026-08-22T00:39:00,PCI_4,TDD,65,68401021.0,28226852.0,994,10,861,4,13.6,12.5,45,38,18.23,19.87,Normal
2026-08-22T00:40:00,PCI_1,TDD,61,67646478.0,27659001.0,903,16,900,15,13.6,12.5,43,35,17.84,19.97,Normal
2026-08-22T00:40:00,PCI_2,TDD,62,27849750.0,11733850.0,1085,255,918,182,8.5,7.8,67,62,16.08,17.45,Anomaly
2026-08-22T00:40:00,PCI_3,TDD,61,68267856.0,28038467.0,935,12,806,13,13.3,12.2,45,35,17.3,19.81,Normal
2026-08-22T00:40:00,PCI_4,TDD,67,69989752.0,27957501.0,1041,19,668,16,13.5,12.5,47,35,18.62,20.0,Normal
2026-08-22T00:41:00,PCI_1,TDD,60,69805310.0,27915656.0,1134,6,929,10,13.1,12.5,45,36,17.81,21.14,Normal
2026-08-22T00:41:00,PCI_2,TDD,58,31805406.0,12118317.0,1147,222,650,177,8.9,8.1,65,60,15.9,17.77,Anomaly
2026-08-22T00:41:00,PCI_3,TDD,62,69503876.0,27876934.0,1051,17,783,10,13.5,12.3,46,37,17.94,20.3,Normal
2026-08-22T00:41:00,PCI_4,TDD,65,70791961.0,27076135.0,861,23,655,7,13.4,12.6,45,35,17.48,19.56,Normal
2026-08-22T00:42:00,PCI_1,TDD,59,70093823.0,27512890.0,1042,16,851,7,13.5,12.8,45,36,17.63,19.44,Normal
2026-08-22T00:42:00,PCI_2,TDD,58,30862246.0,13077816.0,1020,211,688,155,9.2,8.4,63,58,16.04,17.4,Anomaly
2026-08-22T00:42:00,PCI_3,TDD,62,69598935.0,27615920.0,1086,17,867,9,13.5,12.6,43,34,17.28,19.98,Normal
2026-08-22T00:42:00,PCI_4,TDD,62,70047677.0,28255082.0,866,21,937,8,13.4,13.3,46,36,17.51,19.79,Normal
2026-08-22T00:43:00,PCI_1,TDD,64,70011123.0,26692543.0,1121,8,657,11,13.9,11.9,47,35,18.1,19.77,Normal
2026-08-22T00:43:00,PCI_2,TDD,63,32941058.0,13651515.0,857,197,637,150,9.6,8.8,61,56,16.35,18.15,Anomaly
2026-08-22T00:43:00,PCI_3,TDD,62,71946880.0,28557324.0,1199,18,693,16,13.8,12.4,42,36,17.82,19.89,Normal
2026-08-22T00:43:00,PCI_4,TDD,66,69279811.0,27266810.0,884,11,620,17,13.3,12.3,47,34,18.86,19.73,Normal
2026-08-22T00:44:00,PCI_1,TDD,64,70150806.0,28884959.0,1101,10,676,16,13.2,13.0,47,36,17.85,19.74,Normal
2026-08-22T00:44:00,PCI_2,TDD,61,35516892.0,14738662.0,1017,156,701,138,10.0,9.2,58,53,16.42,17.79,Anomaly
2026-08-22T00:44:00,PCI_3,TDD,61,68899265.0,27940932.0,1036,15,742,14,13.5,12.8,47,35,17.69,19.99,Normal
2026-08-22T00:44:00,PCI_4,TDD,63,69398267.0,28024231.0,932,6,860,14,13.9,13.1,44,36,18.51,19.53,Normal
2026-08-22T00:45:00,PCI_1,TDD,63,68624710.0,26902034.0,1174,19,979,16,13.6,12.6,45,36,18.09,20.16,Normal
2026-08-22T00:45:00,PCI_2,TDD,63,39243258.0,15137682.0,967,155,719,121,10.3,9.5,56,51,16.68,18.36,Anomaly
2026-08-22T00:45:00,PCI_3,TDD,61,69251411.0,27363513.0,840,6,645,15,13.4,11.9,46,36,18.24,20.05,Normal
2026-08-22T00:45:00,PCI_4,TDD,58,70442334.0,27730087.0,1119,14,690,9,13.4,12.3,43,36,17.7,19.95,Normal
2026-08-22T00:46:00,PCI_1,TDD,66,69182057.0,27404598.0,1084,13,811,13,13.1,12.5,44,36,17.77,19.79,Normal
2026-08-22T00:46:00,PCI_2,TDD,62,39485312.0,15367204.0,1147,126,631,113,10.7,9.9,54,49,16.77,18.77,Anomaly
2026-08-22T00:46:00,PCI_3,TDD,59,69687426.0,27497940.0,1036,20,838,3,13.8,11.9,44,37,17.41,20.24,Normal
2026-08-22T00:46:00,PCI_4,TDD,64,69725880.0,27259635.0,1159,19,861,11,13.9,12.6,46,34,17.67,20.32,Normal
2026-08-22T00:47:00,PCI_1,TDD,64,69023356.0,27824750.0,825,7,782,16,13.5,13.0,44,36,17.28,19.89,Normal
2026-08-22T00:47:00,PCI_2,TDD,62,40166741.0,15987031.0,847,118,830,102,11.1,10.2,52,46,16.39,18.48,Anomaly
2026-08-22T00:47:00,PCI_3,TDD,61,69002980.0,27757992.0,993,14,898,10,13.5,12.8,45,35,18.05,19.76,Normal
2026-08-22T00:47:00,PCI_4,TDD,62,69054831.0,27315344.0,829,5,885,5,13.8,12.8,45,35,17.63,19.79,Normal
2026-08-22T00:48:00,PCI_1,TDD,63,69576026.0,28061426.0,847,9,816,7,13.5,12.2,45,37,17.91,20.49,Normal
2026-08-22T00:48:00,PCI_2,TDD,61,41984336.0,17476465.0,966,117,903,83,11.4,10.5,50,44,16.8,19.08,Normal
2026-08-22T00:48:00,PCI_3,TDD,61,69832213.0,28737194.0,1169,23,632,9,13.5,12.5,45,36,17.93,19.66,Normal
2026-08-22T00:48:00,PCI_4,TDD,60,70497410.0,27842799.0,1112,5,740,9,12.9,12.9,45,37,17.65,20.08,Normal
2026-08-22T00:49:00,PCI_1,TDD,67,71366782.0,27693613.0,939,8,711,17,14.0,11.9,46,36,18.15,19.71,Normal
2026-08-22T00:49:00,PCI_2,TDD,68,43843951.0,18235383.0,965,100,623,64,11.8,10.9,48,42,17.56,19.0,Normal
2026-08-22T00:49:00,PCI_3,TDD,65,69571244.0,27987897.0,1142,20,768,17,13.4,13.0,46,38,18.05,20.68,Normal
2026-08-22T00:49:00,PCI_4,TDD,61,69650037.0,28415414.0,862,13,725,16,13.3,12.3,46,37,18.01,19.98,Normal
2026-08-22T00:50:00,PCI_1,TDD,66,69174332.0,28527907.0,1006,12,993,7,13.7,12.3,46,36,18.15,20.77,Normal
2026-08-22T00:50:00,PCI_2,TDD,65,46557050.0,18626573.0,1111,71,709,68,12.2,11.2,46,40,17.5,19.4,Normal
2026-08-22T00:50:00,PCI_3,TDD,62,70833134.0,27448295.0,1088,19,810,14,13.1,11.9,44,36,18.36,20.06,Normal
2026-08-22T00:50:00,PCI_4,TDD,59,68351382.0,27678773.0,1199,5,770,5,13.4,12.6,44,36,18.06,20.15,Normal
2026-08-22T00:51:00,PCI_1,TDD,63,69799056.0,26610774.0,881,12,981,6,13.7,12.1,46,36,17.87,19.56,Normal
2026-08-22T00:51:00,PCI_2,TDD,60,48534314.0,18911979.0,881,79,766,60,12.5,11.6,44,37,17.19,19.61,Normal
2026-08-22T00:51:00,PCI_3,TDD,62,69358455.0,27501178.0,1009,21,829,6,13.4,12.7,46,35,18.47,20.16,Normal
2026-08-22T00:51:00,PCI_4,TDD,57,70277675.0,27439302.0,883,19,720,12,13.2,12.0,45,34,17.83,19.84,Normal
2026-08-22T00:52:00,PCI_1,TDD,65,67966028.0,28139287.0,899,14,879,13,13.5,12.6,46,36,17.72,19.93,Normal
2026-08-22T00:52:00,PCI_2,TDD,60,49688293.0,19354717.0,876,70,865,42,12.9,12.0,41,35,17.08,19.4,Normal
2026-08-22T00:52:00,PCI_3,TDD,56,70026323.0,27881962.0,886,21,638,7,13.6,12.2,45,36,18.13,20.48,Normal
2026-08-22T00:52:00,PCI_4,TDD,62,70442811.0,27222120.0,815,17,912,15,13.6,12.3,46,35,17.77,20.61,Normal
2026-08-22T00:53:00,PCI_1,TDD,68,70298139.0,27179498.0,1125,22,631,15,13.5,12.6,44,35,17.49,19.65,Normal
2026-08-22T00:53:00,PCI_2,TDD,69,50566813.0,20124854.0,1024,40,659,24,13.3,12.3,39,33,17.39,19.86,Normal
2026-08-22T00:53:00,PCI_3,TDD,61,69908508.0,29187235.0,1153,21,783,13,13.3,12.1,46,36,18.29,20.27,Normal
2026-08-22T00:53:00,PCI_4,TDD,63,70387378.0,27993145.0,1152,20,732,3,13.5,12.8,45,35,17.8,20.18,Normal
2026-08-22T00:54:00,PCI_1,TDD,64,68434194.0,27742515.0,1143,14,911,13,13.2,12.5,47,34,18.85,19.73,Normal
2026-08-22T00:54:00,PCI_2,TDD,61,53411133.0,21082749.0,907,26,852,26,13.6,12.7,37,30,17.76,19.33,Normal
2026-08-22T00:54:00,PCI_3,TDD,66,70216632.0,27824751.0,888,10,968,16,13.1,12.4,45,35,18.06,20.69,Normal
2026-08-22T00:54:00,PCI_4,TDD,59,69429752.0,28260404.0,1107,20,717,15,13.4,12.7,45,36,17.36,20.64,Normal
2026-08-22T00:55:00,PCI_1,TDD,62,69543430.0,27743152.0,989,15,749,5,13.8,12.9,46,36,18.13,20.69,Normal
2026-08-22T00:55:00,PCI_2,TDD,64,54450795.0,22090617.0,1099,16,800,14,14.0,13.0,35,28,18.15,19.99,Normal
2026-08-22T00:55:00,PCI_3,TDD,54,71337528.0,27714908.0,1096,15,847,3,13.4,12.3,45,35,17.71,19.73,Normal
2026-08-22T00:55:00,PCI_4,TDD,66,70781856.0,27674998.0,1133,22,696,16,13.3,12.4,46,36,18.34,20.44,Normal
2026-08-22T00:56:00,PCI_1,TDD,62,68240145.0,27910192.0,1193,19,909,3,13.6,12.6,46,36,18.1,19.52,Normal
2026-08-22T00:56:00,PCI_2,TDD,68,69409551.0,28148011.0,1041,14,967,15,13.8,12.9,47,36,18.55,20.18,Normal
2026-08-22T00:56:00,PCI_3,TDD,69,70449776.0,28542784.0,1142,8,836,12,13.9,12.2,45,37,17.93,19.14,Normal
2026-08-22T00:56:00,PCI_4,TDD,63,68865468.0,27763707.0,907,7,906,16,13.1,12.7,49,37,18.32,19.86,Normal
2026-08-22T00:57:00,PCI_1,TDD,59,68671628.0,27967331.0,1158,16,713,15,13.3,12.5,46,35,18.35,19.97,Normal
2026-08-22T00:57:00,PCI_2,TDD,64,69348662.0,28175163.0,1044,24,838,4,13.0,13.0,45,38,18.04,20.22,Normal
2026-08-22T00:57:00,PCI_3,TDD,61,70303047.0,28814920.0,903,21,870,8,13.6,12.4,45,38,17.64,19.91,Normal
2026-08-22T00:57:00,PCI_4,TDD,62,68628544.0,28255106.0,958,24,651,8,13.4,12.6,46,35,18.03,19.72,Normal
2026-08-22T00:58:00,PCI_1,TDD,60,69435195.0,28179149.0,894,23,916,12,13.7,12.2,46,36,17.62,19.9,Normal
2026-08-22T00:58:00,PCI_2,TDD,62,71267837.0,27746010.0,1120,16,613,15,13.2,12.5,48,35,17.9,19.68,Normal
2026-08-22T00:58:00,PCI_3,TDD,65,69261820.0,27600645.0,874,20,851,3,13.2,12.4,47,34,18.54,19.85,Normal
2026-08-22T00:58:00,PCI_4,TDD,67,68138976.0,28257461.0,1068,13,817,15,13.3,12.5,46,37,17.96,19.6,Normal
2026-08-22T00:59:00,PCI_1,TDD,64,68986788.0,27732443.0,1181,21,842,9,13.8,12.7,44,35,17.97,20.1,Normal
2026-08-22T00:59:00,PCI_2,TDD,69,69908524.0,29192823.0,1132,19,843,9,13.3,12.4,45,35,18.92,19.89,Normal
2026-08-22T00:59:00,PCI_3,TDD,67,70741002.0,27654741.0,1171,19,651,4,14.0,12.7,44,35,18.03,20.75,Normal
2026-08-22T00:59:00,PCI_4,TDD,63,69161654.0,27755179.0,960,22,984,13,13.0,12.8,44,34,17.38,20.78,Normal
2026-08-22T01:00:00,PCI_1,TDD,62,68196773.0,28547073.0,998,17,697,7,13.4,12.2,47,35,17.95,20.04,Normal
2026-08-22T01:00:00,PCI_2,TDD,62,70466479.0,27800734.0,801,5,912,3,13.3,12.9,45,35,17.54,20.29,Normal
2026-08-22T01:00:00,PCI_3,TDD,61,69411183.0,27902324.0,1089,5,912,10,13.6,13.2,45,36,18.11,19.24,Normal
2026-08-22T01:00:00,PCI_4,TDD,69,71233885.0,27652550.0,1105,6,944,4,13.5,12.7,47,35,18.45,20.36,Normal
2026-08-22T01:01:00,PCI_1,TDD,62,68174275.0,27205241.0,885,15,752,14,13.5,12.3,47,36,17.82,19.69,Normal
2026-08-22T01:01:00,PCI_2,TDD,65,70120914.0,27699651.0,1100,18,766,4,14.4,12.9,44,34,18.54,19.73,Normal
2026-08-22T01:01:00,PCI_3,TDD,59,69192702.0,28575683.0,984,19,816,5,13.4,12.7,47,35,17.77,20.03,Normal
2026-08-22T01:01:00,PCI_4,TDD,64,69127779.0,27637103.0,850,14,738,14,13.5,12.7,45,34,17.45,20.11,Normal
2026-08-22T01:02:00,PCI_1,TDD,63,71445457.0,28195669.0,1074,22,900,5,13.3,12.7,44,37,17.72,19.98,Normal
2026-08-22T01:02:00,PCI_2,TDD,62,69575709.0,27331896.0,913,9,963,12,13.0,12.8,46,36,17.93,20.06,Normal
2026-08-22T01:02:00,PCI_3,TDD,67,69505952.0,28436914.0,835,6,851,7,13.6,12.9,46,36,18.29,19.82,Normal
2026-08-22T01:02:00,PCI_4,TDD,61,68747055.0,26855673.0,822,5,800,4,13.3,13.1,44,38,18.16,19.98,Normal
2026-08-22T01:03:00,PCI_1,TDD,69,71373909.0,28063628.0,1103,17,637,5,13.2,12.9,45,35,18.65,20.08,Normal
2026-08-22T01:03:00,PCI_2,TDD,61,69868095.0,28157992.0,1190,11,931,9,13.3,12.9,45,35,18.77,20.05,Normal
2026-08-22T01:03:00,PCI_3,TDD,63,69266050.0,27877994.0,1121,6,740,13,13.4,12.4,46,35,17.87,19.82,Normal
2026-08-22T01:03:00,PCI_4,TDD,68,69951801.0,28231518.0,954,22,862,13,13.2,12.2,47,35,17.9,20.28,Normal
2026-08-22T01:04:00,PCI_1,TDD,56,69446982.0,28516588.0,982,19,861,13,13.3,11.6,46,35,17.6,20.42,Normal
2026-08-22T01:04:00,PCI_2,TDD,57,68201711.0,28528044.0,1092,6,719,5,13.3,12.5,46,35,17.52,19.2,Normal
2026-08-22T01:04:00,PCI_3,TDD,65,70707786.0,27156241.0,828,23,606,13,13.5,12.4,46,36,17.74,18.79,Normal
2026-08-22T01:04:00,PCI_4,TDD,59,70305681.0,27709367.0,1146,6,853,10,13.7,12.3,45,35,17.56,20.45,Normal
2026-08-22T01:05:00,PCI_1,TDD,66,69180491.0,27705154.0,1126,17,990,10,13.6,12.3,46,34,18.34,20.22,Normal
2026-08-22T01:05:00,PCI_2,TDD,63,68670811.0,27920799.0,1147,24,999,11,13.9,12.6,44,34,17.86,19.64,Normal
2026-08-22T01:05:00,PCI_3,TDD,63,70048233.0,27767415.0,1121,13,862,12,13.5,12.1,47,36,17.86,20.07,Normal
2026-08-22T01:05:00,PCI_4,TDD,65,71362901.0,28011716.0,999,20,872,11,13.8,12.3,47,37,17.92,19.92,Normal
2026-08-22T01:06:00,PCI_1,TDD,64,70739563.0,27663477.0,828,22,911,3,13.7,12.5,47,37,18.29,19.64,Normal
2026-08-22T01:06:00,PCI_2,TDD,60,70337440.0,27320733.0,918,13,727,9,13.3,12.5,45,36,18.03,19.67,Normal
2026-08-22T01:06:00,PCI_3,TDD,70,69753377.0,27359495.0,1051,23,931,15,13.4,12.1,45,37,18.34,19.83,Normal
2026-08-22T01:06:00,PCI_4,TDD,64,72258763.0,27082771.0,912,11,633,6,14.2,13.0,45,36,18.52,19.68,Normal
2026-08-22T01:07:00,PCI_1,TDD,61,71369588.0,27828870.0,803,11,869,7,13.0,12.5,46,37,17.56,19.88,Normal
2026-08-22T01:07:00,PCI_2,TDD,64,70098097.0,27840843.0,971,8,945,14,13.7,12.4,46,35,17.81,19.68,Normal
2026-08-22T01:07:00,PCI_3,TDD,63,68732480.0,28410163.0,1091,11,917,17,13.3,12.9,45,36,17.76,20.56,Normal
2026-08-22T01:07:00,PCI_4,TDD,68,70045058.0,29086486.0,817,14,795,4,14.1,12.0,46,36,17.34,19.68,Normal
2026-08-22T01:08:00,PCI_1,TDD,65,70416865.0,28963259.0,838,23,952,7,13.9,12.7,47,36,17.82,19.54,Normal
2026-08-22T01:08:00,PCI_2,TDD,64,67754963.0,27846283.0,857,5,793,17,14.0,12.6,46,36,17.64,19.27,Normal
2026-08-22T01:08:00,PCI_3,TDD,66,71287579.0,27184026.0,920,22,730,7,13.8,11.9,46,37,17.66,19.49,Normal
2026-08-22T01:08:00,PCI_4,TDD,56,69589327.0,28356423.0,854,13,765,3,13.4,12.2,46,36,17.99,20.02,Normal
2026-08-22T01:09:00,PCI_1,TDD,64,70997589.0,27773610.0,856,10,799,3,13.5,12.6,44,36,17.49,20.72,Normal
2026-08-22T01:09:00,PCI_2,TDD,67,69614684.0,27493346.0,1081,21,620,13,14.2,12.3,47,35,18.69,19.93,Normal
2026-08-22T01:09:00,PCI_3,TDD,64,70707430.0,28292111.0,1170,21,659,6,13.5,12.9,47,35,17.72,20.23,Normal
2026-08-22T01:09:00,PCI_4,TDD,64,69114398.0,27830726.0,901,24,847,9,14.0,12.8,46,36,18.12,19.69,Normal
2026-08-22T01:10:00,PCI_1,TDD,61,70028308.0,28146254.0,870,5,865,4,13.3,12.3,46,35,17.72,20.53,Normal
2026-08-22T01:10:00,PCI_2,TDD,64,70582405.0,27793470.0,918,7,736,15,13.9,12.5,47,35,17.98,19.72,Normal
2026-08-22T01:10:00,PCI_3,TDD,61,70502122.0,27485140.0,1001,17,642,14,13.4,12.4,44,35,17.95,20.41,Normal
2026-08-22T01:10:00,PCI_4,TDD,59,69058565.0,28315022.0,892,6,705,16,13.6,13.0,45,37,18.42,20.42,Normal
2026-08-22T01:11:00,PCI_1,TDD,63,68419569.0,28706069.0,903,7,711,7,13.9,12.3,47,36,17.26,20.4,Normal
2026-08-22T01:11:00,PCI_2,TDD,64,70310927.0,28394385.0,842,10,608,13,13.3,12.6,47,36,17.4,20.62,Normal
2026-08-22T01:11:00,PCI_3,TDD,60,69195295.0,27976899.0,822,7,625,7,13.6,12.4,45,37,17.95,20.49,Normal
2026-08-22T01:11:00,PCI_4,TDD,62,70400251.0,28146868.0,1180,11,863,7,13.2,12.9,45,37,18.21,19.55,Normal
2026-08-22T01:12:00,PCI_1,TDD,64,69731742.0,27401543.0,1158,15,649,12,13.6,12.5,45,37,18.11,19.75,Normal
2026-08-22T01:12:00,PCI_2,TDD,63,72474224.0,28561571.0,842,9,679,6,12.6,12.8,46,35,18.31,19.78,Normal
2026-08-22T01:12:00,PCI_3,TDD,65,69846378.0,28320083.0,872,24,651,16,13.6,12.7,46,37,17.16,19.51,Normal
2026-08-22T01:12:00,PCI_4,TDD,67,71816248.0,27892170.0,1151,10,886,12,13.8,12.3,45,34,19.18,19.7,Normal
2026-08-22T01:13:00,PCI_1,TDD,61,70177363.0,28363778.0,871,5,704,3,13.7,12.7,46,37,17.99,19.53,Normal
2026-08-22T01:13:00,PCI_2,TDD,58,70114454.0,27929687.0,1151,20,639,14,13.4,13.1,45,36,18.09,20.41,Normal
2026-08-22T01:13:00,PCI_3,TDD,66,69287032.0,27810288.0,959,24,648,12,13.8,12.8,45,36,18.63,20.69,Normal
2026-08-22T01:13:00,PCI_4,TDD,58,70577149.0,27631547.0,1018,5,950,13,13.6,12.1,45,36,17.5,20.0,Normal
2026-08-22T01:14:00,PCI_1,TDD,61,67805753.0,28457923.0,883,7,659,5,13.0,12.1,45,35,17.62,19.9,Normal
2026-08-22T01:14:00,PCI_2,TDD,63,72175954.0,27129363.0,856,16,644,13,13.2,12.5,46,36,18.31,20.04,Normal
2026-08-22T01:14:00,PCI_3,TDD,61,71429018.0,28437598.0,1040,16,808,4,12.9,12.7,46,37,18.43,19.74,Normal
2026-08-22T01:14:00,PCI_4,TDD,57,70335234.0,27621655.0,875,15,859,8,13.3,13.0,47,37,18.38,19.67,Normal
2026-08-22T01:15:00,PCI_1,TDD,63,69627548.0,28003141.0,1114,22,868,9,13.6,11.9,45,34,17.6,19.29,Normal
2026-08-22T01:15:00,PCI_2,TDD,63,69703547.0,27326828.0,944,12,978,8,13.5,12.7,45,36,18.39,19.9,Normal
2026-08-22T01:15:00,PCI_3,TDD,64,69185460.0,27457467.0,1079,20,830,5,13.4,12.5,46,38,17.48,20.5,Normal
2026-08-22T01:15:00,PCI_4,TDD,68,69534606.0,27833570.0,1051,6,782,9,12.8,12.6,48,37,17.77,20.36,Normal
2026-08-22T01:16:00,PCI_1,TDD,65,70179801.0,28169401.0,1163,23,758,17,13.6,12.5,47,37,18.46,20.9,Normal
2026-08-22T01:16:00,PCI_2,TDD,65,70225217.0,27996929.0,1005,10,888,17,13.8,12.5,48,35,17.41,19.92,Normal
2026-08-22T01:16:00,PCI_3,TDD,64,68947146.0,28723173.0,912,18,855,6,13.6,12.5,47,38,18.28,19.77,Normal
2026-08-22T01:16:00,PCI_4,TDD,60,70096629.0,27767186.0,1077,5,837,11,13.9,12.2,46,36,17.87,19.69,Normal
2026-08-22T01:17:00,PCI_1,TDD,63,70561512.0,28150479.0,1117,20,986,10,13.8,12.2,45,37,18.49,20.13,Normal
2026-08-22T01:17:00,PCI_2,TDD,64,70520719.0,28083914.0,850,20,736,13,13.7,12.4,46,34,18.31,20.19,Normal
2026-08-22T01:17:00,PCI_3,TDD,65,70139283.0,27921201.0,1091,24,748,15,13.4,12.1,48,35,18.29,19.77,Normal
2026-08-22T01:17:00,PCI_4,TDD,64,70038362.0,27364876.0,940,24,950,6,12.9,12.8,44,36,18.62,19.93,Normal
2026-08-22T01:18:00,PCI_1,TDD,69,69525130.0,26810098.0,881,10,944,10,13.7,12.3,46,38,18.13,20.39,Normal
2026-08-22T01:18:00,PCI_2,TDD,62,70983859.0,28373508.0,985,12,957,9,13.8,12.5,45,36,18.14,19.35,Normal
2026-08-22T01:18:00,PCI_3,TDD,64,70342240.0,27787930.0,1076,13,740,10,13.4,13.2,45,36,18.36,19.61,Normal
2026-08-22T01:18:00,PCI_4,TDD,64,70878765.0,27007545.0,885,17,668,10,13.6,12.6,46,35,17.97,19.95,Normal
2026-08-22T01:19:00,PCI_1,TDD,64,70134166.0,28912463.0,836,23,974,3,12.9,12.1,46,35,17.81,19.96,Normal
2026-08-22T01:19:00,PCI_2,TDD,62,69071806.0,28300840.0,1019,10,732,11,13.6,11.9,47,35,17.41,19.76,Normal
2026-08-22T01:19:00,PCI_3,TDD,62,70022383.0,28013060.0,925,8,835,13,13.4,12.5,45,38,17.84,20.18,Normal
2026-08-22T01:19:00,PCI_4,TDD,62,71087091.0,28269359.0,1113,23,907,16,13.4,12.8,47,36,18.38,20.63,Normal
2026-08-22T01:20:00,PCI_1,TDD,57,68379222.0,27799067.0,874,9,915,16,13.1,12.3,45,37,17.82,20.48,Normal
2026-08-22T01:20:00,PCI_2,TDD,65,70893771.0,28421300.0,1041,16,950,6,13.4,12.5,46,34,18.11,19.7,Normal
2026-08-22T01:20:00,PCI_3,TDD,61,69532254.0,28960464.0,903,11,772,3,13.2,12.3,47,37,17.73,20.07,Normal
2026-08-22T01:20:00,PCI_4,TDD,63,69196447.0,27906273.0,906,11,990,13,13.6,12.9,47,34,17.93,19.79,Normal
2026-08-22T01:21:00,PCI_1,TDD,64,68954064.0,27062513.0,1042,19,709,6,13.5,12.8,46,35,18.74,20.04,Normal
2026-08-22T01:21:00,PCI_2,TDD,63,68069132.0,28810809.0,1060,13,991,16,13.7,12.2,45,37,18.12,20.85,Normal
2026-08-22T01:21:00,PCI_3,TDD,62,70094116.0,27914806.0,992,17,746,7,13.0,12.6,47,37,17.93,20.01,Normal
2026-08-22T01:21:00,PCI_4,TDD,67,69244166.0,27968257.0,939,6,876,8,13.5,13.1,46,34,17.32,19.99,Normal
2026-08-22T01:22:00,PCI_1,TDD,61,68571463.0,27309330.0,1099,15,889,15,13.4,13.1,47,35,17.71,20.14,Normal
2026-08-22T01:22:00,PCI_2,TDD,60,69283221.0,28149811.0,1018,14,932,17,13.4,12.6,48,35,18.25,20.27,Normal
2026-08-22T01:22:00,PCI_3,TDD,65,71258885.0,27879387.0,1025,16,774,8,14.1,12.5,46,35,18.43,20.01,Normal
2026-08-22T01:22:00,PCI_4,TDD,58,71248478.0,28037658.0,837,20,757,9,13.2,12.8,46,35,18.7,19.75,Normal
2026-08-22T01:23:00,PCI_1,TDD,64,71850436.0,27772790.0,938,6,798,4,13.5,12.9,47,36,18.12,19.96,Normal
2026-08-22T01:23:00,PCI_2,TDD,68,66110673.0,28219479.0,992,24,696,4,13.7,12.6,46,36,18.27,19.89,Normal
2026-08-22T01:23:00,PCI_3,TDD,66,70492182.0,28578031.0,1001,9,798,9,13.8,12.6,47,36,18.77,20.44,Normal
2026-08-22T01:23:00,PCI_4,TDD,58,70635832.0,27651267.0,938,10,818,9,13.3,12.4,48,36,17.71,19.88,Normal
2026-08-22T01:24:00,PCI_1,TDD,65,70390843.0,27501694.0,881,15,888,11,13.7,12.7,44,36,18.22,20.63,Normal
2026-08-22T01:24:00,PCI_2,TDD,73,68241517.0,26901278.0,1142,13,934,11,13.5,12.7,46,37,17.89,19.72,Normal
2026-08-22T01:24:00,PCI_3,TDD,67,69512879.0,27855363.0,1039,20,897,14,13.8,12.2,47,36,17.55,20.12,Normal
2026-08-22T01:24:00,PCI_4,TDD,68,71924556.0,27685921.0,896,17,817,14,13.8,12.2,47,34,18.39,19.62,Normal
2026-08-22T01:25:00,PCI_1,TDD,63,71829924.0,27946031.0,983,22,632,9,13.9,12.0,48,36,17.89,19.79,Normal
2026-08-22T01:25:00,PCI_2,TDD,58,68689870.0,27493669.0,936,8,888,14,13.4,12.3,47,37,18.29,19.55,Normal
2026-08-22T01:25:00,PCI_3,TDD,63,55397678.0,22051047.0,1028,18,815,16,14.0,13.0,35,28,18.25,19.33,Normal
2026-08-22T01:25:00,PCI_4,TDD,66,69890081.0,28445666.0,1170,24,707,4,13.7,12.0,46,35,18.11,19.85,Normal
2026-08-22T01:26:00,PCI_1,TDD,62,70511825.0,28028246.0,814,9,769,17,13.6,12.7,45,37,18.57,20.56,Normal
2026-08-22T01:26:00,PCI_2,TDD,60,70206310.0,28547140.0,987,10,778,5,13.8,12.8,46,33,17.88,20.4,Normal
2026-08-22T01:26:00,PCI_3,TDD,68,52065856.0,21304711.0,1176,27,694,28,13.6,12.6,37,30,17.19,18.85,Normal
2026-08-22T01:26:00,PCI_4,TDD,66,68303697.0,27331872.0,1123,20,600,17,13.4,13.1,46,36,18.04,20.22,Normal
2026-08-22T01:27:00,PCI_1,TDD,72,69058105.0,27696355.0,894,24,937,15,13.7,12.3,45,38,17.65,20.55,Normal
2026-08-22T01:27:00,PCI_2,TDD,64,70510012.0,28149505.0,1198,17,854,5,13.1,12.6,45,36,18.3,20.4,Normal
2026-08-22T01:27:00,PCI_3,TDD,69,52558975.0,21360940.0,943,40,640,33,13.2,12.2,39,32,17.26,18.47,Normal
2026-08-22T01:27:00,PCI_4,TDD,61,68699165.0,27945341.0,999,7,982,11,13.5,12.5,46,35,18.47,20.81,Normal
2026-08-22T01:28:00,PCI_1,TDD,66,70005876.0,27878567.0,1079,18,671,3,13.4,12.7,45,36,18.2,20.73,Normal
2026-08-22T01:28:00,PCI_2,TDD,63,68959110.0,27713683.0,1100,23,945,13,13.2,13.0,45,33,18.15,19.85,Normal
2026-08-22T01:28:00,PCI_3,TDD,65,51277492.0,19939442.0,979,61,693,39,12.8,11.8,40,33,14.91,17.59,Normal
2026-08-22T01:28:00,PCI_4,TDD,71,68742765.0,27877167.0,1089,7,720,12,13.4,12.7,45,35,18.52,19.85,Normal
2026-08-22T01:29:00,PCI_1,TDD,66,70234285.0,28135433.0,1036,6,829,14,13.4,12.8,46,36,18.89,20.07,Normal
2026-08-22T01:29:00,PCI_2,TDD,62,70758887.0,28218152.0,950,9,828,17,13.5,12.2,46,37,18.14,20.09,Normal
2026-08-22T01:29:00,PCI_3,TDD,64,47861246.0,19334205.0,1156,64,736,46,12.3,11.4,42,35,15.25,17.31,Normal
2026-08-22T01:29:00,PCI_4,TDD,62,72473312.0,28379098.0,1101,21,883,9,13.7,12.4,45,36,17.4,19.58,Normal
2026-08-22T01:30:00,PCI_1,TDD,60,70527317.0,27884918.0,1037,18,957,9,13.1,12.6,45,35,17.68,19.79,Normal
2026-08-22T01:30:00,PCI_2,TDD,62,68001044.0,28179906.0,889,11,971,14,13.2,12.5,46,35,18.19,20.04,Normal
2026-08-22T01:30:00,PCI_3,TDD,64,47404945.0,18690998.0,802,64,637,56,11.9,11.0,44,37,14.36,16.98,Normal
2026-08-22T01:30:00,PCI_4,TDD,65,69621429.0,27143113.0,899,18,976,9,13.6,12.3,44,38,18.14,19.62,Normal
2026-08-22T01:31:00,PCI_1,TDD,60,67881310.0,27195689.0,1126,24,658,14,13.7,12.8,47,35,18.01,19.88,Normal
2026-08-22T01:31:00,PCI_2,TDD,68,71862829.0,28719424.0,1040,18,874,13,13.5,12.6,44,36,17.31,19.3,Normal
2026-08-22T01:31:00,PCI_3,TDD,59,43896359.0,18195237.0,1017,75,686,52,11.5,10.6,46,39,13.19,15.72,Normal
2026-08-22T01:31:00,PCI_4,TDD,65,69652544.0,27733837.0,994,23,652,12,13.8,12.3,47,37,18.02,20.16,Normal
2026-08-22T01:32:00,PCI_1,TDD,62,70380407.0,27331842.0,988,16,935,9,13.4,12.6,47,36,17.85,19.73,Normal
2026-08-22T01:32:00,PCI_2,TDD,62,69388296.0,27901052.0,1132,12,724,15,13.6,12.5,45,38,17.63,20.3,Normal
2026-08-22T01:32:00,PCI_3,TDD,66,43720656.0,16081610.0,896,94,999,77,11.1,10.2,47,41,12.79,14.93,Normal
2026-08-22T01:32:00,PCI_4,TDD,55,69005880.0,28133663.0,981,18,626,14,12.9,12.4,43,35,18.78,19.91,Normal
2026-08-22T01:33:00,PCI_1,TDD,64,69760649.0,28453579.0,931,17,847,4,13.5,12.4,46,36,18.37,19.87,Normal
2026-08-22T01:33:00,PCI_2,TDD,68,70447681.0,27505989.0,844,17,684,5,13.5,12.4,46,35,17.95,20.38,Normal
2026-08-22T01:33:00,PCI_3,TDD,61,41937442.0,16838260.0,1033,118,981,80,10.7,9.8,49,42,11.8,14.93,Anomaly
2026-08-22T01:33:00,PCI_4,TDD,63,69643786.0,28618335.0,972,10,608,4,13.7,12.7,47,36,18.02,20.16,Normal
2026-08-22T01:34:00,PCI_1,TDD,62,69291464.0,27843372.0,1004,18,806,7,13.7,12.6,45,35,17.46,19.9,Normal
2026-08-22T01:34:00,PCI_2,TDD,61,68615179.0,28247532.0,1035,6,729,17,13.4,12.5,44,36,18.1,20.64,Normal
2026-08-22T01:34:00,PCI_3,TDD,56,41393711.0,14978565.0,1196,135,710,104,10.3,9.4,51,44,12.62,13.21,Anomaly
2026-08-22T01:34:00,PCI_4,TDD,63,69132014.0,28381354.0,1069,7,970,9,13.7,12.2,46,35,17.87,20.04,Normal
2026-08-22T01:35:00,PCI_1,TDD,68,69757712.0,27804965.0,1162,23,947,13,13.2,12.6,46,36,18.1,19.28,Normal
2026-08-22T01:35:00,PCI_2,TDD,61,68839520.0,28098805.0,1053,11,736,7,13.4,13.0,45,37,17.67,19.96,Normal
2026-08-22T01:35:00,PCI_3,TDD,65,39425992.0,15055310.0,872,140,844,108,9.8,9.0,53,46,10.04,11.94,Anomaly
2026-08-22T01:35:00,PCI_4,TDD,63,68531210.0,26808403.0,1124,17,618,6,13.5,12.6,49,37,17.43,19.68,Normal
2026-08-22T01:36:00,PCI_1,TDD,62,68727147.0,27723738.0,983,7,860,13,13.4,12.1,46,38,17.98,20.11,Normal
2026-08-22T01:36:00,PCI_2,TDD,67,70092633.0,27583052.0,1138,21,844,9,13.5,12.6,45,34,17.64,20.78,Normal
2026-08-22T01:36:00,PCI_3,TDD,59,35682643.0,15453259.0,944,147,789,113,9.4,8.6,54,48,10.38,12.75,Anomaly
2026-08-22T01:36:00,PCI_4,TDD,65,69757794.0,27864249.0,958,17,815,5,13.9,12.0,48,36,19.08,19.85,Normal
2026-08-22T01:37:00,PCI_1,TDD,62,70764249.0,28413589.0,950,14,968,8,13.5,12.5,45,35,18.56,20.28,Normal
2026-08-22T01:37:00,PCI_2,TDD,58,69329908.0,28121998.0,896,10,672,13,13.9,12.8,47,36,17.8,19.94,Normal
2026-08-22T01:37:00,PCI_3,TDD,68,33891274.0,14158053.0,1042,153,679,124,9.0,8.2,56,50,9.57,11.04,Anomaly
2026-08-22T01:37:00,PCI_4,TDD,62,68876298.0,28553380.0,1091,8,618,12,13.7,13.2,46,37,18.45,19.71,Normal
2026-08-22T01:38:00,PCI_1,TDD,62,68523218.0,27831231.0,1158,19,812,14,13.2,12.0,46,36,18.84,20.13,Normal
2026-08-22T01:38:00,PCI_2,TDD,70,70556181.0,26580753.0,1123,6,801,14,13.4,12.2,49,34,17.7,20.11,Normal
2026-08-22T01:38:00,PCI_3,TDD,67,32490093.0,12638191.0,1131,165,927,125,8.6,7.8,58,51,8.4,10.3,Anomaly
2026-08-22T01:38:00,PCI_4,TDD,66,68870072.0,27510661.0,823,15,710,15,13.6,12.9,46,35,17.98,19.51,Normal
2026-08-22T01:39:00,PCI_1,TDD,63,70400784.0,28315703.0,1107,19,727,5,14.1,12.9,46,36,18.33,20.05,Normal
2026-08-22T01:39:00,PCI_2,TDD,64,69348293.0,27848614.0,1075,21,830,12,13.7,12.6,45,37,17.98,19.73,Normal
2026-08-22T01:39:00,PCI_3,TDD,62,30773700.0,12811347.0,816,197,905,138,8.2,7.4,60,53,8.14,9.67,Anomaly
2026-08-22T01:39:00,PCI_4,TDD,64,71017648.0,28023128.0,1056,5,713,13,13.2,12.8,46,34,17.17,20.54,Normal
2026-08-22T01:40:00,PCI_1,TDD,61,71810404.0,28671482.0,1034,17,604,16,13.3,12.5,46,36,17.73,19.97,Normal
2026-08-22T01:40:00,PCI_2,TDD,61,68548077.0,28029338.0,896,12,792,16,13.0,12.7,45,36,17.58,20.02,Normal
2026-08-22T01:40:00,PCI_3,TDD,64,31945472.0,12280371.0,1062,199,949,163,7.8,7.0,62,55,7.71,8.9,Anomaly
2026-08-22T01:40:00,PCI_4,TDD,65,69586514.0,27886391.0,910,22,846,8,13.3,12.3,47,37,17.64,20.33,Normal
2026-08-22T01:41:00,PCI_1,TDD,65,69357589.0,28743002.0,972,21,941,7,13.6,11.9,44,38,18.64,20.39,Normal
2026-08-22T01:41:00,PCI_2,TDD,59,72318127.0,27499381.0,1082,16,650,5,13.0,12.2,45,36,18.4,20.19,Normal
2026-08-22T01:41:00,PCI_3,TDD,62,28271336.0,10952428.0,1189,201,830,172,7.3,6.6,63,57,5.98,7.96,Anomaly
2026-08-22T01:41:00,PCI_4,TDD,61,68708287.0,27882434.0,1103,7,912,4,13.5,12.5,48,35,17.96,19.82,Normal
2026-08-22T01:42:00,PCI_1,TDD,66,70479539.0,28403038.0,956,22,949,9,14.2,12.9,47,37,17.73,20.34,Normal
2026-08-22T01:42:00,PCI_2,TDD,62,68923000.0,28235039.0,1085,20,860,12,13.4,12.6,45,36,17.44,20.32,Normal
2026-08-22T01:42:00,PCI_3,TDD,70,26284183.0,10837799.0,1038,242,612,173,6.9,6.2,65,59,5.58,7.63,Anomaly
2026-08-22T01:42:00,PCI_4,TDD,69,69582470.0,27153474.0,801,5,868,4,13.0,12.4,45,35,17.97,20.47,Normal
2026-08-22T01:43:00,PCI_1,TDD,61,70761817.0,28646370.0,832,15,808,3,13.1,12.8,46,36,18.71,20.13,Normal
2026-08-22T01:43:00,PCI_2,TDD,62,69516434.0,28274745.0,980,10,794,3,13.6,12.2,46,37,17.8,19.77,Normal
2026-08-22T01:43:00,PCI_3,TDD,70,25836601.0,10059382.0,831,224,747,196,6.5,5.8,67,60,4.12,6.91,Anomaly
2026-08-22T01:43:00,PCI_4,TDD,65,69002644.0,27945996.0,1190,6,909,13,13.5,12.7,47,37,17.74,20.1,Normal
2026-08-22T01:44:00,PCI_1,TDD,62,69583814.0,28452970.0,888,19,957,11,13.7,12.4,45,35,17.42,20.54,Normal
2026-08-22T01:44:00,PCI_2,TDD,62,69565173.0,27502833.0,805,22,939,10,13.8,12.3,47,36,18.85,19.24,Normal
2026-08-22T01:44:00,PCI_3,TDD,65,23674719.0,9548971.0,1096,235,942,199,6.1,5.4,69,62,4.35,6.22,Anomaly
2026-08-22T01:44:00,PCI_4,TDD,68,71627097.0,28110380.0,1116,11,661,9,13.2,12.6,45,38,17.9,19.83,Normal
2026-08-22T01:45:00,PCI_1,TDD,65,69032391.0,27852194.0,841,23,960,15,13.5,13.1,45,36,17.9,19.15,Normal
2026-08-22T01:45:00,PCI_2,TDD,63,69410862.0,27465768.0,1084,22,671,10,13.0,12.6,48,36,18.48,20.06,Normal
2026-08-22T01:45:00,PCI_3,TDD,61,23188325.0,8630835.0,1119,258,763,199,5.7,5.0,70,64,2.49,5.53,Anomaly
2026-08-22T01:45:00,PCI_4,TDD,60,70934711.0,28062987.0,883,13,938,15,13.6,12.4,46,36,17.92,20.47,Normal
2026-08-22T01:46:00,PCI_1,TDD,63,70671834.0,28874059.0,1074,15,817,17,13.9,12.5,48,35,18.42,20.32,Normal
2026-08-22T01:46:00,PCI_2,TDD,67,69812394.0,27809861.0,1137,23,849,5,13.6,12.2,44,37,17.87,20.06,Normal
2026-08-22T01:46:00,PCI_3,TDD,66,20002677.0,7125034.0,1019,258,818,192,5.2,4.6,72,66,3.27,4.61,Anomaly
2026-08-22T01:46:00,PCI_4,TDD,65,70043235.0,28364844.0,1122,7,685,12,13.4,12.4,47,36,18.17,20.56,Normal
2026-08-22T01:47:00,PCI_1,TDD,65,70196963.0,29129063.0,1006,14,609,14,13.3,13.2,47,38,17.97,19.91,Normal
2026-08-22T01:47:00,PCI_2,TDD,60,70224526.0,27345726.0,1013,17,613,16,14.2,12.2,48,36,18.62,19.28,Normal
2026-08-22T01:47:00,PCI_3,TDD,62,17816837.0,6875975.0,887,283,657,231,4.8,4.2,74,68,1.24,3.65,Anomaly
2026-08-22T01:47:00,PCI_4,TDD,67,68338095.0,27710024.0,1093,14,800,14,13.2,12.8,47,36,17.79,19.69,Normal
2026-08-22T01:48:00,PCI_1,TDD,62,69242379.0,27384800.0,857,8,980,4,13.6,12.8,45,37,18.21,19.76,Normal
2026-08-22T01:48:00,PCI_2,TDD,61,69050664.0,28410209.0,1176,6,741,7,13.3,13.0,47,38,18.64,19.91,Normal
2026-08-22T01:48:00,PCI_3,TDD,63,16530275.0,6352998.0,822,287,860,223,4.4,3.8,76,69,-0.05,3.17,Anomaly
2026-08-22T01:48:00,PCI_4,TDD,59,70605327.0,28161498.0,843,15,824,3,13.1,12.7,45,36,18.07,20.1,Normal
2026-08-22T01:49:00,PCI_1,TDD,59,70738794.0,28256950.0,1171,18,670,6,13.9,12.8,45,36,17.77,19.4,Normal
2026-08-22T01:49:00,PCI_2,TDD,68,69053031.0,27614426.0,910,14,639,11,13.5,12.1,45,35,18.43,19.94,Normal
2026-08-22T01:49:00,PCI_3,TDD,68,16391345.0,5794158.0,949,297,900,241,4.0,3.4,77,71,0.2,1.94,Anomaly
2026-08-22T01:49:00,PCI_4,TDD,59,72074981.0,27782832.0,991,16,858,5,13.4,12.4,46,35,18.0,19.99,Normal
2026-08-22T01:50:00,PCI_1,TDD,65,69753149.0,28020810.0,988,9,802,6,13.6,12.5,46,37,17.92,19.96,Normal
2026-08-22T01:50:00,PCI_2,TDD,62,70527861.0,28319222.0,990,12,956,17,13.7,11.9,48,35,18.33,19.42,Normal
2026-08-22T01:50:00,PCI_3,TDD,61,12574980.0,5090925.0,1155,318,946,248,3.6,3.0,79,73,0.03,1.2,Anomaly
2026-08-22T01:50:00,PCI_4,TDD,70,70582851.0,28329145.0,1026,9,704,10,13.3,12.6,44,37,17.62,20.15,Normal
2026-08-22T01:51:00,PCI_1,TDD,62,69511539.0,27162965.0,1191,8,848,13,13.2,12.2,47,36,18.01,20.37,Normal
2026-08-22T01:51:00,PCI_2,TDD,63,68813457.0,27663635.0,1092,12,666,6,13.3,12.8,48,34,18.09,19.68,Normal
2026-08-22T01:51:00,PCI_3,TDD,64,11054270.0,4437514.0,814,344,804,274,3.2,2.6,81,75,-0.92,0.28,Anomaly
2026-08-22T01:51:00,PCI_4,TDD,64,70929503.0,28875261.0,1052,9,868,6,13.4,12.7,47,34,17.8,20.71,Normal
2026-08-22T01:52:00,PCI_1,TDD,63,68974145.0,27791915.0,987,20,893,11,13.2,11.7,46,37,17.36,19.59,Normal
2026-08-22T01:52:00,PCI_2,TDD,65,68643905.0,27283929.0,1129,24,640,7,13.3,12.3,45,35,18.28,19.6,Normal
2026-08-22T01:52:00,PCI_3,TDD,66,9845721.0,4525348.0,1181,337,606,260,2.7,2.2,83,77,-2.38,0.18,Anomaly
2026-08-22T01:52:00,PCI_4,TDD,68,68870790.0,27825752.0,838,15,769,17,13.3,12.4,44,34,17.84,19.91,Normal
2026-08-22T01:53:00,PCI_1,TDD,65,68344712.0,27703610.0,1001,24,723,3,13.6,12.0,46,35,18.36,20.15,Normal
2026-08-22T01:53:00,PCI_2,TDD,62,69085101.0,28567455.0,1145,18,718,11,13.5,12.8,48,35,17.97,20.24,Normal
2026-08-22T01:53:00,PCI_3,TDD,64,8327141.0,2724899.0,1195,364,981,288,2.3,1.8,84,78,-3.03,-0.86,Anomaly
2026-08-22T01:53:00,PCI_4,TDD,64,70115784.0,28019963.0,867,16,649,12,13.1,12.3,46,36,17.59,20.44,Normal
2026-08-22T01:54:00,PCI_1,TDD,68,69768198.0,28378950.0,1036,24,717,7,13.6,12.1,46,37,17.96,20.21,Normal
2026-08-22T01:54:00,PCI_2,TDD,63,69085967.0,27329601.0,1070,6,886,17,12.9,12.3,45,36,17.2,19.75,Normal
2026-08-22T01:54:00,PCI_3,TDD,65,9515492.0,3393436.0,849,354,603,277,1.9,1.4,86,80,-3.2,-0.84,Anomaly
2026-08-22T01:54:00,PCI_4,TDD,64,70775881.0,27588209.0,896,5,916,14,13.5,12.5,46,36,17.66,20.11,Normal
2026-08-22T01:55:00,PCI_1,TDD,65,70687090.0,28202391.0,1187,22,976,7,13.2,12.5,45,36,17.64,20.51,Normal
2026-08-22T01:55:00,PCI_2,TDD,66,69388659.0,27650898.0,853,16,954,12,13.1,12.8,47,36,18.06,20.6,Normal
2026-08-22T01:55:00,PCI_3,TDD,60,6526121.0,1230767.0,999,358,869,306,1.5,1.0,88,82,-4.29,-2.44,Anomaly
2026-08-22T01:55:00,PCI_4,TDD,66,70048345.0,28167275.0,1019,17,760,6,13.5,12.8,45,35,17.98,19.72,Normal
2026-08-22T01:56:00,PCI_1,TDD,61,69564564.0,27735132.0,813,10,834,6,13.7,13.1,45,36,18.3,20.64,Normal
2026-08-22T01:56:00,PCI_2,TDD,63,70494332.0,28205103.0,1153,9,765,16,13.9,12.6,47,33,17.38,20.29,Normal
2026-08-22T01:56:00,PCI_3,TDD,66,7096942.0,1930254.0,922,374,982,301,1.9,1.4,86,80,-3.34,-2.08,Anomaly
2026-08-22T01:56:00,PCI_4,TDD,61,68753935.0,27627569.0,1151,20,999,12,13.7,12.8,46,35,18.44,19.55,Normal
2026-08-22T01:57:00,PCI_1,TDD,68,69454802.0,27469126.0,932,6,853,4,13.5,12.8,45,35,18.52,19.81,Normal
2026-08-22T01:57:00,PCI_2,TDD,61,70348366.0,28026471.0,997,22,642,14,13.7,12.7,46,36,17.66,20.36,Normal
2026-08-22T01:57:00,PCI_3,TDD,64,8677811.0,3874225.0,955,355,816,276,2.3,1.8,84,78,-3.06,0.13,Anomaly
2026-08-22T01:57:00,PCI_4,TDD,60,67871702.0,28183747.0,1195,21,872,12,13.2,12.7,48,34,17.98,20.33,Normal
2026-08-22T01:58:00,PCI_1,TDD,62,67206108.0,27263537.0,1088,15,928,11,13.9,12.6,47,37,17.1,19.75,Normal
2026-08-22T01:58:00,PCI_2,TDD,67,69351945.0,27181991.0,1029,13,996,7,14.0,12.6,46,36,18.01,20.03,Normal
2026-08-22T01:58:00,PCI_3,TDD,61,8942380.0,4685279.0,834,324,920,266,2.7,2.2,83,77,-2.62,1.02,Anomaly
2026-08-22T01:58:00,PCI_4,TDD,63,68271721.0,28048493.0,1110,18,613,12,13.3,12.5,46,35,17.77,20.97,Normal
2026-08-22T01:59:00,PCI_1,TDD,61,71339998.0,27005686.0,1174,22,695,9,13.1,12.3,46,35,18.13,19.65,Normal
2026-08-22T01:59:00,PCI_2,TDD,63,68109535.0,27401821.0,1116,21,681,17,13.5,12.6,45,35,18.69,20.0,Normal
2026-08-22T01:59:00,PCI_3,TDD,67,11899110.0,4543469.0,1055,310,819,265,3.2,2.6,81,75,-0.76,0.83,Anomaly
2026-08-22T01:59:00,PCI_4,TDD,67,68832289.0,27938302.0,811,6,772,6,13.5,12.5,46,36,18.08,20.3,Normal
2026-08-22T02:00:00,PCI_1,TDD,62,69114561.0,27532032.0,1022,11,667,12,13.6,12.5,44,36,18.0,20.17,Normal
2026-08-22T02:00:00,PCI_2,TDD,59,69446729.0,28756648.0,896,15,987,14,13.8,11.8,44,36,18.16,20.24,Normal
2026-08-22T02:00:00,PCI_3,TDD,61,13004765.0,5182285.0,920,330,697,241,3.6,3.0,79,73,-0.58,1.49,Anomaly
2026-08-22T02:00:00,PCI_4,TDD,66,69345152.0,27620752.0,1134,13,893,14,13.3,12.7,45,36,17.62,19.88,Normal
2026-08-22T02:01:00,PCI_1,TDD,62,70180669.0,28042513.0,1069,9,634,17,13.6,12.2,46,36,17.53,19.96,Normal
2026-08-22T02:01:00,PCI_2,TDD,64,68794084.0,27668456.0,928,12,974,16,13.6,12.5,46,36,17.44,19.14,Normal
2026-08-22T02:01:00,PCI_3,TDD,62,16236564.0,5976557.0,895,316,600,231,4.0,3.4,77,71,1.08,2.98,Anomaly
2026-08-22T02:01:00,PCI_4,TDD,66,69782910.0,28081406.0,826,17,944,13,13.3,11.9,44,38,17.86,19.02,Normal
2026-08-22T02:02:00,PCI_1,TDD,61,68055449.0,27805944.0,901,10,815,9,13.2,12.6,45,37,17.54,21.04,Normal
2026-08-22T02:02:00,PCI_2,TDD,62,68929637.0,27412838.0,1064,22,903,11,13.3,11.9,45,37,17.53,20.37,Normal
2026-08-22T02:02:00,PCI_3,TDD,66,15889500.0,6982876.0,878,290,914,229,4.4,3.8,76,69,0.8,3.42,Anomaly
2026-08-22T02:02:00,PCI_4,TDD,65,69317809.0,27557483.0,1021,14,754,10,13.4,12.3,47,36,18.41,20.05,Normal
2026-08-22T02:03:00,PCI_1,TDD,63,69398497.0,28383918.0,907,14,938,9,13.9,12.5,47,36,18.28,20.4,Normal
2026-08-22T02:03:00,PCI_2,TDD,64,71412314.0,27512226.0,935,19,999,3,13.4,11.9,45,35,18.55,19.59,Normal
2026-08-22T02:03:00,PCI_3,TDD,66,18954049.0,6940635.0,1161,274,756,217,4.8,4.2,74,68,1.3,3.96,Anomaly
2026-08-22T02:03:00,PCI_4,TDD,65,68636785.0,27286478.0,1125,22,922,14,13.9,12.2,46,36,17.87,20.47,Normal
2026-08-22T02:04:00,PCI_1,TDD,60,69807515.0,27481694.0,977,13,792,14,14.0,12.1,45,36,18.6,19.77,Normal
2026-08-22T02:04:00,PCI_2,TDD,63,69128924.0,28129654.0,1182,15,951,9,13.4,12.8,45,36,17.44,19.59,Normal
2026-08-22T02:04:00,PCI_3,TDD,58,19308168.0,7446246.0,1124,256,893,214,5.2,4.6,72,66,3.34,4.1,Anomaly
2026-08-22T02:04:00,PCI_4,TDD,62,69387696.0,28415945.0,1067,6,725,7,13.3,12.6,46,36,17.46,19.75,Normal
2026-08-22T02:05:00,PCI_1,TDD,64,67467572.0,27154660.0,862,23,635,14,13.1,12.4,45,35,18.71,20.16,Normal
2026-08-22T02:05:00,PCI_2,TDD,57,68168730.0,26919076.0,1070,15,758,3,13.2,12.5,46,36,18.59,20.78,Normal
2026-08-22T02:05:00,PCI_3,TDD,65,23018477.0,7663053.0,941,251,959,199,5.7,5.0,70,64,4.07,5.06,Anomaly
2026-08-22T02:05:00,PCI_4,TDD,59,69112112.0,28021409.0,996,14,635,16,13.4,12.7,46,36,18.42,20.4,Normal
2026-08-22T02:06:00,PCI_1,TDD,65,72043230.0,28355722.0,830,14,620,5,13.4,12.4,45,35,18.2,19.72,Normal
2026-08-22T02:06:00,PCI_2,TDD,57,69231606.0,27325409.0,976,9,771,8,13.3,12.5,44,35,17.75,19.78,Normal
2026-08-22T02:06:00,PCI_3,TDD,67,23481101.0,9446105.0,949,248,686,203,6.1,5.4,69,62,3.98,6.31,Anomaly
2026-08-22T02:06:00,PCI_4,TDD,62,69705912.0,27733547.0,971,23,752,13,13.7,12.3,44,34,17.3,20.34,Normal
2026-08-22T02:07:00,PCI_1,TDD,59,69222363.0,28342116.0,908,22,661,13,13.3,12.5,44,34,17.8,20.26,Normal
2026-08-22T02:07:00,PCI_2,TDD,64,69607904.0,27739076.0,879,13,827,14,13.1,12.5,44,35,18.09,19.42,Normal
2026-08-22T02:07:00,PCI_3,TDD,59,24374651.0,9439762.0,881,240,712,179,6.5,5.8,67,60,5.1,6.72,Anomaly
2026-08-22T02:07:00,PCI_4,TDD,68,67712744.0,28376562.0,884,15,878,7,13.4,12.9,47,36,17.87,19.72,Normal
2026-08-22T02:08:00,PCI_1,TDD,59,70414184.0,27334946.0,896,24,883,6,13.5,12.2,45,34,17.53,19.96,Normal
2026-08-22T02:08:00,PCI_2,TDD,64,69174258.0,27553850.0,956,11,839,4,13.8,12.9,46,35,17.66,19.72,Normal
2026-08-22T02:08:00,PCI_3,TDD,61,27968116.0,10143879.0,1174,241,633,168,6.9,6.2,65,59,6.2,7.32,Anomaly
2026-08-22T02:08:00,PCI_4,TDD,68,68393993.0,27377820.0,819,8,810,6,13.8,12.1,47,36,18.26,19.61,Normal
2026-08-22T02:09:00,PCI_1,TDD,63,69325184.0,28067515.0,1028,18,997,17,13.1,13.0,46,37,18.75,19.85,Normal
2026-08-22T02:09:00,PCI_2,TDD,61,71285980.0,27717275.0,918,18,721,6,13.1,12.8,45,35,17.96,20.84,Normal
2026-08-22T02:09:00,PCI_3,TDD,61,27242303.0,10896543.0,1127,204,853,171,7.3,6.6,63,57,5.58,8.72,Anomaly
2026-08-22T02:09:00,PCI_4,TDD,61,68102236.0,27859552.0,924,23,958,17,13.3,12.7,45,36,18.66,20.11,Normal
2026-08-22T02:10:00,PCI_1,TDD,68,69610356.0,28045498.0,890,13,931,5,13.1,12.9,45,35,17.6,20.3,Normal
2026-08-22T02:10:00,PCI_2,TDD,60,68448065.0,27884704.0,918,21,640,8,14.1,12.3,45,34,17.6,19.9,Normal
2026-08-22T02:10:00,PCI_3,TDD,65,29088526.0,12132263.0,933,197,725,148,7.8,7.0,62,55,6.66,10.0,Anomaly
2026-08-22T02:10:00,PCI_4,TDD,62,69416472.0,27914899.0,1016,5,632,8,13.4,12.7,45,34,17.73,20.27,Normal
2026-08-22T02:11:00,PCI_1,TDD,61,70399192.0,26812954.0,1034,7,947,13,14.0,13.2,45,37,18.02,20.18,Normal
2026-08-22T02:11:00,PCI_2,TDD,63,70131197.0,27911906.0,872,21,920,16,13.4,12.3,46,35,17.52,19.34,Normal
2026-08-22T02:11:00,PCI_3,TDD,62,32222405.0,12760728.0,851,192,720,143,8.2,7.4,60,53,7.6,9.28,Anomaly
2026-08-22T02:11:00,PCI_4,TDD,61,68472304.0,27416682.0,913,19,669,6,13.7,12.6,45,35,18.62,20.48,Normal
2026-08-22T02:12:00,PCI_1,TDD,63,68683185.0,28081248.0,1053,17,644,6,14.0,12.1,45,34,18.18,19.65,Normal
2026-08-22T02:12:00,PCI_2,TDD,63,70416965.0,27671909.0,1063,20,672,17,13.2,12.5,47,36,17.94,19.9,Normal
2026-08-22T02:12:00,PCI_3,TDD,58,30807926.0,13161327.0,1009,140,703,127,8.6,7.8,58,51,8.09,10.04,Anomaly
2026-08-22T02:12:00,PCI_4,TDD,60,69557944.0,28364571.0,849,5,973,7,13.8,12.2,46,36,18.18,20.4,Normal
2026-08-22T02:13:00,PCI_1,TDD,63,67653826.0,27110180.0,862,13,710,5,13.6,12.8,45,36,17.63,19.61,Normal
2026-08-22T02:13:00,PCI_2,TDD,60,67278690.0,27799605.0,1027,14,823,6,13.8,12.5,47,34,17.29,19.64,Normal
2026-08-22T02:13:00,PCI_3,TDD,63,36848923.0,13284427.0,970,146,600,125,9.0,8.2,56,50,8.96,10.75,Anomaly
2026-08-22T02:13:00,PCI_4,TDD,56,69153605.0,27051484.0,1112,16,695,11,13.6,12.6,45,37,17.79,20.03,Normal
2026-08-22T02:14:00,PCI_1,TDD,61,69316989.0,26981564.0,1194,23,941,5,13.8,12.5,44,36,18.59,20.2,Normal
2026-08-22T02:14:00,PCI_2,TDD,66,69869930.0,28539001.0,1023,18,947,16,13.1,11.6,47,34,18.37,20.26,Normal
2026-08-22T02:14:00,PCI_3,TDD,61,36851372.0,15058030.0,1165,145,669,124,9.4,8.6,54,48,10.07,12.27,Anomaly
2026-08-22T02:14:00,PCI_4,TDD,58,70488833.0,28252631.0,1059,10,955,4,14.0,12.0,46,36,18.5,19.81,Normal
2026-08-22T02:15:00,PCI_1,TDD,58,68566558.0,28136096.0,819,9,630,17,13.3,12.7,45,35,18.7,19.14,Normal
2026-08-22T02:15:00,PCI_2,TDD,63,68626816.0,27623474.0,1124,12,788,7,13.3,12.9,45,34,17.38,20.18,Normal
2026-08-22T02:15:00,PCI_3,TDD,67,37378831.0,14768282.0,1059,134,707,106,9.8,9.0,53,46,10.57,12.28,Anomaly
2026-08-22T02:15:00,PCI_4,TDD,61,68360916.0,27946933.0,830,22,765,9,13.9,12.5,45,35,18.44,20.49,Normal
2026-08-22T02:16:00,PCI_1,TDD,61,68961811.0,27488281.0,967,19,632,17,13.6,12.7,43,36,17.95,20.27,Normal
2026-08-22T02:16:00,PCI_2,TDD,54,68891504.0,27224078.0,840,5,833,10,13.4,12.1,44,36,19.02,19.99,Normal
2026-08-22T02:16:00,PCI_3,TDD,61,39824754.0,16651082.0,1159,118,898,99,10.3,9.4,51,44,11.36,14.33,Anomaly
2026-08-22T02:16:00,PCI_4,TDD,65,70337725.0,27474335.0,948,12,616,12,13.4,12.8,45,33,18.36,19.97,Normal
2026-08-22T02:17:00,PCI_1,TDD,59,68519779.0,27033944.0,968,15,904,9,13.7,12.4,46,36,17.98,19.13,Normal
2026-08-22T02:17:00,PCI_2,TDD,58,68883283.0,27466252.0,1068,24,800,9,13.6,12.2,47,34,17.78,20.11,Normal
2026-08-22T02:17:00,PCI_3,TDD,62,41172977.0,17108740.0,852,113,926,87,10.7,9.8,49,42,11.98,14.08,Anomaly
2026-08-22T02:17:00,PCI_4,TDD,62,69456971.0,27432490.0,805,16,680,8,13.0,13.0,44,34,17.11,20.48,Normal
2026-08-22T02:18:00,PCI_1,TDD,54,68714250.0,28306750.0,927,10,833,9,12.9,12.1,46,35,18.56,19.86,Normal
2026-08-22T02:18:00,PCI_2,TDD,62,67646505.0,27783383.0,1016,5,905,8,13.3,12.0,45,36,17.83,20.26,Normal
2026-08-22T02:18:00,PCI_3,TDD,64,43129739.0,17361471.0,996,100,791,71,11.1,10.2,47,41,12.63,15.34,Normal
2026-08-22T02:18:00,PCI_4,TDD,64,68205279.0,27615770.0,943,21,649,7,14.0,12.3,47,36,18.43,20.01,Normal
2026-08-22T02:19:00,PCI_1,TDD,61,68631419.0,27573653.0,1199,12,793,16,13.3,12.8,44,36,17.34,20.22,Normal
2026-08-22T02:19:00,PCI_2,TDD,61,68374726.0,27370746.0,965,5,712,4,13.2,12.4,44,36,18.14,20.65,Normal
2026-08-22T02:19:00,PCI_3,TDD,62,42926536.0,17400677.0,1097,69,957,73,11.5,10.6,46,39,13.41,15.24,Normal
2026-08-22T02:19:00,PCI_4,TDD,61,68216074.0,27603723.0,1089,20,743,17,13.6,12.3,46,35,18.04,20.46,Normal
2026-08-22T02:20:00,PCI_1,TDD,62,68901722.0,27323649.0,935,5,745,14,13.4,12.5,43,34,18.56,20.53,Normal
2026-08-22T02:20:00,PCI_2,TDD,59,69552725.0,27951052.0,976,14,784,8,13.8,11.9,46,35,18.52,19.99,Normal
2026-08-22T02:20:00,PCI_3,TDD,60,48022146.0,18453316.0,855,83,994,58,11.9,11.0,44,37,14.69,16.35,Normal
2026-08-22T02:20:00,PCI_4,TDD,61,70471325.0,27796866.0,1039,21,646,11,13.8,12.7,45,37,18.13,20.29,Normal
2026-08-22T02:21:00,PCI_1,TDD,62,68668670.0,27281902.0,1026,6,940,12,13.0,12.9,45,34,18.18,19.03,Normal
2026-08-22T02:21:00,PCI_2,TDD,60,70074481.0,28056666.0,1076,21,662,11,13.4,12.1,44,35,17.42,19.68,Normal
2026-08-22T02:21:00,PCI_3,TDD,64,48846978.0,19708519.0,939,59,643,43,12.3,11.4,42,35,14.93,17.37,Normal
2026-08-22T02:21:00,PCI_4,TDD,54,66956172.0,27723140.0,925,16,848,6,13.2,12.2,45,34,18.36,20.48,Normal
2026-08-22T02:22:00,PCI_1,TDD,62,67199160.0,26831707.0,1003,5,626,8,13.6,12.5,43,36,18.09,19.98,Normal
2026-08-22T02:22:00,PCI_2,TDD,60,67587850.0,27802411.0,994,16,660,13,13.5,12.8,44,35,18.09,19.65,Normal
2026-08-22T02:22:00,PCI_3,TDD,62,51035874.0,19692009.0,900,47,946,35,12.8,11.8,40,33,16.13,16.94,Normal
2026-08-22T02:22:00,PCI_4,TDD,60,69396160.0,26634379.0,955,19,716,13,14.2,12.3,45,34,18.03,20.05,Normal
2026-08-22T02:23:00,PCI_1,TDD,62,68831919.0,26348273.0,1077,19,645,4,13.7,12.9,44,36,17.61,20.51,Normal
2026-08-22T02:23:00,PCI_2,TDD,60,66698722.0,27923106.0,1199,17,743,12,13.1,13.0,44,35,17.79,20.63,Normal
2026-08-22T02:23:00,PCI_3,TDD,64,51593332.0,20634881.0,830,40,875,17,13.2,12.2,39,32,15.89,18.3,Normal
2026-08-22T02:23:00,PCI_4,TDD,59,68812638.0,28238259.0,1051,11,652,3,14.3,12.4,45,34,17.92,19.86,Normal
2026-08-22T02:24:00,PCI_1,TDD,63,69107545.0,28019971.0,840,7,856,13,13.6,12.8,46,35,17.56,21.0,Normal
2026-08-22T02:24:00,PCI_2,TDD,57,67521406.0,27968440.0,1073,22,914,4,13.6,12.6,47,35,18.4,20.89,Normal
2026-08-22T02:24:00,PCI_3,TDD,62,53961391.0,21323288.0,1073,35,804,27,13.6,12.6,37,30,16.72,18.87,Normal
2026-08-22T02:24:00,PCI_4,TDD,61,69900821.0,26629288.0,1183,10,806,8,13.6,12.2,44,37,18.05,20.41,Normal
2026-08-22T02:25:00,PCI_1,TDD,59,67018256.0,27505065.0,824,22,708,17,13.4,12.2,45,35,17.42,19.72,Normal
2026-08-22T02:25:00,PCI_2,TDD,60,67620486.0,27277144.0,1118,16,914,5,13.4,11.7,46,36,17.73,19.81,Normal
2026-08-22T02:25:00,PCI_3,TDD,63,54962704.0,22494848.0,940,0,734,4,14.0,13.0,35,28,17.25,19.85,Normal
2026-08-22T02:25:00,PCI_4,TDD,64,69069966.0,27971516.0,1169,22,710,10,13.2,12.6,44,34,18.72,20.16,Normal
2026-08-22T02:26:00,PCI_1,TDD,60,70642934.0,28063321.0,990,24,950,5,13.6,12.6,45,35,17.83,19.66,Normal
2026-08-22T02:26:00,PCI_2,TDD,63,70262450.0,27706824.0,1149,24,926,15,13.6,12.2,45,38,17.89,20.62,Normal
2026-08-22T02:26:00,PCI_3,TDD,63,68344671.0,27391394.0,1018,13,679,11,13.1,12.1,46,34,18.23,20.1,Normal
2026-08-22T02:26:00,PCI_4,TDD,59,69732809.0,27028608.0,857,13,727,14,13.4,12.6,44,34,18.85,20.09,Normal
2026-08-22T02:27:00,PCI_1,TDD,62,67994012.0,28579699.0,1014,12,657,17,13.7,12.6,45,35,18.61,19.76,Normal
2026-08-22T02:27:00,PCI_2,TDD,63,68356688.0,27253462.0,1065,5,807,5,13.3,12.9,45,35,18.29,19.97,Normal
2026-08-22T02:27:00,PCI_3,TDD,62,66977598.0,27616510.0,1159,21,828,13,13.6,12.7,45,33,18.23,20.32,Normal
2026-08-22T02:27:00,PCI_4,TDD,55,69663896.0,27780202.0,918,22,849,16,13.7,12.0,46,34,17.65,20.05,Normal
2026-08-22T02:28:00,PCI_1,TDD,62,68286338.0,26977686.0,995,5,664,16,14.2,12.7,44,34,18.45,19.9,Normal
2026-08-22T02:28:00,PCI_2,TDD,58,68235094.0,27073208.0,976,18,709,12,13.3,12.6,44,35,18.11,19.93,Normal
2026-08-22T02:28:00,PCI_3,TDD,58,68572996.0,27959624.0,843,13,761,7,13.5,12.6,43,37,17.7,20.46,Normal
2026-08-22T02:28:00,PCI_4,TDD,58,68257910.0,27619734.0,871,17,621,11,13.3,12.3,45,35,17.82,20.18,Normal
2026-08-22T02:29:00,PCI_1,TDD,60,68864043.0,27307967.0,1058,17,643,4,13.4,12.2,43,35,17.77,20.05,Normal
2026-08-22T02:29:00,PCI_2,TDD,64,66877775.0,27300601.0,989,13,875,17,13.4,12.2,43,34,18.23,20.54,Normal
2026-08-22T02:29:00,PCI_3,TDD,56,68237410.0,27625903.0,1156,14,704,10,13.8,12.8,46,37,19.05,20.04,Normal
2026-08-22T02:29:00,PCI_4,TDD,57,68548115.0,26528766.0,953,7,917,14,13.8,12.8,44,35,17.61,20.83,Normal
2026-08-22T02:30:00,PCI_1,TDD,55,67813857.0,27898478.0,1197,9,957,9,13.6,12.1,45,35,17.96,20.56,Normal
2026-08-22T02:30:00,PCI_2,TDD,64,67174816.0,26887717.0,1018,22,600,5,13.4,12.5,46,35,17.68,20.11,Normal
2026-08-22T02:30:00,PCI_3,TDD,56,68698671.0,27108810.0,987,23,661,5,14.2,13.1,44,36,18.26,19.89,Normal
2026-08-22T02:30:00,PCI_4,TDD,58,69752725.0,26355702.0,973,17,943,4,13.2,12.4,44,36,18.24,20.61,Normal
2026-08-22T02:31:00,PCI_1,TDD,57,66849170.0,26621493.0,951,11,930,16,13.4,12.5,44,36,17.62,20.25,Normal
2026-08-22T02:31:00,PCI_2,TDD,65,68751130.0,27363114.0,1084,19,724,13,14.1,12.7,45,35,18.22,19.83,Normal
2026-08-22T02:31:00,PCI_3,TDD,60,71269989.0,26102587.0,961,10,634,16,13.4,12.4,45,35,18.04,19.9,Normal
2026-08-22T02:31:00,PCI_4,TDD,66,68134692.0,27639488.0,889,15,643,10,13.7,12.6,44,36,17.59,19.7,Normal
2026-08-22T02:32:00,PCI_1,TDD,61,67394187.0,27839735.0,1142,8,902,17,13.3,12.3,44,34,18.16,20.03,Normal
2026-08-22T02:32:00,PCI_2,TDD,56,68982416.0,27748995.0,810,20,855,10,14.0,12.5,44,35,17.62,20.23,Normal
2026-08-22T02:32:00,PCI_3,TDD,58,67637038.0,27210499.0,1010,23,743,12,13.8,12.6,45,36,17.9,19.06,Normal
2026-08-22T02:32:00,PCI_4,TDD,54,68177191.0,27467832.0,986,24,618,14,13.6,12.4,44,36,18.55,20.63,Normal
2026-08-22T02:33:00,PCI_1,TDD,57,67740105.0,26592781.0,1052,24,656,14,13.4,12.6,44,34,17.21,19.49,Normal
2026-08-22T02:33:00,PCI_2,TDD,58,68019858.0,26963057.0,858,20,715,13,13.4,12.4,43,34,18.04,20.17,Normal
2026-08-22T02:33:00,PCI_3,TDD,54,69561972.0,27508873.0,897,21,952,11,13.8,13.0,44,35,18.1,20.42,Normal
2026-08-22T02:33:00,PCI_4,TDD,58,68632946.0,28121747.0,1073,15,819,9,13.1,13.0,45,34,18.21,20.18,Normal
2026-08-22T02:34:00,PCI_1,TDD,56,68628460.0,26709070.0,1167,15,795,8,12.5,12.4,44,34,17.64,19.92,Normal
2026-08-22T02:34:00,PCI_2,TDD,60,68575375.0,27544312.0,916,20,808,7,13.6,12.7,45,35,17.03,20.84,Normal
2026-08-22T02:34:00,PCI_3,TDD,55,69451612.0,26949567.0,1145,16,774,3,14.2,12.1,45,33,18.03,19.15,Normal
2026-08-22T02:34:00,PCI_4,TDD,62,67815882.0,27865817.0,1040,18,912,17,13.4,12.6,43,34,18.15,20.29,Normal
2026-08-22T02:35:00,PCI_1,TDD,56,68580319.0,28080711.0,868,16,974,4,13.7,12.9,43,35,18.29,20.04,Normal
2026-08-22T02:35:00,PCI_2,TDD,58,66855818.0,28020123.0,1169,22,619,16,13.6,12.8,45,34,18.4,19.63,Normal
2026-08-22T02:35:00,PCI_3,TDD,60,67304651.0,27587772.0,1038,18,851,4,14.0,12.9,45,36,18.7,20.55,Normal
2026-08-22T02:35:00,PCI_4,TDD,55,70673791.0,27308085.0,821,7,622,9,13.8,11.8,46,34,17.84,19.96,Normal
2026-08-22T02:36:00,PCI_1,TDD,56,68801123.0,27869796.0,1123,9,749,6,13.4,12.1,47,35,18.73,20.29,Normal
2026-08-22T02:36:00,PCI_2,TDD,56,68772475.0,27433379.0,1090,21,988,7,13.0,12.9,42,35,18.08,19.81,Normal
2026-08-22T02:36:00,PCI_3,TDD,63,68221631.0,27325872.0,1171,15,757,6,14.0,12.3,44,35,18.26,19.65,Normal
2026-08-22T02:36:00,PCI_4,TDD,60,68031104.0,26508470.0,1123,11,891,16,13.2,12.1,45,35,17.9,20.26,Normal
2026-08-22T02:37:00,PCI_1,TDD,60,67209333.0,27304531.0,1104,11,909,9,13.5,12.9,45,33,17.49,20.46,Normal
2026-08-22T02:37:00,PCI_2,TDD,58,69123264.0,27143003.0,939,12,953,5,13.6,12.7,42,35,17.65,19.89,Normal
2026-08-22T02:37:00,PCI_3,TDD,54,69327808.0,27129012.0,968,9,644,12,13.5,12.7,45,33,17.97,19.53,Normal
2026-08-22T02:37:00,PCI_4,TDD,59,69256971.0,27700403.0,1090,5,681,17,13.6,12.9,45,34,18.03,20.76,Normal
2026-08-22T02:38:00,PCI_1,TDD,61,67219826.0,28237096.0,962,8,895,11,13.8,12.2,46,36,17.34,20.6,Normal
2026-08-22T02:38:00,PCI_2,TDD,61,67962316.0,27436451.0,1177,14,734,8,13.9,12.9,45,34,18.06,19.76,Normal
2026-08-22T02:38:00,PCI_3,TDD,60,68778144.0,26801252.0,851,9,811,8,13.3,12.8,45,35,17.57,20.35,Normal
2026-08-22T02:38:00,PCI_4,TDD,59,67498873.0,27410240.0,1130,7,757,6,13.7,12.6,44,36,18.12,19.81,Normal
2026-08-22T02:39:00,PCI_1,TDD,58,69097808.0,27241267.0,1094,21,678,5,13.8,12.3,45,33,17.58,20.66,Normal
2026-08-22T02:39:00,PCI_2,TDD,60,67893204.0,27054740.0,1088,23,641,17,13.5,13.1,45,36,17.92,19.44,Normal
2026-08-22T02:39:00,PCI_3,TDD,57,67754337.0,27535842.0,1024,11,610,15,13.5,12.5,44,35,17.77,20.57,Normal
2026-08-22T02:39:00,PCI_4,TDD,58,68768110.0,27184127.0,1147,6,710,3,13.9,12.5,44,34,18.79,20.11,Normal
2026-08-22T02:40:00,PCI_1,TDD,60,67345140.0,27246285.0,895,20,849,10,13.6,12.6,44,35,18.04,20.63,Normal
2026-08-22T02:40:00,PCI_2,TDD,58,68892447.0,26810389.0,1080,23,710,12,13.6,12.4,46,34,18.18,19.91,Normal
2026-08-22T02:40:00,PCI_3,TDD,63,68400810.0,26528988.0,1184,5,960,10,13.7,12.7,45,34,18.25,20.74,Normal
2026-08-22T02:40:00,PCI_4,TDD,62,67290192.0,26800537.0,993,11,739,11,13.1,12.7,44,35,17.44,20.52,Normal
2026-08-22T02:41:00,PCI_1,TDD,60,67575347.0,26752704.0,814,11,796,14,13.9,12.2,44,34,18.81,20.51,Normal
2026-08-22T02:41:00,PCI_2,TDD,56,68085697.0,26513807.0,1048,16,697,3,13.1,12.3,46,33,18.53,20.38,Normal
2026-08-22T02:41:00,PCI_3,TDD,58,68302536.0,27977906.0,962,19,955,3,13.6,12.7,44,34,18.04,20.4,Normal
2026-08-22T02:41:00,PCI_4,TDD,59,68167469.0,27958679.0,987,23,798,15,13.7,12.8,44,34,18.31,20.29,Normal
2026-08-22T02:42:00,PCI_1,TDD,62,68264939.0,27119644.0,943,11,715,8,13.9,12.8,45,36,17.65,19.7,Normal
2026-08-22T02:42:00,PCI_2,TDD,61,69016260.0,27468148.0,1166,15,864,11,13.3,12.5,44,34,17.61,20.7,Normal
2026-08-22T02:42:00,PCI_3,TDD,52,68122636.0,27129241.0,938,9,685,14,13.5,12.3,44,34,17.95,20.78,Normal
2026-08-22T02:42:00,PCI_4,TDD,57,67041646.0,27118954.0,1023,15,760,12,13.6,12.3,47,34,16.9,19.68,Normal
2026-08-22T02:43:00,PCI_1,TDD,63,67423737.0,25930168.0,894,10,629,14,13.6,12.5,43,35,17.79,20.38,Normal
2026-08-22T02:43:00,PCI_2,TDD,58,67402957.0,26667936.0,1047,23,736,11,13.8,12.8,44,36,17.69,19.42,Normal
2026-08-22T02:43:00,PCI_3,TDD,58,67400920.0,26376612.0,1082,7,706,12,13.3,12.3,45,36,18.5,19.74,Normal
2026-08-22T02:43:00,PCI_4,TDD,57,67816568.0,26915268.0,899,10,746,9,13.8,12.6,45,35,17.82,20.0,Normal
2026-08-22T02:44:00,PCI_1,TDD,61,67624723.0,26623261.0,1142,6,978,14,13.5,13.0,45,35,17.8,19.87,Normal
2026-08-22T02:44:00,PCI_2,TDD,59,66953901.0,26801137.0,1126,22,760,8,13.2,12.6,43,34,17.94,20.02,Normal
2026-08-22T02:44:00,PCI_3,TDD,59,68434995.0,27055070.0,820,15,845,12,13.6,12.3,44,34,17.8,20.01,Normal
2026-08-22T02:44:00,PCI_4,TDD,64,67886596.0,27419233.0,1133,21,604,15,13.8,12.4,45,33,18.92,19.92,Normal
2026-08-22T02:45:00,PCI_1,TDD,64,67148094.0,27646722.0,1020,21,826,4,13.6,12.3,45,35,16.97,20.43,Normal
2026-08-22T02:45:00,PCI_2,TDD,59,68860701.0,27465124.0,1073,6,790,5,13.4,12.8,41,35,18.24,20.24,Normal
2026-08-22T02:45:00,PCI_3,TDD,56,65860552.0,26769006.0,962,17,614,9,13.5,12.7,42,33,17.99,19.8,Normal
2026-08-22T02:45:00,PCI_4,TDD,55,67597614.0,26303412.0,1095,7,677,4,13.6,12.8,45,34,18.13,20.32,Normal
2026-08-22T02:46:00,PCI_1,TDD,61,68113289.0,27965855.0,1009,22,671,15,13.4,12.2,46,35,17.81,19.84,Normal
2026-08-22T02:46:00,PCI_2,TDD,58,69300699.0,27508252.0,977,18,804,5,13.6,12.5,44,35,17.96,19.92,Normal
2026-08-22T02:46:00,PCI_3,TDD,55,66827208.0,27194576.0,996,21,754,11,13.2,12.9,44,34,18.42,19.21,Normal
2026-08-22T02:46:00,PCI_4,TDD,58,68742283.0,27867893.0,905,24,805,9,13.1,11.9,45,35,18.35,20.54,Normal
2026-08-22T02:47:00,PCI_1,TDD,55,66963196.0,27556319.0,857,20,803,12,14.3,12.1,44,34,18.22,19.58,Normal
2026-08-22T02:47:00,PCI_2,TDD,60,67285914.0,26835364.0,851,11,991,3,13.7,12.6,44,33,18.17,19.97,Normal
2026-08-22T02:47:00,PCI_3,TDD,60,68961896.0,27205135.0,1182,6,761,15,13.4,12.9,45,34,18.34,19.88,Normal
2026-08-22T02:47:00,PCI_4,TDD,55,69271599.0,27398859.0,1132,12,795,13,13.3,12.3,43,33,17.93,20.45,Normal
2026-08-22T02:48:00,PCI_1,TDD,54,66080509.0,27839975.0,899,11,984,6,13.6,12.6,45,34,18.05,19.48,Normal
2026-08-22T02:48:00,PCI_2,TDD,62,69344971.0,26864904.0,880,24,816,9,13.6,12.7,43,35,16.99,21.26,Normal
2026-08-22T02:48:00,PCI_3,TDD,55,68476863.0,27243520.0,918,11,784,9,13.5,12.6,44,35,18.29,20.14,Normal
2026-08-22T02:48:00,PCI_4,TDD,52,66691675.0,27009103.0,820,13,803,12,13.9,12.5,43,34,17.27,19.83,Normal
2026-08-22T02:49:00,PCI_1,TDD,58,67905837.0,26903166.0,1013,19,860,9,13.3,12.4,42,34,18.28,20.16,Normal
2026-08-22T02:49:00,PCI_2,TDD,61,68104287.0,27028697.0,864,21,989,6,12.9,12.3,44,34,18.3,20.03,Normal
2026-08-22T02:49:00,PCI_3,TDD,51,68856294.0,26868632.0,1122,16,874,5,13.9,12.8,43,34,17.61,20.47,Normal
2026-08-22T02:49:00,PCI_4,TDD,56,66648151.0,26312141.0,994,12,999,5,13.7,12.6,44,34,18.22,19.18,Normal
2026-08-22T02:50:00,PCI_1,TDD,55,67942138.0,26311694.0,802,24,848,11,13.5,13.0,44,33,18.31,19.26,Normal
2026-08-22T02:50:00,PCI_2,TDD,65,67847849.0,26266899.0,836,9,775,6,13.4,12.8,44,36,17.66,20.15,Normal
2026-08-22T02:50:00,PCI_3,TDD,57,67009417.0,26298801.0,978,16,797,9,13.5,12.5,43,34,18.29,19.86,Normal
2026-08-22T02:50:00,PCI_4,TDD,62,68485812.0,26771110.0,807,20,855,10,13.7,12.8,43,34,17.46,20.17,Normal
2026-08-22T02:51:00,PCI_1,TDD,61,65895928.0,26125796.0,871,19,603,15,13.6,11.9,44,36,17.33,20.04,Normal
2026-08-22T02:51:00,PCI_2,TDD,57,66823780.0,27832792.0,1050,17,841,8,13.8,12.5,44,35,17.92,19.88,Normal
2026-08-22T02:51:00,PCI_3,TDD,62,66567668.0,27032652.0,1071,11,752,3,14.2,12.4,43,34,17.88,19.73,Normal
2026-08-22T02:51:00,PCI_4,TDD,53,66889167.0,27230258.0,998,20,977,5,13.5,12.4,45,34,17.8,19.63,Normal
2026-08-22T02:52:00,PCI_1,TDD,59,66829327.0,26728488.0,953,19,901,12,13.2,12.6,43,35,17.97,20.03,Normal
2026-08-22T02:52:00,PCI_2,TDD,59,67224486.0,27773686.0,801,6,739,11,13.7,12.6,44,32,18.01,19.9,Normal
2026-08-22T02:52:00,PCI_3,TDD,61,66668241.0,27384308.0,936,8,762,9,13.7,12.5,42,33,18.22,19.99,Normal
2026-08-22T02:52:00,PCI_4,TDD,53,68656445.0,27685152.0,863,9,604,4,13.4,12.6,42,33,17.93,20.2,Normal
2026-08-22T02:53:00,PCI_1,TDD,63,66668195.0,27697333.0,892,24,774,4,12.9,12.5,45,35,17.79,20.01,Normal
2026-08-22T02:53:00,PCI_2,TDD,59,68363422.0,26686270.0,1173,13,772,16,14.0,12.5,42,34,18.18,19.91,Normal
2026-08-22T02:53:00,PCI_3,TDD,56,67596921.0,27131113.0,1051,21,954,16,13.2,12.2,44,35,17.98,19.99,Normal
2026-08-22T02:53:00,PCI_4,TDD,59,68380910.0,27583490.0,1142,11,710,3,13.4,12.5,42,33,17.9,19.78,Normal
2026-08-22T02:54:00,PCI_1,TDD,52,69475862.0,26863499.0,913,21,943,11,13.7,12.5,44,33,18.34,19.92,Normal
2026-08-22T02:54:00,PCI_2,TDD,59,67251224.0,26343838.0,1046,10,647,4,12.9,12.6,45,36,18.28,20.18,Normal
2026-08-22T02:54:00,PCI_3,TDD,57,69409608.0,27321425.0,912,21,955,11,13.9,12.3,43,33,17.84,19.9,Normal
2026-08-22T02:54:00,PCI_4,TDD,52,68294584.0,26650802.0,1075,19,989,7,13.9,12.7,45,34,18.53,20.23,Normal
2026-08-22T02:55:00,PCI_1,TDD,63,66801271.0,27225891.0,1064,19,826,16,13.5,11.9,43,34,17.92,20.4,Normal
2026-08-22T02:55:00,PCI_2,TDD,56,66879577.0,27281335.0,811,15,674,4,13.8,12.6,44,34,17.34,19.85,Normal
2026-08-22T02:55:00,PCI_3,TDD,58,68012770.0,27072974.0,902,17,671,13,13.5,12.1,44,32,17.86,20.65,Normal
2026-08-22T02:55:00,PCI_4,TDD,55,66077473.0,26921941.0,1145,14,794,9,13.0,12.5,44,34,17.23,20.32,Normal
2026-08-22T02:56:00,PCI_1,TDD,58,67568470.0,26919837.0,985,11,767,16,13.3,12.7,45,35,17.89,20.51,Normal
2026-08-22T02:56:00,PCI_2,TDD,51,67070444.0,26775504.0,827,8,767,14,13.6,12.5,42,34,17.44,19.89,Normal
2026-08-22T02:56:00,PCI_3,TDD,56,66597480.0,26578305.0,1010,17,889,15,13.6,12.9,43,35,18.45,20.6,Normal
2026-08-22T02:56:00,PCI_4,TDD,52,67656519.0,27412797.0,1121,19,727,13,13.7,12.5,45,33,18.74,19.45,Normal
2026-08-22T02:57:00,PCI_1,TDD,56,69210424.0,26756463.0,881,9,672,3,13.5,12.6,43,34,18.16,19.66,Normal
2026-08-22T02:57:00,PCI_2,TDD,58,68245085.0,26946352.0,925,8,633,17,13.3,12.3,44,35,17.95,19.49,Normal
2026-08-22T02:57:00,PCI_3,TDD,53,67381733.0,26464068.0,1187,18,798,8,13.2,12.1,42,36,18.09,20.11,Normal
2026-08-22T02:57:00,PCI_4,TDD,53,66368147.0,27583036.0,1114,11,606,7,13.3,12.8,44,35,18.32,20.08,Normal
2026-08-22T02:58:00,PCI_1,TDD,60,65789578.0,26353519.0,809,13,615,3,13.5,12.8,43,33,18.18,20.02,Normal
2026-08-22T02:58:00,PCI_2,TDD,50,67955130.0,26340212.0,839,15,822,8,13.5,12.6,43,34,18.06,19.88,Normal
2026-08-22T02:58:00,PCI_3,TDD,56,67576066.0,26400754.0,1186,14,935,3,13.5,12.4,45,33,17.87,19.82,Normal
2026-08-22T02:58:00,PCI_4,TDD,52,67867110.0,27077687.0,891,14,612,3,13.5,12.2,43,34,17.56,20.26,Normal
2026-08-22T02:59:00,PCI_1,TDD,54,66629552.0,26565217.0,1089,21,656,14,13.7,12.5,41,34,18.71,19.6,Normal
2026-08-22T02:59:00,PCI_2,TDD,56,64918775.0,27029342.0,1067,5,899,14,13.5,12.3,43,32,17.82,19.46,Normal
2026-08-22T02:59:00,PCI_3,TDD,56,64660599.0,26870791.0,1055,21,671,9,13.6,12.8,43,33,17.73,19.34,Normal
2026-08-22T02:59:00,PCI_4,TDD,55,66303978.0,26386352.0,832,22,721,16,13.6,12.7,44,34,17.74,19.56,Normal
2026-08-22T03:00:00,PCI_1,TDD,49,66210333.0,27254786.0,1109,17,750,13,13.5,12.9,44,34,17.58,19.61,Normal
2026-08-22T03:00:00,PCI_2,TDD,53,67307827.0,26483127.0,902,9,887,7,13.6,12.6,42,33,18.61,19.88,Normal
2026-08-22T03:00:00,PCI_3,TDD,58,66900800.0,25921854.0,1198,11,610,15,13.5,12.3,42,33,18.64,19.37,Normal
2026-08-22T03:00:00,PCI_4,TDD,56,64168766.0,25834656.0,837,5,678,15,14.1,12.4,43,35,17.93,19.67,Normal
2026-08-22T03:01:00,PCI_1,TDD,59,66662305.0,26257257.0,1188,20,710,6,13.4,12.0,43,35,17.86,19.89,Normal
2026-08-22T03:01:00,PCI_2,TDD,56,68551199.0,26010334.0,1069,5,839,16,13.7,12.2,44,35,17.57,20.04,Normal
2026-08-22T03:01:00,PCI_3,TDD,59,66290554.0,25729672.0,814,24,739,14,13.6,12.6,43,34,18.6,19.55,Normal
2026-08-22T03:01:00,PCI_4,TDD,49,66637612.0,27290983.0,1069,23,839,5,13.7,12.2,44,34,18.55,19.52,Normal
2026-08-22T03:02:00,PCI_1,TDD,53,66832897.0,26865864.0,964,13,608,3,13.3,12.7,45,34,17.67,20.37,Normal
2026-08-22T03:02:00,PCI_2,TDD,49,64375455.0,25899768.0,947,18,808,17,13.7,12.3,45,32,17.9,19.98,Normal
2026-08-22T03:02:00,PCI_3,TDD,56,67922899.0,26333882.0,1171,19,971,9,13.8,12.5,44,35,17.83,19.65,Normal
2026-08-22T03:02:00,PCI_4,TDD,56,66397864.0,26866180.0,1012,15,932,15,13.2,12.4,43,33,17.69,19.65,Normal
2026-08-22T03:03:00,PCI_1,TDD,60,66849467.0,27117355.0,939,22,769,14,14.0,12.2,44,34,17.94,19.66,Normal
2026-08-22T03:03:00,PCI_2,TDD,60,66387124.0,27615994.0,878,16,800,3,14.1,13.2,45,37,18.13,20.09,Normal
2026-08-22T03:03:00,PCI_3,TDD,55,67312773.0,26391327.0,1085,9,974,4,13.3,12.3,42,34,17.94,19.85,Normal
2026-08-22T03:03:00,PCI_4,TDD,58,66766607.0,26579972.0,1139,10,965,5,13.6,12.8,43,32,18.4,19.46,Normal
2026-08-22T03:04:00,PCI_1,TDD,58,66715456.0,26210445.0,968,24,771,4,13.3,12.8,41,33,18.41,19.58,Normal
2026-08-22T03:04:00,PCI_2,TDD,51,66410662.0,26768202.0,1101,16,808,15,13.5,12.7,43,32,18.63,19.73,Normal
2026-08-22T03:04:00,PCI_3,TDD,55,66591498.0,26899946.0,1099,14,776,9,13.3,12.5,42,34,18.68,19.44,Normal
2026-08-22T03:04:00,PCI_4,TDD,55,67542713.0,26682620.0,915,15,747,12,13.6,12.7,43,35,18.29,18.85,Normal
2026-08-22T03:05:00,PCI_1,TDD,52,67902462.0,26383748.0,915,15,604,16,13.2,12.7,45,32,17.86,20.12,Normal
2026-08-22T03:05:00,PCI_2,TDD,53,66607369.0,26891970.0,856,19,647,13,13.4,12.3,44,33,18.59,20.28,Normal
2026-08-22T03:05:00,PCI_3,TDD,52,66658022.0,26554415.0,1029,15,759,6,13.9,12.7,43,33,18.03,20.46,Normal
2026-08-22T03:05:00,PCI_4,TDD,54,67029913.0,25713567.0,802,9,760,11,13.6,12.9,43,34,18.3,19.98,Normal
2026-08-22T03:06:00,PCI_1,TDD,54,67155585.0,26521662.0,867,20,722,4,13.7,12.9,43,34,18.93,20.28,Normal
2026-08-22T03:06:00,PCI_2,TDD,55,66974293.0,27291821.0,1118,20,924,4,14.1,12.7,41,35,18.24,19.9,Normal
2026-08-22T03:06:00,PCI_3,TDD,56,67081492.0,26857647.0,894,12,726,6,13.2,12.7,44,34,18.74,19.99,Normal
2026-08-22T03:06:00,PCI_4,TDD,54,65719624.0,27233924.0,1064,11,794,15,13.9,13.0,44,33,17.99,20.05,Normal
2026-08-22T03:07:00,PCI_1,TDD,54,68435991.0,26267275.0,899,13,689,8,13.5,12.6,44,34,18.7,20.22,Normal
2026-08-22T03:07:00,PCI_2,TDD,53,65246289.0,27401455.0,932,12,724,7,13.3,12.6,43,34,17.56,20.03,Normal
2026-08-22T03:07:00,PCI_3,TDD,53,63999813.0,25937330.0,895,14,667,6,13.2,12.7,43,34,17.65,20.29,Normal
2026-08-22T03:07:00,PCI_4,TDD,53,68852732.0,26137881.0,1084,15,955,9,13.2,12.0,43,34,17.76,20.3,Normal
2026-08-22T03:08:00,PCI_1,TDD,56,65418803.0,26445681.0,1074,19,758,11,13.6,12.7,41,34,17.54,19.92,Normal
2026-08-22T03:08:00,PCI_2,TDD,58,65904394.0,25807099.0,1072,7,915,16,13.1,12.7,42,32,17.42,20.12,Normal
2026-08-22T03:08:00,PCI_3,TDD,54,65287485.0,26910481.0,875,12,733,8,13.3,12.7,42,33,18.22,18.95,Normal
2026-08-22T03:08:00,PCI_4,TDD,52,66116972.0,26314029.0,892,19,627,15,13.3,12.3,43,34,17.99,19.38,Normal
2026-08-22T03:09:00,PCI_1,TDD,49,65816497.0,26166495.0,912,21,839,16,13.4,12.2,45,33,18.0,20.11,Normal
2026-08-22T03:09:00,PCI_2,TDD,54,67008514.0,26298578.0,1144,15,856,15,13.9,12.5,43,33,18.0,19.82,Normal
2026-08-22T03:09:00,PCI_3,TDD,56,65472057.0,26525936.0,1191,7,711,3,13.0,12.2,43,34,17.45,20.01,Normal
2026-08-22T03:09:00,PCI_4,TDD,50,65753378.0,25900594.0,877,11,878,11,13.5,12.4,43,34,17.18,19.82,Normal
2026-08-22T03:10:00,PCI_1,TDD,55,66412247.0,27066565.0,857,14,616,9,13.8,12.5,42,33,17.9,20.74,Normal
2026-08-22T03:10:00,PCI_2,TDD,51,67414127.0,26538544.0,1101,12,936,15,13.8,12.7,43,34,18.35,20.18,Normal
2026-08-22T03:10:00,PCI_3,TDD,58,64853938.0,26589735.0,975,14,688,3,13.3,12.5,41,33,18.14,19.62,Normal
2026-08-22T03:10:00,PCI_4,TDD,49,65233561.0,26865423.0,1028,8,738,9,13.8,12.3,43,33,17.79,19.74,Normal
2026-08-22T03:11:00,PCI_1,TDD,48,64823931.0,25724419.0,992,13,703,7,13.4,12.0,44,33,17.9,20.35,Normal
2026-08-22T03:11:00,PCI_2,TDD,48,65690198.0,26480717.0,807,21,948,13,13.8,12.3,41,34,18.29,19.96,Normal
2026-08-22T03:11:00,PCI_3,TDD,50,66787635.0,27059742.0,983,18,832,7,13.3,12.5,41,33,17.86,19.92,Normal
2026-08-22T03:11:00,PCI_4,TDD,50,66688078.0,26683648.0,1030,6,968,10,13.9,12.5,41,34,17.6,20.35,Normal
2026-08-22T03:12:00,PCI_1,TDD,53,67038384.0,26436971.0,890,15,659,3,13.2,12.1,41,34,17.31,20.48,Normal
2026-08-22T03:12:00,PCI_2,TDD,54,66110047.0,26527577.0,814,10,637,16,13.3,12.2,43,33,17.96,19.95,Normal
2026-08-22T03:12:00,PCI_3,TDD,54,65137344.0,25288713.0,1173,6,677,10,13.3,12.6,42,32,18.03,20.74,Normal
2026-08-22T03:12:00,PCI_4,TDD,55,67033935.0,26199840.0,1031,6,889,5,13.5,12.3,41,33,17.6,20.17,Normal
2026-08-22T03:13:00,PCI_1,TDD,49,65643497.0,25855681.0,992,12,945,9,13.7,12.3,42,34,17.48,19.77,Normal
2026-08-22T03:13:00,PCI_2,TDD,54,67079289.0,27215742.0,1189,17,984,11,13.4,12.8,42,35,18.28,19.21,Normal
2026-08-22T03:13:00,PCI_3,TDD,47,66757168.0,27385527.0,814,17,642,13,13.9,12.6,42,34,17.99,19.9,Normal
2026-08-22T03:13:00,PCI_4,TDD,54,66305316.0,26325540.0,1098,5,799,10,13.1,12.7,41,34,18.3,19.54,Normal
2026-08-22T03:14:00,PCI_1,TDD,55,67928504.0,26283071.0,1010,13,626,14,13.3,11.9,41,34,18.21,19.63,Normal
2026-08-22T03:14:00,PCI_2,TDD,54,65990528.0,25028208.0,1099,11,700,13,13.9,12.6,43,33,18.3,19.72,Normal
2026-08-22T03:14:00,PCI_3,TDD,51,67145039.0,26246152.0,1059,20,994,8,13.8,12.4,41,32,17.91,20.42,Normal
2026-08-22T03:14:00,PCI_4,TDD,50,66049119.0,26198056.0,1073,13,677,16,13.5,12.6,41,34,18.17,19.48,Normal
2026-08-22T03:15:00,PCI_1,TDD,55,66457028.0,26550871.0,813,20,909,14,13.2,12.9,40,33,18.45,19.62,Normal
2026-08-22T03:15:00,PCI_2,TDD,55,64060146.0,25189495.0,1166,9,931,8,13.5,12.7,42,30,18.49,19.75,Normal
2026-08-22T03:15:00,PCI_3,TDD,49,66651112.0,26431477.0,813,6,770,14,13.5,12.7,42,33,17.86,20.09,Normal
2026-08-22T03:15:00,PCI_4,TDD,53,64838997.0,26694596.0,1123,23,818,14,13.6,12.3,43,32,17.36,19.76,Normal
2026-08-22T03:16:00,PCI_1,TDD,52,66571737.0,25775042.0,1112,16,648,16,12.9,12.4,42,35,17.57,19.92,Normal
2026-08-22T03:16:00,PCI_2,TDD,49,65919583.0,25612816.0,1151,22,654,10,13.7,13.2,42,33,18.28,19.6,Normal
2026-08-22T03:16:00,PCI_3,TDD,50,66134320.0,25129936.0,800,13,604,12,13.5,12.9,43,32,17.5,20.11,Normal
2026-08-22T03:16:00,PCI_4,TDD,47,67014459.0,26159948.0,858,22,868,4,13.4,12.1,42,33,18.07,19.76,Normal
2026-08-22T03:17:00,PCI_1,TDD,57,65380296.0,25835147.0,948,9,864,9,13.7,12.3,41,35,18.68,20.54,Normal
2026-08-22T03:17:00,PCI_2,TDD,51,64521844.0,26188482.0,936,24,929,13,13.6,12.9,43,32,18.16,19.97,Normal
2026-08-22T03:17:00,PCI_3,TDD,48,65834721.0,26249529.0,972,9,830,15,13.4,12.1,43,32,18.17,19.83,Normal
2026-08-22T03:17:00,PCI_4,TDD,53,64488969.0,25729689.0,836,17,732,11,13.8,12.4,43,33,18.0,20.06,Normal
2026-08-22T03:18:00,PCI_1,TDD,55,64890551.0,25714333.0,1128,21,955,14,13.8,12.5,43,34,18.29,20.3,Normal
2026-08-22T03:18:00,PCI_2,TDD,52,64731273.0,25864722.0,1166,21,749,4,13.5,12.5,41,31,18.3,20.5,Normal
2026-08-22T03:18:00,PCI_3,TDD,49,64087411.0,26673120.0,1189,22,938,9,13.6,11.9,43,34,18.15,20.22,Normal
2026-08-22T03:18:00,PCI_4,TDD,54,64932091.0,25693189.0,805,6,765,3,13.9,12.0,43,32,18.23,20.13,Normal
2026-08-22T03:19:00,PCI_1,TDD,45,64914962.0,25921615.0,861,5,854,8,13.6,12.1,43,32,18.19,19.1,Normal
2026-08-22T03:19:00,PCI_2,TDD,43,64728641.0,25740725.0,955,10,606,17,13.3,12.3,41,32,17.54,20.33,Normal
2026-08-22T03:19:00,PCI_3,TDD,51,64320059.0,26214066.0,1187,12,699,10,13.6,12.6,42,33,17.58,20.48,Normal
2026-08-22T03:19:00,PCI_4,TDD,53,67417323.0,26766191.0,947,24,951,13,13.3,12.7,42,32,18.06,19.76,Normal
2026-08-22T03:20:00,PCI_1,TDD,54,64397526.0,26648934.0,1117,24,868,16,13.8,12.5,42,34,17.93,20.71,Normal
2026-08-22T03:20:00,PCI_2,TDD,50,63511113.0,25535529.0,1029,8,803,15,13.6,12.8,42,33,18.16,19.69,Normal
2026-08-22T03:20:00,PCI_3,TDD,49,65845515.0,26188884.0,1061,14,837,6,13.9,12.9,41,33,18.08,20.02,Normal
2026-08-22T03:20:00,PCI_4,TDD,54,66124948.0,25011833.0,1192,5,810,17,13.7,12.4,42,33,17.91,20.25,Normal
2026-08-22T03:21:00,PCI_1,TDD,51,66637678.0,26523912.0,1023,7,720,10,13.9,12.0,43,33,18.81,20.86,Normal
2026-08-22T03:21:00,PCI_2,TDD,51,65089624.0,25814242.0,936,7,799,17,13.6,13.1,42,33,18.04,19.4,Normal
2026-08-22T03:21:00,PCI_3,TDD,52,64739802.0,26255549.0,910,5,722,12,13.3,12.1,42,31,18.25,20.47,Normal
2026-08-22T03:21:00,PCI_4,TDD,54,64640122.0,25128388.0,877,24,613,17,14.0,12.5,41,32,17.6,20.06,Normal
2026-08-22T03:22:00,PCI_1,TDD,48,64392462.0,26277740.0,1030,10,608,4,13.2,12.3,43,35,18.21,20.47,Normal
2026-08-22T03:22:00,PCI_2,TDD,49,63300964.0,25421410.0,980,15,806,7,13.8,12.6,41,33,18.38,20.01,Normal
2026-08-22T03:22:00,PCI_3,TDD,53,66257548.0,26016057.0,925,22,832,9,13.6,12.9,41,33,17.73,19.73,Normal
2026-08-22T03:22:00,PCI_4,TDD,49,66479126.0,25404491.0,856,9,831,11,13.8,12.5,44,32,18.11,19.89,Normal
2026-08-22T03:23:00,PCI_1,TDD,49,66963723.0,26074844.0,887,11,614,5,14.1,12.3,41,31,18.82,20.16,Normal
2026-08-22T03:23:00,PCI_2,TDD,57,62958162.0,26167323.0,1035,15,964,13,13.5,12.4,41,32,18.08,19.99,Normal
2026-08-22T03:23:00,PCI_3,TDD,53,64608315.0,26994100.0,856,17,913,15,13.7,12.5,43,33,18.46,20.63,Normal
2026-08-22T03:23:00,PCI_4,TDD,50,65724051.0,26479025.0,833,14,746,11,14.0,12.2,42,32,17.62,19.47,Normal
2026-08-22T03:24:00,PCI_1,TDD,54,65001338.0,26278311.0,900,11,913,9,14.2,12.9,42,31,18.14,19.66,Normal
2026-08-22T03:24:00,PCI_2,TDD,51,65385307.0,25859591.0,913,17,773,12,13.6,12.6,40,35,17.83,19.38,Normal
2026-08-22T03:24:00,PCI_3,TDD,52,65981461.0,26412668.0,938,5,691,3,13.6,12.8,43,34,18.2,19.24,Normal
2026-08-22T03:24:00,PCI_4,TDD,51,64284373.0,26332994.0,983,7,957,6,14.0,12.0,43,34,17.52,21.17,Normal
2026-08-22T03:25:00,PCI_1,TDD,50,54943140.0,21033127.0,1101,4,793,3,14.0,13.0,35,28,17.77,19.97,Normal
2026-08-22T03:25:00,PCI_2,TDD,49,65278120.0,26121268.0,1095,24,863,16,13.9,12.6,42,32,17.49,19.96,Normal
2026-08-22T03:25:00,PCI_3,TDD,52,65634725.0,26258327.0,809,16,635,9,12.9,12.7,42,33,18.2,19.61,Normal
2026-08-22T03:25:00,PCI_4,TDD,54,55510301.0,22160801.0,897,16,939,3,14.0,13.0,35,28,18.28,19.91,Normal
2026-08-22T03:26:00,PCI_1,TDD,45,53727848.0,21164410.0,1036,24,871,17,13.6,12.6,37,30,17.76,19.23,Normal
2026-08-22T03:26:00,PCI_2,TDD,47,65560451.0,25046747.0,1149,12,920,4,13.7,12.6,41,31,18.18,20.59,Normal
2026-08-22T03:26:00,PCI_3,TDD,50,64838001.0,26623007.0,869,16,845,12,13.8,12.6,44,32,18.13,20.1,Normal
2026-08-22T03:26:00,PCI_4,TDD,54,52216379.0,21034777.0,973,26,823,17,13.6,12.6,37,30,17.4,19.23,Normal
2026-08-22T03:27:00,PCI_1,TDD,50,50789176.0,20775030.0,1135,43,671,21,13.1,12.2,38,31,16.53,18.69,Normal
2026-08-22T03:27:00,PCI_2,TDD,48,64747117.0,25890649.0,952,10,641,4,13.7,12.9,41,31,17.24,19.38,Normal
2026-08-22T03:27:00,PCI_3,TDD,43,65663533.0,26758178.0,920,18,944,6,13.4,12.6,41,34,17.71,20.4,Normal
2026-08-22T03:27:00,PCI_4,TDD,54,50813072.0,21865300.0,879,25,943,14,13.1,12.2,38,31,17.34,19.1,Normal
2026-08-22T03:28:00,PCI_1,TDD,47,50110636.0,19710211.0,923,45,921,42,12.7,11.7,40,33,16.22,18.36,Normal
2026-08-22T03:28:00,PCI_2,TDD,50,65071673.0,25484201.0,1066,7,832,4,13.2,12.8,43,32,18.02,20.16,Normal
2026-08-22T03:28:00,PCI_3,TDD,56,63508754.0,26085739.0,937,23,940,9,13.9,12.6,41,35,17.51,19.61,Normal
2026-08-22T03:28:00,PCI_4,TDD,45,48742165.0,19533375.0,1017,56,986,29,12.7,11.7,40,33,16.51,18.27,Normal
2026-08-22T03:29:00,PCI_1,TDD,50,47245094.0,19213221.0,851,42,870,29,12.2,11.3,42,35,15.73,17.67,Normal
2026-08-22T03:29:00,PCI_2,TDD,49,63608633.0,25442336.0,1144,12,613,11,13.1,12.4,43,33,18.16,19.75,Normal
2026-08-22T03:29:00,PCI_3,TDD,52,65876117.0,25510163.0,879,22,624,14,13.2,12.4,42,32,17.49,20.47,Normal
2026-08-22T03:29:00,PCI_4,TDD,47,47699039.0,19230297.0,1014,59,612,39,12.2,11.3,42,35,15.53,17.82,Normal
2026-08-22T03:30:00,PCI_1,TDD,47,44015295.0,17727106.0,1037,80,946,49,11.8,10.9,43,36,14.89,16.72,Normal
2026-08-22T03:30:00,PCI_2,TDD,55,64111008.0,27016521.0,817,20,686,7,12.7,12.7,42,32,18.01,20.17,Normal
2026-08-22T03:30:00,PCI_3,TDD,48,65324123.0,25669807.0,976,12,999,3,13.5,12.2,41,31,18.37,19.71,Normal
2026-08-22T03:30:00,PCI_4,TDD,48,44114981.0,18070589.0,882,81,793,59,11.8,10.9,43,36,14.8,17.71,Normal
2026-08-22T03:31:00,PCI_1,TDD,48,41193800.0,17495387.0,994,71,970,76,11.3,10.5,45,38,15.12,16.92,Anomaly
2026-08-22T03:31:00,PCI_2,TDD,54,64805292.0,26069366.0,890,8,697,9,13.7,12.9,41,34,18.07,19.98,Normal
2026-08-22T03:31:00,PCI_3,TDD,52,64678129.0,24887353.0,996,10,912,7,13.5,12.5,42,31,17.43,20.15,Normal
2026-08-22T03:31:00,PCI_4,TDD,51,44822357.0,17364640.0,897,88,945,76,11.3,10.5,45,38,14.61,16.87,Anomaly
2026-08-22T03:32:00,PCI_1,TDD,40,39521573.0,16053876.0,1037,88,725,73,10.9,10.0,47,40,13.96,15.16,Anomaly
2026-08-22T03:32:00,PCI_2,TDD,46,64503443.0,25956335.0,948,11,645,8,13.5,12.2,41,33,17.55,19.91,Normal
2026-08-22T03:32:00,PCI_3,TDD,50,64556535.0,26781408.0,890,17,651,3,13.7,12.7,41,31,17.84,19.53,Normal
2026-08-22T03:32:00,PCI_4,TDD,44,40632299.0,15770392.0,884,108,848,83,10.9,10.0,47,40,13.81,16.16,Anomaly
2026-08-22T03:33:00,PCI_1,TDD,49,38884686.0,15293767.0,842,101,790,94,10.4,9.6,48,41,13.4,15.46,Anomaly
2026-08-22T03:33:00,PCI_2,TDD,45,64437103.0,25552181.0,1138,14,602,13,13.9,12.5,41,32,18.09,20.09,Normal
2026-08-22T03:33:00,PCI_3,TDD,51,65856402.0,25179577.0,862,15,741,15,13.8,12.6,39,32,18.27,19.46,Normal
2026-08-22T03:33:00,PCI_4,TDD,48,36124669.0,15910775.0,878,92,984,86,10.4,9.6,48,41,14.2,15.78,Anomaly
2026-08-22T03:34:00,PCI_1,TDD,49,37384984.0,14157417.0,1118,99,863,110,10.0,9.2,50,43,12.94,15.18,Anomaly
2026-08-22T03:34:00,PCI_2,TDD,51,63843602.0,24950501.0,1114,24,981,12,13.6,12.6,42,31,18.03,19.69,Normal
2026-08-22T03:34:00,PCI_3,TDD,50,64876658.0,25711343.0,806,14,710,8,13.1,12.0,40,34,17.97,19.9,Normal
2026-08-22T03:34:00,PCI_4,TDD,48,36700338.0,14641083.0,909,112,648,94,10.0,9.2,50,43,13.83,15.28,Anomaly
2026-08-22T03:35:00,PCI_1,TDD,48,35204094.0,13856648.0,1107,142,769,113,9.6,8.8,51,44,12.76,14.86,Anomaly
2026-08-22T03:35:00,PCI_2,TDD,47,61912661.0,26179560.0,990,7,664,3,13.3,12.8,41,32,17.9,19.99,Normal
2026-08-22T03:35:00,PCI_3,TDD,44,64788734.0,25330029.0,1144,15,759,8,13.2,12.8,40,33,18.04,19.34,Normal
2026-08-22T03:35:00,PCI_4,TDD,49,35118353.0,14305166.0,838,134,939,99,9.6,8.8,51,44,12.73,14.85,Anomaly
2026-08-22T03:36:00,PCI_1,TDD,48,33401160.0,13002778.0,898,139,847,94,9.1,8.4,53,46,11.81,14.46,Anomaly
2026-08-22T03:36:00,PCI_2,TDD,45,65927661.0,26232660.0,1091,22,635,12,14.2,12.8,41,32,18.1,21.16,Normal
2026-08-22T03:36:00,PCI_3,TDD,45,62472214.0,25514872.0,1188,14,715,15,13.1,12.7,41,32,17.67,20.24,Normal
2026-08-22T03:36:00,PCI_4,TDD,45,33565872.0,13147567.0,978,143,922,106,9.1,8.4,53,46,12.18,14.57,Anomaly
2026-08-22T03:37:00,PCI_1,TDD,47,30705054.0,12561546.0,841,152,990,114,8.7,7.9,55,48,11.61,13.96,Anomaly
2026-08-22T03:37:00,PCI_2,TDD,46,62798709.0,26631702.0,1004,8,939,8,14.0,12.1,41,32,17.95,20.8,Normal
2026-08-22T03:37:00,PCI_3,TDD,50,65373292.0,26294394.0,1021,16,943,17,13.5,12.2,41,31,17.97,20.0,Normal
2026-08-22T03:37:00,PCI_4,TDD,54,27773789.0,11258145.0,870,153,913,109,8.7,7.9,55,48,11.49,14.05,Anomaly
2026-08-22T03:38:00,PCI_1,TDD,44,26450819.0,12021636.0,1104,165,646,128,8.2,7.5,56,49,10.96,13.12,Anomaly
2026-08-22T03:38:00,PCI_2,TDD,46,64324726.0,26304314.0,1049,9,901,11,13.8,12.6,42,31,17.75,20.07,Normal
2026-08-22T03:38:00,PCI_3,TDD,49,63124540.0,26591412.0,1078,11,980,8,13.6,12.7,39,32,17.72,20.47,Normal
2026-08-22T03:38:00,PCI_4,TDD,44,27969150.0,10223961.0,864,185,619,144,8.2,7.5,56,49,11.61,13.38,Anomaly
2026-08-22T03:39:00,PCI_1,TDD,44,23077783.0,9974661.0,1057,176,616,135,7.8,7.1,58,51,11.06,12.28,Anomaly
2026-08-22T03:39:00,PCI_2,TDD,51,62368101.0,24889037.0,1181,24,987,12,13.4,13.0,42,32,17.45,20.37,Normal
2026-08-22T03:39:00,PCI_3,TDD,40,63646608.0,25931323.0,953,22,998,8,13.9,12.2,40,33,18.33,19.6,Normal
2026-08-22T03:39:00,PCI_4,TDD,44,26542482.0,9925100.0,813,170,734,132,7.8,7.1,58,51,10.36,12.75,Anomaly
2026-08-22T03:40:00,PCI_1,TDD,47,22212547.0,9761154.0,1009,165,628,156,7.3,6.7,60,53,9.88,11.58,Anomaly
2026-08-22T03:40:00,PCI_2,TDD,43,64466237.0,25933630.0,981,19,601,13,14.1,12.9,40,33,18.48,20.13,Normal
2026-08-22T03:40:00,PCI_3,TDD,48,62569322.0,25146043.0,1186,20,884,7,13.5,12.3,39,32,18.33,19.58,Normal
2026-08-22T03:40:00,PCI_4,TDD,50,22870940.0,9449355.0,974,192,911,153,7.3,6.7,60,53,9.77,11.94,Anomaly
2026-08-22T03:41:00,PCI_1,TDD,47,20499279.0,8683027.0,1028,195,944,166,6.9,6.2,61,54,9.63,11.67,Anomaly
2026-08-22T03:41:00,PCI_2,TDD,45,63470547.0,24867222.0,991,15,855,9,13.0,12.4,40,32,17.3,20.82,Normal
2026-08-22T03:41:00,PCI_3,TDD,47,64350587.0,25987504.0,980,21,759,9,13.9,12.5,39,33,17.95,18.76,Normal
2026-08-22T03:41:00,PCI_4,TDD,50,22306615.0,8451031.0,1104,198,731,176,6.9,6.2,61,54,10.04,11.77,Anomaly
2026-08-22T03:42:00,PCI_1,TDD,42,19067784.0,7265124.0,966,214,707,168,6.4,5.8,63,56,8.82,11.17,Anomaly
2026-08-22T03:42:00,PCI_2,TDD,39,62149752.0,25273349.0,1117,24,744,4,13.9,12.5,39,31,17.47,19.68,Normal
2026-08-22T03:42:00,PCI_3,TDD,48,62102529.0,25619407.0,940,10,615,15,13.3,12.4,41,32,17.74,19.54,Normal
2026-08-22T03:42:00,PCI_4,TDD,45,19841067.0,7839295.0,1149,222,608,168,6.4,5.8,63,56,9.64,11.2,Anomaly
2026-08-22T03:43:00,PCI_1,TDD,50,18052272.0,6385229.0,1050,205,661,170,6.0,5.4,65,58,8.54,10.65,Anomaly
2026-08-22T03:43:00,PCI_2,TDD,40,61817548.0,25298241.0,947,7,823,17,14.0,12.5,41,32,17.85,19.48,Normal
2026-08-22T03:43:00,PCI_3,TDD,48,63848299.0,25707029.0,864,11,938,3,13.9,12.3,42,32,17.97,19.81,Normal
2026-08-22T03:43:00,PCI_4,TDD,45,15540324.0,7097188.0,914,234,873,184,6.0,5.4,65,58,8.77,10.67,Anomaly
2026-08-22T03:44:00,PCI_1,TDD,48,15990025.0,5627714.0,1033,234,741,174,5.6,5.0,66,59,7.81,9.89,Anomaly
2026-08-22T03:44:00,PCI_2,TDD,46,64407850.0,25405500.0,1161,9,902,13,13.6,12.9,43,31,18.43,20.26,Normal
2026-08-22T03:44:00,PCI_3,TDD,51,64785233.0,24974716.0,808,20,689,14,14.0,12.6,40,30,18.54,19.96,Normal
2026-08-22T03:44:00,PCI_4,TDD,46,14310902.0,6528437.0,870,237,927,188,5.6,5.0,66,59,8.48,9.81,Anomaly
2026-08-22T03:45:00,PCI_1,TDD,44,15004148.0,5045008.0,895,260,759,180,5.1,4.6,68,61,7.08,9.2,Anomaly
2026-08-22T03:45:00,PCI_2,TDD,53,65451264.0,25654682.0,814,12,765,3,13.5,12.8,41,33,18.72,19.49,Normal
2026-08-22T03:45:00,PCI_3,TDD,46,63434835.0,25483916.0,833,6,766,12,13.6,12.4,40,33,17.66,19.81,Normal
2026-08-22T03:45:00,PCI_4,TDD,48,13652277.0,5682875.0,1119,261,899,197,5.1,4.6,68,61,7.14,9.08,Anomaly
2026-08-22T03:46:00,PCI_1,TDD,45,10930816.0,4615997.0,824,275,793,202,4.7,4.1,70,63,7.0,8.42,Anomaly
2026-08-22T03:46:00,PCI_2,TDD,41,63655467.0,25242417.0,994,24,719,13,12.9,12.4,38,32,18.44,19.79,Normal
2026-08-22T03:46:00,PCI_3,TDD,45,62933009.0,25972724.0,959,24,876,16,13.8,12.1,39,31,18.71,19.91,Normal
2026-08-22T03:46:00,PCI_4,TDD,45,10654321.0,4245184.0,1063,250,977,217,4.7,4.1,70,63,7.01,8.5,Anomaly
2026-08-22T03:47:00,PCI_1,TDD,46,8842240.0,3343289.0,995,270,917,213,4.2,3.7,71,64,6.7,8.24,Anomaly
2026-08-22T03:47:00,PCI_2,TDD,43,62756235.0,26133878.0,1049,12,945,17,13.8,12.0,41,31,18.55,20.52,Normal
2026-08-22T03:47:00,PCI_3,TDD,46,64546822.0,24989368.0,1045,22,769,3,13.9,12.2,40,31,17.62,20.09,Normal
2026-08-22T03:47:00,PCI_4,TDD,47,10412844.0,4022453.0,986,291,777,215,4.2,3.7,71,64,6.37,8.24,Anomaly
2026-08-22T03:48:00,PCI_1,TDD,51,9879713.0,2923677.0,858,281,978,218,4.2,3.7,71,64,5.89,8.18,Anomaly
2026-08-22T03:48:00,PCI_2,TDD,46,62845605.0,24702548.0,880,8,730,4,13.0,12.5,41,31,17.6,19.83,Normal
2026-08-22T03:48:00,PCI_3,TDD,43,62428927.0,24910574.0,1106,21,919,15,13.2,12.7,39,31,18.08,20.48,Normal
2026-08-22T03:48:00,PCI_4,TDD,46,9784782.0,3655517.0,829,263,700,222,4.2,3.7,71,64,6.28,8.26,Anomaly
2026-08-22T03:49:00,PCI_1,TDD,49,12048469.0,3953691.0,1049,281,837,195,4.7,4.1,70,63,7.17,8.03,Anomaly
2026-08-22T03:49:00,PCI_2,TDD,46,64213887.0,25071720.0,1176,21,955,9,13.4,11.9,38,31,18.02,19.57,Normal
2026-08-22T03:49:00,PCI_3,TDD,51,62833991.0,25451264.0,1012,8,842,4,13.4,12.7,40,30,18.24,19.88,Normal
2026-08-22T03:49:00,PCI_4,TDD,46,11976744.0,4129611.0,841,262,851,217,4.7,4.1,70,63,6.29,8.96,Anomaly
2026-08-22T03:50:00,PCI_1,TDD,44,13639477.0,4812646.0,1088,241,698,194,5.1,4.6,68,61,7.14,9.3,Anomaly
2026-08-22T03:50:00,PCI_2,TDD,48,63315096.0,25978662.0,822,23,625,3,13.4,13.1,39,34,18.8,19.3,Normal
2026-08-22T03:50:00,PCI_3,TDD,43,63531696.0,24698866.0,1045,14,930,7,13.6,12.9,40,30,18.15,19.86,Normal
2026-08-22T03:50:00,PCI_4,TDD,42,12791952.0,5504536.0,834,249,783,190,5.1,4.6,68,61,7.46,9.49,Anomaly
2026-08-22T03:51:00,PCI_1,TDD,42,15730150.0,5899503.0,1031,248,892,198,5.6,5.0,66,59,8.04,9.69,Anomaly
2026-08-22T03:51:00,PCI_2,TDD,45,62488592.0,26580543.0,936,6,656,15,13.6,12.5,39,32,18.07,19.8,Normal
2026-08-22T03:51:00,PCI_3,TDD,52,63994539.0,25427428.0,1077,5,833,16,13.2,12.4,40,33,17.24,20.22,Normal
2026-08-22T03:51:00,PCI_4,TDD,48,14592231.0,5784322.0,1020,229,699,189,5.6,5.0,66,59,7.9,10.34,Anomaly
2026-08-22T03:52:00,PCI_1,TDD,47,17968470.0,7102701.0,915,243,911,176,6.0,5.4,65,58,8.63,10.23,Anomaly
2026-08-22T03:52:00,PCI_2,TDD,48,62209587.0,25296200.0,1072,6,753,16,14.2,12.5,39,34,18.21,20.0,Normal
2026-08-22T03:52:00,PCI_3,TDD,44,61319486.0,25267573.0,996,20,764,6,13.5,12.4,40,31,18.35,20.21,Normal
2026-08-22T03:52:00,PCI_4,TDD,43,18016769.0,5809693.0,1071,248,744,170,6.0,5.4,65,58,9.03,10.48,Anomaly
2026-08-22T03:53:00,PCI_1,TDD,45,19851424.0,7813567.0,986,199,827,170,6.4,5.8,63,56,8.99,10.74,Anomaly
2026-08-22T03:53:00,PCI_2,TDD,40,62375742.0,25317879.0,1114,5,723,17,13.9,12.7,41,32,18.15,21.0,Normal
2026-08-22T03:53:00,PCI_3,TDD,43,63649931.0,24613161.0,811,15,978,15,13.7,12.7,40,32,18.62,19.98,Normal
2026-08-22T03:53:00,PCI_4,TDD,41,21253718.0,7238385.0,805,226,976,154,6.4,5.8,63,56,9.13,11.09,Anomaly
2026-08-22T03:54:00,PCI_1,TDD,43,20977869.0,8363480.0,830,201,630,149,6.9,6.2,61,54,9.78,11.69,Anomaly
2026-08-22T03:54:00,PCI_2,TDD,46,61394641.0,25009876.0,1139,22,849,3,13.7,12.2,42,31,17.51,20.32,Normal
2026-08-22T03:54:00,PCI_3,TDD,44,66228747.0,24832794.0,1151,16,681,9,13.8,12.7,40,30,17.66,19.91,Normal
2026-08-22T03:54:00,PCI_4,TDD,40,21211808.0,9449587.0,904,213,718,148,6.9,6.2,61,54,9.45,11.55,Anomaly
2026-08-22T03:55:00,PCI_1,TDD,43,24971290.0,9893216.0,918,202,611,148,7.3,6.7,60,53,10.25,11.99,Anomaly
2026-08-22T03:55:00,PCI_2,TDD,46,64385011.0,25057114.0,1196,15,638,17,13.9,12.4,39,32,17.6,20.53,Normal
2026-08-22T03:55:00,PCI_3,TDD,43,62690630.0,24505300.0,881,5,931,17,13.4,13.1,40,31,18.17,20.45,Normal
2026-08-22T03:55:00,PCI_4,TDD,45,25521524.0,8828365.0,928,183,976,150,7.3,6.7,60,53,10.04,11.63,Anomaly
2026-08-22T03:56:00,PCI_1,TDD,39,24427638.0,9234774.0,986,184,872,132,7.8,7.1,58,51,10.68,12.71,Anomaly
2026-08-22T03:56:00,PCI_2,TDD,45,62511094.0,24923106.0,1193,22,617,11,14.0,12.8,39,31,17.9,20.22,Normal
2026-08-22T03:56:00,PCI_3,TDD,41,63194056.0,26486056.0,1096,16,819,14,13.6,12.3,39,34,17.68,20.95,Normal
2026-08-22T03:56:00,PCI_4,TDD,42,26186331.0,10173417.0,1194,167,704,145,7.8,7.1,58,51,10.64,13.07,Anomaly
2026-08-22T03:57:00,PCI_1,TDD,41,28916619.0,10291509.0,968,165,692,119,8.2,7.5,56,49,10.36,13.13,Anomaly
2026-08-22T03:57:00,PCI_2,TDD,49,62882234.0,24977510.0,1192,16,630,3,14.0,12.1,41,32,17.51,20.25,Normal
2026-08-22T03:57:00,PCI_3,TDD,38,63122816.0,25462322.0,892,7,642,5,13.7,12.3,40,30,17.88,19.58,Normal
2026-08-22T03:57:00,PCI_4,TDD,41,27353508.0,10642827.0,912,161,625,133,8.2,7.5,56,49,10.68,13.65,Anomaly
2026-08-22T03:58:00,PCI_1,TDD,47,30100494.0,11644729.0,1103,125,855,114,8.7,7.9,55,48,11.47,13.86,Anomaly
2026-08-22T03:58:00,PCI_2,TDD,42,64839766.0,24764985.0,864,24,968,6,13.7,12.3,40,32,17.49,20.3,Normal
2026-08-22T03:58:00,PCI_3,TDD,46,64926401.0,25352469.0,969,16,867,10,13.9,12.4,38,31,18.6,19.97,Normal
2026-08-22T03:58:00,PCI_4,TDD,43,30145781.0,11062396.0,1143,150,734,114,8.7,7.9,55,48,11.47,13.23,Anomaly
2026-08-22T03:59:00,PCI_1,TDD,45,32582516.0,12077286.0,1055,141,944,116,9.1,8.4,53,46,12.1,13.73,Anomaly
2026-08-22T03:59:00,PCI_2,TDD,44,63507982.0,25029682.0,1040,24,862,12,13.8,12.3,39,31,18.15,19.88,Normal
2026-08-22T03:59:00,PCI_3,TDD,38,62577735.0,24132151.0,983,20,631,14,13.9,12.3,38,30,17.57,20.15,Normal
2026-08-22T03:59:00,PCI_4,TDD,39,32233076.0,13945895.0,936,126,610,104,9.1,8.4,53,46,12.06,14.19,Anomaly
2026-08-22T04:00:00,PCI_1,TDD,41,34725544.0,13768025.0,1134,118,714,96,9.6,8.8,51,44,12.27,14.97,Anomaly
2026-08-22T04:00:00,PCI_2,TDD,47,61160520.0,24939601.0,936,17,671,17,13.9,12.4,39,31,18.4,20.53,Normal
2026-08-22T04:00:00,PCI_3,TDD,43,61689812.0,24136265.0,1142,9,842,12,13.5,12.7,39,31,17.42,19.93,Normal
2026-08-22T04:00:00,PCI_4,TDD,44,34501793.0,13372840.0,858,106,700,99,9.6,8.8,51,44,12.14,14.8,Anomaly
2026-08-22T04:01:00,PCI_1,TDD,40,38371383.0,15312171.0,956,138,631,97,10.0,9.2,50,43,13.51,14.92,Anomaly
2026-08-22T04:01:00,PCI_2,TDD,42,63037692.0,24532207.0,869,7,829,13,13.2,12.4,39,31,17.59,20.35,Normal
2026-08-22T04:01:00,PCI_3,TDD,38,60945680.0,24240706.0,892,7,955,11,13.6,12.0,39,31,17.93,19.7,Normal
2026-08-22T04:01:00,PCI_4,TDD,42,35455051.0,15262324.0,896,120,625,90,10.0,9.2,50,43,12.81,15.08,Anomaly
2026-08-22T04:02:00,PCI_1,TDD,36,37597380.0,14764752.0,927,106,617,72,10.4,9.6,48,41,14.24,16.41,Anomaly
2026-08-22T04:02:00,PCI_2,TDD,39,61444508.0,24483047.0,1037,13,649,10,13.1,12.3,38,30,18.41,19.99,Normal
2026-08-22T04:02:00,PCI_3,TDD,44,61308159.0,25359456.0,925,14,666,4,13.0,13.2,39,30,18.32,20.35,Normal
2026-08-22T04:02:00,PCI_4,TDD,46,37810314.0,15613234.0,810,108,779,73,10.4,9.6,48,41,13.54,15.58,Anomaly
2026-08-22T04:03:00,PCI_1,TDD,40,38390217.0,15860058.0,829,98,663,85,10.9,10.0,47,40,14.16,16.52,Anomaly
2026-08-22T04:03:00,PCI_2,TDD,40,61849731.0,24589212.0,1049,19,625,5,13.3,12.5,39,30,18.18,19.6,Normal
2026-08-22T04:03:00,PCI_3,TDD,45,62435271.0,25577877.0,924,17,684,8,13.8,12.4,38,31,17.85,19.57,Normal
2026-08-22T04:03:00,PCI_4,TDD,38,41973500.0,15337863.0,1191,98,686,77,10.9,10.0,47,40,14.31,16.4,Anomaly
2026-08-22T04:04:00,PCI_1,TDD,45,43413067.0,16710372.0,983,96,729,81,11.3,10.5,45,38,14.83,16.71,Anomaly
2026-08-22T04:04:00,PCI_2,TDD,35,62391487.0,25264129.0,1146,24,850,12,13.9,13.0,41,31,18.59,20.35,Normal
2026-08-22T04:04:00,PCI_3,TDD,42,61722546.0,24709889.0,1125,18,875,6,13.7,12.6,40,30,17.66,19.57,Normal
2026-08-22T04:04:00,PCI_4,TDD,41,41640889.0,15995281.0,1057,76,615,56,11.3,10.5,45,38,14.93,16.75,Anomaly
2026-08-22T04:05:00,PCI_1,TDD,42,44225573.0,17183515.0,945,71,962,55,11.8,10.9,43,36,15.32,17.65,Normal
2026-08-22T04:05:00,PCI_2,TDD,38,60813584.0,23863666.0,1192,12,667,12,13.5,12.6,40,31,18.14,19.71,Normal
2026-08-22T04:05:00,PCI_3,TDD,48,62756684.0,24778534.0,897,21,902,10,13.1,12.4,40,31,17.99,20.24,Normal
2026-08-22T04:05:00,PCI_4,TDD,39,45604491.0,17056108.0,1038,61,960,57,11.8,10.9,43,36,15.21,16.78,Normal
2026-08-22T04:06:00,PCI_1,TDD,40,47768430.0,19299244.0,1065,55,644,50,12.2,11.3,42,35,15.85,17.94,Normal
2026-08-22T04:06:00,PCI_2,TDD,46,62790461.0,24060727.0,1041,20,995,8,13.4,12.7,38,31,17.86,20.61,Normal
2026-08-22T04:06:00,PCI_3,TDD,42,60301072.0,25703439.0,898,14,857,8,13.7,12.1,40,31,17.28,19.98,Normal
2026-08-22T04:06:00,PCI_4,TDD,46,47965665.0,18632527.0,862,58,924,43,12.2,11.3,42,35,16.22,18.32,Normal
2026-08-22T04:07:00,PCI_1,TDD,33,49013765.0,19826886.0,1195,47,893,20,12.7,11.7,40,33,16.44,18.5,Normal
2026-08-22T04:07:00,PCI_2,TDD,39,60946575.0,25304729.0,833,11,947,16,13.7,12.2,39,30,17.97,20.52,Normal
2026-08-22T04:07:00,PCI_3,TDD,41,61666402.0,24949524.0,1001,11,810,13,13.8,12.2,37,28,17.76,19.13,Normal
2026-08-22T04:07:00,PCI_4,TDD,41,49036788.0,18436586.0,1159,40,859,34,12.7,11.7,40,33,16.1,18.26,Normal
2026-08-22T04:08:00,PCI_1,TDD,43,49342018.0,20306693.0,1125,33,950,30,13.1,12.2,38,31,17.15,18.66,Normal
2026-08-22T04:08:00,PCI_2,TDD,42,61572792.0,24435306.0,931,11,846,15,13.5,12.2,37,30,18.23,20.51,Normal
2026-08-22T04:08:00,PCI_3,TDD,38,59799433.0,25593478.0,1156,23,745,11,13.2,12.4,38,29,17.72,20.58,Normal
2026-08-22T04:08:00,PCI_4,TDD,42,50715016.0,20199639.0,830,35,940,15,13.1,12.2,38,31,17.1,18.97,Normal
2026-08-22T04:09:00,PCI_1,TDD,38,51826746.0,21290158.0,1177,22,764,17,13.6,12.6,37,30,16.93,19.33,Normal
2026-08-22T04:09:00,PCI_2,TDD,39,60724239.0,25178932.0,812,21,814,17,13.4,12.5,38,31,17.94,20.09,Normal
2026-08-22T04:09:00,PCI_3,TDD,44,62440583.0,25084562.0,1150,13,667,5,13.6,12.7,37,29,17.79,19.72,Normal
2026-08-22T04:09:00,PCI_4,TDD,43,52469661.0,20895545.0,891,17,737,10,13.6,12.6,37,30,17.75,19.39,Normal
2026-08-22T04:10:00,PCI_1,TDD,42,53490335.0,22314526.0,1097,10,812,6,14.0,13.0,35,28,17.79,19.94,Normal
2026-08-22T04:10:00,PCI_2,TDD,38,60733837.0,25181992.0,995,15,842,7,13.3,12.4,38,30,17.74,20.31,Normal
2026-08-22T04:10:00,PCI_3,TDD,40,61025871.0,24229211.0,1111,19,920,9,14.0,12.8,39,27,17.75,19.82,Normal
2026-08-22T04:10:00,PCI_4,TDD,38,53383223.0,23056846.0,895,13,943,12,14.0,13.0,35,28,18.29,20.05,Normal
2026-08-22T04:11:00,PCI_1,TDD,33,60867821.0,24260062.0,1074,19,635,9,13.0,12.1,38,31,17.73,20.06,Normal
2026-08-22T04:11:00,PCI_2,TDD,39,62049174.0,24842559.0,1016,19,619,16,13.4,12.2,39,30,17.55,20.14,Normal
2026-08-22T04:11:00,PCI_3,TDD,41,61018204.0,24030888.0,928,8,732,11,13.2,12.6,38,31,17.98,19.7,Normal
2026-08-22T04:11:00,PCI_4,TDD,40,59853960.0,25023696.0,1179,21,698,9,13.8,12.2,38,29,17.7,19.27,Normal
2026-08-22T04:12:00,PCI_1,TDD,34,60316260.0,24487720.0,1079,6,879,6,13.5,12.6,38,30,17.62,20.08,Normal
2026-08-22T04:12:00,PCI_2,TDD,34,60727484.0,24166444.0,1001,13,904,14,13.5,12.5,39,30,17.15,19.2,Normal
2026-08-22T04:12:00,PCI_3,TDD,38,60267973.0,24332656.0,1171,19,728,3,13.7,12.3,38,31,17.98,20.11,Normal
2026-08-22T04:12:00,PCI_4,TDD,39,62300777.0,23872771.0,832,20,627,17,13.5,12.7,37,28,16.98,20.08,Normal
2026-08-22T04:13:00,PCI_1,TDD,35,61818405.0,24422766.0,1101,20,803,6,13.6,12.8,39,30,17.92,20.11,Normal
2026-08-22T04:13:00,PCI_2,TDD,36,61721328.0,25135553.0,970,14,638,8,12.8,12.3,39,30,17.77,20.02,Normal
2026-08-22T04:13:00,PCI_3,TDD,36,63287487.0,24226950.0,939,22,726,15,13.8,12.7,37,31,17.69,20.2,Normal
2026-08-22T04:13:00,PCI_4,TDD,39,60225321.0,24944488.0,1011,20,912,4,13.2,12.8,37,30,17.73,20.46,Normal
2026-08-22T04:14:00,PCI_1,TDD,39,60484749.0,24656244.0,950,12,871,12,13.5,12.0,38,29,17.97,20.26,Normal
2026-08-22T04:14:00,PCI_2,TDD,38,60499167.0,23824724.0,988,19,932,6,13.6,12.3,37,32,17.6,19.36,Normal
2026-08-22T04:14:00,PCI_3,TDD,37,60000286.0,23959291.0,1151,9,796,8,13.3,12.4,39,30,18.88,20.49,Normal
2026-08-22T04:14:00,PCI_4,TDD,38,60313668.0,24655303.0,1122,22,803,14,13.2,12.3,39,30,18.25,20.29,Normal
2026-08-22T04:15:00,PCI_1,TDD,39,61140654.0,24706603.0,1187,10,939,7,13.5,12.5,38,30,17.69,19.68,Normal
2026-08-22T04:15:00,PCI_2,TDD,41,60820215.0,24758421.0,1091,10,835,4,13.4,12.6,38,30,18.3,19.38,Normal
2026-08-22T04:15:00,PCI_3,TDD,41,61677438.0,24643002.0,941,22,889,15,13.8,12.2,37,29,17.58,19.84,Normal
2026-08-22T04:15:00,PCI_4,TDD,38,60764882.0,23842688.0,1023,17,671,15,13.6,12.6,35,29,18.2,20.24,Normal
2026-08-22T04:16:00,PCI_1,TDD,39,60572841.0,24767376.0,991,21,749,5,13.4,12.8,38,31,18.81,20.02,Normal
2026-08-22T04:16:00,PCI_2,TDD,38,61678647.0,24878365.0,1007,12,674,8,13.6,12.6,37,30,18.32,20.21,Normal
2026-08-22T04:16:00,PCI_3,TDD,42,60230397.0,24312937.0,1136,12,804,3,13.9,12.4,36,30,18.05,19.91,Normal
2026-08-22T04:16:00,PCI_4,TDD,36,60549314.0,23861561.0,975,7,915,12,13.4,12.5,38,30,17.91,20.46,Normal
2026-08-22T04:17:00,PCI_1,TDD,36,61511803.0,24797679.0,947,8,983,15,13.6,12.9,39,31,18.65,19.55,Normal
2026-08-22T04:17:00,PCI_2,TDD,41,59189032.0,23389105.0,964,9,786,6,13.6,12.2,37,28,17.32,19.98,Normal
2026-08-22T04:17:00,PCI_3,TDD,36,60622926.0,24100614.0,1078,16,652,10,14.1,12.4,37,31,17.47,19.91,Normal
2026-08-22T04:17:00,PCI_4,TDD,40,62909474.0,23422465.0,1003,20,926,4,13.3,12.7,37,31,18.25,20.49,Normal
2026-08-22T04:18:00,PCI_1,TDD,32,59910078.0,25337221.0,942,8,967,12,12.7,12.1,36,30,18.35,20.01,Normal
2026-08-22T04:18:00,PCI_2,TDD,32,61303891.0,24102620.0,807,9,852,11,13.7,12.4,36,29,18.05,20.02,Normal
2026-08-22T04:18:00,PCI_3,TDD,40,61645129.0,24639559.0,1019,23,840,6,13.6,12.3,37,30,17.81,20.27,Normal
2026-08-22T04:18:00,PCI_4,TDD,43,61774645.0,24343753.0,1087,15,852,8,13.3,12.4,37,30,17.41,19.3,Normal
2026-08-22T04:19:00,PCI_1,TDD,38,60492627.0,23795457.0,856,13,714,14,13.4,12.3,37,29,18.19,20.08,Normal
2026-08-22T04:19:00,PCI_2,TDD,37,60354472.0,24950570.0,844,10,834,14,13.7,12.3,37,27,17.57,20.35,Normal
2026-08-22T04:19:00,PCI_3,TDD,43,58912673.0,24166005.0,872,12,889,3,13.3,12.7,36,30,17.99,20.54,Normal
2026-08-22T04:19:00,PCI_4,TDD,38,60270802.0,23299714.0,1195,15,880,4,14.0,12.7,36,29,17.86,20.19,Normal
2026-08-22T04:20:00,PCI_1,TDD,38,60601570.0,23904799.0,1104,15,733,4,13.5,12.8,37,30,18.13,20.2,Normal
2026-08-22T04:20:00,PCI_2,TDD,42,59764280.0,23378271.0,1142,18,903,6,13.9,12.2,37,29,17.97,20.16,Normal
2026-08-22T04:20:00,PCI_3,TDD,38,61515292.0,24942350.0,963,10,746,4,14.0,12.2,37,28,18.72,20.54,Normal
2026-08-22T04:20:00,PCI_4,TDD,31,59397073.0,24327922.0,1039,12,764,12,13.7,12.4,37,29,17.51,20.35,Normal
2026-08-22T04:21:00,PCI_1,TDD,39,60444042.0,24805279.0,991,18,788,17,12.9,12.6,37,31,17.84,19.66,Normal
2026-08-22T04:21:00,PCI_2,TDD,31,61064491.0,24436672.0,1086,8,735,12,13.0,12.4,37,28,17.93,20.32,Normal
2026-08-22T04:21:00,PCI_3,TDD,38,60094950.0,23672185.0,1061,15,645,4,13.6,12.7,36,30,17.71,20.07,Normal
2026-08-22T04:21:00,PCI_4,TDD,37,60611348.0,23325189.0,803,18,713,14,13.8,12.3,36,29,18.06,20.1,Normal
2026-08-22T04:22:00,PCI_1,TDD,33,59605982.0,24821888.0,1192,22,668,10,13.8,12.0,39,30,17.62,19.88,Normal
2026-08-22T04:22:00,PCI_2,TDD,39,60640142.0,24282770.0,1083,17,676,5,12.7,12.9,37,28,17.75,19.25,Normal
2026-08-22T04:22:00,PCI_3,TDD,39,61377485.0,23645215.0,1194,5,922,16,13.7,11.9,36,29,18.05,20.37,Normal
2026-08-22T04:22:00,PCI_4,TDD,40,57514587.0,24911442.0,831,23,892,14,13.1,12.0,38,31,18.71,19.63,Normal
2026-08-22T04:23:00,PCI_1,TDD,39,61252940.0,24181503.0,981,8,834,6,13.7,12.0,36,30,18.57,19.01,Normal
2026-08-22T04:23:00,PCI_2,TDD,39,60684718.0,24051248.0,1029,5,924,5,13.7,13.2,38,29,17.46,18.72,Normal
2026-08-22T04:23:00,PCI_3,TDD,35,59248085.0,24506027.0,984,13,959,10,13.7,12.6,36,30,18.19,20.38,Normal
2026-08-22T04:23:00,PCI_4,TDD,38,60774890.0,24514650.0,832,24,932,11,13.2,12.7,35,29,18.29,19.89,Normal
2026-08-22T04:24:00,PCI_1,TDD,36,61513732.0,24921383.0,1170,5,600,13,14.0,12.6,38,29,17.81,19.73,Normal
2026-08-22T04:24:00,PCI_2,TDD,38,58672108.0,23810443.0,1018,22,614,16,13.5,12.6,37,30,17.5,19.64,Normal
2026-08-22T04:24:00,PCI_3,TDD,37,59238441.0,23916625.0,988,9,908,4,13.5,12.2,39,30,17.71,20.0,Normal
2026-08-22T04:24:00,PCI_4,TDD,37,59717029.0,23779354.0,1179,6,624,9,13.1,12.0,39,29,17.86,20.38,Normal
2026-08-22T04:25:00,PCI_1,TDD,36,61109558.0,23621139.0,1140,22,684,15,13.6,12.4,36,29,18.12,20.24,Normal
2026-08-22T04:25:00,PCI_2,TDD,34,59529878.0,24203439.0,1070,14,884,15,13.4,12.2,36,27,18.2,20.32,Normal
2026-08-22T04:25:00,PCI_3,TDD,37,58591125.0,24391330.0,1193,11,818,10,13.3,11.8,38,29,18.33,20.8,Normal
2026-08-22T04:25:00,PCI_4,TDD,33,60837624.0,23936566.0,809,16,996,5,13.5,12.8,37,29,18.43,19.79,Normal
