Timestamp,Cell_ID,gNB_ID,Cell_Availability_%,RRC_Connection_Attempts,RRC_Connection_Rejects,RRC_Success_Rate_%,Avg_RRC_Connected_Users,Peak_RRC_Connected_Users,Registration_Success_Rate_%,PDU_Session_Success_Rate_%,RRC_Drop_Rate_%,Handover_Attempts,Handover_Success_Rate_%,Xn_HO_Prep_Success_Rate_%,Xn_HO_Exec_Success_Rate_%,NG_HO_Prep_Success_Rate_%,NG_HO_Exec_Success_Rate_%,PRB_Utilization_DL_%,PRB_Utilization_UL_%,DL_Throughput_Mbps,UL_Throughput_Mbps,Total_Traffic_GB,RACH_Success_Rate_%,Latency_ms
2026-06-10T08:00:00,PCI_1,gNB-1,99.931,300,0,100.0,71.8,86.6,99.532,99.202,0.154,29,98.352,98.845,98.847,98.407,98.037,32.78,28.38,193.38,65.25,1.93972,99.086,6.95
2026-06-10T08:00:00,PCI_2,gNB-1,99.967,272,0,100.0,63.9,74.1,99.624,99.363,0.0,20,98.485,99.028,98.241,98.157,97.658,33.26,32.74,155.81,75.74,1.73664,99.421,8.92
2026-06-10T08:00:00,PCI_3,gNB-1,99.95,301,0,100.0,64.2,84.1,99.804,99.091,0.21,22,98.308,99.5,98.929,97.94,98.026,38.81,27.74,193.07,75.47,2.01405,99.367,11.96
2026-06-10T08:00:00,PCI_4,gNB-1,100.0,303,0,100.0,75.0,94.5,99.513,99.361,0.213,29,98.103,98.801,98.894,97.702,97.838,36.11,33.53,193.24,73.38,1.99963,99.108,9.42
2026-06-10T08:00:00,PCI_5,gNB-2,99.909,293,0,100.0,76.8,105.3,99.57,99.177,0.149,25,98.85,99.163,98.693,98.501,97.881,40.71,28.48,190.58,65.67,1.92193,99.287,7.27
2026-06-10T08:00:00,PCI_6,gNB-2,99.976,295,0,100.0,75.3,103.0,99.475,99.275,0.164,27,98.447,98.949,98.911,98.456,97.638,36.18,28.64,149.64,78.08,1.70787,98.986,11.26
2026-06-10T08:00:00,PCI_7,gNB-2,99.941,301,0,100.0,73.1,97.3,99.43,99.473,0.001,28,97.976,99.189,98.446,98.534,98.046,30.35,33.5,212.04,75.47,2.15637,99.132,9.56
2026-06-10T08:00:00,PCI_8,gNB-3,99.95,316,0,100.0,73.6,92.2,99.506,99.144,0.238,25,98.79,99.003,98.492,98.202,97.804,36.53,27.0,168.5,64.97,1.75105,98.998,12.28
2026-06-10T08:00:00,PCI_9,gNB-3,99.979,284,0,100.0,67.9,86.2,99.382,99.358,0.106,18,98.72,98.994,98.721,98.074,98.159,34.34,27.93,148.29,66.27,1.60923,99.534,9.04
2026-06-10T08:00:00,PCI_10,gNB-3,99.956,299,0,100.0,69.9,81.2,99.555,99.37,0.152,28,98.704,99.096,98.531,97.885,98.332,40.37,27.94,189.55,82.25,2.03849,99.408,11.18
2026-06-10T08:01:00,PCI_1,gNB-1,99.944,323,0,100.0,81.0,94.0,99.731,99.776,0.254,24,97.993,99.204,98.395,98.296,98.294,29.97,20.09,182.8,76.45,1.94435,99.139,9.86
2026-06-10T08:01:00,PCI_2,gNB-1,99.97,277,0,100.0,66.4,77.9,99.676,99.388,0.178,20,98.303,98.75,98.434,98.359,97.726,37.97,29.89,226.95,64.95,2.18922,99.422,9.67
2026-06-10T08:01:00,PCI_3,gNB-1,99.971,278,0,100.0,80.1,99.7,99.612,99.342,0.231,27,97.84,98.827,98.109,97.325,97.814,41.88,28.72,147.0,68.57,1.61678,99.483,10.04
2026-06-10T08:01:00,PCI_4,gNB-1,99.978,299,0,100.0,80.6,110.9,99.632,99.191,0.186,26,98.828,98.682,98.659,98.298,97.536,43.43,34.38,164.73,82.26,1.85245,99.295,5.88
2026-06-10T08:01:00,PCI_5,gNB-2,99.964,299,0,100.0,65.5,79.7,99.573,99.638,0.173,22,98.959,98.861,98.583,97.755,98.549,40.4,32.2,193.04,76.97,2.0251,99.254,9.43
2026-06-10T08:01:00,PCI_6,gNB-2,99.944,301,0,100.0,78.6,97.8,99.513,99.273,0.262,29,98.52,98.913,98.367,98.28,98.306,34.97,27.63,170.79,76.97,1.8582,98.802,9.45
2026-06-10T08:01:00,PCI_7,gNB-2,100.0,313,0,100.0,78.8,110.0,99.553,99.28,0.163,27,98.202,99.115,99.305,98.223,97.929,32.36,29.81,145.14,67.24,1.59285,99.52,8.45
2026-06-10T08:01:00,PCI_8,gNB-3,99.976,323,0,100.0,78.6,95.2,99.57,99.281,0.055,27,98.944,99.24,98.417,98.043,97.824,37.71,27.71,181.68,78.46,1.95109,99.125,9.74
2026-06-10T08:01:00,PCI_9,gNB-3,99.935,299,0,100.0,89.1,106.5,99.608,99.063,0.177,25,98.077,99.214,98.912,98.255,97.401,35.06,25.82,192.24,94.15,2.14794,99.254,8.64
2026-06-10T08:01:00,PCI_10,gNB-3,99.918,299,0,100.0,64.9,87.0,99.427,99.622,0.224,25,98.358,99.129,98.66,98.183,97.881,31.34,22.76,196.18,74.56,2.03053,99.254,11.31
2026-06-10T08:02:00,PCI_1,gNB-1,100.0,289,0,100.0,77.5,104.6,99.754,99.442,0.065,24,98.742,99.116,98.13,98.704,98.209,41.98,27.05,169.39,67.21,1.77453,99.834,9.55
2026-06-10T08:02:00,PCI_2,gNB-1,99.924,291,0,100.0,61.0,78.1,99.748,99.15,0.225,22,98.187,98.875,98.562,98.285,97.812,33.29,27.37,151.11,65.91,1.62765,99.188,11.14
2026-06-10T08:02:00,PCI_3,gNB-1,99.969,301,0,100.0,66.5,89.9,99.522,99.7,0.095,24,98.432,98.811,98.876,98.254,98.211,36.41,24.24,174.23,76.64,1.88154,99.44,8.45
2026-06-10T08:02:00,PCI_4,gNB-1,100.0,275,0,100.0,65.7,87.2,99.591,99.621,0.043,19,98.277,98.718,98.814,98.058,97.747,38.94,25.56,187.6,68.45,1.92042,98.897,7.06
2026-06-10T08:02:00,PCI_5,gNB-2,100.0,296,0,100.0,74.1,90.1,99.607,99.782,0.077,21,98.196,98.666,98.924,98.546,97.664,31.04,27.16,211.56,53.67,1.98922,99.332,8.2
2026-06-10T08:02:00,PCI_6,gNB-2,99.947,284,0,100.0,62.3,83.0,99.808,99.564,0.122,19,97.932,98.902,98.691,98.275,97.967,32.12,28.32,175.82,86.55,1.96774,99.667,9.61
2026-06-10T08:02:00,PCI_7,gNB-2,99.961,300,0,100.0,68.4,91.9,99.444,99.521,0.143,24,98.445,98.818,98.416,98.229,97.808,37.54,28.57,142.73,76.76,1.64616,98.864,8.89
2026-06-10T08:02:00,PCI_8,gNB-3,99.979,269,0,100.0,75.5,89.5,99.536,99.325,0.082,25,98.334,99.023,98.339,98.371,98.05,36.04,26.83,190.59,62.91,1.90125,99.315,10.18
2026-06-10T08:02:00,PCI_9,gNB-3,100.0,306,0,100.0,72.3,95.2,99.665,99.441,0.044,26,98.851,99.252,98.77,97.833,98.33,36.01,18.45,186.21,64.29,1.87876,98.876,8.86
2026-06-10T08:02:00,PCI_10,gNB-3,99.981,295,0,100.0,88.3,109.0,99.584,99.352,0.062,28,98.628,99.099,98.733,98.598,97.73,36.38,31.51,191.39,84.79,2.07135,99.299,9.35
2026-06-10T08:03:00,PCI_1,gNB-1,99.99,286,0,100.0,79.2,91.2,99.646,99.06,0.124,25,98.241,98.436,98.6,98.569,98.133,34.27,28.58,196.25,54.3,1.87908,99.169,10.63
2026-06-10T08:03:00,PCI_2,gNB-1,100.0,327,0,100.0,77.1,103.4,99.718,99.292,0.147,29,99.087,98.96,98.685,98.36,98.47,36.55,34.52,153.16,74.89,1.7104,99.15,11.0
2026-06-10T08:03:00,PCI_3,gNB-1,99.972,279,0,100.0,77.3,97.9,99.372,99.608,0.185,28,98.357,99.257,98.628,98.629,97.681,33.26,29.46,159.77,81.78,1.81165,99.265,8.43
2026-06-10T08:03:00,PCI_4,gNB-1,99.99,296,0,100.0,76.3,96.8,99.505,99.312,0.235,33,99.1,99.016,98.766,98.76,97.956,32.77,29.11,188.62,69.75,1.93772,98.788,7.66
2026-06-10T08:03:00,PCI_5,gNB-2,99.999,290,0,100.0,76.3,89.3,99.55,99.5,0.088,25,98.193,99.283,98.692,98.078,97.877,35.79,31.44,137.44,68.08,1.54139,99.105,13.62
2026-06-10T08:03:00,PCI_6,gNB-2,99.919,300,0,100.0,91.0,113.9,99.545,99.642,0.185,33,98.348,99.481,99.213,98.47,98.24,28.56,31.19,172.48,79.85,1.89245,99.371,9.31
2026-06-10T08:03:00,PCI_7,gNB-2,99.979,307,0,100.0,71.9,91.5,99.549,98.938,0.235,25,98.833,99.495,98.707,97.759,97.687,31.85,26.63,179.32,60.36,1.79761,99.286,7.55
2026-06-10T08:03:00,PCI_8,gNB-3,99.937,300,0,100.0,74.0,90.3,99.508,99.063,0.148,31,99.094,99.33,98.912,98.097,98.505,36.45,28.37,170.05,77.12,1.85372,99.091,9.69
2026-06-10T08:03:00,PCI_9,gNB-3,99.99,296,0,100.0,74.0,87.7,99.68,99.542,0.072,25,98.775,99.067,98.737,98.766,97.763,37.0,26.56,214.59,60.76,2.06513,99.032,9.03
2026-06-10T08:03:00,PCI_10,gNB-3,99.933,310,0,100.0,62.0,80.1,99.556,99.267,0.188,18,97.877,98.907,98.251,98.105,98.13,37.92,34.99,172.34,64.11,1.77337,99.011,8.44
2026-06-10T08:04:00,PCI_1,gNB-1,99.973,309,0,100.0,59.0,74.5,99.583,99.471,0.157,22,98.511,99.309,98.827,98.418,98.143,30.93,28.05,171.45,78.21,1.87245,98.86,12.28
2026-06-10T08:04:00,PCI_2,gNB-1,99.941,284,0,100.0,72.6,97.2,99.492,99.418,0.105,27,98.283,98.99,98.994,99.072,97.647,34.89,25.35,197.54,67.37,1.98679,99.079,9.78
2026-06-10T08:04:00,PCI_3,gNB-1,100.0,288,0,100.0,58.0,81.1,99.538,99.43,0.137,14,98.361,99.2,98.867,98.276,97.689,39.28,26.39,148.7,70.13,1.64125,99.562,10.16
2026-06-10T08:04:00,PCI_4,gNB-1,99.996,295,0,100.0,70.0,80.7,99.973,99.553,0.115,24,98.598,99.303,98.553,97.778,97.902,36.81,29.14,210.85,79.09,2.1745,99.403,8.18
2026-06-10T08:04:00,PCI_5,gNB-2,99.99,334,0,100.0,76.9,98.9,99.868,99.215,0.142,28,98.723,98.891,98.792,98.217,98.042,36.22,24.14,177.4,83.57,1.95729,98.958,9.47
2026-06-10T08:04:00,PCI_6,gNB-2,99.971,286,0,100.0,66.3,92.5,99.947,99.804,0.135,25,98.536,99.026,99.164,97.904,98.369,36.56,34.34,182.61,71.17,1.90336,99.269,10.93
2026-06-10T08:04:00,PCI_7,gNB-2,99.959,310,0,100.0,57.8,74.8,99.705,99.43,0.155,23,98.363,98.823,98.643,98.657,97.515,41.52,26.15,150.41,86.63,1.77783,99.176,7.88
2026-06-10T08:04:00,PCI_8,gNB-3,100.0,316,0,100.0,71.4,83.1,99.707,99.271,0.175,24,98.339,98.877,98.72,98.309,97.802,35.05,33.16,183.28,83.63,2.00181,99.5,10.71
2026-06-10T08:04:00,PCI_9,gNB-3,99.963,290,0,100.0,72.3,96.1,99.855,99.009,0.082,27,98.737,99.184,98.679,98.437,98.229,36.44,32.82,121.44,81.62,1.52299,98.941,11.27
2026-06-10T08:04:00,PCI_10,gNB-3,100.0,289,0,100.0,67.5,81.1,99.365,99.395,0.185,26,98.457,99.262,98.705,98.272,98.201,40.99,27.34,171.84,75.26,1.85326,99.221,8.48
2026-06-10T08:05:00,PCI_1,gNB-1,99.981,297,0,100.0,68.5,90.2,99.659,99.316,0.291,25,99.033,99.24,98.501,98.185,98.153,37.08,28.97,171.43,62.27,1.75271,99.144,6.51
2026-06-10T08:05:00,PCI_2,gNB-1,99.974,292,0,100.0,73.4,87.3,99.385,99.05,0.075,19,98.21,99.398,98.383,98.495,97.52,38.03,27.5,177.08,81.29,1.93779,99.639,10.13
2026-06-10T08:05:00,PCI_3,gNB-1,100.0,289,0,100.0,73.1,97.5,99.593,99.748,0.011,24,98.764,98.912,98.462,98.22,97.517,37.31,38.54,207.21,67.87,2.06303,98.982,9.23
2026-06-10T08:05:00,PCI_4,gNB-1,99.967,291,0,100.0,82.2,114.0,99.544,99.176,0.042,26,97.831,99.187,98.511,98.444,98.654,41.53,24.17,200.31,86.0,2.14734,99.013,8.41
2026-06-10T08:05:00,PCI_5,gNB-2,99.95,279,0,100.0,55.9,76.4,99.56,99.355,0.162,20,98.436,99.284,98.058,98.3,97.75,37.37,29.66,155.78,71.61,1.70545,99.398,10.36
2026-06-10T08:05:00,PCI_6,gNB-2,99.981,334,0,100.0,63.4,85.1,99.976,99.557,0.165,21,98.338,98.947,98.535,98.523,97.861,35.07,23.97,177.34,69.58,1.85193,99.155,11.4
2026-06-10T08:05:00,PCI_7,gNB-2,99.969,311,0,100.0,75.6,101.3,99.554,99.552,0.074,30,98.51,98.813,98.553,98.097,98.056,33.97,33.34,159.04,58.56,1.63197,99.017,6.82
2026-06-10T08:05:00,PCI_8,gNB-3,100.0,319,0,100.0,64.4,81.9,99.867,99.464,0.15,25,99.236,99.324,98.742,98.406,98.216,34.39,24.54,179.89,69.16,1.86788,99.185,9.98
2026-06-10T08:05:00,PCI_9,gNB-3,100.0,290,0,100.0,73.8,101.7,99.757,99.302,0.093,20,98.222,99.134,98.714,97.995,97.87,36.96,30.79,163.75,74.73,1.78859,98.745,8.11
2026-06-10T08:05:00,PCI_10,gNB-3,100.0,270,0,100.0,76.9,105.6,99.479,99.388,0.15,26,97.937,98.963,98.443,98.136,98.079,39.4,32.36,166.17,84.13,1.87724,99.493,11.54
2026-06-10T08:06:00,PCI_1,gNB-1,99.969,302,0,100.0,82.0,105.8,99.631,99.294,0.124,23,98.233,98.995,98.967,98.597,97.972,36.17,25.53,189.33,74.95,1.98212,99.351,12.47
2026-06-10T08:06:00,PCI_2,gNB-1,99.924,282,0,100.0,63.7,74.0,99.796,99.445,0.044,24,98.878,98.91,98.497,98.199,98.1,39.49,33.58,209.58,86.42,2.22,99.54,10.84
2026-06-10T08:06:00,PCI_3,gNB-1,99.936,302,0,100.0,72.3,91.5,99.546,99.215,0.251,27,98.566,99.232,99.019,98.402,97.14,34.23,27.02,154.66,78.52,1.74892,99.498,9.12
2026-06-10T08:06:00,PCI_4,gNB-1,99.992,335,0,100.0,65.5,90.2,99.664,99.259,0.205,21,98.223,99.045,98.931,98.11,98.116,36.55,40.15,161.56,88.01,1.87173,99.187,9.66
2026-06-10T08:06:00,PCI_5,gNB-2,100.0,318,0,100.0,78.0,105.5,99.519,99.502,0.191,31,98.626,99.265,99.155,98.349,97.48,32.21,23.1,219.06,70.16,2.16911,99.508,10.73
2026-06-10T08:06:00,PCI_6,gNB-2,99.975,319,0,100.0,73.8,99.1,99.626,99.294,0.148,30,97.989,99.065,98.428,98.356,98.294,36.7,31.94,139.52,85.79,1.68986,99.049,10.78
2026-06-10T08:06:00,PCI_7,gNB-2,99.933,265,0,100.0,77.2,90.2,99.643,99.452,0.051,31,99.042,99.007,98.634,97.814,98.309,47.74,31.72,210.86,81.27,2.191,98.954,11.85
2026-06-10T08:06:00,PCI_8,gNB-3,99.95,301,0,100.0,82.5,103.8,99.658,99.248,0.06,29,98.287,98.673,98.32,98.153,97.352,31.54,22.31,183.83,80.2,1.98018,99.702,7.6
2026-06-10T08:06:00,PCI_9,gNB-3,99.953,318,0,100.0,72.8,96.4,99.549,99.169,0.058,26,98.592,98.657,98.404,98.46,98.202,34.36,31.34,193.57,62.67,1.92177,99.122,10.47
2026-06-10T08:06:00,PCI_10,gNB-3,100.0,272,0,100.0,81.4,110.4,99.271,99.923,0.071,31,98.87,99.246,98.745,97.952,98.219,34.07,18.76,249.99,82.6,2.49444,99.655,8.48
2026-06-10T08:07:00,PCI_1,gNB-1,99.962,329,0,100.0,75.5,88.6,99.573,98.959,0.031,26,98.203,98.959,98.667,98.879,98.454,36.84,33.76,160.5,74.45,1.76212,99.428,7.99
2026-06-10T08:07:00,PCI_2,gNB-1,99.958,285,0,100.0,88.8,121.0,99.634,99.221,0.07,27,98.936,99.591,98.845,98.085,98.247,35.69,32.13,187.27,79.38,1.99987,99.352,8.99
2026-06-10T08:07:00,PCI_3,gNB-1,100.0,279,0,100.0,64.3,74.2,99.456,99.42,0.182,18,98.256,98.764,98.924,98.812,98.298,35.63,34.79,142.14,89.14,1.73459,99.036,5.69
2026-06-10T08:07:00,PCI_4,gNB-1,99.968,329,0,100.0,77.1,94.7,99.615,99.103,0.102,28,98.567,99.3,98.724,99.005,97.749,38.06,21.26,148.67,87.77,1.77327,98.964,10.65
2026-06-10T08:07:00,PCI_5,gNB-2,99.957,290,0,100.0,71.6,87.7,99.713,99.53,0.11,22,98.585,98.975,99.008,99.097,98.295,36.88,28.24,158.58,69.89,1.7135,98.949,9.26
2026-06-10T08:07:00,PCI_6,gNB-2,99.983,316,0,100.0,74.1,98.0,99.847,99.501,0.275,28,98.947,98.938,98.915,99.112,97.572,41.73,35.72,190.52,83.26,2.0534,99.52,8.85
2026-06-10T08:07:00,PCI_7,gNB-2,99.981,292,0,100.0,70.7,89.0,99.622,99.493,0.048,30,98.855,99.186,98.59,98.273,98.196,38.71,22.04,198.98,101.05,2.25019,98.727,11.39
2026-06-10T08:07:00,PCI_8,gNB-3,100.0,303,0,100.0,66.0,88.6,99.825,99.36,0.12,23,98.363,99.397,98.42,98.569,97.55,39.77,28.5,113.62,77.09,1.43031,98.926,9.17
2026-06-10T08:07:00,PCI_9,gNB-3,99.99,288,0,100.0,87.6,100.8,99.838,99.467,0.087,30,98.879,99.242,98.7,98.315,97.96,34.64,36.87,180.18,67.84,1.86014,99.077,10.98
2026-06-10T08:07:00,PCI_10,gNB-3,99.909,303,0,100.0,75.9,99.0,99.399,99.564,0.116,27,98.876,99.167,98.706,98.956,98.24,35.57,31.94,190.48,70.1,1.95435,99.219,9.6
2026-06-10T08:08:00,PCI_1,gNB-1,99.902,304,0,100.0,72.4,96.8,99.545,99.392,0.157,21,98.695,98.688,98.631,98.702,97.751,35.02,33.42,170.88,74.92,1.8435,99.257,11.49
2026-06-10T08:08:00,PCI_2,gNB-1,99.964,294,0,100.0,67.1,93.1,99.471,99.462,0.086,23,98.623,98.813,98.74,98.803,98.116,34.51,28.74,157.3,79.57,1.77659,99.421,8.61
2026-06-10T08:08:00,PCI_3,gNB-1,99.966,323,0,100.0,77.6,107.4,99.474,99.295,0.302,25,98.341,98.859,98.65,98.497,98.066,45.35,29.86,216.94,79.57,2.22382,99.351,7.7
2026-06-10T08:08:00,PCI_4,gNB-1,100.0,305,0,100.0,58.8,71.0,99.542,99.312,0.132,19,98.622,98.682,98.421,98.387,98.051,35.62,26.71,159.89,76.89,1.77587,99.495,8.28
2026-06-10T08:08:00,PCI_5,gNB-2,99.988,319,0,100.0,82.3,104.9,99.34,99.142,0.121,27,98.345,99.025,98.059,98.449,97.503,34.48,27.36,151.85,66.39,1.63678,98.948,9.85
2026-06-10T08:08:00,PCI_6,gNB-2,99.973,315,0,100.0,69.7,88.0,99.667,98.993,0.237,22,98.265,99.085,99.01,98.403,98.368,37.66,33.93,211.88,76.56,2.16332,99.56,10.11
2026-06-10T08:08:00,PCI_7,gNB-2,99.994,292,0,100.0,82.3,99.4,99.697,99.47,0.169,22,98.469,99.162,98.471,98.327,97.168,39.81,26.36,202.54,62.62,1.98864,99.373,9.51
2026-06-10T08:08:00,PCI_8,gNB-3,99.999,292,0,100.0,94.0,116.3,99.494,99.345,0.078,36,99.018,98.824,98.182,98.652,98.388,40.41,33.64,159.06,76.01,1.76305,98.854,7.74
2026-06-10T08:08:00,PCI_9,gNB-3,100.0,296,0,100.0,76.6,93.8,99.72,99.76,0.184,23,98.611,99.344,98.552,98.068,98.356,37.68,24.6,171.26,71.31,1.81928,99.274,10.03
2026-06-10T08:08:00,PCI_10,gNB-3,99.901,317,0,100.0,79.3,98.1,99.668,99.606,0.112,24,98.779,98.734,98.052,98.608,97.747,35.9,23.42,147.61,68.11,1.61789,99.11,10.42
2026-06-10T08:09:00,PCI_1,gNB-1,99.973,319,0,100.0,67.8,91.2,99.589,99.093,0.279,21,98.574,99.05,99.123,98.163,98.353,34.26,33.58,162.46,74.68,1.77861,99.674,10.35
2026-06-10T08:09:00,PCI_2,gNB-1,99.988,341,0,100.0,69.8,89.7,99.423,99.626,0.234,22,98.312,99.044,98.704,98.007,98.199,29.06,27.36,171.44,75.4,1.85127,99.277,8.04
2026-06-10T08:09:00,PCI_3,gNB-1,99.985,305,0,100.0,65.4,81.1,99.654,99.207,0.154,26,98.81,99.39,98.611,97.974,98.357,38.46,33.59,181.81,87.15,2.01721,99.412,10.95
2026-06-10T08:09:00,PCI_4,gNB-1,99.981,313,0,100.0,78.2,103.3,99.523,99.747,0.143,30,98.473,98.938,99.31,98.207,97.553,34.37,27.82,235.42,79.24,2.35991,99.434,8.38
2026-06-10T08:09:00,PCI_5,gNB-2,99.963,317,0,100.0,70.8,82.6,99.645,99.196,0.149,23,97.802,99.15,98.862,98.168,97.532,43.14,30.16,206.96,88.86,2.21865,99.07,11.1
2026-06-10T08:09:00,PCI_6,gNB-2,99.98,306,0,100.0,76.4,102.1,99.619,99.369,0.131,27,98.232,98.874,98.684,98.13,97.959,34.78,37.11,214.76,81.18,2.2196,99.187,13.17
2026-06-10T08:09:00,PCI_7,gNB-2,99.96,306,0,100.0,78.8,107.8,99.597,99.82,0.088,29,98.199,99.454,98.601,98.283,98.323,42.25,24.65,172.88,66.42,1.7948,99.234,9.73
2026-06-10T08:09:00,PCI_8,gNB-3,99.979,297,0,100.0,70.4,90.2,99.827,99.014,0.142,23,98.648,98.762,98.656,97.988,98.244,37.62,28.45,190.79,75.61,1.99802,98.812,10.77
2026-06-10T08:09:00,PCI_9,gNB-3,99.994,305,0,100.0,86.1,101.7,99.483,99.709,0.249,27,98.146,98.841,98.551,97.825,98.011,32.1,24.25,204.44,72.12,2.07418,99.182,10.82
2026-06-10T08:09:00,PCI_10,gNB-3,99.95,302,0,100.0,69.8,90.6,99.697,99.179,0.15,26,98.644,99.457,99.112,98.138,97.969,32.1,30.09,185.31,99.21,2.13393,99.224,6.74
2026-06-10T08:10:00,PCI_1,gNB-1,100.0,310,0,100.0,69.8,87.3,99.651,99.367,0.088,26,98.338,98.875,98.286,98.064,98.228,30.86,28.9,200.29,74.8,2.06318,99.26,8.22
2026-06-10T08:10:00,PCI_2,gNB-1,99.899,325,0,100.0,62.7,75.4,99.747,99.743,0.171,25,98.318,98.953,98.7,98.427,97.465,41.09,34.47,153.63,66.97,1.65453,99.288,8.91
2026-06-10T08:10:00,PCI_3,gNB-1,100.0,321,0,100.0,72.9,90.6,99.621,99.249,0.157,22,98.271,99.097,98.534,98.165,98.584,40.77,32.39,195.57,81.69,2.07944,99.564,9.86
2026-06-10T08:10:00,PCI_4,gNB-1,99.93,294,0,100.0,65.7,88.3,99.678,99.69,0.104,23,98.392,98.815,98.343,98.318,97.394,37.77,29.26,165.91,69.73,1.76725,98.854,12.7
2026-06-10T08:10:00,PCI_5,gNB-2,100.0,332,0,100.0,73.8,98.4,99.756,99.746,0.085,24,98.815,99.084,99.3,98.129,98.19,32.33,37.56,164.09,60.15,1.68182,99.169,9.68
2026-06-10T08:10:00,PCI_6,gNB-2,99.992,303,0,100.0,81.5,100.7,99.591,99.608,0.186,27,98.523,99.007,98.425,98.664,97.515,42.02,33.0,180.02,71.69,1.88786,99.143,10.6
2026-06-10T08:10:00,PCI_7,gNB-2,99.989,313,0,100.0,72.3,85.7,99.365,99.553,0.161,24,98.848,99.173,97.855,98.312,97.491,41.6,39.14,169.39,78.41,1.85848,99.137,10.42
2026-06-10T08:10:00,PCI_8,gNB-3,99.996,328,0,100.0,89.3,123.2,99.642,99.632,0.2,28,98.289,98.884,98.685,98.644,97.548,39.2,31.62,196.31,81.54,2.08389,99.58,10.62
2026-06-10T08:10:00,PCI_9,gNB-3,99.97,317,0,100.0,61.5,75.7,99.561,99.344,0.082,15,98.385,98.828,98.848,97.858,98.501,38.42,28.19,164.61,71.52,1.77098,98.917,9.07
2026-06-10T08:10:00,PCI_10,gNB-3,99.946,306,0,100.0,74.6,104.2,99.624,99.773,0.194,25,98.013,98.646,98.194,98.518,97.732,37.58,26.69,184.63,89.03,2.05243,99.029,9.38
2026-06-10T08:11:00,PCI_1,gNB-1,99.974,323,0,100.0,68.0,90.7,99.389,99.494,0.33,20,98.785,99.063,98.369,98.217,97.918,34.68,36.99,135.53,81.1,1.62477,99.283,9.03
2026-06-10T08:11:00,PCI_2,gNB-1,99.949,323,0,100.0,80.4,109.6,99.295,99.696,0.309,31,98.804,98.648,98.664,98.056,97.794,41.31,26.05,179.93,62.78,1.82039,99.16,10.04
2026-06-10T08:11:00,PCI_3,gNB-1,100.0,299,0,100.0,67.4,91.1,99.479,99.64,0.297,24,98.285,98.893,99.019,98.027,98.509,43.11,29.55,199.34,84.05,2.12544,99.589,8.33
2026-06-10T08:11:00,PCI_4,gNB-1,99.982,304,0,100.0,77.9,90.5,99.452,99.081,0.084,31,99.089,99.163,99.056,98.145,97.973,38.57,24.94,158.44,78.83,1.77952,99.12,8.31
2026-06-10T08:11:00,PCI_5,gNB-2,99.935,306,0,100.0,77.0,96.6,99.619,99.366,0.103,25,98.725,99.162,99.086,97.792,97.862,35.78,29.96,171.88,73.95,1.84373,99.396,10.17
2026-06-10T08:11:00,PCI_6,gNB-2,99.978,330,0,100.0,72.5,98.5,99.49,99.625,0.135,22,98.388,98.809,98.758,98.353,98.013,35.21,14.63,185.51,62.88,1.86294,99.261,11.6
2026-06-10T08:11:00,PCI_7,gNB-2,99.961,304,0,100.0,76.0,106.1,99.512,99.215,0.233,26,98.787,98.937,98.722,98.249,98.162,40.75,30.23,166.34,71.81,1.78616,99.615,9.48
2026-06-10T08:11:00,PCI_8,gNB-3,100.0,332,0,100.0,81.4,112.5,99.953,99.479,0.188,27,98.076,98.666,98.822,98.418,97.916,32.75,23.5,174.99,66.4,1.81046,99.425,11.63
2026-06-10T08:11:00,PCI_9,gNB-3,99.934,323,0,100.0,70.1,95.8,99.543,99.281,0.138,27,98.683,99.147,98.764,98.498,98.507,33.18,27.44,148.47,91.0,1.79607,99.524,11.03
2026-06-10T08:11:00,PCI_10,gNB-3,99.983,312,0,100.0,77.7,99.4,99.678,99.321,0.21,27,98.412,98.972,98.568,98.544,97.905,38.62,27.7,146.06,85.3,1.73521,98.935,10.92
2026-06-10T08:12:00,PCI_1,gNB-1,99.947,286,0,100.0,73.3,99.1,99.423,99.548,0.133,26,98.371,99.076,98.475,98.292,98.204,37.73,27.53,156.88,79.64,1.7739,99.286,9.53
2026-06-10T08:12:00,PCI_2,gNB-1,99.991,319,0,100.0,75.0,86.8,99.657,98.887,0.159,24,98.915,98.937,98.467,98.234,98.058,35.31,29.15,150.19,76.5,1.70017,99.394,12.87
2026-06-10T08:12:00,PCI_3,gNB-1,99.973,315,0,100.0,85.6,103.2,99.762,99.376,0.168,30,98.591,99.05,98.465,97.669,97.765,29.45,29.63,184.16,64.89,1.86791,99.372,11.22
2026-06-10T08:12:00,PCI_4,gNB-1,99.953,336,0,100.0,67.8,91.8,99.666,99.484,0.215,21,98.322,98.793,98.474,98.27,97.492,33.37,31.67,182.27,81.36,1.97726,98.728,8.74
2026-06-10T08:12:00,PCI_5,gNB-2,99.969,311,0,100.0,84.9,116.6,99.603,99.403,0.2,28,98.837,99.115,98.746,98.313,98.182,41.62,33.14,193.44,85.31,2.09067,99.23,11.79
2026-06-10T08:12:00,PCI_6,gNB-2,100.0,280,0,100.0,78.3,98.9,99.57,99.223,0.297,28,98.029,99.137,98.58,98.875,97.632,28.57,29.63,175.35,74.97,1.87734,98.665,10.56
2026-06-10T08:12:00,PCI_7,gNB-2,99.954,282,0,100.0,72.9,94.9,99.665,99.362,0.227,27,98.322,99.178,98.547,97.763,98.711,36.16,26.93,192.51,65.82,1.93752,98.862,9.17
2026-06-10T08:12:00,PCI_8,gNB-3,99.952,312,0,100.0,73.7,88.2,99.69,99.183,0.166,22,98.819,99.114,98.705,97.898,98.041,34.49,32.19,181.06,71.8,1.89648,99.431,11.0
2026-06-10T08:12:00,PCI_9,gNB-3,99.958,328,0,100.0,75.0,95.7,99.487,99.312,0.139,30,98.95,98.935,99.183,98.287,98.133,41.09,30.53,244.43,80.25,2.43504,98.901,11.87
2026-06-10T08:12:00,PCI_10,gNB-3,99.923,306,0,100.0,85.5,105.3,99.72,99.596,0.268,29,98.781,98.814,98.594,98.617,98.137,32.22,30.81,179.47,71.75,1.88418,99.309,9.31
2026-06-10T08:13:00,PCI_1,gNB-1,99.933,296,0,100.0,65.7,84.1,99.692,99.528,0.064,22,98.542,99.2,98.507,97.951,98.351,42.09,30.94,169.71,81.8,1.88635,99.227,11.18
2026-06-10T08:13:00,PCI_2,gNB-1,99.994,314,0,100.0,68.9,93.4,99.605,99.318,0.178,19,98.484,99.108,98.785,98.623,97.58,31.64,30.41,196.31,95.51,2.18862,99.354,8.62
2026-06-10T08:13:00,PCI_3,gNB-1,99.985,300,0,100.0,98.7,129.7,99.707,99.513,0.277,35,98.865,98.743,98.282,98.728,98.516,39.71,30.36,189.08,73.05,1.96596,99.585,10.92
2026-06-10T08:13:00,PCI_4,gNB-1,100.0,318,0,100.0,81.9,103.2,99.425,99.502,0.303,27,98.461,99.223,98.987,98.487,97.434,39.68,24.72,164.31,82.94,1.85434,99.126,11.14
2026-06-10T08:13:00,PCI_5,gNB-2,100.0,324,0,100.0,70.7,88.7,99.44,99.293,0.074,22,98.437,98.75,98.274,97.892,98.159,37.91,33.56,211.04,75.83,2.15148,99.368,7.77
2026-06-10T08:13:00,PCI_6,gNB-2,99.937,330,0,100.0,68.5,88.5,99.319,99.244,0.202,24,98.353,99.238,98.388,98.385,97.826,34.28,31.31,160.11,93.77,1.90404,99.054,12.91
2026-06-10T08:13:00,PCI_7,gNB-2,99.96,321,0,100.0,67.1,83.8,99.702,99.145,0.233,21,98.539,99.095,98.878,97.761,98.566,39.92,27.75,159.32,65.0,1.68241,98.86,10.74
2026-06-10T08:13:00,PCI_8,gNB-3,99.954,295,0,100.0,90.3,122.4,99.512,99.67,0.182,31,98.318,98.612,98.349,98.156,97.923,39.09,31.66,190.5,80.31,2.03111,98.948,6.7
2026-06-10T08:13:00,PCI_9,gNB-3,99.973,298,0,100.0,75.6,105.0,99.433,99.38,0.158,24,98.649,98.945,98.394,98.312,98.659,34.97,34.12,219.37,90.54,2.32431,98.994,12.95
2026-06-10T08:13:00,PCI_10,gNB-3,99.949,308,0,100.0,82.6,102.9,99.573,99.657,0.099,25,98.738,99.176,99.028,97.978,98.378,39.6,36.51,153.72,80.3,1.75513,99.131,7.54
2026-06-10T08:14:00,PCI_1,gNB-1,99.966,330,0,100.0,72.4,91.0,99.748,99.597,0.095,25,98.809,98.836,98.475,98.548,98.547,33.18,19.16,149.57,70.71,1.6521,99.166,10.86
2026-06-10T08:14:00,PCI_2,gNB-1,99.964,303,0,100.0,70.5,96.6,99.504,99.936,0.207,22,98.201,98.89,98.207,98.081,97.742,41.32,27.85,166.07,68.08,1.75612,98.906,9.84
2026-06-10T08:14:00,PCI_3,gNB-1,99.98,331,0,100.0,86.7,109.0,99.599,98.998,0.06,32,98.919,99.052,98.929,98.178,97.87,35.14,33.45,194.4,76.93,2.035,99.118,10.78
2026-06-10T08:14:00,PCI_4,gNB-1,100.0,301,0,100.0,80.3,102.4,99.822,99.605,0.144,29,98.179,98.84,98.022,98.666,97.336,40.51,26.23,161.35,77.25,1.78952,99.267,10.86
2026-06-10T08:14:00,PCI_5,gNB-2,99.92,319,0,100.0,73.4,94.6,99.623,99.307,0.143,25,98.557,99.1,98.547,98.078,98.262,31.0,27.08,224.64,57.15,2.11346,99.027,10.97
2026-06-10T08:14:00,PCI_6,gNB-2,99.969,353,0,100.0,89.7,113.9,99.737,99.356,0.175,28,98.743,98.72,98.618,98.599,97.61,36.33,30.21,152.28,88.12,1.80306,99.285,7.67
2026-06-10T08:14:00,PCI_7,gNB-2,99.969,302,0,100.0,78.8,97.0,99.745,99.259,0.219,27,98.757,98.865,98.548,97.954,98.202,41.54,38.03,218.09,80.81,2.24174,99.147,10.52
2026-06-10T08:14:00,PCI_8,gNB-3,99.92,335,0,100.0,71.5,96.8,99.805,99.462,0.134,28,98.384,98.93,98.562,97.711,98.302,32.95,27.28,167.23,84.62,1.88892,99.183,9.96
2026-06-10T08:14:00,PCI_9,gNB-3,100.0,312,0,100.0,80.7,98.9,99.597,99.809,0.187,30,98.543,98.952,98.99,98.63,97.545,42.01,31.61,209.85,82.54,2.19288,98.889,8.18
2026-06-10T08:14:00,PCI_10,gNB-3,99.926,317,0,100.0,81.0,109.0,99.323,98.942,0.038,29,98.486,98.938,98.785,98.48,97.264,36.58,26.24,155.0,74.43,1.72072,99.169,9.54
2026-06-10T08:15:00,PCI_1,gNB-1,99.928,308,0,100.0,70.2,98.1,99.641,99.519,0.182,21,98.799,98.804,98.36,98.117,97.962,40.76,32.15,186.19,86.53,2.04541,99.22,11.3
2026-06-10T08:15:00,PCI_2,gNB-1,99.975,291,0,100.0,67.5,85.0,99.585,99.302,0.118,27,97.741,99.221,99.389,98.307,97.993,40.81,36.97,157.05,79.77,1.77616,99.153,10.79
2026-06-10T08:15:00,PCI_3,gNB-1,100.0,325,0,100.0,79.0,91.9,99.5,99.372,0.14,24,98.971,98.966,98.285,98.63,97.738,39.94,29.58,193.01,80.44,2.05091,99.056,10.01
2026-06-10T08:15:00,PCI_4,gNB-1,99.951,281,0,100.0,82.1,95.6,99.394,99.832,0.124,34,98.661,99.019,98.843,98.491,98.413,39.65,30.23,191.16,89.89,2.10782,99.404,8.45
2026-06-10T08:15:00,PCI_5,gNB-2,100.0,320,0,100.0,75.6,88.5,99.561,99.485,0.22,26,99.122,98.981,99.658,98.6,98.174,35.91,18.35,182.87,80.5,1.97526,99.681,7.88
2026-06-10T08:15:00,PCI_6,gNB-2,99.957,311,0,100.0,58.3,80.0,99.548,99.536,0.156,16,98.784,99.174,98.879,98.603,98.385,37.82,24.22,152.13,89.87,1.81496,99.378,10.11
2026-06-10T08:15:00,PCI_7,gNB-2,99.966,315,0,100.0,75.9,90.9,99.925,99.446,0.108,22,98.282,99.18,98.928,98.234,98.018,36.69,25.22,219.29,82.05,2.26008,99.819,8.82
2026-06-10T08:15:00,PCI_8,gNB-3,99.993,328,0,100.0,67.5,81.5,99.615,99.469,0.143,26,98.798,99.081,98.708,98.224,98.193,41.59,29.89,198.0,76.48,2.05857,98.847,8.45
2026-06-10T08:15:00,PCI_9,gNB-3,99.971,322,0,100.0,79.1,105.2,99.798,99.599,0.107,27,98.539,98.754,98.842,98.607,97.832,45.8,28.49,181.68,77.17,1.9413,99.023,10.58
2026-06-10T08:15:00,PCI_10,gNB-3,99.967,340,0,100.0,82.9,105.9,99.388,99.382,0.09,31,98.491,99.416,98.921,98.551,98.081,38.74,32.26,209.82,73.39,2.12402,99.323,13.89
2026-06-10T08:16:00,PCI_1,gNB-1,99.984,312,0,100.0,67.4,92.0,99.609,99.46,0.279,31,98.233,99.264,98.887,98.42,98.168,37.94,36.12,203.1,82.12,2.13915,99.512,11.32
2026-06-10T08:16:00,PCI_2,gNB-1,100.0,321,0,100.0,83.1,109.2,99.472,99.332,0.077,29,98.578,98.488,98.706,98.496,98.059,34.22,34.84,170.34,69.53,1.79909,98.93,9.95
2026-06-10T08:16:00,PCI_3,gNB-1,100.0,334,0,100.0,69.5,96.9,99.466,99.365,0.026,24,98.694,98.963,98.838,98.019,97.491,35.49,34.38,213.46,75.69,2.16864,99.501,9.48
2026-06-10T08:16:00,PCI_4,gNB-1,99.971,323,0,100.0,85.4,114.0,99.46,99.11,0.168,29,98.477,98.898,99.131,98.173,97.747,43.02,35.44,196.16,65.42,1.96184,99.05,10.89
2026-06-10T08:16:00,PCI_5,gNB-2,99.979,340,0,100.0,84.4,116.4,99.798,99.385,0.222,27,98.077,98.722,98.518,97.993,98.42,43.39,30.84,161.83,78.39,1.80169,99.029,12.15
2026-06-10T08:16:00,PCI_6,gNB-2,99.971,324,0,100.0,62.9,86.6,99.433,99.474,0.157,19,98.383,99.392,98.412,98.025,97.92,35.23,28.04,200.97,93.2,2.20629,98.755,9.94
2026-06-10T08:16:00,PCI_7,gNB-2,99.977,315,0,100.0,76.3,96.6,99.53,99.375,0.15,27,98.449,99.25,98.697,98.352,97.982,34.02,26.43,161.44,80.88,1.81739,99.022,8.37
2026-06-10T08:16:00,PCI_8,gNB-3,99.972,324,0,100.0,92.5,106.5,99.584,99.613,0.155,30,99.158,98.731,98.671,98.554,97.626,37.62,31.3,247.73,72.2,2.39945,99.188,10.96
2026-06-10T08:16:00,PCI_9,gNB-3,99.982,298,0,100.0,79.9,96.8,99.642,99.489,0.229,30,98.622,99.078,98.37,98.26,98.077,36.43,30.14,167.06,91.61,1.94002,99.738,9.38
2026-06-10T08:16:00,PCI_10,gNB-3,99.998,313,0,100.0,82.5,107.8,99.566,99.425,0.08,30,98.286,99.134,98.739,98.628,97.994,42.12,26.06,202.92,77.55,2.10353,99.249,10.07
2026-06-10T08:17:00,PCI_1,gNB-1,99.98,287,0,100.0,67.5,83.5,99.304,99.199,0.033,28,98.113,99.028,98.539,97.76,97.882,40.81,29.12,212.17,76.72,2.16666,99.202,9.4
2026-06-10T08:17:00,PCI_2,gNB-1,99.923,346,0,100.0,81.0,97.2,99.487,99.693,0.072,25,98.471,98.893,99.287,97.59,98.126,41.01,25.37,172.53,83.07,1.91702,99.607,8.6
2026-06-10T08:17:00,PCI_3,gNB-1,99.967,332,0,100.0,76.7,92.8,99.818,99.36,0.229,26,98.387,98.887,99.142,98.73,97.252,34.41,36.96,179.46,68.73,1.86143,99.201,9.82
2026-06-10T08:17:00,PCI_4,gNB-1,99.985,310,0,100.0,75.8,100.0,99.478,99.342,0.14,30,98.612,98.973,98.861,98.422,98.381,40.18,37.03,222.26,79.28,2.26158,99.096,11.3
2026-06-10T08:17:00,PCI_5,gNB-2,99.981,316,0,100.0,64.8,81.3,99.716,99.561,0.06,25,98.34,99.097,98.825,98.059,97.793,29.86,26.19,143.58,83.11,1.70019,99.215,11.35
2026-06-10T08:17:00,PCI_6,gNB-2,99.948,308,0,100.0,76.3,100.9,99.647,99.202,0.15,26,98.408,99.224,99.214,98.19,97.877,29.16,29.34,177.74,62.32,1.80047,99.272,10.87
2026-06-10T08:17:00,PCI_7,gNB-2,100.0,312,0,100.0,85.5,111.3,99.553,99.79,0.154,31,98.456,98.706,98.69,98.422,97.642,39.52,34.83,215.39,66.95,2.11753,98.956,7.56
2026-06-10T08:17:00,PCI_8,gNB-3,99.974,327,0,100.0,72.4,98.0,99.612,99.42,0.09,25,98.693,99.057,98.388,97.666,97.909,38.81,28.81,177.94,74.08,1.89012,99.379,9.9
2026-06-10T08:17:00,PCI_9,gNB-3,99.974,303,0,100.0,80.7,109.6,99.411,99.334,0.234,28,98.938,98.967,98.607,97.882,97.798,43.9,31.16,206.97,85.25,2.19169,99.198,9.67
2026-06-10T08:17:00,PCI_10,gNB-3,100.0,328,0,100.0,83.4,114.6,99.485,99.348,0.084,32,97.869,98.946,99.416,98.198,97.603,38.08,35.01,184.63,84.52,2.01864,99.225,9.42
2026-06-10T08:18:00,PCI_1,gNB-1,99.951,320,0,100.0,75.9,102.7,99.661,99.554,0.16,22,98.66,98.923,98.614,97.855,97.799,35.38,29.81,153.28,80.3,1.75182,99.231,8.31
2026-06-10T08:18:00,PCI_2,gNB-1,99.932,306,0,100.0,59.6,72.9,99.351,99.314,0.209,18,98.542,98.789,99.282,98.574,98.395,32.97,25.55,216.61,78.34,2.21209,99.136,10.5
2026-06-10T08:18:00,PCI_3,gNB-1,100.0,331,0,100.0,83.7,100.3,99.677,99.259,0.217,32,98.774,99.129,98.89,97.488,98.292,37.19,30.34,182.52,68.76,1.88464,99.065,10.98
2026-06-10T08:18:00,PCI_4,gNB-1,99.991,310,0,100.0,91.4,112.7,99.911,99.41,0.088,34,99.008,98.641,99.168,98.216,98.52,36.76,23.65,202.17,87.3,2.17101,99.724,12.58
2026-06-10T08:18:00,PCI_5,gNB-2,99.998,315,0,100.0,77.5,108.4,99.559,98.891,0.163,27,99.27,99.19,98.556,98.469,97.571,35.87,22.49,225.52,84.64,2.3262,98.906,9.9
2026-06-10T08:18:00,PCI_6,gNB-2,100.0,326,0,100.0,73.0,90.2,99.614,99.584,0.092,22,98.843,98.767,99.023,98.373,98.308,45.26,32.71,209.02,72.55,2.11174,99.026,10.96
2026-06-10T08:18:00,PCI_7,gNB-2,99.972,340,0,100.0,82.3,110.4,99.751,99.404,0.146,25,98.797,98.732,98.854,97.874,98.384,34.17,33.33,149.88,76.37,1.69691,99.495,8.79
2026-06-10T08:18:00,PCI_8,gNB-3,100.0,312,0,100.0,82.3,97.8,99.434,99.515,0.094,25,98.502,98.83,99.388,97.834,98.258,42.24,22.04,146.3,84.39,1.7302,99.08,10.57
2026-06-10T08:18:00,PCI_9,gNB-3,99.955,313,0,100.0,58.0,76.4,99.461,99.463,0.166,16,99.017,99.271,98.954,97.945,97.857,36.1,28.3,161.51,83.37,1.83661,99.257,10.54
2026-06-10T08:18:00,PCI_10,gNB-3,99.981,338,0,100.0,57.9,76.1,99.591,99.593,0.129,19,98.301,99.166,98.566,98.119,97.74,40.51,27.83,147.72,84.87,1.74443,99.025,10.53
2026-06-10T08:19:00,PCI_1,gNB-1,99.956,338,0,100.0,75.7,89.8,99.406,99.735,0.181,30,98.404,98.488,99.16,98.328,98.047,38.63,32.64,203.93,67.45,2.03536,99.472,9.22
2026-06-10T08:19:00,PCI_2,gNB-1,99.976,346,0,100.0,77.6,101.3,99.624,99.508,0.144,23,98.263,98.686,98.765,98.546,98.359,35.48,31.0,204.46,76.08,2.10405,99.163,13.19
2026-06-10T08:19:00,PCI_3,gNB-1,99.929,334,0,100.0,80.6,110.2,99.596,99.638,0.297,31,98.706,99.013,98.52,98.252,98.214,35.27,33.8,166.0,65.94,1.73955,98.947,7.51
2026-06-10T08:19:00,PCI_4,gNB-1,100.0,337,0,100.0,82.0,99.1,99.789,99.299,0.243,29,98.501,99.111,98.272,98.064,97.962,40.85,28.58,187.42,87.93,2.06513,99.553,11.16
2026-06-10T08:19:00,PCI_5,gNB-2,99.94,314,0,100.0,82.8,100.8,99.524,99.73,0.136,26,98.646,99.459,98.724,98.669,97.847,36.45,27.31,187.02,94.86,2.11412,98.911,12.46
2026-06-10T08:19:00,PCI_6,gNB-2,99.941,317,0,100.0,85.3,104.1,99.353,99.472,0.078,37,98.436,99.047,98.356,98.156,97.548,42.34,29.02,204.67,74.7,2.09526,99.075,11.94
2026-06-10T08:19:00,PCI_7,gNB-2,99.916,293,0,100.0,71.1,87.7,99.737,99.236,0.211,22,98.947,99.331,98.559,98.236,97.709,39.21,34.66,154.44,87.51,1.81461,98.869,8.72
2026-06-10T08:19:00,PCI_8,gNB-3,100.0,352,0,100.0,82.2,106.0,99.76,98.979,0.152,35,98.385,99.004,98.902,98.057,98.008,42.26,30.84,199.88,77.38,2.07943,99.279,10.09
2026-06-10T08:19:00,PCI_9,gNB-3,99.928,331,0,100.0,60.7,83.7,99.713,99.217,0.01,17,98.778,98.734,98.562,98.366,98.429,38.34,29.66,176.88,93.22,2.02576,99.466,9.87
2026-06-10T08:19:00,PCI_10,gNB-3,100.0,309,0,100.0,74.5,91.6,99.654,99.459,0.196,27,98.243,98.919,99.402,97.938,97.834,42.68,29.43,170.3,69.59,1.79917,99.334,11.54
2026-06-10T08:20:00,PCI_1,gNB-1,99.97,323,0,100.0,72.4,85.8,99.498,99.435,0.203,28,98.203,99.317,98.558,97.992,97.94,32.69,30.19,198.85,78.86,2.0828,99.334,9.55
2026-06-10T08:20:00,PCI_2,gNB-1,99.977,300,0,100.0,73.9,101.7,99.586,99.438,0.035,21,98.409,99.119,98.808,98.568,98.455,40.53,30.09,165.82,72.89,1.79035,99.083,10.42
2026-06-10T08:20:00,PCI_3,gNB-1,99.998,322,0,100.0,85.7,110.3,99.645,99.462,0.112,26,98.647,99.104,98.634,98.175,98.797,35.51,29.3,198.25,71.23,2.02104,99.229,12.72
2026-06-10T08:20:00,PCI_4,gNB-1,99.954,331,0,100.0,81.6,103.3,99.577,99.315,0.157,31,98.599,99.169,98.093,98.658,98.819,43.88,28.9,170.4,82.68,1.89807,98.953,11.11
2026-06-10T08:20:00,PCI_5,gNB-2,100.0,336,0,100.0,64.4,88.4,99.495,99.118,0.107,21,98.81,98.62,99.015,98.905,98.209,40.73,30.12,162.23,84.74,1.85228,99.296,11.12
2026-06-10T08:20:00,PCI_6,gNB-2,100.0,333,0,100.0,93.2,127.4,99.429,99.325,0.104,34,98.405,99.435,99.156,98.531,97.865,41.01,33.42,164.94,83.25,1.86145,99.377,10.35
2026-06-10T08:20:00,PCI_7,gNB-2,99.925,340,0,100.0,81.7,105.0,99.687,99.227,0.215,29,98.791,98.964,98.263,98.83,97.94,44.05,31.89,208.46,95.1,2.27665,99.285,12.12
2026-06-10T08:20:00,PCI_8,gNB-3,99.996,335,0,100.0,79.6,104.0,99.652,99.731,0.02,27,98.285,99.291,98.573,98.437,97.861,41.22,34.23,181.67,80.85,1.96894,98.845,10.48
2026-06-10T08:20:00,PCI_9,gNB-3,99.97,313,0,100.0,64.1,89.2,99.392,99.303,0.151,22,98.48,99.181,98.558,97.921,97.565,46.99,20.76,187.2,92.12,2.09492,99.321,8.78
2026-06-10T08:20:00,PCI_10,gNB-3,100.0,335,0,100.0,73.5,98.0,99.638,99.621,0.247,24,98.065,99.099,99.233,98.506,98.081,48.15,26.01,214.18,75.9,2.17559,99.212,10.16
2026-06-10T08:21:00,PCI_1,gNB-1,99.906,309,0,100.0,68.4,82.5,99.531,99.484,0.075,22,98.812,98.956,98.888,98.458,97.876,32.44,34.22,196.89,88.62,2.14133,98.697,7.56
2026-06-10T08:21:00,PCI_2,gNB-1,99.877,310,0,100.0,85.7,109.3,99.62,99.552,0.129,31,98.542,98.453,98.585,98.708,97.861,38.1,27.85,180.51,89.74,2.0269,99.133,8.5
2026-06-10T08:21:00,PCI_3,gNB-1,99.96,315,0,100.0,66.5,84.3,99.706,99.017,0.21,24,98.265,99.184,98.212,97.939,97.496,34.23,33.8,159.29,71.54,1.73119,98.962,10.33
2026-06-10T08:21:00,PCI_4,gNB-1,99.995,336,0,100.0,70.8,95.3,99.605,99.213,0.169,30,98.324,99.009,99.103,98.103,97.7,34.25,31.82,205.15,79.44,2.13443,99.207,11.92
2026-06-10T08:21:00,PCI_5,gNB-2,99.972,302,0,100.0,81.8,102.4,99.563,99.266,0.116,23,98.484,98.844,98.832,97.983,97.837,34.64,25.89,209.31,76.76,2.14555,99.303,8.31
2026-06-10T08:21:00,PCI_6,gNB-2,99.967,297,0,100.0,76.8,92.0,99.621,99.357,0.206,27,98.649,99.181,98.667,98.199,98.099,36.84,31.65,219.19,87.22,2.29814,99.094,8.04
2026-06-10T08:21:00,PCI_7,gNB-2,99.953,321,0,100.0,77.8,94.3,99.461,99.612,0.12,26,98.706,98.869,98.638,98.799,98.504,41.0,31.17,167.27,84.83,1.89077,99.203,10.3
2026-06-10T08:21:00,PCI_8,gNB-3,100.0,322,0,100.0,83.3,110.2,99.647,99.06,0.079,24,98.248,99.128,98.806,98.106,98.076,35.46,24.42,156.35,73.51,1.72391,99.542,7.96
2026-06-10T08:21:00,PCI_9,gNB-3,99.942,342,0,100.0,80.3,103.3,99.589,99.521,0.147,30,98.84,99.073,98.783,98.266,98.103,34.02,31.69,196.46,73.45,2.02436,99.724,8.5
2026-06-10T08:21:00,PCI_10,gNB-3,99.995,327,0,100.0,74.4,86.5,99.447,99.363,0.169,29,98.725,99.282,98.86,98.144,98.371,36.51,27.61,229.44,86.61,2.3704,99.241,11.08
2026-06-10T08:22:00,PCI_1,gNB-1,99.984,303,0,100.0,71.7,82.6,99.491,99.66,0.182,22,98.478,98.684,98.696,98.447,98.073,30.88,28.83,204.97,83.04,2.16008,99.476,8.04
2026-06-10T08:22:00,PCI_2,gNB-1,99.98,314,0,100.0,84.4,98.4,99.505,99.426,0.064,25,98.649,98.972,98.197,98.028,97.987,44.8,34.34,212.16,66.31,2.08848,99.161,10.68
2026-06-10T08:22:00,PCI_3,gNB-1,99.96,330,0,100.0,95.2,129.4,99.577,99.192,0.29,31,98.841,99.463,98.4,98.37,97.858,40.64,31.44,240.82,85.3,2.4459,99.183,11.65
2026-06-10T08:22:00,PCI_4,gNB-1,99.933,318,0,100.0,74.5,98.7,99.598,99.177,0.0,29,98.247,98.85,98.571,97.988,97.604,39.22,39.75,210.6,86.55,2.2286,98.809,9.93
2026-06-10T08:22:00,PCI_5,gNB-2,99.94,335,0,100.0,81.4,106.6,99.504,99.084,0.186,24,98.128,98.911,98.47,98.361,98.333,39.57,30.94,192.77,87.44,2.10153,98.724,10.51
2026-06-10T08:22:00,PCI_6,gNB-2,99.958,305,0,100.0,78.0,106.5,99.756,98.923,0.141,32,98.743,99.347,98.713,97.852,97.586,41.42,33.99,173.9,78.43,1.89242,99.251,7.34
2026-06-10T08:22:00,PCI_7,gNB-2,99.95,348,0,100.0,80.2,94.1,99.512,99.226,0.0,30,98.37,99.57,98.782,98.339,97.347,44.58,28.71,188.18,62.93,1.88331,99.417,11.45
2026-06-10T08:22:00,PCI_8,gNB-3,99.996,325,0,100.0,88.8,116.1,99.85,99.34,0.104,29,97.722,98.784,98.985,98.363,97.694,39.99,22.1,185.16,84.8,2.02472,99.361,8.81
2026-06-10T08:22:00,PCI_9,gNB-3,99.971,352,0,100.0,87.1,118.6,99.298,99.512,0.149,30,98.309,98.913,98.927,98.8,97.906,32.0,35.28,207.43,86.09,2.20136,99.233,13.46
2026-06-10T08:22:00,PCI_10,gNB-3,99.918,332,0,100.0,76.5,91.7,99.588,99.459,0.094,31,98.165,98.875,98.756,97.909,98.182,41.14,29.02,240.13,81.29,2.41065,99.258,8.53
2026-06-10T08:23:00,PCI_1,gNB-1,99.963,316,0,100.0,78.0,105.4,99.234,99.163,0.018,31,98.315,98.858,98.354,98.555,97.838,39.63,22.16,222.74,84.1,2.30128,99.325,11.85
2026-06-10T08:23:00,PCI_2,gNB-1,99.938,323,0,100.0,85.0,108.9,99.599,99.289,0.197,32,98.487,99.458,98.223,98.215,98.583,37.07,23.9,228.44,85.33,2.35328,98.889,11.16
2026-06-10T08:23:00,PCI_3,gNB-1,99.957,305,0,100.0,77.8,93.5,99.538,99.189,0.151,27,98.71,98.874,98.285,97.889,97.897,44.92,33.72,177.45,88.52,1.99477,98.897,11.52
2026-06-10T08:23:00,PCI_4,gNB-1,99.952,337,0,100.0,79.4,97.3,99.432,99.376,0.223,39,98.697,99.01,98.381,98.605,97.402,35.54,31.75,163.32,93.33,1.92489,99.462,9.14
2026-06-10T08:23:00,PCI_5,gNB-2,100.0,306,0,100.0,85.2,114.8,99.646,99.444,0.107,30,98.043,98.991,99.13,98.684,97.821,37.42,35.85,238.4,68.96,2.30519,99.082,10.35
2026-06-10T08:23:00,PCI_6,gNB-2,99.961,313,0,100.0,79.2,110.4,99.658,99.364,0.123,30,98.691,98.717,98.752,97.883,97.719,33.57,25.0,176.34,73.11,1.87086,99.321,11.2
2026-06-10T08:23:00,PCI_7,gNB-2,99.952,309,0,100.0,65.4,85.4,99.703,99.523,0.215,22,98.107,98.861,98.857,98.056,97.738,33.17,25.65,214.75,84.64,2.24541,98.897,8.37
2026-06-10T08:23:00,PCI_8,gNB-3,99.928,334,0,100.0,80.3,97.1,99.404,99.476,0.21,24,98.254,99.189,98.569,98.124,98.167,39.56,34.79,213.53,76.36,2.17424,99.159,9.91
2026-06-10T08:23:00,PCI_9,gNB-3,100.0,311,0,100.0,68.9,95.3,99.636,99.363,0.185,25,98.851,98.889,98.618,98.213,98.646,42.58,26.63,185.29,75.34,1.95472,99.193,10.33
2026-06-10T08:23:00,PCI_10,gNB-3,99.99,298,0,100.0,85.2,102.4,99.571,99.293,0.151,32,98.031,99.32,98.576,98.741,98.131,43.75,32.62,220.98,81.5,2.26863,98.982,11.02
2026-06-10T08:24:00,PCI_1,gNB-1,99.959,359,0,100.0,80.6,106.1,99.406,99.347,0.296,32,98.225,99.349,99.046,98.524,98.122,39.91,27.0,182.03,87.27,2.01975,99.227,12.82
2026-06-10T08:24:00,PCI_2,gNB-1,100.0,291,0,100.0,84.5,116.1,99.606,99.229,0.253,27,98.705,98.921,98.332,98.716,97.111,35.57,32.24,186.18,87.45,2.05223,99.169,9.36
2026-06-10T08:24:00,PCI_3,gNB-1,99.971,324,0,100.0,73.6,88.3,99.694,99.508,0.149,23,98.7,98.569,98.591,98.218,97.697,39.62,27.87,175.22,95.93,2.0336,99.381,11.86
2026-06-10T08:24:00,PCI_4,gNB-1,100.0,342,0,100.0,92.1,116.9,99.564,99.449,0.146,21,98.078,99.002,98.887,98.125,98.395,44.19,28.94,231.21,95.61,2.45117,99.315,8.6
2026-06-10T08:24:00,PCI_5,gNB-2,99.983,325,0,100.0,83.4,100.6,99.761,99.555,0.235,30,98.262,98.96,98.963,98.178,99.022,38.12,28.27,224.48,87.63,2.34085,99.193,9.74
2026-06-10T08:24:00,PCI_6,gNB-2,99.98,340,0,100.0,80.1,105.3,99.727,99.553,0.0,25,98.267,98.942,98.754,98.576,98.216,38.58,30.71,239.74,76.74,2.37363,99.276,12.43
2026-06-10T08:24:00,PCI_7,gNB-2,99.969,297,0,100.0,79.4,108.8,99.758,99.494,0.132,30,98.631,99.026,98.79,98.376,97.881,37.25,30.72,171.91,71.58,1.82611,99.525,9.72
2026-06-10T08:24:00,PCI_8,gNB-3,99.986,326,0,100.0,82.7,105.5,99.479,99.586,0.102,32,97.924,98.735,98.998,98.256,97.765,40.59,26.44,197.68,63.93,1.96207,99.087,9.11
2026-06-10T08:24:00,PCI_9,gNB-3,100.0,341,0,100.0,95.3,126.1,99.292,98.924,0.258,33,98.306,98.813,98.372,98.706,97.971,46.25,29.82,137.0,88.4,1.69055,99.108,9.73
2026-06-10T08:24:00,PCI_10,gNB-3,99.958,324,0,100.0,82.4,105.9,99.676,99.28,0.236,31,98.519,99.152,98.869,98.217,98.313,38.18,33.08,172.0,82.46,1.9085,99.304,8.9
2026-06-10T08:25:00,PCI_1,gNB-1,99.961,321,0,100.0,77.2,92.1,99.829,99.472,0.038,27,98.814,98.93,99.035,98.487,98.15,38.21,28.71,190.63,82.52,2.04867,99.333,10.74
2026-06-10T08:25:00,PCI_2,gNB-1,99.969,330,0,100.0,70.0,83.5,99.482,99.362,0.132,23,98.242,99.172,98.787,97.811,98.01,34.78,37.6,185.82,78.92,1.98555,99.225,9.82
2026-06-10T08:25:00,PCI_3,gNB-1,100.0,353,0,100.0,89.7,119.8,99.456,99.741,0.199,34,98.246,99.209,98.829,98.144,98.805,41.57,29.85,202.14,89.38,2.18643,99.487,11.0
2026-06-10T08:25:00,PCI_4,gNB-1,99.953,352,0,100.0,79.2,110.2,99.618,99.693,0.197,24,98.418,99.262,98.547,98.277,98.114,32.02,33.93,205.89,86.66,2.19414,98.96,8.98
2026-06-10T08:25:00,PCI_5,gNB-2,99.964,333,0,100.0,84.1,103.8,99.799,99.26,0.106,34,98.411,99.35,99.186,98.143,97.913,39.64,27.36,172.89,78.9,1.88842,99.418,9.46
2026-06-10T08:25:00,PCI_6,gNB-2,99.935,323,0,100.0,95.0,123.9,99.505,99.516,0.054,35,98.882,98.79,98.769,97.973,98.184,39.66,31.67,231.48,85.88,2.38015,99.541,11.08
2026-06-10T08:25:00,PCI_7,gNB-2,99.979,333,0,100.0,71.5,87.5,99.613,99.477,0.089,25,98.596,98.923,98.73,97.67,98.483,34.85,22.08,173.3,75.43,1.86543,99.341,8.76
2026-06-10T08:25:00,PCI_8,gNB-3,99.954,315,0,100.0,87.4,122.1,99.451,99.536,0.084,32,98.709,98.606,98.364,97.955,97.48,36.37,26.96,161.1,82.86,1.82969,99.34,8.15
2026-06-10T08:25:00,PCI_9,gNB-3,99.91,330,0,100.0,77.4,100.6,99.729,99.539,0.136,33,99.026,98.903,98.667,98.66,97.724,40.87,30.96,179.52,80.18,1.94779,98.81,9.3
2026-06-10T08:25:00,PCI_10,gNB-3,99.956,364,0,100.0,92.8,121.8,99.751,99.656,0.222,35,98.229,99.109,98.542,97.948,97.603,40.96,34.97,162.77,95.96,1.94049,99.569,9.53
2026-06-10T08:26:00,PCI_1,gNB-1,99.947,330,0,100.0,80.4,99.6,99.652,98.987,0.16,31,98.592,99.195,98.848,98.519,98.051,36.05,29.95,196.08,92.33,2.16313,99.607,10.74
2026-06-10T08:26:00,PCI_2,gNB-1,99.943,320,0,100.0,94.5,118.2,99.592,99.247,0.212,33,98.485,99.026,99.206,98.252,98.591,44.34,31.06,220.01,81.27,2.25963,98.993,9.71
2026-06-10T08:26:00,PCI_3,gNB-1,100.0,338,0,100.0,87.9,110.7,99.132,99.462,0.024,31,98.237,99.026,99.11,97.788,98.067,39.06,23.28,214.12,82.54,2.22488,99.073,9.03
2026-06-10T08:26:00,PCI_4,gNB-1,99.984,325,0,100.0,75.9,105.6,99.542,99.384,0.077,28,98.355,98.66,98.455,98.185,98.297,41.31,29.5,198.41,83.98,2.11794,99.71,9.19
2026-06-10T08:26:00,PCI_5,gNB-2,99.963,342,0,100.0,84.9,106.2,99.53,99.514,0.222,33,98.442,99.047,99.405,97.969,98.078,42.93,31.45,214.32,83.64,2.23469,99.388,12.04
2026-06-10T08:26:00,PCI_6,gNB-2,99.983,334,0,100.0,80.2,109.8,99.43,99.549,0.269,33,98.883,98.759,99.156,98.085,97.981,46.75,26.56,218.95,84.51,2.27596,99.162,8.8
2026-06-10T08:26:00,PCI_7,gNB-2,99.981,324,0,100.0,93.2,124.6,99.524,99.336,0.067,29,98.527,98.948,98.204,98.139,98.182,34.54,27.15,237.61,92.8,2.47806,98.795,8.09
2026-06-10T08:26:00,PCI_8,gNB-3,99.959,313,0,100.0,79.8,107.4,99.221,98.959,0.064,30,98.454,98.573,98.848,98.512,97.914,38.05,32.6,228.15,83.48,2.33726,99.333,10.04
2026-06-10T08:26:00,PCI_9,gNB-3,99.926,317,0,100.0,81.0,101.3,99.739,99.498,0.211,23,98.668,98.853,98.458,98.044,98.424,42.68,27.98,169.48,82.37,1.88886,99.085,12.6
2026-06-10T08:26:00,PCI_10,gNB-3,99.918,303,0,100.0,83.5,96.3,99.713,99.815,0.126,27,97.972,99.061,98.956,98.222,98.413,39.49,36.91,206.24,73.8,2.10037,99.041,7.81
2026-06-10T08:27:00,PCI_1,gNB-1,99.936,336,0,100.0,99.5,117.6,99.564,99.178,0.219,35,98.321,99.172,98.868,97.739,98.26,40.06,29.4,188.58,96.56,2.13859,99.584,12.87
2026-06-10T08:27:00,PCI_2,gNB-1,99.958,323,0,100.0,74.2,100.4,99.329,99.771,0.224,27,98.566,98.896,98.581,98.485,97.751,44.42,29.0,177.17,92.96,2.02599,99.164,10.96
2026-06-10T08:27:00,PCI_3,gNB-1,99.919,299,0,100.0,73.1,89.8,99.367,99.027,0.172,26,98.532,98.697,98.967,97.861,97.838,36.36,29.45,220.33,77.5,2.23374,99.341,11.17
2026-06-10T08:27:00,PCI_4,gNB-1,99.925,315,0,100.0,79.1,101.6,99.31,99.544,0.202,27,98.085,99.001,98.539,98.47,97.97,42.43,29.23,235.08,64.14,2.2441,98.946,10.86
2026-06-10T08:27:00,PCI_5,gNB-2,99.977,343,0,100.0,84.6,99.1,99.534,99.435,0.143,28,99.146,99.002,98.409,98.578,98.287,44.41,38.11,175.53,91.05,1.99934,99.485,10.13
2026-06-10T08:27:00,PCI_6,gNB-2,99.961,287,0,100.0,98.2,118.8,99.52,99.458,0.19,39,97.971,99.011,98.958,97.906,97.986,47.05,36.23,212.5,61.66,2.0562,99.167,10.71
2026-06-10T08:27:00,PCI_7,gNB-2,100.0,331,0,100.0,82.1,96.8,99.636,99.337,0.128,28,98.732,99.059,98.34,98.26,98.166,37.64,35.56,218.44,74.65,2.19816,99.28,13.1
2026-06-10T08:27:00,PCI_8,gNB-3,99.967,332,0,100.0,78.5,109.4,99.683,99.449,0.186,27,98.598,98.872,98.842,98.55,97.98,42.77,23.88,179.36,94.13,2.05115,99.64,10.5
2026-06-10T08:27:00,PCI_9,gNB-3,100.0,313,0,100.0,90.1,122.9,99.684,99.498,0.181,28,98.663,98.626,99.147,98.341,97.593,44.89,35.58,182.75,100.21,2.12218,98.949,10.6
2026-06-10T08:27:00,PCI_10,gNB-3,99.971,298,0,100.0,83.3,106.3,99.438,99.466,0.072,26,98.366,98.693,99.172,97.901,97.736,38.25,30.98,218.82,89.12,2.30955,99.124,9.55
2026-06-10T08:28:00,PCI_1,gNB-1,99.964,346,0,100.0,80.2,107.0,99.921,99.59,0.168,29,98.344,98.75,98.6,98.233,97.781,33.83,29.83,214.53,78.93,2.20097,99.205,7.04
2026-06-10T08:28:00,PCI_2,gNB-1,99.984,332,0,100.0,70.5,88.3,99.479,99.498,0.121,26,98.398,98.623,98.674,98.202,98.23,37.86,29.51,221.61,92.22,2.35376,99.39,11.7
2026-06-10T08:28:00,PCI_3,gNB-1,99.981,346,0,100.0,87.6,103.5,99.621,99.881,0.151,29,98.391,98.992,98.773,97.961,97.307,40.84,24.66,206.59,84.02,2.17951,99.488,12.65
2026-06-10T08:28:00,PCI_4,gNB-1,99.947,326,0,100.0,78.0,107.1,99.29,99.415,0.149,29,98.4,99.026,98.479,98.161,97.379,40.15,37.28,204.18,85.82,2.175,98.955,12.29
2026-06-10T08:28:00,PCI_5,gNB-2,99.974,346,0,100.0,76.7,95.2,99.602,99.436,0.182,26,98.386,99.117,98.579,98.32,97.766,33.7,28.39,187.74,83.01,2.03061,99.496,7.61
2026-06-10T08:28:00,PCI_6,gNB-2,99.939,301,0,100.0,80.3,97.0,99.321,99.431,0.155,27,98.259,99.539,98.652,98.041,98.587,42.12,29.6,229.93,84.14,2.35559,99.361,10.5
2026-06-10T08:28:00,PCI_7,gNB-2,100.0,349,0,100.0,76.3,98.0,99.743,99.326,0.153,28,98.538,98.618,98.891,98.582,98.303,46.13,32.54,219.54,95.61,2.36361,99.127,12.75
2026-06-10T08:28:00,PCI_8,gNB-3,100.0,346,0,100.0,71.1,94.1,99.468,99.627,0.173,26,98.546,99.34,98.866,98.091,98.17,42.58,28.18,189.26,79.83,2.01815,99.048,10.67
2026-06-10T08:28:00,PCI_9,gNB-3,99.967,362,0,100.0,92.5,108.5,99.8,99.325,0.199,33,98.461,98.886,98.548,98.22,97.568,41.75,31.0,202.77,85.6,2.16276,99.381,9.26
2026-06-10T08:28:00,PCI_10,gNB-3,99.954,310,0,100.0,68.8,91.2,99.326,99.494,0.253,22,98.989,99.462,98.984,99.012,98.218,36.74,33.18,189.1,72.49,1.96193,98.882,13.62
2026-06-10T08:29:00,PCI_1,gNB-1,99.98,335,0,100.0,86.0,107.2,99.54,99.16,0.052,27,98.591,99.522,99.02,98.851,98.175,39.52,25.96,201.69,66.18,2.00904,99.129,12.63
2026-06-10T08:29:00,PCI_2,gNB-1,99.94,353,0,100.0,74.0,88.5,99.544,99.645,0.29,23,98.399,98.969,98.602,97.934,98.041,41.35,32.84,171.69,82.5,1.90646,98.771,11.57
2026-06-10T08:29:00,PCI_3,gNB-1,99.967,332,0,100.0,80.4,104.5,99.339,99.752,0.17,29,99.138,98.982,98.875,98.315,98.426,41.93,32.58,195.63,85.7,2.10992,99.499,7.09
2026-06-10T08:29:00,PCI_4,gNB-1,99.951,330,0,100.0,69.3,86.8,99.478,99.361,0.117,19,98.376,98.548,98.427,98.215,98.01,40.16,30.78,255.5,86.96,2.56844,98.903,9.29
2026-06-10T08:29:00,PCI_5,gNB-2,99.917,333,0,100.0,78.2,96.5,99.612,99.339,0.135,26,98.928,99.128,99.047,97.375,98.126,44.18,39.23,202.83,69.75,2.04439,99.356,9.31
2026-06-10T08:29:00,PCI_6,gNB-2,99.971,327,0,100.0,94.7,119.4,99.448,99.911,0.071,33,98.077,99.338,98.845,98.578,98.045,39.68,32.05,154.99,91.47,1.84846,99.438,9.63
2026-06-10T08:29:00,PCI_7,gNB-2,99.933,341,0,100.0,88.6,118.7,99.53,99.108,0.111,31,98.437,99.03,98.937,98.444,98.112,42.61,32.13,201.59,87.33,2.16689,98.779,12.11
2026-06-10T08:29:00,PCI_8,gNB-3,99.968,349,0,100.0,94.1,129.0,99.466,99.624,0.166,33,98.539,99.263,98.96,98.384,97.475,38.39,31.83,247.4,86.7,2.50575,99.19,12.03
2026-06-10T08:29:00,PCI_9,gNB-3,99.965,336,0,100.0,73.3,98.8,99.672,99.354,0.074,26,98.936,98.853,98.398,98.443,97.461,31.14,29.65,185.38,81.44,2.00117,99.076,10.74
2026-06-10T08:29:00,PCI_10,gNB-3,99.987,327,0,100.0,96.8,131.7,99.703,99.603,0.217,36,97.528,98.764,98.623,98.379,97.454,45.73,32.65,187.18,84.99,2.04132,99.128,9.11
2026-06-10T08:30:00,PCI_1,gNB-1,99.968,331,0,100.0,80.7,92.9,99.447,99.664,0.078,33,98.787,98.78,98.758,98.673,97.955,35.43,32.02,253.7,72.12,2.44369,99.355,10.29
2026-06-10T08:30:00,PCI_2,gNB-1,99.977,332,0,100.0,94.1,127.7,99.46,99.725,0.064,35,98.576,99.317,98.828,98.638,98.016,44.12,32.98,257.85,78.53,2.5229,99.516,10.98
2026-06-10T08:30:00,PCI_3,gNB-1,99.922,330,0,100.0,74.1,98.2,99.718,99.104,0.256,25,98.597,99.037,98.848,98.239,97.897,39.75,35.82,232.57,94.32,2.45173,99.31,9.99
2026-06-10T08:30:00,PCI_4,gNB-1,99.977,348,0,100.0,82.7,114.5,99.805,99.434,0.229,30,98.002,98.901,98.6,98.482,97.725,38.5,27.78,203.31,84.7,2.16013,99.463,11.49
2026-06-10T08:30:00,PCI_5,gNB-2,99.948,342,0,100.0,86.8,102.4,99.239,99.38,0.177,34,98.195,99.106,98.982,98.19,97.359,38.82,26.83,220.56,77.34,2.23429,99.664,10.5
2026-06-10T08:30:00,PCI_6,gNB-2,99.976,331,0,100.0,89.0,118.4,99.579,99.6,0.089,32,99.214,98.668,99.093,98.675,97.369,34.52,27.73,228.51,80.72,2.31917,99.177,11.35
2026-06-10T08:30:00,PCI_7,gNB-2,99.937,342,0,100.0,94.9,130.8,99.863,99.348,0.099,35,98.658,98.524,98.789,97.918,97.736,43.4,28.17,213.1,81.09,2.20638,99.702,10.14
2026-06-10T08:30:00,PCI_8,gNB-3,99.955,322,0,100.0,86.9,102.8,99.756,99.447,0.164,31,98.482,99.09,98.955,98.555,97.832,33.14,28.35,211.04,64.14,2.06385,99.097,10.95
2026-06-10T08:30:00,PCI_9,gNB-3,100.0,321,0,100.0,96.9,117.9,99.808,99.672,0.075,42,98.237,98.949,98.389,98.341,97.56,40.15,35.88,209.1,81.86,2.18225,99.6,8.91
2026-06-10T08:30:00,PCI_10,gNB-3,99.97,333,0,100.0,86.0,112.6,99.6,99.254,0.114,31,98.482,98.721,98.503,98.106,97.997,40.85,31.87,187.13,84.02,2.03361,98.869,5.91
2026-06-10T08:31:00,PCI_1,gNB-1,100.0,315,0,100.0,76.4,91.8,99.424,99.462,0.118,23,98.037,99.123,98.825,98.541,98.65,41.29,32.67,201.01,84.89,2.14424,99.118,8.88
2026-06-10T08:31:00,PCI_2,gNB-1,99.947,311,0,100.0,89.5,114.4,99.458,99.365,0.119,28,98.489,98.901,98.537,98.507,97.632,41.88,29.02,214.26,84.43,2.24018,99.261,8.73
2026-06-10T08:31:00,PCI_3,gNB-1,99.947,326,0,100.0,91.7,110.3,99.524,99.416,0.037,25,98.239,98.832,98.233,97.765,98.183,36.85,24.69,261.12,85.13,2.59688,99.117,11.18
2026-06-10T08:31:00,PCI_4,gNB-1,99.95,362,0,100.0,75.2,86.8,99.483,99.677,0.037,24,98.564,99.134,98.992,98.395,98.759,38.1,32.03,224.09,81.09,2.28883,99.119,9.45
2026-06-10T08:31:00,PCI_5,gNB-2,99.984,321,0,100.0,73.1,95.0,99.356,99.804,0.266,28,98.425,98.843,99.053,98.341,98.18,37.06,35.52,182.46,84.35,2.00107,98.758,9.14
2026-06-10T08:31:00,PCI_6,gNB-2,99.978,331,0,100.0,91.7,122.9,99.778,98.909,0.186,33,98.023,98.664,98.947,97.966,97.76,42.28,29.92,214.08,76.52,2.17952,99.261,11.73
2026-06-10T08:31:00,PCI_7,gNB-2,99.94,305,0,100.0,85.8,108.4,99.8,99.042,0.277,27,98.954,98.976,98.287,98.312,98.097,42.04,35.46,179.82,87.35,2.00374,99.37,9.71
2026-06-10T08:31:00,PCI_8,gNB-3,100.0,324,0,100.0,91.7,126.4,99.392,99.636,0.038,32,98.243,98.549,98.72,98.227,98.482,48.93,30.48,227.63,91.73,2.39522,99.056,8.82
2026-06-10T08:31:00,PCI_9,gNB-3,100.0,332,0,100.0,83.0,101.0,99.501,99.538,0.234,27,98.071,98.999,98.239,98.092,98.409,49.12,32.72,175.6,89.62,1.98912,98.627,9.07
2026-06-10T08:31:00,PCI_10,gNB-3,99.949,349,0,100.0,72.1,95.2,99.584,99.271,0.175,23,97.909,99.187,98.49,97.984,97.516,40.87,28.02,217.63,81.28,2.24181,99.455,9.53
2026-06-10T08:32:00,PCI_1,gNB-1,99.946,310,0,100.0,91.6,119.5,99.405,99.182,0.17,33,98.281,99.006,98.203,98.194,98.294,46.53,30.68,196.82,87.35,2.13125,99.462,10.85
2026-06-10T08:32:00,PCI_2,gNB-1,99.976,345,0,100.0,80.2,108.9,99.668,99.462,0.214,28,98.292,98.878,98.377,98.001,97.786,38.12,35.79,172.83,83.39,1.92166,99.041,12.35
2026-06-10T08:32:00,PCI_3,gNB-1,99.96,334,0,100.0,86.4,114.1,99.822,99.532,0.267,33,98.717,99.021,98.362,98.497,98.009,42.75,31.35,186.36,75.82,1.9663,99.363,12.07
2026-06-10T08:32:00,PCI_4,gNB-1,99.976,347,0,100.0,79.3,101.7,99.427,99.626,0.165,26,97.994,98.945,98.985,98.199,97.838,42.63,26.51,204.93,88.62,2.20159,98.996,8.91
2026-06-10T08:32:00,PCI_5,gNB-2,99.963,338,0,100.0,87.6,112.2,99.456,99.26,0.179,33,98.892,98.78,99.015,98.515,97.977,42.04,34.72,248.1,75.53,2.42723,99.34,9.95
2026-06-10T08:32:00,PCI_6,gNB-2,99.983,357,0,100.0,78.0,105.5,99.629,99.113,0.208,26,98.539,99.075,99.228,98.301,97.865,47.02,29.46,190.87,72.95,1.97865,99.46,10.57
2026-06-10T08:32:00,PCI_7,gNB-2,99.974,342,0,100.0,79.8,97.9,99.66,99.419,0.261,25,98.347,98.74,99.1,97.925,98.257,45.83,30.9,221.87,67.13,2.16751,99.097,7.71
2026-06-10T08:32:00,PCI_8,gNB-3,99.988,340,0,100.0,93.5,122.7,99.518,99.293,0.046,32,99.121,98.818,98.817,98.13,98.269,41.89,30.54,159.94,79.92,1.79894,99.49,9.81
2026-06-10T08:32:00,PCI_9,gNB-3,99.923,333,0,100.0,89.4,112.4,99.511,99.322,0.168,29,98.595,98.944,97.994,98.25,97.785,36.85,33.07,191.98,88.26,2.10186,99.464,10.39
2026-06-10T08:32:00,PCI_10,gNB-3,99.955,329,0,100.0,84.1,105.7,99.583,99.495,0.166,31,98.249,98.927,98.619,98.287,97.268,39.23,26.18,238.48,96.33,2.51108,99.61,11.38
2026-06-10T08:33:00,PCI_1,gNB-1,99.97,356,0,100.0,91.5,106.7,99.51,99.488,0.271,31,99.163,99.677,98.314,98.287,97.664,39.78,29.51,203.72,92.01,2.21799,99.428,10.59
2026-06-10T08:33:00,PCI_2,gNB-1,99.911,344,0,100.0,91.2,116.3,99.672,99.138,0.204,37,98.55,98.647,99.096,98.198,96.96,39.48,34.03,214.95,94.22,2.31875,99.35,10.39
2026-06-10T08:33:00,PCI_3,gNB-1,99.994,325,0,100.0,92.0,110.3,99.507,99.49,0.017,26,98.428,99.059,98.554,97.615,98.004,35.09,34.23,202.99,86.51,2.17126,99.356,9.43
2026-06-10T08:33:00,PCI_4,gNB-1,99.954,360,0,100.0,97.2,116.3,99.734,99.451,0.081,33,98.339,98.86,98.722,98.612,97.886,40.85,25.83,208.16,93.56,2.26291,99.398,10.91
2026-06-10T08:33:00,PCI_5,gNB-2,99.972,327,0,100.0,76.1,98.1,99.738,99.216,0.274,22,98.624,98.707,98.748,97.988,98.01,39.74,29.86,218.19,96.38,2.35931,99.051,11.52
2026-06-10T08:33:00,PCI_6,gNB-2,99.98,341,0,100.0,69.5,93.8,99.329,99.336,0.133,35,98.599,99.442,99.082,98.166,98.162,46.97,32.33,210.69,88.41,2.24322,98.825,9.0
2026-06-10T08:33:00,PCI_7,gNB-2,99.971,350,0,100.0,84.1,115.4,99.576,99.535,0.157,29,98.076,98.736,98.792,97.822,98.089,37.73,28.42,221.5,79.03,2.25398,98.984,9.2
2026-06-10T08:33:00,PCI_8,gNB-3,99.974,383,1,99.739,86.5,105.7,99.739,99.323,0.0,34,98.17,98.98,98.286,97.968,97.82,43.72,34.95,190.41,88.32,2.09049,99.102,10.36
2026-06-10T08:33:00,PCI_9,gNB-3,99.955,351,0,100.0,85.5,101.6,99.61,99.236,0.268,28,98.718,99.044,99.056,97.641,98.704,39.45,26.69,208.31,102.23,2.32905,99.319,8.35
2026-06-10T08:33:00,PCI_10,gNB-3,99.949,362,0,100.0,85.1,101.5,99.919,99.336,0.239,27,98.252,99.242,98.877,97.776,98.212,42.84,29.13,210.51,86.41,2.22687,99.072,9.31
2026-06-10T08:34:00,PCI_1,gNB-1,99.949,339,1,99.705,86.7,110.2,99.606,99.377,0.076,32,99.067,99.321,98.283,98.669,98.064,40.21,29.32,205.97,95.61,2.26187,99.327,9.58
2026-06-10T08:34:00,PCI_2,gNB-1,99.954,337,0,100.0,101.8,123.4,99.526,99.183,0.147,34,98.266,99.09,98.854,97.868,97.628,45.16,32.94,219.05,80.6,2.24738,99.097,10.87
2026-06-10T08:34:00,PCI_3,gNB-1,100.0,327,0,100.0,94.2,112.8,99.752,99.532,0.088,32,98.477,99.148,98.888,97.903,97.521,44.5,32.13,216.45,87.22,2.27754,99.571,8.4
2026-06-10T08:34:00,PCI_4,gNB-1,99.976,331,0,100.0,97.6,120.0,99.655,99.338,0.127,34,98.178,98.753,98.885,98.541,97.792,34.66,40.84,233.3,87.42,2.40541,98.937,9.33
2026-06-10T08:34:00,PCI_5,gNB-2,99.958,329,0,100.0,88.1,101.8,99.442,99.214,0.093,31,98.411,98.92,98.783,98.356,98.5,39.64,27.69,205.83,96.12,2.26464,99.055,10.26
2026-06-10T08:34:00,PCI_6,gNB-2,99.958,349,0,100.0,80.6,98.4,99.734,99.609,0.211,30,98.392,98.902,98.964,97.944,97.968,33.12,30.19,188.79,75.11,1.97918,99.334,9.11
2026-06-10T08:34:00,PCI_7,gNB-2,99.985,339,0,100.0,98.2,131.3,99.725,99.296,0.161,30,98.351,98.912,98.6,98.118,98.038,46.55,31.17,202.74,81.52,2.13201,99.815,12.57
2026-06-10T08:34:00,PCI_8,gNB-3,100.0,354,0,100.0,85.8,104.8,99.613,99.225,0.094,31,98.583,98.475,98.718,98.665,97.767,41.37,25.99,226.62,75.85,2.26851,98.885,9.73
2026-06-10T08:34:00,PCI_9,gNB-3,99.997,334,0,100.0,90.7,117.5,99.839,99.145,0.038,30,98.602,99.08,99.01,97.851,97.706,39.92,34.99,217.88,81.3,2.24388,98.942,11.5
2026-06-10T08:34:00,PCI_10,gNB-3,99.986,383,0,100.0,99.8,125.9,99.516,99.261,0.116,32,98.331,98.979,98.559,98.485,97.961,40.43,37.48,213.95,85.83,2.24833,99.188,10.29
2026-06-10T08:35:00,PCI_1,gNB-1,99.915,333,0,100.0,99.9,132.8,99.523,99.082,0.118,35,98.735,98.948,98.602,98.738,97.76,44.77,35.37,174.85,87.13,1.96487,99.056,8.82
2026-06-10T08:35:00,PCI_2,gNB-1,100.0,322,0,100.0,84.5,100.4,99.439,99.331,0.129,24,98.003,99.101,98.735,98.017,97.955,43.19,39.0,185.68,89.79,2.066,99.712,10.31
2026-06-10T08:35:00,PCI_3,gNB-1,99.935,307,0,100.0,87.5,105.3,99.71,99.6,0.231,34,98.482,98.809,98.556,98.281,98.129,38.71,32.02,228.91,87.5,2.3731,99.755,13.39
2026-06-10T08:35:00,PCI_4,gNB-1,99.938,337,0,100.0,78.4,108.3,99.45,99.189,0.129,29,98.387,98.905,98.962,98.43,98.147,44.32,27.85,212.71,79.97,2.19509,99.445,11.42
2026-06-10T08:35:00,PCI_5,gNB-2,99.951,365,0,100.0,96.7,135.4,99.572,99.434,0.088,30,98.401,98.987,98.482,98.457,97.508,40.56,31.83,161.4,87.38,1.86587,98.882,6.53
2026-06-10T08:35:00,PCI_6,gNB-2,99.966,342,0,100.0,83.7,115.7,99.808,99.609,0.239,30,98.326,99.152,98.977,98.362,97.905,34.41,34.49,216.06,74.68,2.18059,99.217,11.28
2026-06-10T08:35:00,PCI_7,gNB-2,99.984,357,0,100.0,75.9,104.7,99.667,99.575,0.245,20,98.471,99.169,99.053,98.79,97.667,39.12,27.66,227.58,74.49,2.26549,99.485,11.6
2026-06-10T08:35:00,PCI_8,gNB-3,99.972,313,0,100.0,93.5,123.3,99.56,99.373,0.209,33,98.572,98.884,98.692,98.251,98.241,39.88,35.9,165.44,94.42,1.94898,99.15,11.88
2026-06-10T08:35:00,PCI_9,gNB-3,99.976,358,0,100.0,83.1,114.0,99.57,99.435,0.036,28,98.417,98.798,98.633,97.833,98.472,42.35,39.26,185.75,75.7,1.9609,99.262,7.74
2026-06-10T08:35:00,PCI_10,gNB-3,99.932,335,0,100.0,89.5,119.7,99.871,99.518,0.058,34,98.093,99.013,98.32,98.044,98.442,38.37,29.26,193.38,82.43,2.06854,99.547,8.46
2026-06-10T08:36:00,PCI_1,gNB-1,99.939,355,0,100.0,85.1,107.6,99.594,99.297,0.098,26,98.313,99.024,99.056,98.574,97.79,37.8,34.65,163.4,81.7,1.83827,99.108,8.56
2026-06-10T08:36:00,PCI_2,gNB-1,99.942,352,0,100.0,80.7,100.9,99.604,99.119,0.221,27,98.407,98.897,98.484,97.992,98.376,41.43,31.4,232.38,79.42,2.33851,99.34,10.22
2026-06-10T08:36:00,PCI_3,gNB-1,99.998,357,1,99.72,92.9,117.7,99.65,99.659,0.184,30,98.47,98.892,98.332,97.951,97.989,42.69,24.82,205.66,88.9,2.2092,99.208,8.68
2026-06-10T08:36:00,PCI_4,gNB-1,99.929,328,0,100.0,100.2,127.5,99.625,99.445,0.16,32,98.382,98.635,98.713,98.432,97.74,36.87,29.86,206.88,85.28,2.19118,99.152,10.24
2026-06-10T08:36:00,PCI_5,gNB-2,99.979,306,0,100.0,98.7,115.7,99.488,99.44,0.209,36,98.848,98.963,98.793,98.392,97.818,45.2,34.13,230.91,81.69,2.34449,99.428,8.58
2026-06-10T08:36:00,PCI_6,gNB-2,99.97,307,0,100.0,93.3,114.8,99.611,99.063,0.249,34,98.463,99.077,98.767,98.686,98.039,34.7,30.67,238.25,89.19,2.4558,99.072,11.02
2026-06-10T08:36:00,PCI_7,gNB-2,99.987,355,1,99.718,80.5,93.7,99.552,99.449,0.277,26,98.541,98.839,98.487,98.248,97.468,32.24,37.01,204.31,93.51,2.2337,99.205,10.35
2026-06-10T08:36:00,PCI_8,gNB-3,99.941,356,0,100.0,96.9,113.2,99.615,99.88,0.149,38,98.368,99.125,98.685,98.393,97.673,36.88,32.99,168.7,78.14,1.85129,99.332,9.23
2026-06-10T08:36:00,PCI_9,gNB-3,100.0,329,0,100.0,76.7,106.0,99.607,99.344,0.27,25,97.897,99.004,98.671,98.316,97.417,44.89,31.56,205.84,72.39,2.0867,99.291,10.03
2026-06-10T08:36:00,PCI_10,gNB-3,99.985,340,0,100.0,88.5,121.1,99.646,99.169,0.134,30,98.461,98.85,98.434,98.253,97.768,41.07,30.62,152.28,84.26,1.77402,99.513,10.57
2026-06-10T08:37:00,PCI_1,gNB-1,100.0,354,0,100.0,77.7,97.5,99.739,99.49,0.172,28,98.463,99.042,98.674,98.365,97.646,38.19,34.01,199.9,66.38,1.99713,99.206,6.83
2026-06-10T08:37:00,PCI_2,gNB-1,100.0,358,1,99.721,82.9,99.9,99.555,99.385,0.091,29,98.67,99.121,98.372,97.647,97.968,38.12,33.55,247.65,97.74,2.59043,99.246,11.75
2026-06-10T08:37:00,PCI_3,gNB-1,99.952,348,0,100.0,94.6,121.7,99.515,99.239,0.144,31,98.703,98.899,99.095,98.622,97.556,44.82,30.33,241.25,89.14,2.47795,99.169,11.14
2026-06-10T08:37:00,PCI_4,gNB-1,99.977,352,0,100.0,87.1,114.1,99.446,99.491,0.064,32,98.613,99.151,98.519,99.147,97.9,41.33,29.06,242.92,81.76,2.43507,99.42,8.85
2026-06-10T08:37:00,PCI_5,gNB-2,99.947,343,0,100.0,86.1,115.0,99.656,99.162,0.082,32,97.95,99.167,98.57,98.023,98.063,43.21,29.78,205.1,91.54,2.22483,99.366,10.15
2026-06-10T08:37:00,PCI_6,gNB-2,99.959,335,0,100.0,93.6,124.1,99.637,99.655,0.127,31,98.379,99.442,98.105,98.371,98.135,41.12,40.89,237.35,91.43,2.46587,98.98,10.95
2026-06-10T08:37:00,PCI_7,gNB-2,99.97,349,0,100.0,84.9,101.6,99.827,99.59,0.163,24,98.8,99.248,98.639,98.159,98.21,37.9,35.13,184.68,78.8,1.97611,99.2,8.21
2026-06-10T08:37:00,PCI_8,gNB-3,99.954,356,0,100.0,95.7,110.9,99.676,99.438,0.119,31,98.016,98.834,98.48,98.76,98.331,35.84,35.17,215.54,82.95,2.23862,99.306,11.4
2026-06-10T08:37:00,PCI_9,gNB-3,100.0,345,0,100.0,81.4,96.3,99.588,99.271,0.094,29,98.745,99.076,98.458,98.509,98.054,43.22,36.54,189.3,84.79,2.05568,99.059,9.06
2026-06-10T08:37:00,PCI_10,gNB-3,99.96,362,0,100.0,92.0,106.7,99.761,99.415,0.138,32,98.607,99.007,98.638,98.261,98.167,36.79,32.19,207.69,82.22,2.17432,99.372,8.48
2026-06-10T08:38:00,PCI_1,gNB-1,99.954,339,0,100.0,85.8,109.6,99.654,99.101,0.18,27,98.428,98.974,98.926,98.507,98.577,41.84,30.55,199.98,91.09,2.18303,99.574,10.79
2026-06-10T08:38:00,PCI_2,gNB-1,99.989,354,0,100.0,89.6,121.0,99.244,99.3,0.219,31,97.881,99.001,98.182,98.857,98.062,36.68,35.31,193.46,90.4,2.12901,99.205,8.66
2026-06-10T08:38:00,PCI_3,gNB-1,99.96,332,0,100.0,89.8,104.7,99.346,99.702,0.245,27,98.961,99.039,98.638,98.276,97.912,46.52,32.89,168.71,101.85,2.0292,99.406,8.79
2026-06-10T08:38:00,PCI_4,gNB-1,100.0,338,0,100.0,92.3,110.2,99.516,99.251,0.205,32,99.131,98.812,98.921,98.314,97.752,46.27,32.79,190.86,83.83,2.06015,99.438,8.59
2026-06-10T08:38:00,PCI_5,gNB-2,99.978,360,0,100.0,99.5,126.2,99.684,99.432,0.271,39,98.24,98.952,98.64,98.185,97.51,44.56,32.64,214.04,96.76,2.33102,99.068,10.23
2026-06-10T08:38:00,PCI_6,gNB-2,99.96,344,0,100.0,95.1,118.3,99.787,99.259,0.163,29,98.467,98.835,99.084,98.51,98.167,48.11,37.75,228.61,81.02,2.3222,98.86,10.27
2026-06-10T08:38:00,PCI_7,gNB-2,100.0,341,0,100.0,76.9,97.3,99.439,99.273,0.188,22,98.76,99.221,98.612,97.995,97.844,34.2,37.57,213.01,80.65,2.20244,98.986,11.12
2026-06-10T08:38:00,PCI_8,gNB-3,100.0,333,0,100.0,76.0,93.4,99.622,99.827,0.142,25,98.299,99.202,98.238,98.513,98.082,39.27,28.91,236.69,100.31,2.5275,99.094,11.06
2026-06-10T08:38:00,PCI_9,gNB-3,99.946,342,0,100.0,80.1,99.7,99.588,99.321,0.101,23,98.117,98.768,98.883,98.155,97.717,43.67,34.47,193.81,81.45,2.06443,99.357,10.83
2026-06-10T08:38:00,PCI_10,gNB-3,100.0,354,0,100.0,97.8,114.7,99.726,99.482,0.083,37,98.76,98.686,99.267,97.972,97.693,39.95,35.27,225.63,85.49,2.33338,99.526,10.89
2026-06-10T08:39:00,PCI_1,gNB-1,100.0,393,0,100.0,70.1,94.6,99.445,99.418,0.157,21,98.168,98.937,98.643,97.55,98.327,41.46,32.42,220.08,78.67,2.24061,99.188,11.83
2026-06-10T08:39:00,PCI_2,gNB-1,99.975,359,0,100.0,83.5,97.3,99.676,99.318,0.003,26,97.939,99.302,98.755,98.083,97.906,51.44,37.19,180.22,85.53,1.99318,98.9,7.81
2026-06-10T08:39:00,PCI_3,gNB-1,99.95,388,0,100.0,90.2,124.4,99.63,99.603,0.05,26,99.053,99.069,99.173,98.37,98.508,38.93,34.42,251.1,94.59,2.59271,99.087,11.65
2026-06-10T08:39:00,PCI_4,gNB-1,99.954,331,0,100.0,100.9,118.3,99.414,99.572,0.197,33,97.762,99.251,98.963,98.448,97.4,35.43,36.47,232.83,90.47,2.42482,99.139,10.91
2026-06-10T08:39:00,PCI_5,gNB-2,99.957,348,0,100.0,91.9,118.0,99.742,99.543,0.093,37,98.165,99.112,99.023,98.683,97.231,45.32,37.32,248.77,68.82,2.38193,99.031,10.18
2026-06-10T08:39:00,PCI_6,gNB-2,99.967,372,0,100.0,99.6,131.0,99.382,99.202,0.117,35,98.798,98.954,98.972,97.828,96.933,39.99,34.29,203.91,78.48,2.11792,99.306,13.23
2026-06-10T08:39:00,PCI_7,gNB-2,99.966,341,0,100.0,105.6,131.4,99.692,99.644,0.225,34,98.787,99.211,98.847,98.603,97.804,41.04,30.36,231.9,81.33,2.34921,99.298,8.69
2026-06-10T08:39:00,PCI_8,gNB-3,100.0,347,0,100.0,90.9,108.1,99.567,98.986,0.227,29,98.427,98.793,99.0,98.029,98.177,46.05,39.04,242.65,91.51,2.50617,98.901,12.26
2026-06-10T08:39:00,PCI_9,gNB-3,99.93,365,1,99.726,90.5,122.0,99.763,99.655,0.078,34,98.576,99.223,98.784,98.635,98.361,44.92,27.0,233.75,87.05,2.40595,98.923,11.4
2026-06-10T08:39:00,PCI_10,gNB-3,99.978,366,1,99.727,86.0,112.2,99.42,99.586,0.183,32,98.102,99.156,98.746,98.526,98.01,45.77,33.63,230.36,97.61,2.45977,99.251,11.84
2026-06-10T08:40:00,PCI_1,gNB-1,99.954,362,0,100.0,96.7,112.7,99.592,99.563,0.182,30,98.614,99.333,98.565,97.782,98.082,39.08,40.2,213.96,87.13,2.25812,99.053,10.76
2026-06-10T08:40:00,PCI_2,gNB-1,99.97,341,0,100.0,84.2,98.0,99.433,99.392,0.105,25,99.001,98.492,99.139,97.895,98.043,50.52,24.37,181.36,97.48,2.09136,99.251,9.59
2026-06-10T08:40:00,PCI_3,gNB-1,99.966,340,0,100.0,102.4,135.8,99.626,99.643,0.289,34,98.599,98.871,98.521,98.193,97.795,34.85,24.93,197.14,88.22,2.14022,99.506,9.62
2026-06-10T08:40:00,PCI_4,gNB-1,99.962,364,0,100.0,89.7,111.8,99.881,99.342,0.119,26,98.638,98.944,99.272,98.212,98.291,45.29,39.18,182.97,99.44,2.11809,99.212,10.24
2026-06-10T08:40:00,PCI_5,gNB-2,99.974,349,0,100.0,72.4,86.2,99.614,99.221,0.148,32,98.622,98.914,99.212,98.077,97.96,39.47,31.8,232.89,91.72,2.43458,99.03,10.21
2026-06-10T08:40:00,PCI_6,gNB-2,99.98,349,0,100.0,85.0,104.3,99.612,99.205,0.181,29,98.24,98.859,98.57,98.263,98.05,40.81,29.33,249.79,94.2,2.57995,99.235,11.78
2026-06-10T08:40:00,PCI_7,gNB-2,100.0,351,0,100.0,111.3,130.0,99.756,99.329,0.193,45,98.633,99.268,99.075,98.496,98.546,42.51,34.64,199.67,107.62,2.30468,99.281,10.55
2026-06-10T08:40:00,PCI_8,gNB-3,99.954,347,0,100.0,84.5,107.8,99.548,99.511,0.143,27,98.423,98.978,98.56,98.581,98.238,42.17,28.09,227.36,77.23,2.28442,99.252,10.46
2026-06-10T08:40:00,PCI_9,gNB-3,99.976,342,1,99.708,106.5,133.2,99.574,99.591,0.18,40,98.152,98.744,99.673,98.296,97.911,42.23,36.52,186.12,89.3,2.06569,99.2,11.36
2026-06-10T08:40:00,PCI_10,gNB-3,99.993,347,1,99.712,71.8,84.5,99.392,99.328,0.264,23,98.685,98.956,98.91,98.316,97.838,46.8,31.67,182.59,84.58,2.00381,99.336,8.78
2026-06-10T08:41:00,PCI_1,gNB-1,99.966,367,0,100.0,86.2,116.1,99.363,99.325,0.159,31,98.492,98.985,98.531,98.179,98.112,43.91,35.28,239.93,96.59,2.52389,98.774,9.65
2026-06-10T08:41:00,PCI_2,gNB-1,99.973,347,1,99.712,96.8,132.8,99.621,99.648,0.128,33,98.769,99.119,99.116,98.414,98.26,39.67,29.22,215.81,67.11,2.12188,99.304,11.8
2026-06-10T08:41:00,PCI_3,gNB-1,99.996,353,0,100.0,90.8,109.6,99.919,99.544,0.215,33,98.58,99.073,98.727,98.619,97.469,40.74,35.34,195.86,86.66,2.11889,99.041,11.03
2026-06-10T08:41:00,PCI_4,gNB-1,99.936,377,0,100.0,85.6,101.4,99.686,99.675,0.008,31,97.984,99.178,98.836,98.451,98.305,43.24,30.35,224.44,96.64,2.4081,99.179,10.44
2026-06-10T08:41:00,PCI_5,gNB-2,99.982,373,0,100.0,85.4,117.4,99.481,99.357,0.237,32,98.916,99.362,98.451,98.446,98.51,50.53,27.42,182.03,91.04,2.04805,99.126,8.98
2026-06-10T08:41:00,PCI_6,gNB-2,99.937,345,0,100.0,90.9,117.8,99.58,99.527,0.215,32,98.44,98.847,98.235,98.182,98.341,44.24,40.65,212.32,73.81,2.14595,99.403,11.88
2026-06-10T08:41:00,PCI_7,gNB-2,99.965,333,0,100.0,96.5,113.7,99.555,99.256,0.072,30,98.546,98.916,98.514,97.559,98.591,38.13,32.27,188.68,90.29,2.09223,98.844,10.52
2026-06-10T08:41:00,PCI_8,gNB-3,99.991,369,0,100.0,86.0,99.7,99.902,99.122,0.17,28,98.593,99.159,98.744,98.379,98.098,39.46,31.94,176.13,84.63,1.9557,99.019,10.01
2026-06-10T08:41:00,PCI_9,gNB-3,99.977,361,0,100.0,99.4,120.4,99.663,99.397,0.144,31,98.66,99.276,98.997,98.278,98.216,45.2,39.71,244.82,88.39,2.49902,99.224,10.61
2026-06-10T08:41:00,PCI_10,gNB-3,99.973,349,0,100.0,85.6,101.9,99.652,99.291,0.134,24,98.729,99.0,98.665,98.434,98.072,39.0,40.39,204.72,94.72,2.24577,99.637,9.48
2026-06-10T08:42:00,PCI_1,gNB-1,99.947,346,0,100.0,88.9,109.2,99.789,99.576,0.091,34,98.557,99.648,99.192,98.142,97.911,38.48,33.37,217.79,93.24,2.33273,99.221,8.28
2026-06-10T08:42:00,PCI_2,gNB-1,99.977,378,0,100.0,90.2,118.1,99.576,99.404,0.038,34,98.312,99.035,97.976,98.367,98.447,33.29,38.65,227.9,82.01,2.32431,98.822,12.05
2026-06-10T08:42:00,PCI_3,gNB-1,99.945,366,0,100.0,85.3,112.5,99.463,99.572,0.038,27,98.084,99.313,98.198,97.973,98.221,42.69,41.23,260.61,92.32,2.64698,99.365,7.76
2026-06-10T08:42:00,PCI_4,gNB-1,99.98,353,0,100.0,91.2,116.5,99.403,99.222,0.093,34,98.622,98.921,98.621,98.384,97.766,40.81,26.26,232.63,94.96,2.45687,99.287,11.06
2026-06-10T08:42:00,PCI_5,gNB-2,99.93,387,1,99.742,81.3,112.4,99.702,99.604,0.202,30,98.553,98.644,98.496,97.78,97.87,36.59,33.21,212.49,72.65,2.13853,99.375,11.47
2026-06-10T08:42:00,PCI_6,gNB-2,99.975,360,0,100.0,89.1,106.3,99.626,99.605,0.162,30,98.645,99.186,98.77,98.168,97.732,40.35,30.61,221.3,88.83,2.32595,99.177,10.36
2026-06-10T08:42:00,PCI_7,gNB-2,99.901,380,0,100.0,86.9,100.4,99.551,99.379,0.133,28,98.103,98.404,98.753,98.637,97.689,43.71,31.3,222.94,81.25,2.28146,99.14,10.19
2026-06-10T08:42:00,PCI_8,gNB-3,100.0,360,0,100.0,72.1,95.3,99.592,99.436,0.173,23,98.182,98.887,98.57,98.937,98.616,39.85,31.16,223.84,91.79,2.36718,99.027,8.89
2026-06-10T08:42:00,PCI_9,gNB-3,99.94,372,0,100.0,77.5,104.7,99.628,99.501,0.125,22,98.556,99.139,98.691,98.148,98.185,41.49,28.39,218.18,77.32,2.21628,99.427,11.02
2026-06-10T08:42:00,PCI_10,gNB-3,99.965,360,0,100.0,74.5,96.3,99.836,99.092,0.137,21,98.471,98.408,98.217,98.134,98.037,43.17,34.39,243.87,92.81,2.52513,99.373,8.9
2026-06-10T08:43:00,PCI_1,gNB-1,99.934,405,0,100.0,98.2,122.8,99.741,99.315,0.282,33,98.467,99.526,98.079,98.397,97.398,39.3,32.51,208.47,89.08,2.23165,99.004,10.2
2026-06-10T08:43:00,PCI_2,gNB-1,100.0,353,0,100.0,96.9,128.6,99.698,99.313,0.127,37,98.523,98.526,98.839,97.433,98.082,40.28,27.34,219.06,85.29,2.28256,99.688,9.7
2026-06-10T08:43:00,PCI_3,gNB-1,99.955,379,1,99.736,85.2,113.2,99.575,99.426,0.13,26,98.38,98.755,98.236,98.204,98.609,48.27,32.62,220.47,91.79,2.34199,99.53,10.83
2026-06-10T08:43:00,PCI_4,gNB-1,99.956,353,0,100.0,112.4,156.6,99.29,99.555,0.143,39,98.86,99.009,98.295,97.705,97.973,37.25,34.02,185.42,84.92,2.02753,98.827,9.81
2026-06-10T08:43:00,PCI_5,gNB-2,99.956,368,0,100.0,90.2,117.1,99.888,99.467,0.191,33,98.927,99.245,98.894,98.521,97.691,39.45,32.45,219.52,87.9,2.30561,99.27,10.4
2026-06-10T08:43:00,PCI_6,gNB-2,99.97,335,0,100.0,96.4,112.8,99.671,99.474,0.153,28,98.131,98.844,99.176,98.035,97.87,37.45,30.92,225.76,71.2,2.22717,98.486,11.35
2026-06-10T08:43:00,PCI_7,gNB-2,99.96,350,0,100.0,99.5,132.5,99.571,99.616,0.101,33,98.778,98.927,98.334,98.087,97.527,44.09,25.99,242.22,74.6,2.37617,99.205,8.16
2026-06-10T08:43:00,PCI_8,gNB-3,99.931,374,0,100.0,102.2,140.3,99.612,99.441,0.191,34,98.822,99.075,99.035,98.435,98.228,38.96,31.22,184.92,85.38,2.02727,99.149,11.61
2026-06-10T08:43:00,PCI_9,gNB-3,99.986,407,0,100.0,101.8,118.9,99.218,99.342,0.251,28,98.723,98.764,98.552,98.359,97.338,42.66,30.29,198.45,93.35,2.18851,100.0,10.87
2026-06-10T08:43:00,PCI_10,gNB-3,100.0,358,0,100.0,93.8,110.6,99.624,99.572,0.132,40,97.997,99.139,98.854,98.371,97.599,37.31,31.92,219.56,78.0,2.23176,98.926,11.19
2026-06-10T08:44:00,PCI_1,gNB-1,99.918,352,0,100.0,86.4,112.6,99.668,99.38,0.218,37,98.841,98.634,98.664,98.168,97.867,37.13,31.4,191.05,90.73,2.11334,99.202,8.23
2026-06-10T08:44:00,PCI_2,gNB-1,100.0,353,0,100.0,96.1,110.9,99.098,99.293,0.095,32,98.121,98.882,98.488,99.104,98.233,41.21,32.77,215.13,89.51,2.28475,99.088,10.33
2026-06-10T08:44:00,PCI_3,gNB-1,99.906,373,0,100.0,102.8,131.8,99.446,99.041,0.098,35,98.608,99.26,98.515,98.046,98.257,46.71,31.04,226.56,99.03,2.44196,99.27,10.27
2026-06-10T08:44:00,PCI_4,gNB-1,99.927,380,0,100.0,93.2,128.4,99.406,99.372,0.14,35,98.123,99.351,98.699,98.645,97.646,43.37,37.85,220.98,76.2,2.22887,99.107,11.16
2026-06-10T08:44:00,PCI_5,gNB-2,99.962,339,0,100.0,84.5,101.2,99.417,99.024,0.093,33,98.228,98.989,98.762,98.003,98.369,42.7,34.75,175.99,73.98,1.87472,98.5,10.07
2026-06-10T08:44:00,PCI_6,gNB-2,99.992,371,0,100.0,90.1,106.8,99.662,99.699,0.09,33,98.415,98.907,98.934,98.051,97.612,44.66,32.87,211.59,86.95,2.23905,99.315,9.81
2026-06-10T08:44:00,PCI_7,gNB-2,99.97,367,0,100.0,102.3,128.6,99.564,99.417,0.106,44,98.423,99.13,99.098,97.88,97.699,40.43,29.0,186.52,83.91,2.02824,99.515,11.45
2026-06-10T08:44:00,PCI_8,gNB-3,99.98,361,0,100.0,97.8,135.2,99.433,99.435,0.134,32,98.194,98.823,98.408,98.429,98.117,43.31,32.26,208.13,104.41,2.34409,98.727,12.17
2026-06-10T08:44:00,PCI_9,gNB-3,99.995,362,0,100.0,90.5,126.1,99.387,99.372,0.032,34,98.826,98.132,98.225,98.373,98.064,42.47,34.69,237.05,95.02,2.4905,99.64,10.41
2026-06-10T08:44:00,PCI_10,gNB-3,99.93,336,0,100.0,82.5,109.6,99.946,99.503,0.057,28,98.501,99.043,99.019,98.579,97.064,47.51,31.03,204.51,99.45,2.27973,99.127,8.32
2026-06-10T08:45:00,PCI_1,gNB-1,99.963,363,0,100.0,104.8,120.8,99.526,99.72,0.116,40,98.563,99.054,98.622,98.382,97.829,39.5,32.62,203.53,90.92,2.20842,99.216,10.01
2026-06-10T08:45:00,PCI_2,gNB-1,100.0,359,0,100.0,92.8,114.6,99.552,99.528,0.134,31,98.416,99.035,98.81,98.426,97.419,37.95,22.65,239.8,97.35,2.52858,99.519,10.61
2026-06-10T08:45:00,PCI_3,gNB-1,99.941,362,0,100.0,80.5,101.0,99.508,99.579,0.264,26,98.604,99.063,98.461,97.777,97.728,36.47,31.89,216.2,87.03,2.27424,99.152,11.12
2026-06-10T08:45:00,PCI_4,gNB-1,99.965,376,0,100.0,93.3,128.5,99.477,99.076,0.193,30,98.726,99.185,98.69,98.291,98.335,43.7,29.42,223.86,92.88,2.37555,99.244,10.68
2026-06-10T08:45:00,PCI_5,gNB-2,99.953,361,0,100.0,81.4,102.6,99.501,99.439,0.043,28,98.244,99.732,98.387,98.003,98.319,46.73,24.75,226.01,95.45,2.41089,98.889,11.41
2026-06-10T08:45:00,PCI_6,gNB-2,99.959,348,0,100.0,89.1,112.3,99.929,99.304,0.096,33,98.47,99.324,98.612,98.396,98.022,42.86,32.31,217.05,101.76,2.39108,99.024,9.58
2026-06-10T08:45:00,PCI_7,gNB-2,99.957,371,0,100.0,100.2,120.4,99.634,99.359,0.128,35,97.905,99.06,98.734,97.866,97.957,48.34,31.6,234.34,86.65,2.40744,98.992,9.02
2026-06-10T08:45:00,PCI_8,gNB-3,99.943,382,0,100.0,87.2,102.6,99.577,99.257,0.178,27,98.025,99.313,98.149,98.452,97.462,42.08,32.36,208.78,71.14,2.09943,99.166,10.34
2026-06-10T08:45:00,PCI_9,gNB-3,99.977,361,0,100.0,87.1,116.9,99.425,99.47,0.192,37,98.76,99.1,99.11,97.998,98.362,40.06,30.71,246.77,90.32,2.5282,99.521,8.25
2026-06-10T08:45:00,PCI_10,gNB-3,99.959,355,0,100.0,77.8,95.4,99.628,99.201,0.056,24,98.907,98.97,98.595,98.44,97.997,43.15,36.11,228.07,95.45,2.42642,98.903,10.5
2026-06-10T08:46:00,PCI_1,gNB-1,99.983,366,0,100.0,88.4,113.1,99.738,99.289,0.064,32,98.783,98.931,98.735,98.051,97.928,46.79,36.51,225.09,86.83,2.33943,98.799,10.91
2026-06-10T08:46:00,PCI_2,gNB-1,99.989,380,0,100.0,96.5,118.2,99.436,99.636,0.209,37,98.698,99.111,99.134,98.105,98.221,46.72,30.32,193.52,92.45,2.14479,99.231,11.35
2026-06-10T08:46:00,PCI_3,gNB-1,99.976,354,0,100.0,102.4,126.7,99.56,99.182,0.206,41,98.102,99.188,98.967,98.14,97.877,38.45,30.38,225.99,94.23,2.40163,99.232,11.72
2026-06-10T08:46:00,PCI_4,gNB-1,99.912,348,0,100.0,102.9,136.3,99.862,99.495,0.16,41,97.775,98.614,98.914,98.234,97.684,48.44,35.37,191.07,84.07,2.06351,99.412,13.1
2026-06-10T08:46:00,PCI_5,gNB-2,99.953,369,0,100.0,80.1,99.9,99.369,99.301,0.262,29,98.737,99.153,98.812,98.593,97.613,41.19,36.84,204.65,85.87,2.17888,99.502,12.75
2026-06-10T08:46:00,PCI_6,gNB-2,99.97,353,0,100.0,95.9,129.4,99.693,99.515,0.158,42,98.909,99.208,99.011,99.179,98.389,39.82,34.8,224.41,84.92,2.31996,99.274,10.88
2026-06-10T08:46:00,PCI_7,gNB-2,99.984,358,0,100.0,81.4,110.2,99.608,99.462,0.0,33,98.005,98.799,98.901,98.135,97.875,33.91,31.85,227.87,94.69,2.41919,99.141,10.84
2026-06-10T08:46:00,PCI_8,gNB-3,99.968,355,0,100.0,109.3,131.0,99.788,99.423,0.254,36,98.665,99.092,98.647,98.405,97.752,42.34,32.0,241.38,88.68,2.47548,98.87,9.97
2026-06-10T08:46:00,PCI_9,gNB-3,100.0,352,0,100.0,97.1,118.7,99.494,99.331,0.222,29,98.622,99.033,98.566,98.34,97.647,43.54,28.79,191.45,100.37,2.18864,99.039,7.41
2026-06-10T08:46:00,PCI_10,gNB-3,99.982,354,0,100.0,115.3,147.1,99.743,99.478,0.271,40,98.69,98.764,98.762,98.765,98.189,43.3,25.8,213.51,79.27,2.19587,99.403,9.43
2026-06-10T08:47:00,PCI_1,gNB-1,100.0,352,0,100.0,85.2,98.4,99.995,99.452,0.093,31,98.807,99.226,98.132,98.378,97.283,50.31,33.99,212.72,95.08,2.30848,99.332,8.79
2026-06-10T08:47:00,PCI_2,gNB-1,99.965,364,0,100.0,105.5,139.7,99.793,99.518,0.092,39,99.065,99.213,99.189,98.085,98.37,46.54,27.83,183.93,84.1,2.01026,99.233,11.22
2026-06-10T08:47:00,PCI_3,gNB-1,99.973,366,0,100.0,95.2,116.8,99.681,99.4,0.172,32,98.752,98.888,99.204,98.309,98.114,39.84,32.37,228.29,89.97,2.38698,99.059,8.82
2026-06-10T08:47:00,PCI_4,gNB-1,99.951,370,0,100.0,104.4,143.6,99.311,99.382,0.025,32,98.823,99.154,98.524,98.127,97.988,35.88,35.65,215.58,104.46,2.40032,98.95,12.05
2026-06-10T08:47:00,PCI_5,gNB-2,100.0,383,0,100.0,100.4,120.5,99.485,99.381,0.187,36,98.988,99.218,97.93,98.197,97.325,41.34,36.23,191.01,80.44,2.03589,99.25,10.12
2026-06-10T08:47:00,PCI_6,gNB-2,99.982,372,0,100.0,108.5,132.0,99.608,99.214,0.172,41,98.926,99.005,98.505,98.088,97.534,43.36,39.18,165.26,72.51,1.7833,99.564,8.15
2026-06-10T08:47:00,PCI_7,gNB-2,99.99,349,0,100.0,100.8,125.7,99.733,99.422,0.194,40,98.848,98.852,98.478,98.248,97.942,43.18,31.37,240.81,90.22,2.48272,99.307,10.58
2026-06-10T08:47:00,PCI_8,gNB-3,99.934,350,0,100.0,97.4,122.6,99.702,99.63,0.206,35,98.467,98.607,98.786,98.228,97.916,52.54,26.38,226.12,99.68,2.44352,99.459,12.44
2026-06-10T08:47:00,PCI_9,gNB-3,99.941,353,0,100.0,92.3,117.5,99.646,99.455,0.186,31,98.559,98.851,98.713,98.179,98.118,37.3,27.89,236.43,91.87,2.46228,98.98,10.25
2026-06-10T08:47:00,PCI_10,gNB-3,99.973,398,0,100.0,108.5,150.3,99.676,99.365,0.129,41,98.771,98.949,98.453,98.948,98.522,43.55,32.69,232.41,90.76,2.42378,99.521,9.15
2026-06-10T08:48:00,PCI_1,gNB-1,99.986,358,0,100.0,109.8,126.3,99.694,99.699,0.135,35,98.839,99.149,98.665,98.765,98.114,36.05,35.41,224.95,105.53,2.47858,99.219,10.32
2026-06-10T08:48:00,PCI_2,gNB-1,99.924,373,0,100.0,96.3,132.1,99.824,99.898,0.078,31,98.275,98.859,98.521,98.344,98.413,37.97,27.88,180.41,99.34,2.09818,99.555,8.33
2026-06-10T08:48:00,PCI_3,gNB-1,99.947,372,0,100.0,103.5,136.1,99.716,99.484,0.118,42,98.528,98.745,98.588,97.866,98.039,47.57,28.98,254.71,107.27,2.71479,99.318,8.89
2026-06-10T08:48:00,PCI_4,gNB-1,99.968,365,0,100.0,85.4,99.5,99.587,99.54,0.073,35,98.847,99.246,98.533,98.851,97.913,50.45,38.33,204.1,86.88,2.18242,99.692,12.13
2026-06-10T08:48:00,PCI_5,gNB-2,99.995,373,0,100.0,89.2,105.8,99.515,99.333,0.189,28,98.747,99.051,98.958,98.596,98.47,45.7,36.87,222.04,95.08,2.37841,98.998,10.26
2026-06-10T08:48:00,PCI_6,gNB-2,99.982,369,0,100.0,86.9,109.6,99.528,99.498,0.155,33,98.414,98.773,98.158,98.236,97.614,45.33,39.82,170.78,80.18,1.88217,99.301,12.49
2026-06-10T08:48:00,PCI_7,gNB-2,100.0,375,0,100.0,100.0,129.8,99.706,99.17,0.123,35,98.284,98.958,98.57,98.117,98.277,41.62,29.65,208.57,90.82,2.24539,99.754,11.02
2026-06-10T08:48:00,PCI_8,gNB-3,99.917,377,0,100.0,98.4,136.0,99.41,99.202,0.282,29,98.341,99.315,98.929,97.812,97.994,41.1,33.25,245.41,85.87,2.48456,99.143,12.83
2026-06-10T08:48:00,PCI_9,gNB-3,100.0,364,0,100.0,85.3,110.0,99.415,99.45,0.113,32,98.836,99.035,98.613,98.406,98.052,38.27,38.34,232.12,96.84,2.46727,98.88,11.95
2026-06-10T08:48:00,PCI_10,gNB-3,100.0,379,0,100.0,95.7,119.0,99.646,99.371,0.191,32,98.596,98.849,98.757,98.628,97.858,45.85,30.44,216.99,88.56,2.29159,99.536,9.46
2026-06-10T08:49:00,PCI_1,gNB-1,99.92,349,0,100.0,103.3,119.5,99.46,99.17,0.218,32,98.701,98.89,98.722,99.027,98.578,46.71,28.57,235.64,91.23,2.4516,99.196,12.66
2026-06-10T08:49:00,PCI_2,gNB-1,100.0,376,1,99.734,89.8,114.0,99.42,99.422,0.161,25,98.091,98.775,98.964,98.612,98.239,44.27,25.23,232.94,86.62,2.39666,99.516,12.67
2026-06-10T08:49:00,PCI_3,gNB-1,99.942,382,0,100.0,87.5,111.8,99.424,99.598,0.071,30,98.274,98.901,98.862,98.152,98.105,39.22,39.77,211.05,98.95,2.32501,99.761,6.92
2026-06-10T08:49:00,PCI_4,gNB-1,99.922,368,0,100.0,91.9,121.6,99.5,99.529,0.069,34,97.611,98.539,99.277,98.375,97.707,52.23,38.36,255.96,87.28,2.57427,99.376,11.39
2026-06-10T08:49:00,PCI_5,gNB-2,99.963,380,0,100.0,106.2,134.2,99.513,99.291,0.169,39,98.396,98.989,98.908,98.451,98.44,44.23,30.46,182.2,97.31,2.09629,99.132,10.08
2026-06-10T08:49:00,PCI_6,gNB-2,100.0,347,0,100.0,74.5,102.4,99.473,99.789,0.187,25,98.57,99.203,98.488,98.25,97.896,53.42,34.36,176.76,97.19,2.0546,99.879,9.14
2026-06-10T08:49:00,PCI_7,gNB-2,99.946,370,0,100.0,91.1,122.1,99.42,99.196,0.0,35,98.165,99.111,98.821,98.119,98.04,42.84,32.01,228.3,91.05,2.39506,98.953,8.6
2026-06-10T08:49:00,PCI_8,gNB-3,99.991,373,0,100.0,107.8,149.8,99.755,99.438,0.234,38,98.64,98.942,98.716,98.905,97.588,43.22,31.59,251.68,105.59,2.67952,99.134,6.3
2026-06-10T08:49:00,PCI_9,gNB-3,99.975,381,0,100.0,93.6,119.4,99.25,99.551,0.186,33,98.188,98.83,98.52,98.465,97.663,49.26,35.58,170.38,104.51,2.06169,99.254,9.73
2026-06-10T08:49:00,PCI_10,gNB-3,99.994,343,0,100.0,75.2,102.2,99.818,99.672,0.129,23,98.805,98.999,98.781,98.51,97.626,46.46,25.2,264.64,77.44,2.56562,99.048,9.53
2026-06-10T08:50:00,PCI_1,gNB-1,99.963,384,0,100.0,100.6,135.8,99.595,99.011,0.0,28,98.498,98.951,98.669,98.382,97.928,39.14,27.83,178.26,100.95,2.09406,99.446,8.46
2026-06-10T08:50:00,PCI_2,gNB-1,99.998,379,0,100.0,91.0,125.5,99.787,99.045,0.099,31,98.285,99.56,98.982,98.372,97.661,46.9,36.71,214.1,87.12,2.25914,98.826,10.45
2026-06-10T08:50:00,PCI_3,gNB-1,99.978,388,0,100.0,102.9,127.0,99.531,99.658,0.185,33,98.666,99.224,98.93,98.342,97.821,44.92,41.12,231.26,85.14,2.37299,99.295,8.64
2026-06-10T08:50:00,PCI_4,gNB-1,100.0,368,0,100.0,96.8,124.9,99.964,99.36,0.091,35,98.48,99.043,98.519,98.481,98.034,34.24,33.05,236.01,100.5,2.52386,99.056,9.31
2026-06-10T08:50:00,PCI_5,gNB-2,99.958,363,0,100.0,99.9,127.3,99.605,99.173,0.225,33,98.344,99.527,98.981,97.976,97.832,42.21,30.91,177.44,97.33,2.06082,99.407,10.94
2026-06-10T08:50:00,PCI_6,gNB-2,99.991,376,0,100.0,87.2,107.8,99.516,99.549,0.17,26,98.314,99.463,98.404,98.353,97.778,48.39,33.74,215.85,80.89,2.22555,99.141,11.84
2026-06-10T08:50:00,PCI_7,gNB-2,99.94,352,0,100.0,93.8,126.9,99.622,99.274,0.109,30,98.476,98.874,98.173,98.466,97.816,48.15,36.2,243.0,92.1,2.51327,99.538,10.03
2026-06-10T08:50:00,PCI_8,gNB-3,99.965,377,0,100.0,92.8,115.8,99.537,99.662,0.202,32,98.379,99.286,98.493,98.174,98.274,45.64,42.39,221.36,75.02,2.22284,99.373,12.49
2026-06-10T08:50:00,PCI_9,gNB-3,99.97,396,0,100.0,90.3,108.0,99.407,99.514,0.202,33,98.12,98.805,98.258,97.802,97.515,36.63,33.2,237.77,95.69,2.50098,99.196,9.49
2026-06-10T08:50:00,PCI_10,gNB-3,99.928,381,1,99.738,96.2,129.4,99.519,99.408,0.07,36,98.017,99.119,98.279,98.767,98.314,39.8,32.09,197.69,90.02,2.15783,99.306,14.47
2026-06-10T08:51:00,PCI_1,gNB-1,99.972,393,1,99.746,98.6,114.3,99.684,99.487,0.136,34,98.547,99.308,98.247,98.148,97.551,39.34,30.79,256.26,108.51,2.73577,99.548,8.71
2026-06-10T08:51:00,PCI_2,gNB-1,99.982,356,0,100.0,106.8,127.1,99.734,99.37,0.008,31,98.47,99.148,99.092,98.193,98.027,44.36,38.44,226.22,81.86,2.31056,99.478,11.18
2026-06-10T08:51:00,PCI_3,gNB-1,99.945,354,0,100.0,82.2,115.0,99.563,99.31,0.191,33,98.489,99.459,98.519,98.535,97.544,43.83,32.77,222.64,95.7,2.38755,98.716,10.72
2026-06-10T08:51:00,PCI_4,gNB-1,99.991,376,0,100.0,93.2,122.8,99.422,99.513,0.102,34,98.061,99.351,98.385,98.656,97.839,45.55,33.48,245.43,90.9,2.52248,99.526,11.58
2026-06-10T08:51:00,PCI_5,gNB-2,99.975,400,0,100.0,107.0,126.5,99.372,99.498,0.135,42,98.349,99.013,98.772,97.714,98.182,39.23,39.85,270.73,90.79,2.71141,98.793,10.82
2026-06-10T08:51:00,PCI_6,gNB-2,99.95,385,0,100.0,86.5,116.0,99.458,99.763,0.099,28,98.486,98.682,98.563,98.258,97.825,42.28,39.16,239.13,79.89,2.39266,99.09,11.69
2026-06-10T08:51:00,PCI_7,gNB-2,99.951,375,0,100.0,100.6,126.1,99.578,99.224,0.176,32,99.033,98.995,98.631,98.542,97.97,43.67,33.86,209.43,83.3,2.19554,99.021,12.28
2026-06-10T08:51:00,PCI_8,gNB-3,99.989,368,0,100.0,102.0,136.4,99.458,99.512,0.159,34,98.655,98.675,98.956,98.368,97.643,49.84,37.56,257.77,78.95,2.5254,99.131,9.74
2026-06-10T08:51:00,PCI_9,gNB-3,99.93,395,0,100.0,96.5,121.6,99.787,99.374,0.222,33,98.109,98.95,98.382,98.061,98.015,41.34,35.22,189.21,109.85,2.24299,99.522,11.64
2026-06-10T08:51:00,PCI_10,gNB-3,100.0,341,0,100.0,94.4,111.2,99.8,99.293,0.236,36,98.505,99.311,98.801,98.099,97.58,42.81,38.15,193.37,77.68,2.03292,99.341,6.38
2026-06-10T08:52:00,PCI_1,gNB-1,99.986,369,0,100.0,112.1,135.2,99.439,99.859,0.13,38,98.57,99.27,99.107,98.334,97.88,43.33,35.45,262.79,92.34,2.66351,99.665,9.25
2026-06-10T08:52:00,PCI_2,gNB-1,99.952,403,1,99.752,99.6,137.7,99.491,99.368,0.172,34,98.053,98.811,98.859,98.556,97.499,41.99,27.37,214.9,120.21,2.51335,99.216,10.03
2026-06-10T08:52:00,PCI_3,gNB-1,99.966,357,0,100.0,96.5,131.2,99.827,99.065,0.181,37,97.9,99.168,98.206,98.46,98.528,43.47,35.39,211.59,93.6,2.28889,99.489,10.28
2026-06-10T08:52:00,PCI_4,gNB-1,99.962,382,0,100.0,83.5,111.8,99.495,99.502,0.224,30,98.896,98.747,98.575,97.997,98.021,43.88,33.4,198.33,90.61,2.16709,99.088,11.49
2026-06-10T08:52:00,PCI_5,gNB-2,99.959,394,0,100.0,81.7,101.9,99.381,99.598,0.253,28,98.636,98.63,98.01,98.13,97.909,37.29,34.59,237.35,96.51,2.50392,99.597,11.81
2026-06-10T08:52:00,PCI_6,gNB-2,99.922,377,0,100.0,88.3,116.9,99.739,99.354,0.104,42,98.759,99.241,99.253,98.602,98.076,46.38,30.49,247.72,78.66,2.44785,99.309,11.42
2026-06-10T08:52:00,PCI_7,gNB-2,99.956,405,0,100.0,105.5,122.4,99.649,99.267,0.329,40,99.059,99.203,98.918,98.35,97.919,46.03,34.93,225.85,80.09,2.29457,99.126,11.52
2026-06-10T08:52:00,PCI_8,gNB-3,99.952,381,0,100.0,88.6,108.8,99.489,99.345,0.133,34,98.173,98.482,98.918,98.167,97.966,54.03,40.31,245.04,99.2,2.58178,99.237,12.08
2026-06-10T08:52:00,PCI_9,gNB-3,99.901,365,0,100.0,110.0,129.3,99.511,99.644,0.141,41,98.411,99.253,98.675,98.221,98.003,44.26,31.96,195.04,105.4,2.25333,99.107,7.81
2026-06-10T08:52:00,PCI_10,gNB-3,99.977,333,0,100.0,108.3,151.6,99.556,99.03,0.232,39,98.61,99.356,99.218,98.629,97.805,38.19,30.07,185.24,106.39,2.18726,99.161,10.82
2026-06-10T08:53:00,PCI_1,gNB-1,99.949,409,1,99.756,107.5,127.4,99.583,99.013,0.219,35,98.371,99.068,98.742,98.659,97.773,44.5,35.67,232.34,97.54,2.47411,99.145,12.5
2026-06-10T08:53:00,PCI_2,gNB-1,99.908,356,0,100.0,107.5,135.9,99.509,99.337,0.165,37,98.609,98.568,99.176,98.493,97.705,49.47,36.38,269.56,82.26,2.63868,99.638,10.72
2026-06-10T08:53:00,PCI_3,gNB-1,100.0,390,0,100.0,89.4,117.6,99.306,99.529,0.137,30,98.95,99.02,98.509,98.019,97.993,48.21,32.13,204.96,99.55,2.28382,99.226,10.61
2026-06-10T08:53:00,PCI_4,gNB-1,99.988,359,0,100.0,83.1,108.9,99.697,99.64,0.061,31,98.755,98.979,99.473,98.313,97.697,45.57,26.85,271.83,100.08,2.78932,99.108,11.59
2026-06-10T08:53:00,PCI_5,gNB-2,99.963,408,1,99.755,87.1,121.8,99.561,99.085,0.14,31,98.376,98.767,99.081,98.251,98.098,47.74,29.14,207.92,112.51,2.40322,99.17,9.03
2026-06-10T08:53:00,PCI_6,gNB-2,99.993,369,0,100.0,94.4,123.3,99.604,99.519,0.028,28,98.756,98.896,99.088,98.406,97.506,46.03,30.35,238.33,102.06,2.55292,99.754,10.53
2026-06-10T08:53:00,PCI_7,gNB-2,99.978,383,1,99.739,76.7,91.4,99.651,99.505,0.099,29,98.853,99.028,98.642,98.202,98.064,48.67,40.68,219.57,84.29,2.27897,99.007,12.16
2026-06-10T08:53:00,PCI_8,gNB-3,99.936,383,0,100.0,100.8,128.7,99.446,99.281,0.162,36,98.399,98.904,99.134,98.169,98.094,42.51,30.99,192.75,87.53,2.10214,99.0,11.95
2026-06-10T08:53:00,PCI_9,gNB-3,99.973,372,0,100.0,96.8,133.8,99.735,99.068,0.123,31,98.927,98.98,98.865,98.834,97.887,44.12,36.19,224.83,102.2,2.45269,99.419,12.18
2026-06-10T08:53:00,PCI_10,gNB-3,99.993,373,0,100.0,94.8,114.8,99.662,99.574,0.152,31,98.523,99.067,98.812,98.861,97.709,45.3,37.32,233.6,90.01,2.42711,98.949,9.73
2026-06-10T08:54:00,PCI_1,gNB-1,99.963,402,0,100.0,102.1,121.4,99.759,99.457,0.184,38,98.157,99.022,98.175,97.712,97.721,37.74,36.7,258.04,89.81,2.60885,99.174,10.3
2026-06-10T08:54:00,PCI_2,gNB-1,100.0,382,0,100.0,94.5,124.8,99.527,99.569,0.123,37,98.438,99.354,98.349,98.101,98.181,45.94,34.0,284.25,92.84,2.82819,99.282,9.79
2026-06-10T08:54:00,PCI_3,gNB-1,99.932,393,0,100.0,85.1,109.2,99.535,99.486,0.217,27,98.576,99.23,98.759,98.211,97.639,41.27,29.52,257.59,93.08,2.63002,98.903,10.64
2026-06-10T08:54:00,PCI_4,gNB-1,99.981,330,0,100.0,107.6,149.2,99.497,99.448,0.125,35,98.355,98.948,98.543,98.373,97.93,40.89,34.71,191.03,103.82,2.21134,98.772,10.52
2026-06-10T08:54:00,PCI_5,gNB-2,99.945,386,0,100.0,108.3,151.0,99.594,99.435,0.117,36,98.895,98.829,98.565,98.225,97.935,44.58,33.77,241.94,93.28,2.51418,99.327,12.69
2026-06-10T08:54:00,PCI_6,gNB-2,99.957,405,0,100.0,103.5,142.8,99.559,99.013,0.264,34,98.271,99.271,98.73,98.877,98.596,46.75,35.59,251.54,81.66,2.49897,99.249,10.85
2026-06-10T08:54:00,PCI_7,gNB-2,100.0,384,0,100.0,105.3,146.1,99.41,99.433,0.259,38,98.199,98.76,98.961,98.854,97.629,44.06,31.49,225.38,94.6,2.39987,99.195,9.61
2026-06-10T08:54:00,PCI_8,gNB-3,99.969,377,0,100.0,107.0,129.9,99.573,99.593,0.08,39,98.813,99.169,98.653,98.304,97.411,43.39,35.72,253.93,93.26,2.60392,99.108,9.38
2026-06-10T08:54:00,PCI_9,gNB-3,99.928,382,0,100.0,98.2,121.0,99.587,99.308,0.135,27,98.032,98.709,98.844,98.282,98.057,48.5,30.44,260.66,95.17,2.66872,99.028,12.84
2026-06-10T08:54:00,PCI_10,gNB-3,100.0,363,0,100.0,101.3,123.7,99.286,99.344,0.145,43,98.913,99.035,98.382,98.407,97.603,44.69,36.01,222.45,94.09,2.374,99.123,9.78
2026-06-10T08:55:00,PCI_1,gNB-1,100.0,390,0,100.0,92.6,106.7,99.686,99.571,0.253,33,98.173,99.505,99.048,98.551,98.467,38.18,33.22,221.0,101.87,2.42151,98.913,10.16
2026-06-10T08:55:00,PCI_2,gNB-1,99.974,391,0,100.0,113.5,146.6,99.669,99.358,0.186,38,98.257,99.056,98.314,98.461,97.894,47.69,32.92,216.99,95.61,2.34447,99.507,7.57
2026-06-10T08:55:00,PCI_3,gNB-1,99.982,391,0,100.0,91.7,116.0,99.479,99.277,0.269,29,98.248,98.433,98.379,97.939,98.595,48.84,29.69,281.95,98.51,2.85343,99.158,11.83
2026-06-10T08:55:00,PCI_4,gNB-1,99.995,370,0,100.0,105.7,134.2,99.467,99.401,0.126,34,98.791,98.74,98.966,98.16,98.041,39.61,34.63,214.16,78.65,2.19611,99.197,10.55
2026-06-10T08:55:00,PCI_5,gNB-2,99.943,386,0,100.0,93.8,115.6,99.435,99.657,0.255,35,98.592,99.147,98.846,97.789,97.701,48.7,39.31,239.32,89.96,2.46959,99.107,9.82
2026-06-10T08:55:00,PCI_6,gNB-2,99.95,353,0,100.0,95.0,115.7,99.855,99.518,0.102,34,98.056,99.261,98.78,98.244,98.199,49.77,32.82,208.97,109.11,2.38563,99.205,12.84
2026-06-10T08:55:00,PCI_7,gNB-2,99.988,387,0,100.0,103.6,135.7,99.501,99.708,0.174,30,98.431,98.774,98.339,98.128,97.836,44.14,31.51,187.23,88.14,2.06523,99.419,8.59
2026-06-10T08:55:00,PCI_8,gNB-3,99.969,388,0,100.0,101.0,130.3,99.541,99.198,0.182,39,98.299,99.297,98.065,98.037,97.649,50.84,32.29,252.63,76.08,2.46537,99.229,11.46
2026-06-10T08:55:00,PCI_9,gNB-3,99.962,341,0,100.0,105.0,136.4,99.66,99.064,0.136,39,98.256,99.141,98.557,98.328,98.264,41.17,46.05,237.04,95.09,2.49096,99.015,10.71
2026-06-10T08:55:00,PCI_10,gNB-3,99.935,359,0,100.0,100.8,131.9,99.206,98.972,0.128,35,98.682,98.691,98.877,98.208,97.823,43.43,38.57,247.17,99.47,2.59977,99.028,10.19
2026-06-10T08:56:00,PCI_1,gNB-1,99.956,375,0,100.0,95.4,132.6,99.664,99.552,0.159,36,98.534,99.241,98.851,98.521,97.977,39.21,28.99,283.49,95.83,2.84493,99.311,10.39
2026-06-10T08:56:00,PCI_2,gNB-1,100.0,426,0,100.0,98.6,135.0,99.43,99.146,0.101,33,98.354,99.203,98.346,98.421,98.514,47.74,30.22,160.72,99.49,1.95162,99.324,9.76
2026-06-10T08:56:00,PCI_3,gNB-1,99.949,377,0,100.0,90.8,113.8,99.535,99.299,0.226,32,98.051,99.173,98.951,98.05,97.862,44.38,33.78,237.65,97.93,2.51688,99.077,13.76
2026-06-10T08:56:00,PCI_4,gNB-1,100.0,375,0,100.0,118.2,158.3,99.572,99.185,0.23,41,98.246,99.101,99.111,98.506,98.773,48.81,36.54,233.74,97.13,2.48152,99.504,11.92
2026-06-10T08:56:00,PCI_5,gNB-2,99.959,386,0,100.0,108.8,149.9,99.406,99.745,0.191,36,98.57,98.938,98.188,98.245,97.502,44.98,34.34,262.9,91.77,2.66,99.294,10.19
2026-06-10T08:56:00,PCI_6,gNB-2,99.958,362,0,100.0,100.5,123.7,99.631,99.317,0.099,35,98.865,98.933,98.273,98.116,98.629,40.92,39.53,228.58,98.65,2.45426,99.173,8.27
2026-06-10T08:56:00,PCI_7,gNB-2,99.971,415,1,99.759,103.6,132.7,99.58,99.464,0.183,42,98.495,98.955,98.502,97.906,97.437,46.83,27.33,269.74,99.61,2.77016,99.127,8.91
2026-06-10T08:56:00,PCI_8,gNB-3,99.938,384,1,99.74,93.2,120.5,99.592,99.345,0.106,27,98.009,98.832,98.634,98.601,98.809,51.04,36.37,281.59,91.83,2.80068,99.069,14.11
2026-06-10T08:56:00,PCI_9,gNB-3,99.93,377,0,100.0,110.8,145.3,99.718,99.319,0.065,39,98.552,98.712,98.442,98.063,98.339,46.03,35.74,246.93,88.96,2.51916,99.321,9.74
2026-06-10T08:56:00,PCI_10,gNB-3,99.978,373,0,100.0,99.9,135.0,99.348,99.357,0.178,32,98.577,98.899,98.363,98.638,97.516,48.19,33.15,211.23,85.71,2.22703,99.017,9.38
2026-06-10T08:57:00,PCI_1,gNB-1,100.0,357,0,100.0,106.4,128.9,99.454,98.938,0.107,36,98.593,98.872,98.677,98.347,97.461,51.6,30.46,242.68,101.81,2.58361,99.007,10.67
2026-06-10T08:57:00,PCI_2,gNB-1,99.972,381,0,100.0,102.1,117.8,99.709,99.356,0.136,38,98.582,99.127,98.345,98.309,98.429,47.99,36.34,223.29,88.32,2.33707,99.313,12.8
2026-06-10T08:57:00,PCI_3,gNB-1,99.955,405,0,100.0,109.4,148.1,99.63,99.19,0.197,40,98.22,98.818,98.572,97.858,97.682,40.95,38.1,270.82,89.68,2.70374,99.132,11.0
2026-06-10T08:57:00,PCI_4,gNB-1,99.971,381,0,100.0,101.6,136.1,99.517,99.697,0.108,35,98.195,98.855,98.733,98.186,98.192,44.67,29.45,178.62,101.18,2.09853,99.058,12.89
2026-06-10T08:57:00,PCI_5,gNB-2,99.973,374,0,100.0,97.6,112.3,99.463,99.53,0.228,32,99.039,98.861,98.779,97.814,97.333,52.79,40.66,264.89,79.65,2.58405,99.26,11.3
2026-06-10T08:57:00,PCI_6,gNB-2,100.0,390,0,100.0,98.5,128.2,99.55,99.477,0.096,33,98.375,99.007,98.979,98.374,98.142,38.64,33.51,256.59,86.32,2.57184,99.095,9.22
2026-06-10T08:57:00,PCI_7,gNB-2,99.913,378,1,99.735,104.7,128.5,99.676,99.598,0.165,36,98.371,98.875,98.524,98.413,97.964,44.72,37.37,234.74,82.23,2.37729,99.004,8.99
2026-06-10T08:57:00,PCI_8,gNB-3,99.99,387,0,100.0,89.5,119.2,99.732,99.339,0.22,31,98.371,99.143,98.881,98.336,97.64,42.54,30.22,229.58,93.9,2.42607,99.572,12.78
2026-06-10T08:57:00,PCI_9,gNB-3,99.941,399,0,100.0,121.9,154.6,99.997,99.477,0.179,45,98.558,99.078,98.405,98.583,98.048,47.59,34.04,191.56,97.13,2.16522,99.492,8.74
2026-06-10T08:57:00,PCI_10,gNB-3,99.974,381,0,100.0,86.1,103.8,99.752,99.277,0.023,31,99.095,99.207,99.046,98.018,98.082,38.34,42.83,250.12,76.27,2.44792,98.738,11.37
2026-06-10T08:58:00,PCI_1,gNB-1,99.969,382,0,100.0,116.3,138.2,99.329,99.368,0.058,38,98.597,98.957,98.38,98.291,97.713,46.62,34.07,246.84,91.3,2.53602,99.385,10.46
2026-06-10T08:58:00,PCI_2,gNB-1,100.0,378,0,100.0,86.0,120.3,99.565,99.262,0.156,28,98.351,99.098,98.544,98.168,97.514,40.77,30.33,281.94,82.72,2.73496,98.929,10.94
2026-06-10T08:58:00,PCI_3,gNB-1,99.947,361,0,100.0,101.1,126.8,99.386,99.037,0.082,37,98.482,99.182,98.663,98.285,98.209,43.97,35.93,213.97,88.54,2.26881,99.313,10.29
2026-06-10T08:58:00,PCI_4,gNB-1,99.959,397,0,100.0,100.0,122.4,99.732,99.895,0.091,30,98.26,98.761,98.314,97.939,98.289,47.86,40.89,255.31,89.49,2.58594,99.465,9.72
2026-06-10T08:58:00,PCI_5,gNB-2,99.921,369,0,100.0,108.1,149.0,99.55,99.402,0.162,40,98.512,99.094,98.242,98.202,97.363,51.54,40.53,254.41,102.15,2.67423,99.694,12.04
2026-06-10T08:58:00,PCI_6,gNB-2,99.989,383,0,100.0,93.5,127.5,99.594,99.472,0.083,31,98.574,98.953,98.637,97.569,97.834,47.55,35.96,199.3,91.03,2.17752,99.258,9.16
2026-06-10T08:58:00,PCI_7,gNB-2,99.923,374,0,100.0,99.1,128.3,99.547,99.279,0.198,33,98.547,98.428,98.778,98.283,97.536,49.8,33.96,231.39,82.68,2.35552,98.784,9.77
2026-06-10T08:58:00,PCI_8,gNB-3,99.979,394,0,100.0,94.9,117.8,99.535,99.18,0.159,33,98.361,99.009,99.0,98.799,97.804,47.25,33.95,209.78,103.42,2.34901,99.288,10.82
2026-06-10T08:58:00,PCI_9,gNB-3,99.956,384,0,100.0,114.1,150.7,99.633,99.585,0.237,39,98.664,98.909,98.881,98.211,98.837,42.92,36.96,247.75,90.48,2.5367,99.424,10.49
2026-06-10T08:58:00,PCI_10,gNB-3,99.972,386,0,100.0,109.5,132.4,99.741,99.122,0.166,35,98.513,99.308,98.765,98.235,98.377,48.39,42.28,189.65,95.77,2.1407,99.086,9.3
2026-06-10T08:59:00,PCI_1,gNB-1,99.979,371,0,100.0,93.3,111.6,99.874,99.247,0.065,26,98.382,98.93,98.732,97.854,97.719,35.45,35.71,198.27,71.56,2.02378,99.48,11.39
2026-06-10T08:59:00,PCI_2,gNB-1,100.0,393,0,100.0,109.1,147.6,99.881,99.437,0.018,40,99.08,98.926,99.008,98.224,97.766,34.2,39.98,226.4,96.59,2.42244,98.907,9.27
2026-06-10T08:59:00,PCI_3,gNB-1,99.994,382,0,100.0,90.4,121.3,99.711,99.3,0.134,27,98.91,98.836,98.642,98.794,97.907,38.32,31.34,228.63,107.87,2.52375,99.247,10.3
2026-06-10T08:59:00,PCI_4,gNB-1,99.932,408,0,100.0,112.0,152.4,99.663,98.918,0.162,43,98.408,99.572,98.713,97.984,98.198,45.75,38.43,232.22,104.12,2.5226,99.053,10.85
2026-06-10T08:59:00,PCI_5,gNB-2,99.962,376,1,99.734,95.3,123.9,99.565,99.446,0.202,35,98.802,99.045,98.528,97.813,97.869,41.38,27.77,279.53,78.82,2.68767,99.284,11.5
2026-06-10T08:59:00,PCI_6,gNB-2,99.939,428,0,100.0,94.4,123.1,99.475,99.105,0.077,31,98.507,99.08,98.231,98.4,98.783,41.71,34.58,255.59,103.45,2.69286,99.025,9.2
2026-06-10T08:59:00,PCI_7,gNB-2,99.954,405,0,100.0,83.1,105.7,99.408,99.091,0.177,29,99.09,99.196,98.73,98.653,97.675,38.93,35.25,261.81,80.54,2.56764,99.422,11.97
2026-06-10T08:59:00,PCI_8,gNB-3,99.933,391,0,100.0,101.3,132.9,99.474,99.607,0.21,38,97.893,98.522,98.904,98.115,97.747,41.49,29.66,230.7,87.82,2.38889,99.028,11.39
2026-06-10T08:59:00,PCI_9,gNB-3,99.985,406,0,100.0,121.0,156.8,99.685,99.581,0.148,44,98.46,98.546,98.798,98.642,97.796,37.69,32.66,246.24,96.14,2.56783,99.475,11.51
2026-06-10T08:59:00,PCI_10,gNB-3,100.0,358,0,100.0,101.0,130.0,99.544,99.365,0.153,40,98.957,99.152,99.3,98.173,98.178,42.75,40.4,239.0,101.7,2.55521,99.635,7.5
2026-06-10T09:00:00,PCI_1,gNB-1,99.957,395,0,100.0,85.6,115.2,99.246,99.415,0.137,35,98.395,99.27,99.053,98.929,97.907,47.93,29.08,211.22,91.92,2.27352,99.191,8.83
2026-06-10T09:00:00,PCI_2,gNB-1,99.962,401,0,100.0,100.0,138.8,99.811,99.763,0.164,34,99.009,99.121,98.492,97.883,97.786,53.83,32.88,313.75,94.18,3.0595,99.143,12.74
2026-06-10T09:00:00,PCI_3,gNB-1,99.979,396,0,100.0,91.1,117.5,99.634,99.263,0.009,33,98.448,98.927,98.51,97.606,98.569,42.88,37.49,275.51,103.49,2.84254,99.251,10.72
2026-06-10T09:00:00,PCI_4,gNB-1,100.0,405,0,100.0,97.7,119.1,99.658,99.542,0.165,38,98.561,99.228,98.713,98.123,97.66,44.21,37.54,272.36,93.5,2.74397,99.066,9.93
2026-06-10T09:00:00,PCI_5,gNB-2,99.978,392,0,100.0,107.4,142.8,99.618,99.391,0.14,34,98.802,99.431,98.292,98.337,98.231,54.12,33.63,215.54,94.21,2.3231,99.716,10.82
2026-06-10T09:00:00,PCI_6,gNB-2,99.979,418,0,100.0,83.6,100.0,99.719,99.116,0.187,29,98.567,98.794,98.561,98.03,98.018,43.92,42.24,255.97,81.34,2.5298,99.307,12.92
2026-06-10T09:00:00,PCI_7,gNB-2,99.947,407,0,100.0,107.2,132.1,99.721,99.117,0.243,32,97.849,99.136,98.647,98.335,98.153,44.75,31.71,245.29,97.1,2.56789,99.326,13.77
2026-06-10T09:00:00,PCI_8,gNB-3,99.958,392,0,100.0,97.7,129.7,99.513,99.618,0.131,36,98.274,99.114,98.492,98.041,98.04,45.08,41.39,198.22,98.43,2.22483,99.613,12.81
2026-06-10T09:00:00,PCI_9,gNB-3,99.994,380,0,100.0,103.8,131.0,99.654,99.523,0.073,32,98.123,98.656,98.669,98.396,98.909,47.05,35.41,276.26,88.22,2.73364,99.287,12.21
2026-06-10T09:00:00,PCI_10,gNB-3,99.922,397,1,99.748,91.2,108.4,99.508,99.541,0.14,33,98.005,99.249,98.438,97.819,97.506,42.29,39.95,258.16,84.62,2.57086,99.222,10.55
2026-06-10T09:01:00,PCI_1,gNB-1,99.967,377,0,100.0,94.8,111.9,99.478,99.208,0.093,30,98.856,98.911,98.774,98.532,98.323,47.83,33.22,213.11,88.25,2.26021,99.079,10.74
2026-06-10T09:01:00,PCI_2,gNB-1,99.993,409,0,100.0,116.6,140.2,99.526,99.576,0.0,45,98.626,99.102,98.183,99.074,97.909,44.45,40.09,236.25,87.67,2.42937,99.368,9.18
2026-06-10T09:01:00,PCI_3,gNB-1,99.979,395,1,99.747,92.0,127.5,99.645,99.804,0.103,37,98.716,99.202,98.477,98.471,98.24,41.64,30.75,221.44,106.6,2.4603,99.24,12.17
2026-06-10T09:01:00,PCI_4,gNB-1,99.904,394,1,99.746,98.6,127.7,99.627,99.446,0.051,35,98.293,98.872,99.018,97.965,97.928,47.61,40.2,227.96,97.24,2.43901,99.273,9.0
2026-06-10T09:01:00,PCI_5,gNB-2,100.0,363,0,100.0,102.8,143.5,99.502,99.318,0.124,35,99.177,98.8,98.744,98.064,97.775,41.44,34.54,227.07,97.48,2.43415,99.254,9.36
2026-06-10T09:01:00,PCI_6,gNB-2,99.948,375,0,100.0,119.7,165.9,99.803,99.69,0.174,36,98.935,99.023,98.532,98.691,97.741,49.39,33.24,254.88,85.83,2.55533,99.099,9.33
2026-06-10T09:01:00,PCI_7,gNB-2,99.949,396,0,100.0,103.5,140.2,99.582,99.02,0.129,36,98.812,99.264,98.991,98.23,98.23,39.14,40.76,252.38,98.77,2.63369,99.103,10.82
2026-06-10T09:01:00,PCI_8,gNB-3,99.991,401,0,100.0,109.9,144.1,99.91,99.392,0.143,39,98.511,98.972,98.362,97.961,97.797,43.85,30.64,211.56,92.31,2.27899,99.389,10.44
2026-06-10T09:01:00,PCI_9,gNB-3,100.0,408,0,100.0,101.7,124.4,99.538,99.019,0.101,37,98.167,99.346,99.139,98.187,98.33,39.25,31.2,231.7,94.7,2.44805,99.153,9.41
2026-06-10T09:01:00,PCI_10,gNB-3,99.967,397,0,100.0,107.5,144.2,99.565,99.286,0.033,42,98.218,98.575,98.453,97.809,98.713,46.53,41.24,278.33,99.28,2.83208,99.346,9.62
2026-06-10T09:02:00,PCI_1,gNB-1,99.985,385,0,100.0,96.8,128.9,99.717,99.378,0.031,35,98.771,98.983,98.314,98.432,98.375,37.39,37.94,196.24,95.66,2.18927,99.646,10.89
2026-06-10T09:02:00,PCI_2,gNB-1,100.0,390,0,100.0,121.7,162.1,99.552,99.322,0.151,49,98.564,99.284,98.589,97.911,98.472,44.9,32.43,224.91,89.54,2.35839,99.045,8.4
2026-06-10T09:02:00,PCI_3,gNB-1,99.977,400,0,100.0,99.7,124.9,99.626,99.639,0.208,35,98.302,98.694,98.456,98.106,97.808,40.18,42.39,249.42,78.6,2.46019,98.922,8.71
2026-06-10T09:02:00,PCI_4,gNB-1,99.963,411,0,100.0,107.6,144.7,99.775,99.678,0.172,39,98.499,98.905,98.346,98.4,97.975,43.66,35.32,237.85,86.59,2.4333,99.066,12.49
2026-06-10T09:02:00,PCI_5,gNB-2,99.893,416,0,100.0,91.5,119.9,99.718,99.267,0.194,34,98.826,98.972,98.684,97.798,98.008,46.35,41.36,210.36,88.16,2.23887,98.946,12.12
2026-06-10T09:02:00,PCI_6,gNB-2,99.962,378,0,100.0,107.8,139.8,99.591,99.571,0.189,37,98.26,99.21,98.698,98.546,98.141,43.33,41.46,229.95,98.5,2.46341,99.04,10.4
2026-06-10T09:02:00,PCI_7,gNB-2,99.971,385,0,100.0,113.1,140.1,99.818,99.365,0.253,40,99.044,98.682,99.149,98.119,98.409,43.34,39.32,235.46,79.85,2.3648,98.956,10.39
2026-06-10T09:02:00,PCI_8,gNB-3,99.965,361,0,100.0,96.6,111.8,99.633,99.235,0.043,34,98.4,99.224,98.541,98.495,97.686,46.3,36.0,253.89,87.49,2.56035,99.169,9.47
2026-06-10T09:02:00,PCI_9,gNB-3,99.916,404,0,100.0,102.8,139.9,99.617,99.629,0.183,39,98.608,99.604,99.116,97.786,98.106,45.54,26.76,220.95,91.33,2.34211,99.016,10.95
2026-06-10T09:02:00,PCI_10,gNB-3,99.982,406,0,100.0,105.4,145.3,99.601,99.307,0.231,38,99.102,98.909,99.139,98.128,97.942,41.04,37.76,241.2,100.05,2.55934,99.576,10.67
2026-06-10T09:03:00,PCI_1,gNB-1,100.0,410,0,100.0,98.8,134.1,99.677,99.558,0.209,32,98.636,99.311,98.562,98.411,97.785,46.09,42.77,248.42,87.71,2.52095,99.288,11.1
2026-06-10T09:03:00,PCI_2,gNB-1,99.985,376,0,100.0,102.5,127.3,99.772,98.995,0.092,31,98.305,99.203,98.883,98.581,98.214,37.27,37.02,197.83,91.43,2.16939,99.104,9.96
2026-06-10T09:03:00,PCI_3,gNB-1,99.916,384,0,100.0,108.0,132.6,99.715,99.581,0.148,43,98.186,99.118,98.704,98.235,98.114,42.42,39.29,263.79,96.25,2.7003,99.387,9.22
2026-06-10T09:03:00,PCI_4,gNB-1,99.969,388,0,100.0,123.2,166.1,99.756,99.571,0.299,43,98.699,98.954,98.443,98.001,97.728,51.15,36.96,240.27,95.61,2.51917,99.061,10.73
2026-06-10T09:03:00,PCI_5,gNB-2,99.964,406,0,100.0,90.1,106.7,99.808,99.197,0.133,32,98.834,99.152,98.637,98.453,98.367,47.0,43.26,254.75,87.07,2.56365,99.006,10.58
2026-06-10T09:03:00,PCI_6,gNB-2,99.93,406,0,100.0,116.9,141.5,99.825,99.25,0.121,43,98.531,99.16,98.779,98.118,98.602,50.02,29.61,228.83,95.7,2.43396,99.374,10.68
2026-06-10T09:03:00,PCI_7,gNB-2,99.996,409,0,100.0,112.9,152.0,99.753,99.571,0.213,38,98.814,99.056,98.331,98.187,97.889,47.35,38.59,216.55,101.36,2.3843,99.189,9.22
2026-06-10T09:03:00,PCI_8,gNB-3,99.882,385,0,100.0,109.3,135.6,99.505,99.616,0.222,36,99.106,98.991,98.775,97.593,98.231,43.02,37.64,201.86,104.85,2.30032,99.57,13.64
2026-06-10T09:03:00,PCI_9,gNB-3,99.988,406,0,100.0,79.2,101.6,99.592,99.69,0.094,28,98.493,99.1,98.591,98.578,98.352,40.1,40.4,226.17,93.51,2.39762,99.49,10.98
2026-06-10T09:03:00,PCI_10,gNB-3,100.0,409,0,100.0,99.1,125.2,99.708,99.56,0.178,34,98.77,99.005,98.304,98.398,98.193,48.67,32.41,226.41,98.45,2.43645,99.101,10.75
2026-06-10T09:04:00,PCI_1,gNB-1,100.0,405,0,100.0,106.4,145.0,99.768,99.92,0.155,37,98.91,98.888,98.582,98.395,98.156,40.27,37.23,239.42,96.19,2.51709,99.263,10.62
2026-06-10T09:04:00,PCI_2,gNB-1,99.976,407,0,100.0,105.0,129.5,99.73,99.67,0.147,37,99.128,99.014,99.229,98.58,97.884,40.4,38.84,230.2,90.95,2.40863,98.795,12.71
2026-06-10T09:04:00,PCI_3,gNB-1,99.99,400,0,100.0,106.4,123.2,99.692,99.366,0.0,39,98.658,99.032,99.205,97.915,97.03,51.9,37.98,207.08,93.39,2.2535,99.38,9.14
2026-06-10T09:04:00,PCI_4,gNB-1,99.938,432,1,99.769,104.3,140.2,99.474,99.447,0.134,33,98.131,99.505,98.757,98.027,97.89,51.89,42.77,232.61,98.17,2.48085,99.447,10.43
2026-06-10T09:04:00,PCI_5,gNB-2,99.999,385,0,100.0,98.4,131.6,99.58,99.606,0.205,34,99.099,98.831,98.708,97.924,98.306,45.48,29.65,227.25,110.86,2.53583,99.404,11.11
2026-06-10T09:04:00,PCI_6,gNB-2,99.905,376,0,100.0,93.9,111.9,99.558,99.525,0.227,36,99.329,98.902,98.723,98.48,97.746,44.81,37.93,225.74,100.29,2.44518,99.528,9.27
2026-06-10T09:04:00,PCI_7,gNB-2,99.991,401,0,100.0,105.8,144.6,99.57,99.479,0.235,39,98.421,98.732,97.987,97.679,97.754,46.29,33.57,232.46,83.72,2.37137,98.809,8.33
2026-06-10T09:04:00,PCI_8,gNB-3,99.985,370,0,100.0,97.0,118.4,99.643,99.56,0.236,31,98.222,98.9,98.48,98.506,97.97,45.68,37.66,234.01,104.66,2.53998,98.747,11.16
2026-06-10T09:04:00,PCI_9,gNB-3,99.985,387,0,100.0,110.9,146.0,99.315,99.133,0.221,36,98.892,99.341,98.641,98.463,97.713,43.97,33.14,259.92,85.58,2.59122,99.167,10.86
2026-06-10T09:04:00,PCI_10,gNB-3,99.992,367,0,100.0,96.7,130.0,99.62,99.437,0.29,35,98.673,98.877,98.931,98.503,98.23,45.08,38.36,282.89,89.36,2.79188,98.66,11.99
2026-06-10T09:05:00,PCI_1,gNB-1,99.915,397,1,99.748,126.1,165.6,99.416,99.302,0.184,42,98.38,99.072,98.568,98.333,97.98,41.46,36.29,217.38,103.45,2.40627,98.964,10.43
2026-06-10T09:05:00,PCI_2,gNB-1,99.973,393,0,100.0,116.0,148.4,99.675,99.049,0.063,40,98.09,99.278,98.574,98.338,98.098,45.07,39.05,229.38,98.9,2.4621,99.491,11.09
2026-06-10T09:05:00,PCI_3,gNB-1,99.975,395,0,100.0,109.4,126.2,99.347,99.428,0.138,39,98.504,99.382,98.336,98.005,98.217,41.59,37.25,245.57,80.47,2.44532,99.358,12.79
2026-06-10T09:05:00,PCI_4,gNB-1,99.958,379,1,99.736,95.8,116.5,99.657,99.241,0.031,33,98.479,98.783,98.461,98.509,97.958,43.78,33.6,250.0,96.66,2.59998,99.15,8.72
2026-06-10T09:05:00,PCI_5,gNB-2,99.992,391,0,100.0,113.1,147.4,99.689,99.415,0.126,40,98.351,98.908,98.444,98.274,97.962,52.8,38.09,236.56,101.94,2.53878,99.076,12.23
2026-06-10T09:05:00,PCI_6,gNB-2,99.966,442,0,100.0,103.4,135.3,99.638,99.531,0.081,33,98.578,99.226,98.363,97.838,98.376,48.88,40.14,222.21,94.35,2.37423,99.246,11.4
2026-06-10T09:05:00,PCI_7,gNB-2,99.928,399,1,99.749,100.6,116.5,99.532,99.295,0.156,34,98.363,99.334,98.777,98.192,98.414,43.49,35.92,243.51,91.48,2.51244,99.099,10.88
2026-06-10T09:05:00,PCI_8,gNB-3,100.0,394,0,100.0,106.1,132.5,99.932,99.521,0.138,36,98.489,99.096,98.604,98.722,97.618,48.02,37.85,218.43,100.7,2.39345,99.324,9.84
2026-06-10T09:05:00,PCI_9,gNB-3,99.977,410,0,100.0,100.3,138.7,99.632,99.405,0.053,32,98.285,98.895,98.586,98.098,98.201,49.21,36.2,193.48,94.69,2.16122,99.324,10.64
2026-06-10T09:05:00,PCI_10,gNB-3,99.997,401,0,100.0,84.7,103.3,99.52,99.471,0.127,29,98.879,98.706,98.686,97.977,98.01,47.4,38.39,249.22,85.38,2.50949,99.248,12.02
2026-06-10T09:06:00,PCI_1,gNB-1,99.953,432,1,99.769,96.8,122.3,99.606,99.591,0.071,36,98.674,98.784,98.862,98.071,97.985,44.62,36.96,219.01,100.25,2.39448,98.675,10.19
2026-06-10T09:06:00,PCI_2,gNB-1,99.948,424,0,100.0,100.8,134.0,99.599,99.273,0.296,27,98.507,98.407,98.984,98.06,98.519,43.7,40.17,251.84,105.24,2.67809,99.196,6.54
2026-06-10T09:06:00,PCI_3,gNB-1,99.944,380,0,100.0,108.6,148.8,99.659,99.43,0.109,43,98.557,98.945,98.271,98.112,97.991,45.1,34.25,245.83,87.73,2.50167,99.193,8.57
2026-06-10T09:06:00,PCI_4,gNB-1,100.0,391,0,100.0,108.3,141.5,99.431,99.317,0.201,41,98.069,98.888,98.72,98.389,97.99,48.32,30.57,284.06,87.58,2.78729,99.205,11.52
2026-06-10T09:06:00,PCI_5,gNB-2,99.971,415,1,99.759,114.3,157.0,99.702,99.687,0.097,35,98.204,99.329,99.046,98.189,98.072,47.62,40.1,202.5,92.1,2.20947,99.132,11.25
2026-06-10T09:06:00,PCI_6,gNB-2,100.0,397,0,100.0,85.1,102.9,99.714,99.564,0.105,30,99.082,99.429,98.715,97.939,98.047,44.7,39.39,216.96,94.98,2.33952,99.26,10.13
2026-06-10T09:06:00,PCI_7,gNB-2,99.964,386,0,100.0,102.0,129.0,99.554,99.283,0.203,36,98.344,99.025,98.626,98.47,98.042,42.8,34.31,237.62,99.27,2.52668,99.286,9.61
2026-06-10T09:06:00,PCI_8,gNB-3,100.0,406,1,99.754,106.6,125.6,99.601,99.537,0.127,34,98.525,99.111,98.788,98.336,97.882,42.71,34.99,258.73,103.74,2.71848,98.408,11.68
2026-06-10T09:06:00,PCI_9,gNB-3,99.973,420,1,99.762,109.8,129.4,99.585,99.497,0.075,36,98.551,98.676,98.71,97.868,98.059,45.96,33.98,224.94,92.53,2.381,98.659,10.23
2026-06-10T09:06:00,PCI_10,gNB-3,99.998,419,0,100.0,103.4,131.6,99.847,99.303,0.219,39,98.643,98.759,98.424,98.46,98.776,45.16,42.15,292.93,86.83,2.8482,99.052,12.97
2026-06-10T09:07:00,PCI_1,gNB-1,99.975,412,0,100.0,110.1,142.3,99.957,99.175,0.028,38,98.91,98.877,98.679,98.0,97.969,42.12,32.43,213.51,92.59,2.29579,99.642,10.74
2026-06-10T09:07:00,PCI_2,gNB-1,99.963,436,0,100.0,97.6,122.4,99.42,99.46,0.226,30,98.344,99.403,98.389,98.098,98.073,44.81,33.0,287.29,92.33,2.84714,99.275,10.23
2026-06-10T09:07:00,PCI_3,gNB-1,99.958,384,0,100.0,102.0,131.7,99.429,99.303,0.181,35,98.305,98.962,98.32,98.31,97.101,46.69,41.5,270.34,103.35,2.80265,99.094,11.53
2026-06-10T09:07:00,PCI_4,gNB-1,99.93,403,0,100.0,79.4,97.9,99.663,99.558,0.085,29,98.633,98.458,98.185,98.309,97.769,45.96,33.81,284.84,82.17,2.75252,98.867,9.41
2026-06-10T09:07:00,PCI_5,gNB-2,99.936,396,1,99.747,94.9,131.5,99.787,99.607,0.284,36,98.486,99.424,98.899,98.837,97.929,37.94,31.8,253.28,101.07,2.65763,99.147,12.27
2026-06-10T09:07:00,PCI_6,gNB-2,99.981,394,0,100.0,105.7,141.6,99.802,99.609,0.096,37,98.006,98.995,98.811,97.797,98.524,53.78,38.25,271.47,108.48,2.84962,99.157,12.35
2026-06-10T09:07:00,PCI_7,gNB-2,99.951,382,0,100.0,101.1,121.7,99.614,99.59,0.118,31,99.096,99.656,98.811,98.243,98.401,41.84,35.56,214.84,100.68,2.36644,99.26,10.27
2026-06-10T09:07:00,PCI_8,gNB-3,99.974,382,0,100.0,114.9,150.7,99.782,99.233,0.145,38,98.425,99.186,98.107,98.515,98.235,46.12,36.66,244.07,102.3,2.59783,99.215,9.63
2026-06-10T09:07:00,PCI_9,gNB-3,99.972,418,0,100.0,105.7,125.5,99.529,99.312,0.023,36,98.785,98.907,98.44,98.559,98.056,46.66,38.18,266.17,96.64,2.7211,99.001,13.36
2026-06-10T09:07:00,PCI_10,gNB-3,99.906,393,0,100.0,114.6,158.7,99.789,99.375,0.284,42,98.471,99.301,99.067,98.2,98.079,44.14,39.88,215.8,95.63,2.33574,98.692,11.7
2026-06-10T09:08:00,PCI_1,gNB-1,99.967,391,0,100.0,103.4,132.4,99.462,99.311,0.033,37,98.732,99.183,98.691,98.651,98.156,49.95,38.02,251.6,91.58,2.57389,98.574,11.79
2026-06-10T09:08:00,PCI_2,gNB-1,99.884,435,0,100.0,112.5,141.7,99.6,99.232,0.174,39,98.752,99.036,98.838,98.666,98.174,45.79,41.25,248.14,100.5,2.61479,99.125,9.93
2026-06-10T09:08:00,PCI_3,gNB-1,99.984,416,0,100.0,111.7,134.4,99.413,99.568,0.144,40,98.161,99.009,98.747,98.71,98.717,47.51,35.15,303.67,96.61,3.0021,99.189,11.03
2026-06-10T09:08:00,PCI_4,gNB-1,99.952,416,1,99.76,105.3,130.7,99.83,99.487,0.169,36,98.796,98.881,98.739,98.174,97.797,46.49,36.58,237.29,96.97,2.50696,99.22,10.22
2026-06-10T09:08:00,PCI_5,gNB-2,99.941,404,0,100.0,114.6,150.2,99.564,99.397,0.278,42,98.234,98.992,98.554,98.201,97.445,46.45,31.41,237.13,109.02,2.59609,99.442,9.65
2026-06-10T09:08:00,PCI_6,gNB-2,99.934,393,0,100.0,98.7,126.7,99.453,99.547,0.148,33,99.005,99.173,98.725,98.833,98.444,43.67,37.81,240.73,86.55,2.4546,99.656,13.04
2026-06-10T09:08:00,PCI_7,gNB-2,99.953,414,0,100.0,114.3,145.9,99.561,99.644,0.152,39,98.767,98.932,98.956,98.306,98.283,48.75,39.6,227.12,111.88,2.54254,99.166,13.42
2026-06-10T09:08:00,PCI_8,gNB-3,99.984,403,0,100.0,115.0,155.1,99.663,99.104,0.119,40,98.475,98.556,98.85,98.028,98.658,45.63,45.26,267.13,101.04,2.76127,99.09,10.73
2026-06-10T09:08:00,PCI_9,gNB-3,100.0,378,0,100.0,97.2,124.3,99.208,99.491,0.202,34,98.599,98.915,98.75,98.655,97.863,48.29,39.38,245.51,99.33,2.58628,99.257,10.18
2026-06-10T09:08:00,PCI_10,gNB-3,100.0,400,0,100.0,114.4,145.7,99.639,99.603,0.206,37,98.581,98.715,98.404,98.236,98.07,52.57,37.96,276.78,88.19,2.7373,98.925,10.19
2026-06-10T09:09:00,PCI_1,gNB-1,99.909,389,0,100.0,106.1,125.3,99.365,99.354,0.059,41,98.706,99.07,98.691,98.236,98.052,44.01,33.28,225.46,97.94,2.42553,99.01,12.18
2026-06-10T09:09:00,PCI_2,gNB-1,99.965,417,1,99.76,116.2,141.9,99.383,99.223,0.228,39,98.383,98.861,98.685,98.237,97.474,44.18,40.61,287.57,96.87,2.88335,99.077,12.88
2026-06-10T09:09:00,PCI_3,gNB-1,99.977,391,0,100.0,112.1,134.7,99.531,99.507,0.128,42,98.578,99.066,98.416,98.21,97.893,32.49,40.02,252.06,96.19,2.61189,99.115,10.94
2026-06-10T09:09:00,PCI_4,gNB-1,99.954,389,1,99.743,107.6,147.3,99.384,99.375,0.063,38,98.887,99.214,98.603,98.145,97.81,47.85,34.09,239.25,78.29,2.38154,98.995,9.76
2026-06-10T09:09:00,PCI_5,gNB-2,99.978,426,1,99.765,96.3,122.1,99.458,99.37,0.162,33,98.275,99.225,99.139,98.009,97.91,50.14,35.87,227.89,94.44,2.41751,99.404,9.44
2026-06-10T09:09:00,PCI_6,gNB-2,99.981,414,0,100.0,111.0,136.6,99.746,99.582,0.049,41,98.672,99.239,98.454,98.565,98.129,41.99,41.62,233.3,89.9,2.42399,99.298,10.02
2026-06-10T09:09:00,PCI_7,gNB-2,100.0,405,0,100.0,113.0,147.7,99.728,99.566,0.094,42,98.682,99.035,99.028,98.785,98.261,40.8,38.41,249.12,95.73,2.5864,99.286,10.43
2026-06-10T09:09:00,PCI_8,gNB-3,99.964,412,0,100.0,112.8,147.1,99.774,99.526,0.149,39,97.876,98.648,99.006,98.209,98.62,53.51,31.86,259.96,120.24,2.85152,99.013,11.48
2026-06-10T09:09:00,PCI_9,gNB-3,99.997,405,0,100.0,106.6,130.2,99.486,99.501,0.103,38,98.597,98.816,98.746,98.091,97.719,51.06,29.66,266.03,103.35,2.77037,99.061,12.5
2026-06-10T09:09:00,PCI_10,gNB-3,99.944,390,0,100.0,110.4,136.5,99.686,99.549,0.102,32,98.622,98.824,98.205,98.193,97.197,45.22,42.54,183.35,101.43,2.13584,98.98,10.31
2026-06-10T09:10:00,PCI_1,gNB-1,99.963,420,0,100.0,101.3,128.0,99.54,99.627,0.069,36,98.604,98.518,99.027,98.293,98.766,53.47,35.9,250.12,90.43,2.55411,98.87,12.09
2026-06-10T09:10:00,PCI_2,gNB-1,99.976,405,0,100.0,112.6,149.1,99.603,99.366,0.158,45,97.897,98.722,98.845,98.349,98.427,51.84,44.61,234.4,103.08,2.53111,99.147,12.36
2026-06-10T09:10:00,PCI_3,gNB-1,99.974,423,0,100.0,108.6,126.3,99.565,99.315,0.081,41,98.594,99.273,98.415,97.733,97.787,46.14,39.99,279.91,107.88,2.90845,99.583,12.01
2026-06-10T09:10:00,PCI_4,gNB-1,99.957,399,1,99.749,103.5,137.6,99.69,99.448,0.21,34,98.852,99.094,98.658,98.085,97.639,41.39,42.4,219.28,103.29,2.41924,99.146,10.1
2026-06-10T09:10:00,PCI_5,gNB-2,99.968,409,1,99.756,111.8,132.2,99.402,99.056,0.28,36,98.046,99.282,98.266,98.526,98.329,47.72,40.68,219.92,88.72,2.31477,99.159,10.94
2026-06-10T09:10:00,PCI_6,gNB-2,99.968,417,1,99.76,90.6,124.9,99.57,99.564,0.295,32,98.678,98.786,98.974,98.407,98.093,50.32,32.44,267.83,101.9,2.77292,99.596,8.28
2026-06-10T09:10:00,PCI_7,gNB-2,99.963,443,0,100.0,103.9,134.7,99.972,99.427,0.102,34,98.39,98.798,98.468,98.358,98.021,48.6,36.98,224.26,104.09,2.46265,99.265,10.08
2026-06-10T09:10:00,PCI_8,gNB-3,99.98,415,0,100.0,106.3,136.5,99.76,99.342,0.15,34,98.456,99.122,98.96,98.355,97.977,43.91,37.72,227.14,99.28,2.44818,99.21,9.6
2026-06-10T09:10:00,PCI_9,gNB-3,100.0,407,0,100.0,103.5,128.3,99.833,99.439,0.205,34,98.402,98.542,98.661,97.973,98.045,38.63,33.49,255.89,101.32,2.67911,98.798,10.32
2026-06-10T09:10:00,PCI_10,gNB-3,99.991,422,0,100.0,85.7,102.9,99.679,99.449,0.182,32,98.533,99.212,98.178,99.04,97.903,44.17,42.74,268.6,105.86,2.80847,99.052,11.34
2026-06-10T09:11:00,PCI_1,gNB-1,99.963,396,0,100.0,106.0,139.7,99.499,99.156,0.18,37,98.843,98.986,98.507,97.878,98.033,45.65,44.87,311.19,110.96,3.16608,98.982,8.89
2026-06-10T09:11:00,PCI_2,gNB-1,99.964,399,1,99.749,108.8,129.1,99.599,99.648,0.086,39,98.114,98.952,98.509,98.395,98.056,51.55,39.67,240.25,88.23,2.46357,99.003,10.31
2026-06-10T09:11:00,PCI_3,gNB-1,99.984,401,1,99.751,115.1,136.6,99.528,99.355,0.147,40,98.027,98.896,98.152,98.312,98.234,42.69,37.62,239.98,93.12,2.49824,99.682,12.24
2026-06-10T09:11:00,PCI_4,gNB-1,99.912,406,0,100.0,106.3,136.1,99.469,99.387,0.123,33,98.998,99.201,98.47,97.87,97.753,43.56,34.58,217.91,92.06,2.32482,99.217,11.54
2026-06-10T09:11:00,PCI_5,gNB-2,99.955,412,0,100.0,99.6,124.8,99.5,99.538,0.198,33,98.311,99.44,99.251,98.415,97.948,50.79,42.65,241.98,112.74,2.66039,99.162,12.54
2026-06-10T09:11:00,PCI_6,gNB-2,99.999,413,0,100.0,108.0,136.2,99.468,99.342,0.188,36,99.102,98.64,99.451,98.106,98.337,53.21,39.06,220.11,95.9,2.37008,99.218,11.77
2026-06-10T09:11:00,PCI_7,gNB-2,100.0,429,0,100.0,100.3,138.7,99.342,99.43,0.076,29,98.773,98.993,98.995,97.83,97.578,46.43,34.31,256.63,93.59,2.62666,99.116,9.23
2026-06-10T09:11:00,PCI_8,gNB-3,99.931,407,1,99.754,113.2,142.2,99.632,99.445,0.123,39,97.842,98.614,98.334,98.386,98.425,46.17,35.89,282.82,95.64,2.83847,99.363,11.57
2026-06-10T09:11:00,PCI_9,gNB-3,99.953,417,1,99.76,98.7,137.5,99.41,99.673,0.297,36,98.968,98.665,99.12,98.889,98.563,43.09,41.27,252.02,107.09,2.69331,99.041,10.95
2026-06-10T09:11:00,PCI_10,gNB-3,99.935,419,0,100.0,116.7,136.3,99.662,99.393,0.129,40,98.725,99.033,98.788,98.29,97.975,44.18,29.48,269.15,103.0,2.79113,98.959,13.79
2026-06-10T09:12:00,PCI_1,gNB-1,99.94,429,0,100.0,110.9,134.4,99.738,99.406,0.076,35,98.558,99.394,98.964,98.292,98.117,49.75,43.96,237.35,104.73,2.56553,99.27,9.82
2026-06-10T09:12:00,PCI_2,gNB-1,99.975,433,0,100.0,106.7,139.5,99.748,99.42,0.262,36,98.267,98.973,98.421,98.197,98.429,53.83,39.63,261.25,91.7,2.64709,98.951,11.51
2026-06-10T09:12:00,PCI_3,gNB-1,99.926,405,0,100.0,120.9,152.7,99.609,99.447,0.24,43,98.573,98.609,98.196,97.73,97.214,46.97,38.43,234.58,102.48,2.52795,99.312,10.84
2026-06-10T09:12:00,PCI_4,gNB-1,99.967,436,1,99.771,103.8,124.7,99.608,99.244,0.122,30,98.397,98.602,99.041,98.397,97.516,49.32,30.25,260.23,102.77,2.72254,99.218,9.27
2026-06-10T09:12:00,PCI_5,gNB-2,99.988,411,0,100.0,120.3,160.7,99.838,99.274,0.098,42,98.632,98.487,98.517,98.838,97.567,44.06,34.28,268.48,98.42,2.75173,99.12,8.67
2026-06-10T09:12:00,PCI_6,gNB-2,99.982,414,1,99.758,108.6,141.0,99.379,99.09,0.079,35,97.585,98.849,99.034,98.201,98.356,35.5,36.64,290.92,111.5,3.01816,99.075,9.71
2026-06-10T09:12:00,PCI_7,gNB-2,99.934,396,0,100.0,96.1,121.4,99.349,99.417,0.15,38,98.608,98.835,98.672,97.913,98.012,46.14,38.78,279.55,82.89,2.71829,99.282,12.05
2026-06-10T09:12:00,PCI_8,gNB-3,99.969,443,1,99.774,128.1,177.4,99.745,99.454,0.221,41,98.258,98.509,98.863,98.087,98.264,49.39,31.72,273.77,100.99,2.81071,99.25,11.64
2026-06-10T09:12:00,PCI_9,gNB-3,99.979,414,0,100.0,100.4,127.7,99.486,99.608,0.127,40,97.573,98.821,98.566,98.381,98.469,46.25,33.01,277.18,111.34,2.91388,98.56,11.82
2026-06-10T09:12:00,PCI_10,gNB-3,99.886,402,0,100.0,110.7,148.1,99.563,99.166,0.17,36,98.526,98.853,98.76,98.524,98.082,49.63,31.53,267.8,101.23,2.76768,99.043,10.7
2026-06-10T09:13:00,PCI_1,gNB-1,99.936,417,0,100.0,90.8,116.5,99.504,99.455,0.133,33,98.525,98.927,98.847,98.549,97.204,47.27,34.84,229.74,109.73,2.54597,99.439,9.4
2026-06-10T09:13:00,PCI_2,gNB-1,99.947,428,0,100.0,106.3,143.9,99.579,99.626,0.117,36,99.022,99.218,99.126,98.487,98.418,40.49,33.93,216.0,117.04,2.49785,99.244,10.77
2026-06-10T09:13:00,PCI_3,gNB-1,99.941,401,0,100.0,126.9,169.9,99.608,99.117,0.145,45,98.473,99.153,98.445,98.395,98.31,49.4,38.74,254.78,91.34,2.59589,99.336,10.37
2026-06-10T09:13:00,PCI_4,gNB-1,99.962,427,0,100.0,104.4,122.1,99.741,99.324,0.154,38,98.477,98.805,98.828,98.347,98.034,51.61,38.43,245.92,100.54,2.59843,99.683,9.88
2026-06-10T09:13:00,PCI_5,gNB-2,99.954,404,0,100.0,98.8,118.6,99.713,99.244,0.09,30,98.51,98.718,98.51,98.171,97.756,50.49,43.59,204.14,92.74,2.22659,99.261,9.38
2026-06-10T09:13:00,PCI_6,gNB-2,99.987,419,0,100.0,118.3,151.7,99.619,99.326,0.137,37,97.967,98.906,98.991,98.527,97.345,46.39,34.7,264.61,90.47,2.66316,99.427,10.65
2026-06-10T09:13:00,PCI_7,gNB-2,100.0,429,0,100.0,107.2,139.5,99.602,99.607,0.179,36,98.583,99.262,99.085,98.733,97.611,50.48,31.72,254.21,97.6,2.63864,99.356,11.43
2026-06-10T09:13:00,PCI_8,gNB-3,100.0,407,0,100.0,112.0,149.9,99.42,99.513,0.172,41,98.487,98.935,98.816,98.437,98.239,54.73,34.76,307.54,75.62,2.87371,99.439,9.73
2026-06-10T09:13:00,PCI_9,gNB-3,99.976,403,0,100.0,101.0,133.5,99.72,99.573,0.101,42,98.403,99.389,98.396,98.011,98.03,43.13,39.05,203.93,100.7,2.28473,99.059,9.52
2026-06-10T09:13:00,PCI_10,gNB-3,99.992,413,0,100.0,115.4,144.5,99.656,99.665,0.145,42,98.374,99.151,98.857,98.136,97.471,42.07,33.47,271.35,98.22,2.77171,99.125,11.67
2026-06-10T09:14:00,PCI_1,gNB-1,99.974,439,1,99.772,113.9,132.5,99.458,99.424,0.086,39,98.625,98.576,98.439,98.058,98.031,44.42,38.86,237.57,95.57,2.49856,99.35,11.46
2026-06-10T09:14:00,PCI_2,gNB-1,99.978,417,0,100.0,120.5,166.3,99.491,99.193,0.271,39,98.105,99.066,99.013,97.931,97.956,41.65,34.61,299.35,101.02,3.00279,99.135,11.09
2026-06-10T09:14:00,PCI_3,gNB-1,99.918,416,0,100.0,100.1,136.4,99.486,99.638,0.1,38,98.707,98.947,99.299,98.021,97.918,43.95,34.29,249.9,92.08,2.56483,99.119,13.34
2026-06-10T09:14:00,PCI_4,gNB-1,100.0,399,0,100.0,105.8,137.9,99.707,99.495,0.164,44,98.164,98.714,98.692,98.361,97.917,44.02,32.18,252.05,94.06,2.59588,99.08,9.37
2026-06-10T09:14:00,PCI_5,gNB-2,99.957,425,1,99.765,105.4,121.4,99.563,99.404,0.132,36,97.912,98.932,98.906,97.719,97.878,49.63,42.41,256.82,103.32,2.70106,99.635,12.92
2026-06-10T09:14:00,PCI_6,gNB-2,99.94,409,0,100.0,111.3,147.4,99.565,99.463,0.136,38,98.429,98.629,99.217,98.663,98.526,46.83,37.88,273.23,106.21,2.84579,98.746,11.51
2026-06-10T09:14:00,PCI_7,gNB-2,99.937,417,0,100.0,123.1,150.7,99.596,99.677,0.145,40,98.445,98.909,98.714,98.55,97.959,47.1,41.41,266.1,107.23,2.79995,99.233,9.04
2026-06-10T09:14:00,PCI_8,gNB-3,99.935,393,0,100.0,112.8,130.6,99.453,99.472,0.141,40,98.249,98.725,99.167,98.017,97.992,52.67,30.12,276.3,100.25,2.82409,99.164,11.39
2026-06-10T09:14:00,PCI_9,gNB-3,100.0,385,0,100.0,107.3,135.1,99.765,99.457,0.182,39,98.969,99.122,99.075,98.214,97.853,47.7,38.98,272.25,115.13,2.90537,99.408,11.08
2026-06-10T09:14:00,PCI_10,gNB-3,99.957,423,1,99.764,113.5,156.5,99.438,99.427,0.129,37,98.536,98.951,98.525,97.773,97.942,54.33,40.91,285.76,99.55,2.8898,99.462,9.99
2026-06-10T09:15:00,PCI_1,gNB-1,100.0,428,1,99.766,110.6,142.1,99.851,99.262,0.179,36,98.339,98.334,98.422,98.642,98.18,48.18,47.3,273.8,90.34,2.73098,99.151,10.92
2026-06-10T09:15:00,PCI_2,gNB-1,99.965,407,0,100.0,117.9,159.7,99.614,99.003,0.157,34,98.387,99.426,98.823,98.316,98.054,56.09,39.75,286.2,96.69,2.87162,99.094,9.46
2026-06-10T09:15:00,PCI_3,gNB-1,99.976,410,1,99.756,115.3,132.7,99.52,98.829,0.109,41,98.697,98.239,97.989,98.348,97.645,46.71,35.69,274.98,85.45,2.70319,99.06,12.41
2026-06-10T09:15:00,PCI_4,gNB-1,100.0,408,0,100.0,112.4,152.1,99.703,99.534,0.141,42,98.154,99.19,98.645,98.023,97.796,52.18,35.36,251.9,94.96,2.60144,99.006,12.44
2026-06-10T09:15:00,PCI_5,gNB-2,100.0,440,0,100.0,116.2,159.9,99.527,99.169,0.25,39,98.289,98.844,98.758,98.139,98.008,48.23,42.85,229.85,102.49,2.49254,99.03,10.38
2026-06-10T09:15:00,PCI_6,gNB-2,99.902,429,1,99.767,114.1,152.6,99.766,99.305,0.184,39,98.506,98.964,98.519,98.334,98.342,45.18,36.04,269.65,94.21,2.72894,99.417,12.06
2026-06-10T09:15:00,PCI_7,gNB-2,99.961,410,0,100.0,116.8,154.0,99.424,99.266,0.145,39,98.716,99.244,98.878,98.626,98.327,47.3,35.86,242.38,106.64,2.61771,99.422,12.52
2026-06-10T09:15:00,PCI_8,gNB-3,99.997,414,0,100.0,120.1,139.8,99.635,99.24,0.181,43,98.223,99.436,98.432,98.578,97.934,48.23,34.49,246.76,105.73,2.64368,99.155,10.52
2026-06-10T09:15:00,PCI_9,gNB-3,99.982,431,0,100.0,112.1,132.0,99.577,99.479,0.18,35,97.933,99.035,98.961,98.364,97.821,45.02,40.8,253.37,87.53,2.55679,99.371,11.38
2026-06-10T09:15:00,PCI_10,gNB-3,100.0,436,0,100.0,114.7,143.0,99.29,99.461,0.141,44,98.881,99.121,99.109,98.282,97.99,44.27,36.37,265.89,108.54,2.80824,99.023,12.21
2026-06-10T09:16:00,PCI_1,gNB-1,99.965,402,0,100.0,111.0,150.4,99.896,99.646,0.148,36,98.487,98.994,98.776,98.04,98.53,44.93,40.42,267.31,91.96,2.69459,99.219,11.07
2026-06-10T09:16:00,PCI_2,gNB-1,99.945,434,1,99.77,130.9,152.6,99.466,98.911,0.237,46,98.527,98.762,98.277,97.752,98.89,54.1,35.55,308.28,85.94,2.95663,99.375,12.08
2026-06-10T09:16:00,PCI_3,gNB-1,100.0,415,1,99.759,111.1,155.0,99.749,99.484,0.228,33,99.102,98.989,98.311,98.188,97.777,48.12,38.95,204.03,110.53,2.35921,99.63,9.49
2026-06-10T09:16:00,PCI_4,gNB-1,99.97,441,0,100.0,123.7,172.9,99.709,99.2,0.315,40,98.136,99.28,98.886,98.309,98.049,50.18,44.57,244.09,96.06,2.55111,99.057,10.92
2026-06-10T09:16:00,PCI_5,gNB-2,99.966,403,0,100.0,100.7,132.8,99.563,99.352,0.254,40,98.823,99.395,98.615,98.722,97.982,48.64,38.78,228.43,95.64,2.43052,99.161,11.57
2026-06-10T09:16:00,PCI_6,gNB-2,99.964,409,0,100.0,110.8,133.1,99.424,99.38,0.163,36,97.967,99.072,98.945,98.178,97.869,38.44,41.29,234.37,106.25,2.55467,99.053,10.81
2026-06-10T09:16:00,PCI_7,gNB-2,99.973,395,0,100.0,98.2,122.4,99.478,99.353,0.246,28,98.457,99.123,98.736,98.419,97.738,41.17,32.44,251.5,106.43,2.68448,99.22,13.43
2026-06-10T09:16:00,PCI_8,gNB-3,99.943,425,0,100.0,96.9,111.9,99.433,99.324,0.314,30,98.536,99.073,98.739,98.301,97.805,55.7,29.66,236.07,112.36,2.61329,99.337,9.88
2026-06-10T09:16:00,PCI_9,gNB-3,99.947,418,0,100.0,114.7,159.6,99.636,99.275,0.255,41,98.878,99.04,99.312,98.424,98.098,43.65,36.0,271.48,96.52,2.76002,99.822,11.01
2026-06-10T09:16:00,PCI_10,gNB-3,100.0,437,0,100.0,114.0,153.0,99.492,99.678,0.156,43,98.398,98.643,98.327,98.144,97.936,47.95,39.74,230.66,102.33,2.49742,98.895,10.0
2026-06-10T09:17:00,PCI_1,gNB-1,99.942,443,1,99.774,125.7,158.7,99.733,99.694,0.133,43,98.242,99.146,98.324,98.149,98.161,45.89,39.22,308.74,93.01,3.01315,99.551,10.02
2026-06-10T09:17:00,PCI_2,gNB-1,99.955,427,1,99.766,105.6,127.0,99.534,99.256,0.163,34,98.424,99.089,98.575,98.646,97.763,44.82,45.99,300.76,101.46,3.01669,99.408,11.56
2026-06-10T09:17:00,PCI_3,gNB-1,99.936,434,0,100.0,121.6,161.6,99.721,99.433,0.102,41,98.379,98.669,98.528,98.535,97.469,46.4,28.37,248.73,104.02,2.64565,99.187,11.11
2026-06-10T09:17:00,PCI_4,gNB-1,99.967,433,0,100.0,118.6,145.9,99.542,99.697,0.122,44,98.532,99.0,99.0,98.432,97.998,47.44,38.68,265.27,98.28,2.72667,98.941,7.16
2026-06-10T09:17:00,PCI_5,gNB-2,99.901,420,0,100.0,114.9,140.7,99.861,99.379,0.091,42,98.322,98.937,99.132,98.466,98.384,42.52,37.98,291.14,90.65,2.86344,99.25,11.65
2026-06-10T09:17:00,PCI_6,gNB-2,99.937,448,1,99.777,110.2,143.2,99.332,99.493,0.119,38,98.255,99.342,98.365,98.409,98.191,47.55,36.75,256.56,109.1,2.74248,99.314,10.93
2026-06-10T09:17:00,PCI_7,gNB-2,100.0,426,0,100.0,111.1,136.3,99.314,99.899,0.137,35,97.978,99.218,98.873,98.236,97.984,48.6,36.16,292.06,105.93,2.98497,99.171,8.59
2026-06-10T09:17:00,PCI_8,gNB-3,99.991,417,0,100.0,121.7,160.0,99.298,99.068,0.123,38,98.455,99.656,99.596,98.289,98.283,51.5,37.38,226.36,109.55,2.51934,99.158,11.74
2026-06-10T09:17:00,PCI_9,gNB-3,99.967,412,0,100.0,112.0,150.2,99.536,99.544,0.222,37,98.678,98.893,98.333,98.204,98.217,50.16,42.2,246.48,98.54,2.5877,99.221,11.99
2026-06-10T09:17:00,PCI_10,gNB-3,99.982,410,0,100.0,120.9,157.2,99.502,99.699,0.146,43,98.883,98.883,98.471,97.782,98.112,49.77,41.35,278.62,101.85,2.85346,99.492,9.52
2026-06-10T09:18:00,PCI_1,gNB-1,99.955,434,0,100.0,125.9,149.9,99.805,99.583,0.139,49,98.839,99.009,98.669,97.993,97.953,47.21,38.89,254.3,106.01,2.70231,99.183,8.71
2026-06-10T09:18:00,PCI_2,gNB-1,99.952,413,1,99.758,110.0,148.7,99.434,99.001,0.14,47,98.327,99.073,98.581,98.564,98.513,47.53,42.81,237.77,103.12,2.55668,98.886,11.38
2026-06-10T09:18:00,PCI_3,gNB-1,99.968,430,0,100.0,113.9,131.4,99.517,99.243,0.068,38,98.627,98.972,98.754,98.689,97.894,49.36,41.4,278.01,104.58,2.8694,99.226,14.0
2026-06-10T09:18:00,PCI_4,gNB-1,99.969,420,0,100.0,125.3,158.0,99.609,99.572,0.187,44,98.704,99.162,98.75,98.827,97.877,53.79,46.52,318.2,103.69,3.16419,99.161,8.7
2026-06-10T09:18:00,PCI_5,gNB-2,99.964,463,1,99.784,99.7,139.2,99.697,99.039,0.148,36,98.052,99.247,98.309,98.649,98.08,45.4,31.63,256.58,100.73,2.67982,99.174,10.21
2026-06-10T09:18:00,PCI_6,gNB-2,99.963,439,0,100.0,110.5,133.4,99.6,99.578,0.261,37,98.572,98.269,98.602,98.509,97.615,53.52,30.51,298.93,97.32,2.97185,98.949,10.37
2026-06-10T09:18:00,PCI_7,gNB-2,99.974,411,1,99.757,107.9,139.5,99.664,99.673,0.108,36,98.405,99.041,98.844,98.834,98.253,48.82,43.49,245.3,90.88,2.52133,99.371,11.34
2026-06-10T09:18:00,PCI_8,gNB-3,99.992,440,1,99.773,111.2,150.8,99.7,99.601,0.159,39,97.776,99.31,98.232,98.291,98.895,46.83,31.68,305.26,96.94,3.01647,99.162,10.83
2026-06-10T09:18:00,PCI_9,gNB-3,99.975,438,1,99.772,120.9,141.9,99.703,99.277,0.2,40,98.371,99.372,98.365,97.95,98.204,47.05,36.29,261.15,118.36,2.84631,98.943,10.67
2026-06-10T09:18:00,PCI_10,gNB-3,99.925,412,0,100.0,115.9,160.9,99.769,99.172,0.14,41,99.457,98.563,98.786,99.059,97.793,52.47,38.86,228.84,104.48,2.4999,98.978,11.2
2026-06-10T09:19:00,PCI_1,gNB-1,99.955,439,1,99.772,111.2,140.7,99.678,99.331,0.134,37,99.316,98.987,98.696,98.08,97.834,50.72,35.7,245.78,97.29,2.57299,99.112,11.35
2026-06-10T09:19:00,PCI_2,gNB-1,99.962,425,0,100.0,122.4,144.7,99.553,99.458,0.147,38,98.446,99.413,98.852,98.653,97.765,42.33,35.34,299.69,93.69,2.95039,99.002,12.74
2026-06-10T09:19:00,PCI_3,gNB-1,99.943,425,0,100.0,113.2,148.4,99.638,99.257,0.147,41,98.182,98.947,98.357,98.524,98.215,52.04,42.26,291.5,107.42,2.99196,99.006,12.49
2026-06-10T09:19:00,PCI_4,gNB-1,99.947,463,0,100.0,117.3,140.0,99.761,99.635,0.04,39,98.359,98.838,99.115,98.949,97.627,52.47,37.08,300.15,82.08,2.86678,99.091,12.91
2026-06-10T09:19:00,PCI_5,gNB-2,99.936,446,0,100.0,121.6,142.9,99.537,99.247,0.138,46,98.497,98.833,99.696,97.826,97.92,50.43,33.94,265.53,98.29,2.72861,98.829,11.76
2026-06-10T09:19:00,PCI_6,gNB-2,99.988,417,0,100.0,103.5,126.9,99.777,99.598,0.183,35,98.077,99.035,98.832,98.145,97.652,51.72,33.88,276.77,97.77,2.80907,98.776,13.5
2026-06-10T09:19:00,PCI_7,gNB-2,99.957,436,0,100.0,111.4,153.4,99.486,99.728,0.007,41,97.927,98.603,98.309,98.465,97.742,45.48,34.39,228.15,94.25,2.41799,98.945,10.55
2026-06-10T09:19:00,PCI_8,gNB-3,99.951,391,1,99.744,121.9,148.9,99.581,99.245,0.098,42,98.076,98.942,98.179,98.379,97.423,50.59,41.88,223.29,106.44,2.47301,99.077,12.7
2026-06-10T09:19:00,PCI_9,gNB-3,99.913,422,0,100.0,121.9,162.3,99.701,99.4,0.109,41,98.751,99.182,99.179,98.078,97.303,45.66,36.95,252.4,110.65,2.72284,99.745,11.5
2026-06-10T09:19:00,PCI_10,gNB-3,99.965,442,1,99.774,112.0,136.9,99.64,99.366,0.163,41,98.657,99.492,97.77,98.033,97.758,51.15,38.59,284.53,89.42,2.80457,99.119,11.89
2026-06-10T09:20:00,PCI_1,gNB-1,99.952,422,0,100.0,125.5,163.3,99.822,99.434,0.083,45,98.48,99.275,98.426,98.558,97.645,49.3,40.63,262.56,106.35,2.76684,99.024,12.54
2026-06-10T09:20:00,PCI_2,gNB-1,99.983,418,0,100.0,111.9,152.1,99.703,99.354,0.185,34,98.073,98.907,98.37,98.228,98.159,52.49,43.73,284.28,95.58,2.84895,99.311,10.16
2026-06-10T09:20:00,PCI_3,gNB-1,99.978,413,0,100.0,115.6,144.6,99.38,99.435,0.106,40,98.255,98.838,98.855,98.712,97.521,47.26,39.43,260.87,97.74,2.68958,99.715,9.69
2026-06-10T09:20:00,PCI_4,gNB-1,99.974,421,1,99.762,94.0,124.8,99.553,99.186,0.259,31,98.285,98.763,98.99,98.278,97.856,42.75,34.26,273.39,101.11,2.80875,98.671,9.64
2026-06-10T09:20:00,PCI_5,gNB-2,99.949,469,0,100.0,94.5,124.7,99.513,99.116,0.182,32,98.181,98.647,98.633,98.296,97.342,51.99,32.8,299.79,103.93,3.02789,99.128,11.46
2026-06-10T09:20:00,PCI_6,gNB-2,100.0,427,1,99.766,107.7,135.6,99.45,99.376,0.21,33,98.57,98.437,98.326,98.144,98.274,50.92,34.22,261.49,102.77,2.73196,98.784,11.59
2026-06-10T09:20:00,PCI_7,gNB-2,99.958,447,1,99.776,109.1,138.1,99.511,99.33,0.191,38,98.191,99.18,98.934,98.087,97.878,47.64,31.3,268.18,106.66,2.8113,99.662,11.24
2026-06-10T09:20:00,PCI_8,gNB-3,99.99,426,0,100.0,118.7,163.7,99.614,99.511,0.003,45,98.407,99.193,98.657,98.197,97.94,49.22,41.37,258.3,92.36,2.62997,99.001,9.5
2026-06-10T09:20:00,PCI_9,gNB-3,100.0,414,1,99.758,113.4,153.6,99.782,99.308,0.123,41,98.695,98.728,99.41,98.444,97.53,47.4,41.63,270.6,108.24,2.84132,99.77,12.37
2026-06-10T09:20:00,PCI_10,gNB-3,99.992,439,0,100.0,124.6,164.3,99.732,99.515,0.085,41,98.425,99.082,99.079,98.302,98.642,51.7,35.47,250.34,102.3,2.64478,99.056,10.89
2026-06-10T09:21:00,PCI_1,gNB-1,100.0,435,0,100.0,107.8,128.6,99.383,99.035,0.116,37,98.428,98.992,99.301,97.961,97.893,46.54,34.66,301.63,101.95,3.02685,99.505,9.38
2026-06-10T09:21:00,PCI_2,gNB-1,100.0,465,1,99.785,113.4,145.5,99.68,99.134,0.181,41,98.312,98.427,98.488,98.174,98.259,46.06,33.73,283.53,105.26,2.91593,99.378,11.16
2026-06-10T09:21:00,PCI_3,gNB-1,99.933,439,0,100.0,115.1,148.1,99.602,99.688,0.117,42,98.125,98.995,98.53,97.994,97.536,49.46,40.07,252.37,92.44,2.58612,98.976,12.24
2026-06-10T09:21:00,PCI_4,gNB-1,99.96,449,1,99.777,115.8,157.3,99.781,99.311,0.095,36,98.768,98.964,98.558,98.17,98.084,48.71,43.09,214.55,109.13,2.42762,99.063,10.99
2026-06-10T09:21:00,PCI_5,gNB-2,99.972,430,0,100.0,115.4,135.1,99.588,99.378,0.175,40,98.473,99.254,98.371,98.951,97.8,44.46,41.53,295.36,112.43,3.05847,99.563,11.83
2026-06-10T09:21:00,PCI_6,gNB-2,99.935,437,0,100.0,109.3,145.7,99.872,99.401,0.134,36,97.994,98.83,98.544,98.294,97.649,41.03,41.04,311.73,85.45,2.97885,99.166,12.41
2026-06-10T09:21:00,PCI_7,gNB-2,99.96,410,0,100.0,111.9,130.3,99.847,99.7,0.196,38,98.404,99.223,98.632,98.75,98.441,46.27,41.53,308.29,107.87,3.12119,98.969,10.75
2026-06-10T09:21:00,PCI_8,gNB-3,99.978,434,0,100.0,111.1,147.6,99.808,99.294,0.049,40,98.513,99.116,98.508,98.401,97.697,53.19,45.35,246.7,82.12,2.46613,99.091,10.42
2026-06-10T09:21:00,PCI_9,gNB-3,99.911,433,0,100.0,135.9,161.8,99.553,99.5,0.025,50,98.333,98.658,98.467,98.472,98.319,53.92,40.48,252.5,107.54,2.70028,99.199,14.75
2026-06-10T09:21:00,PCI_10,gNB-3,99.95,457,0,100.0,117.7,153.7,99.528,99.224,0.047,47,98.808,99.191,98.836,97.752,97.935,49.5,43.45,246.03,105.44,2.63598,99.165,11.32
2026-06-10T09:22:00,PCI_1,gNB-1,99.963,441,0,100.0,100.2,126.4,99.945,99.245,0.238,32,98.373,99.467,98.793,98.788,98.141,53.32,38.37,308.8,118.11,3.20188,99.399,10.47
2026-06-10T09:22:00,PCI_2,gNB-1,99.98,422,0,100.0,119.5,152.1,99.756,99.309,0.286,44,99.015,98.854,98.44,97.791,98.272,44.85,44.48,277.04,110.07,2.90327,98.913,10.46
2026-06-10T09:22:00,PCI_3,gNB-1,99.922,447,0,100.0,118.2,163.3,99.742,99.382,0.139,43,98.888,98.975,99.109,98.043,98.148,44.91,39.99,250.83,104.28,2.6633,99.39,9.91
2026-06-10T09:22:00,PCI_4,gNB-1,99.976,433,0,100.0,117.3,144.6,99.745,99.37,0.213,38,98.672,99.327,98.542,98.253,98.263,51.44,40.53,270.34,91.48,2.71368,99.231,9.41
2026-06-10T09:22:00,PCI_5,gNB-2,99.98,401,0,100.0,130.5,155.4,99.493,99.365,0.221,48,98.329,99.329,98.953,98.497,97.921,49.31,36.25,277.82,98.62,2.8233,99.521,11.39
2026-06-10T09:22:00,PCI_6,gNB-2,99.993,441,0,100.0,104.0,141.8,99.633,99.315,0.091,34,98.354,99.033,98.48,98.368,98.092,46.55,47.81,270.06,106.47,2.82394,99.256,11.08
2026-06-10T09:22:00,PCI_7,gNB-2,99.985,456,0,100.0,108.4,143.9,99.296,99.453,0.144,39,98.083,98.918,98.425,98.17,98.238,48.42,36.59,301.68,103.71,3.04044,98.721,9.73
2026-06-10T09:22:00,PCI_8,gNB-3,100.0,442,0,100.0,117.0,140.2,99.597,99.179,0.097,38,98.27,98.931,98.65,98.08,98.392,47.23,44.85,295.99,93.68,2.92248,99.43,9.14
2026-06-10T09:22:00,PCI_9,gNB-3,99.987,439,0,100.0,97.3,128.7,99.404,99.621,0.066,33,98.65,99.006,98.781,98.23,98.253,45.18,40.85,240.58,104.32,2.58682,98.92,10.85
2026-06-10T09:22:00,PCI_10,gNB-3,100.0,452,0,100.0,108.3,136.3,99.779,99.229,0.198,36,98.072,99.026,98.361,98.514,98.283,54.05,34.55,308.69,110.44,3.14347,98.756,14.41
2026-06-10T09:23:00,PCI_1,gNB-1,99.969,420,0,100.0,104.3,124.2,99.626,99.52,0.092,36,98.221,99.092,98.893,98.318,98.393,51.94,40.15,299.87,93.37,2.94931,99.188,8.52
2026-06-10T09:23:00,PCI_2,gNB-1,99.992,429,1,99.767,111.3,136.0,99.584,99.371,0.185,36,98.052,98.604,99.038,97.922,97.835,44.59,42.17,257.25,112.9,2.77615,99.023,11.59
2026-06-10T09:23:00,PCI_3,gNB-1,99.959,450,0,100.0,111.9,136.1,99.327,99.539,0.176,40,98.084,99.043,98.827,98.603,97.817,51.65,46.47,260.56,99.97,2.704,99.118,8.94
2026-06-10T09:23:00,PCI_4,gNB-1,99.989,460,0,100.0,113.4,140.2,99.683,99.444,0.127,39,98.502,99.169,98.722,98.578,97.353,52.24,36.63,271.74,99.92,2.7874,99.358,10.99
2026-06-10T09:23:00,PCI_5,gNB-2,100.0,424,0,100.0,124.6,170.5,99.547,99.428,0.124,43,98.505,99.299,98.873,98.733,98.531,44.01,39.96,260.54,90.54,2.63313,98.934,10.42
2026-06-10T09:23:00,PCI_6,gNB-2,99.955,437,0,100.0,114.7,151.9,99.626,99.383,0.038,38,99.494,99.157,98.673,98.498,97.667,49.38,42.2,232.14,97.55,2.47265,99.103,10.76
2026-06-10T09:23:00,PCI_7,gNB-2,99.955,440,0,100.0,117.7,155.3,99.755,99.284,0.169,40,98.696,98.916,98.648,98.802,97.942,42.92,39.23,278.96,99.39,2.83759,99.219,12.68
2026-06-10T09:23:00,PCI_8,gNB-3,100.0,433,0,100.0,117.6,139.4,99.466,99.372,0.276,36,98.097,99.085,98.297,98.876,97.494,43.95,36.77,298.17,109.65,3.05868,99.342,11.62
2026-06-10T09:23:00,PCI_9,gNB-3,99.884,409,0,100.0,126.2,167.2,99.649,99.642,0.236,43,99.049,99.127,99.018,97.99,97.747,46.09,45.68,214.96,89.07,2.28019,99.398,11.4
2026-06-10T09:23:00,PCI_10,gNB-3,100.0,430,0,100.0,124.5,169.0,99.525,99.611,0.203,40,98.421,98.644,99.103,98.179,98.439,52.19,35.35,268.39,108.47,2.82645,99.312,13.42
2026-06-10T09:24:00,PCI_1,gNB-1,99.947,443,0,100.0,110.2,135.6,99.691,99.47,0.076,38,98.274,98.871,99.084,98.032,97.786,51.49,39.27,277.61,92.69,2.77722,99.2,10.68
2026-06-10T09:24:00,PCI_2,gNB-1,99.907,430,0,100.0,122.3,151.8,99.621,99.693,0.16,38,98.527,99.319,99.117,98.054,98.769,46.47,36.19,261.1,115.19,2.82217,99.306,12.56
2026-06-10T09:24:00,PCI_3,gNB-1,100.0,438,0,100.0,121.2,166.7,99.779,99.274,0.058,37,98.879,99.193,98.485,98.633,97.957,48.89,33.39,260.67,104.87,2.74159,99.26,10.43
2026-06-10T09:24:00,PCI_4,gNB-1,99.998,459,0,100.0,119.0,143.1,99.667,99.222,0.143,42,98.444,99.264,98.489,98.179,98.127,49.25,40.06,269.02,97.84,2.75151,99.373,11.37
2026-06-10T09:24:00,PCI_5,gNB-2,99.95,458,0,100.0,110.2,127.4,99.514,99.026,0.265,39,99.191,98.878,98.887,98.395,97.995,53.19,39.11,272.4,105.37,2.83325,98.675,10.23
2026-06-10T09:24:00,PCI_6,gNB-2,99.999,463,0,100.0,122.0,153.2,99.581,99.73,0.14,38,98.699,99.298,98.747,98.423,98.344,55.32,41.36,314.85,106.39,3.15931,99.72,9.29
2026-06-10T09:24:00,PCI_7,gNB-2,99.981,443,0,100.0,106.2,124.0,99.581,99.221,0.112,36,98.548,98.797,98.452,98.438,97.997,57.01,37.5,292.33,117.59,3.07438,99.167,12.7
2026-06-10T09:24:00,PCI_8,gNB-3,99.937,440,0,100.0,108.4,126.0,99.354,99.389,0.221,37,98.755,98.833,99.048,98.286,97.861,55.74,39.08,288.18,105.1,2.94957,99.384,11.45
2026-06-10T09:24:00,PCI_9,gNB-3,100.0,443,1,99.774,119.0,156.1,99.87,99.272,0.162,42,98.206,98.729,98.909,98.512,98.068,43.27,38.01,280.14,108.93,2.91805,99.5,11.93
2026-06-10T09:24:00,PCI_10,gNB-3,99.944,463,0,100.0,123.6,162.1,99.678,99.452,0.085,40,98.643,98.971,98.928,98.206,98.741,48.44,47.07,256.1,108.43,2.73395,99.484,9.38
2026-06-10T09:25:00,PCI_1,gNB-1,99.94,447,0,100.0,127.0,159.2,99.759,99.188,0.125,48,98.357,98.956,98.217,98.262,97.485,50.96,44.88,283.11,105.79,2.91675,99.117,12.07
2026-06-10T09:25:00,PCI_2,gNB-1,99.979,434,0,100.0,106.5,147.3,99.407,99.646,0.138,33,98.154,99.277,98.907,98.543,97.994,52.99,44.24,291.32,92.14,2.87597,98.739,9.16
2026-06-10T09:25:00,PCI_3,gNB-1,100.0,419,0,100.0,116.7,158.1,99.421,99.59,0.185,43,98.773,99.352,98.696,98.253,97.418,48.52,36.81,299.82,109.38,3.06899,99.557,12.8
2026-06-10T09:25:00,PCI_4,gNB-1,99.963,448,0,100.0,113.3,137.4,99.464,99.477,0.145,33,97.724,98.827,98.567,98.214,98.436,46.97,34.16,283.47,111.77,2.96431,99.595,9.74
2026-06-10T09:25:00,PCI_5,gNB-2,99.932,434,1,99.77,121.5,154.9,99.704,99.331,0.136,42,98.355,98.938,98.8,98.368,98.495,52.65,38.72,221.58,92.67,2.35687,99.077,10.64
2026-06-10T09:25:00,PCI_6,gNB-2,99.971,434,0,100.0,111.2,135.7,99.584,99.262,0.091,38,98.571,98.746,98.108,98.019,98.161,43.11,42.47,259.67,104.84,2.73386,99.009,12.0
2026-06-10T09:25:00,PCI_7,gNB-2,99.988,445,0,100.0,121.4,169.3,99.548,99.493,0.135,43,98.539,99.014,98.459,98.577,98.363,47.2,35.49,278.33,98.07,2.82297,99.224,12.32
2026-06-10T09:25:00,PCI_8,gNB-3,99.918,460,0,100.0,107.9,145.5,99.671,99.755,0.124,35,98.886,98.962,98.887,98.596,97.662,47.88,36.79,285.92,108.74,2.96,99.074,11.94
2026-06-10T09:25:00,PCI_9,gNB-3,99.967,444,0,100.0,115.9,135.2,99.58,99.19,0.243,39,98.43,98.964,98.841,98.311,98.164,45.72,43.04,261.77,109.49,2.78446,99.246,12.66
2026-06-10T09:25:00,PCI_10,gNB-3,99.941,419,1,99.761,114.1,154.6,99.535,99.403,0.23,38,98.575,99.057,98.519,98.354,98.331,53.16,37.62,341.77,106.41,3.36132,99.126,10.13
2026-06-10T09:26:00,PCI_1,gNB-1,99.953,453,0,100.0,115.3,138.8,99.57,99.386,0.061,37,98.846,98.861,98.687,98.2,98.259,53.98,42.48,287.72,108.4,2.97089,98.912,13.01
2026-06-10T09:26:00,PCI_2,gNB-1,100.0,429,0,100.0,110.5,134.5,99.696,99.633,0.141,36,98.41,98.715,98.481,98.851,97.733,47.68,41.39,280.74,109.93,2.93004,98.987,9.66
2026-06-10T09:26:00,PCI_3,gNB-1,99.983,432,0,100.0,118.0,146.3,99.567,99.27,0.182,40,97.855,99.175,97.969,98.173,97.759,47.1,38.98,297.05,97.62,2.96008,99.047,12.21
2026-06-10T09:26:00,PCI_4,gNB-1,99.959,451,0,100.0,114.6,153.9,99.527,99.562,0.246,45,98.195,98.935,98.69,98.242,97.616,57.6,44.71,270.89,100.77,2.78744,99.189,9.46
2026-06-10T09:26:00,PCI_5,gNB-2,99.947,452,0,100.0,123.1,163.4,99.445,98.783,0.238,43,98.466,99.385,98.417,98.019,97.742,55.51,42.61,232.7,116.72,2.62065,99.194,11.78
2026-06-10T09:26:00,PCI_6,gNB-2,99.963,468,0,100.0,126.4,159.6,99.694,99.41,0.133,41,98.29,98.714,98.5,98.282,98.181,43.49,35.1,260.24,91.76,2.63997,99.122,10.79
2026-06-10T09:26:00,PCI_7,gNB-2,99.976,447,1,99.776,122.5,141.3,99.679,99.241,0.085,44,98.65,99.512,98.624,98.007,98.084,47.7,35.64,307.19,118.84,3.19528,99.279,10.24
2026-06-10T09:26:00,PCI_8,gNB-3,99.972,441,0,100.0,122.8,153.2,99.774,99.287,0.146,42,97.997,99.589,98.092,97.963,97.87,43.46,40.65,263.82,104.8,2.76467,99.248,11.29
2026-06-10T09:26:00,PCI_9,gNB-3,99.994,439,0,100.0,122.7,141.9,99.532,99.318,0.169,41,98.383,98.634,99.246,97.94,98.555,52.53,43.03,281.48,108.12,2.922,99.266,12.05
2026-06-10T09:26:00,PCI_10,gNB-3,99.98,464,0,100.0,120.4,156.0,99.799,99.202,0.17,42,98.57,98.458,98.948,97.835,98.736,52.08,38.81,290.98,105.61,2.97438,99.073,11.1
2026-06-10T09:27:00,PCI_1,gNB-1,99.952,432,0,100.0,126.0,171.3,99.772,99.653,0.198,47,98.522,99.102,99.115,98.866,97.886,44.19,47.69,305.47,119.14,3.18458,99.423,11.62
2026-06-10T09:27:00,PCI_2,gNB-1,99.969,430,1,99.767,125.1,152.4,99.441,99.302,0.109,42,97.667,99.06,99.161,98.147,98.016,50.89,35.53,288.06,98.73,2.90091,99.098,11.64
2026-06-10T09:27:00,PCI_3,gNB-1,99.955,446,1,99.776,123.2,152.5,99.726,99.31,0.071,42,98.198,98.876,98.662,98.535,98.279,51.69,38.31,240.51,103.31,2.57861,99.127,11.09
2026-06-10T09:27:00,PCI_4,gNB-1,99.966,437,0,100.0,107.1,146.6,99.787,99.254,0.084,36,98.406,99.069,99.103,98.269,98.198,47.56,37.51,284.78,99.82,2.88444,99.498,10.68
2026-06-10T09:27:00,PCI_5,gNB-2,99.948,429,0,100.0,109.7,144.0,99.343,99.402,0.271,32,99.016,98.975,98.966,98.009,98.701,45.59,39.1,315.65,95.01,3.07997,98.632,11.16
2026-06-10T09:27:00,PCI_6,gNB-2,100.0,430,0,100.0,105.9,137.7,99.782,99.135,0.144,35,98.83,98.797,99.184,98.305,97.733,49.44,37.08,333.1,106.16,3.29441,99.084,11.4
2026-06-10T09:27:00,PCI_7,gNB-2,99.91,430,0,100.0,127.8,156.7,99.535,99.386,0.227,36,98.881,98.959,98.904,98.287,99.076,47.32,43.73,212.68,105.26,2.38454,99.398,8.95
2026-06-10T09:27:00,PCI_8,gNB-3,99.96,445,0,100.0,126.8,171.3,99.653,99.12,0.272,42,98.883,98.934,98.603,98.786,97.698,54.92,37.93,255.31,98.24,2.65161,99.482,11.13
2026-06-10T09:27:00,PCI_9,gNB-3,99.969,421,0,100.0,125.7,157.5,99.717,98.752,0.113,44,98.532,98.858,98.771,98.081,97.771,44.76,39.88,259.08,100.87,2.69958,99.546,11.18
2026-06-10T09:27:00,PCI_10,gNB-3,99.975,421,0,100.0,125.2,149.4,99.608,99.365,0.155,45,98.402,98.378,99.29,98.641,97.946,55.38,34.11,309.33,106.41,3.1181,99.422,10.73
2026-06-10T09:28:00,PCI_1,gNB-1,99.925,455,1,99.78,122.0,164.3,99.511,99.743,0.165,42,98.403,98.699,98.478,97.843,98.071,49.6,40.36,247.24,101.91,2.61858,99.039,12.75
2026-06-10T09:28:00,PCI_2,gNB-1,99.977,423,0,100.0,120.8,157.3,99.802,99.698,0.23,36,98.536,98.783,98.62,97.825,98.606,47.15,40.59,298.58,110.18,3.06571,99.303,10.68
2026-06-10T09:28:00,PCI_3,gNB-1,99.958,443,0,100.0,125.9,158.1,99.521,99.317,0.053,40,97.958,99.116,99.054,98.322,97.598,55.14,38.19,238.56,90.2,2.46568,99.244,13.42
2026-06-10T09:28:00,PCI_4,gNB-1,99.898,436,0,100.0,111.1,147.0,99.637,99.254,0.215,35,98.711,99.085,98.582,98.209,97.884,56.62,36.22,308.06,113.31,3.16032,99.114,13.68
2026-06-10T09:28:00,PCI_5,gNB-2,100.0,450,0,100.0,118.0,148.9,99.539,99.361,0.23,40,98.188,99.141,98.673,98.129,98.191,46.81,35.53,271.8,103.71,2.81636,99.211,9.45
2026-06-10T09:28:00,PCI_6,gNB-2,99.913,456,0,100.0,119.7,159.7,99.738,99.194,0.185,38,98.793,98.864,98.634,98.757,98.344,44.39,36.66,283.19,103.36,2.89911,99.4,10.23
2026-06-10T09:28:00,PCI_7,gNB-2,99.93,432,0,100.0,122.3,150.0,99.786,99.446,0.135,44,98.468,98.881,98.558,98.576,98.518,55.16,33.06,305.66,96.27,3.01444,99.113,12.13
2026-06-10T09:28:00,PCI_8,gNB-3,99.962,427,0,100.0,131.4,183.1,99.464,99.426,0.159,46,98.285,99.359,98.584,98.544,97.408,51.47,40.04,312.3,84.46,2.97569,99.337,12.48
2026-06-10T09:28:00,PCI_9,gNB-3,99.935,466,0,100.0,124.9,161.5,99.802,99.487,0.236,45,98.293,98.736,99.051,98.478,97.764,50.01,45.33,235.53,98.03,2.50172,99.374,12.49
2026-06-10T09:28:00,PCI_10,gNB-3,100.0,431,0,100.0,129.1,164.7,99.251,99.605,0.148,43,98.15,99.298,98.779,98.42,98.121,51.65,42.82,321.29,96.75,3.13529,99.18,10.58
2026-06-10T09:29:00,PCI_1,gNB-1,99.95,444,0,100.0,118.3,152.0,99.488,99.31,0.058,35,99.084,98.967,98.418,98.486,98.466,43.09,37.82,286.83,98.89,2.89289,99.312,9.42
2026-06-10T09:29:00,PCI_2,gNB-1,100.0,446,0,100.0,118.8,165.9,99.544,98.975,0.299,40,98.41,99.065,98.87,98.401,97.76,43.44,38.91,259.77,101.21,2.70734,99.198,11.64
2026-06-10T09:29:00,PCI_3,gNB-1,100.0,446,0,100.0,123.2,147.0,99.352,99.52,0.163,41,98.549,99.095,98.875,98.642,97.992,50.05,49.27,252.91,103.42,2.67251,99.109,12.43
2026-06-10T09:29:00,PCI_4,gNB-1,99.99,428,0,100.0,108.9,128.6,99.498,99.62,0.131,40,98.273,99.031,98.705,98.325,98.276,48.31,38.3,246.78,104.52,2.63468,99.075,12.6
2026-06-10T09:29:00,PCI_5,gNB-2,99.962,437,0,100.0,129.0,161.0,99.423,99.892,0.188,47,99.25,98.798,98.79,97.729,98.17,51.67,36.47,258.42,104.23,2.71986,99.141,13.65
2026-06-10T09:29:00,PCI_6,gNB-2,99.985,445,0,100.0,105.7,135.4,99.396,99.424,0.0,33,98.574,98.472,98.23,98.597,97.531,50.04,40.83,253.15,92.09,2.58934,99.58,10.43
2026-06-10T09:29:00,PCI_7,gNB-2,99.969,436,0,100.0,107.9,133.6,99.442,99.272,0.105,36,98.627,98.864,98.978,98.098,98.229,55.33,46.57,229.93,119.44,2.62026,98.756,13.4
2026-06-10T09:29:00,PCI_8,gNB-3,99.983,453,1,99.779,126.0,166.4,99.516,99.275,0.21,47,98.729,98.903,98.699,98.58,98.291,54.6,40.18,262.14,107.95,2.77571,99.312,10.48
2026-06-10T09:29:00,PCI_9,gNB-3,99.987,435,0,100.0,113.6,151.9,99.778,99.451,0.058,36,98.708,98.961,98.791,97.825,97.471,50.54,38.77,246.42,99.23,2.59237,99.395,10.62
2026-06-10T09:29:00,PCI_10,gNB-3,99.994,473,0,100.0,119.5,138.1,99.782,99.11,0.073,41,98.056,99.244,98.511,98.457,97.889,49.07,39.66,230.65,96.92,2.45685,99.08,14.61
2026-06-10T09:30:00,PCI_1,gNB-1,99.96,461,0,100.0,126.2,163.3,99.712,99.924,0.055,40,98.419,98.754,98.713,98.454,97.993,50.67,41.37,300.49,100.75,3.00928,99.031,13.08
2026-06-10T09:30:00,PCI_2,gNB-1,99.977,437,0,100.0,116.2,144.8,99.589,99.525,0.213,38,98.132,99.397,98.491,97.831,97.332,50.1,37.16,235.25,98.42,2.50253,98.932,12.78
2026-06-10T09:30:00,PCI_3,gNB-1,100.0,450,0,100.0,117.6,155.9,99.622,99.608,0.154,43,98.633,98.854,99.097,98.404,98.283,45.97,35.38,276.44,99.53,2.81971,99.351,11.89
2026-06-10T09:30:00,PCI_4,gNB-1,100.0,459,0,100.0,126.6,171.7,99.488,99.409,0.148,47,99.343,99.102,99.132,98.232,98.112,48.16,38.03,314.49,109.59,3.18059,99.307,10.08
2026-06-10T09:30:00,PCI_5,gNB-2,99.962,447,0,100.0,118.9,156.8,99.71,99.691,0.075,40,98.963,99.564,98.507,98.267,97.455,46.95,36.2,278.4,96.47,2.8115,99.429,11.2
2026-06-10T09:30:00,PCI_6,gNB-2,100.0,464,0,100.0,109.1,125.5,99.923,99.417,0.186,37,98.43,99.123,97.905,97.925,97.788,49.17,45.53,342.19,111.02,3.39913,99.296,12.31
2026-06-10T09:30:00,PCI_7,gNB-2,99.939,435,0,100.0,120.3,156.5,99.314,99.483,0.038,44,98.749,98.433,98.847,98.355,97.78,54.03,47.72,293.36,97.26,2.92967,98.837,9.53
2026-06-10T09:30:00,PCI_8,gNB-3,99.958,467,0,100.0,118.8,157.3,99.601,99.404,0.09,39,98.505,98.705,99.192,98.332,97.803,54.12,35.5,307.31,106.65,3.10465,99.665,10.46
2026-06-10T09:30:00,PCI_9,gNB-3,99.936,437,0,100.0,121.0,165.1,99.645,99.269,0.222,34,98.62,99.008,98.695,98.106,98.604,48.59,41.41,274.32,103.08,2.83049,99.217,12.29
2026-06-10T09:30:00,PCI_10,gNB-3,100.0,443,0,100.0,122.2,159.1,99.486,99.526,0.148,43,98.452,99.097,98.72,97.96,98.067,48.84,38.75,287.78,101.54,2.91989,98.931,13.04
2026-06-10T09:31:00,PCI_1,gNB-1,99.967,447,0,100.0,122.7,146.2,99.472,99.34,0.119,41,98.457,98.713,98.952,97.956,97.62,54.08,42.89,318.49,107.42,3.19426,99.034,13.01
2026-06-10T09:31:00,PCI_2,gNB-1,99.949,450,0,100.0,122.8,144.0,99.676,98.997,0.21,38,98.698,99.612,98.611,97.945,98.672,48.63,35.41,313.54,83.61,2.97864,98.825,9.32
2026-06-10T09:31:00,PCI_3,gNB-1,99.921,421,0,100.0,127.8,163.1,99.535,99.083,0.181,42,98.678,99.25,98.708,97.66,97.665,55.85,40.95,317.73,88.46,3.04645,99.167,11.03
2026-06-10T09:31:00,PCI_4,gNB-1,100.0,442,0,100.0,123.9,165.2,99.646,99.635,0.073,44,98.808,98.823,99.085,98.268,98.382,54.1,40.92,275.01,101.11,2.82089,99.238,11.62
2026-06-10T09:31:00,PCI_5,gNB-2,99.954,450,0,100.0,133.1,154.1,99.666,99.719,0.155,47,98.722,98.967,98.362,97.857,97.924,54.92,43.86,323.1,113.62,3.27542,99.034,9.12
2026-06-10T09:31:00,PCI_6,gNB-2,99.917,448,1,99.777,127.0,151.4,99.685,99.553,0.027,43,98.872,99.207,98.732,97.963,97.749,50.76,44.92,294.65,105.67,3.0024,99.254,12.47
2026-06-10T09:31:00,PCI_7,gNB-2,99.982,437,0,100.0,129.3,166.8,99.481,99.402,0.097,44,98.538,98.905,98.527,97.945,97.439,49.63,40.63,297.69,99.81,2.98121,99.015,13.19
2026-06-10T09:31:00,PCI_8,gNB-3,99.986,465,1,99.785,113.9,155.2,99.746,99.169,0.028,37,98.873,99.002,98.764,98.329,97.977,49.73,34.25,323.74,105.12,3.21641,99.498,8.96
2026-06-10T09:31:00,PCI_9,gNB-3,99.968,434,0,100.0,121.7,150.3,99.802,99.662,0.13,44,98.315,98.86,98.767,98.259,98.289,43.09,44.39,267.73,118.12,2.8939,99.48,9.57
2026-06-10T09:31:00,PCI_10,gNB-3,100.0,462,0,100.0,113.7,135.6,99.709,99.577,0.119,42,98.935,99.225,98.476,98.044,98.094,53.68,41.58,272.75,98.98,2.78799,99.512,11.08
2026-06-10T09:32:00,PCI_1,gNB-1,99.961,437,0,100.0,115.1,161.1,99.783,99.299,0.015,43,98.536,98.717,98.249,98.416,97.925,51.2,41.62,274.71,104.66,2.84523,99.362,11.17
2026-06-10T09:32:00,PCI_2,gNB-1,100.0,463,0,100.0,130.2,155.4,99.485,99.364,0.235,47,97.968,98.747,98.753,98.831,98.264,49.86,42.37,284.46,104.47,2.917,99.294,8.16
2026-06-10T09:32:00,PCI_3,gNB-1,99.955,462,0,100.0,113.5,137.5,99.64,99.429,0.162,44,97.845,98.821,98.47,98.582,97.913,46.92,40.91,294.21,119.69,3.1042,99.263,10.69
2026-06-10T09:32:00,PCI_4,gNB-1,99.997,442,1,99.774,126.8,154.2,99.58,99.674,0.157,45,98.177,98.85,98.064,97.893,98.128,55.61,39.03,254.56,107.64,2.71646,99.484,11.1
2026-06-10T09:32:00,PCI_5,gNB-2,99.948,453,0,100.0,113.2,144.3,99.833,99.349,0.308,41,98.429,99.072,98.764,98.169,97.964,49.66,43.03,322.84,117.44,3.3021,99.121,12.17
2026-06-10T09:32:00,PCI_6,gNB-2,99.932,438,1,99.772,125.2,144.5,99.723,99.565,0.203,43,98.096,99.447,98.559,98.519,98.17,49.3,47.34,300.91,106.81,3.05788,99.097,9.91
2026-06-10T09:32:00,PCI_7,gNB-2,99.933,463,1,99.784,116.8,153.2,99.549,99.53,0.106,39,98.773,98.832,98.882,98.451,98.004,44.12,34.91,257.11,96.72,2.65375,99.414,10.06
2026-06-10T09:32:00,PCI_8,gNB-3,99.953,446,1,99.776,107.2,147.8,99.707,99.282,0.206,32,98.336,98.96,98.721,98.64,97.886,46.67,40.93,287.96,110.43,2.98785,99.118,11.6
2026-06-10T09:32:00,PCI_9,gNB-3,99.907,462,0,100.0,115.4,143.2,99.487,99.4,0.189,39,98.767,98.857,99.001,97.839,97.533,50.92,45.71,323.76,100.12,3.1791,99.192,10.62
2026-06-10T09:32:00,PCI_10,gNB-3,99.955,465,0,100.0,131.1,180.0,99.521,99.264,0.137,47,98.355,99.689,98.761,97.964,98.027,55.16,41.77,275.94,101.66,2.832,99.005,9.59
2026-06-10T09:33:00,PCI_1,gNB-1,99.873,460,0,100.0,133.7,167.2,99.534,99.393,0.251,41,98.569,99.658,98.995,98.032,98.042,49.91,51.18,268.96,105.13,2.80573,99.118,9.26
2026-06-10T09:33:00,PCI_2,gNB-1,99.966,452,0,100.0,117.5,155.1,99.711,99.537,0.033,45,98.753,99.197,98.702,98.298,97.812,52.49,43.86,271.45,113.72,2.88879,99.085,12.24
2026-06-10T09:33:00,PCI_3,gNB-1,99.916,469,0,100.0,122.7,165.0,99.537,99.522,0.116,45,98.588,99.223,98.537,98.017,97.743,52.41,37.14,302.64,91.09,2.95299,99.036,11.12
2026-06-10T09:33:00,PCI_4,gNB-1,100.0,447,1,99.776,120.4,146.9,99.71,99.235,0.038,40,98.539,99.024,98.75,98.661,97.878,50.02,36.92,271.02,115.55,2.89927,99.29,7.51
2026-06-10T09:33:00,PCI_5,gNB-2,100.0,427,1,99.766,128.6,152.7,99.683,99.572,0.171,41,98.611,98.83,97.987,98.215,98.191,51.34,40.29,328.52,109.5,3.28513,99.427,11.86
2026-06-10T09:33:00,PCI_6,gNB-2,99.982,451,0,100.0,135.4,160.9,99.756,99.135,0.173,49,98.258,98.561,98.718,98.207,98.069,52.05,43.58,324.43,110.83,3.26441,98.827,12.38
2026-06-10T09:33:00,PCI_7,gNB-2,99.955,458,0,100.0,123.2,142.7,99.672,99.089,0.218,43,99.006,99.175,98.818,98.363,97.601,50.63,41.52,310.48,110.92,3.16054,99.378,12.42
2026-06-10T09:33:00,PCI_8,gNB-3,99.975,461,0,100.0,111.3,134.2,99.727,99.689,0.25,36,98.954,99.393,98.486,98.455,98.601,51.35,45.05,271.21,104.93,2.82108,99.426,11.18
2026-06-10T09:33:00,PCI_9,gNB-3,99.96,458,0,100.0,133.0,162.7,99.557,99.32,0.157,43,98.767,98.926,98.945,98.053,97.662,47.37,41.29,253.94,114.22,2.76121,99.128,12.74
2026-06-10T09:33:00,PCI_10,gNB-3,99.982,469,0,100.0,112.6,144.6,99.524,99.615,0.104,41,98.268,98.579,99.133,98.248,98.346,51.67,33.6,296.02,116.06,3.09061,99.526,13.83
2026-06-10T09:34:00,PCI_1,gNB-1,99.979,457,0,100.0,112.6,141.6,99.711,99.474,0.098,41,98.345,99.314,98.528,98.152,97.898,47.06,36.95,280.56,88.47,2.76775,99.699,11.97
2026-06-10T09:34:00,PCI_2,gNB-1,99.948,445,0,100.0,121.6,152.0,99.384,99.381,0.021,42,98.242,98.854,98.609,98.554,98.428,51.21,36.19,324.04,96.71,3.15563,99.067,11.09
2026-06-10T09:34:00,PCI_3,gNB-1,99.96,478,0,100.0,130.2,159.0,99.731,99.372,0.141,46,98.619,99.144,98.639,97.857,97.893,40.44,39.28,266.97,114.24,2.8591,98.53,14.37
2026-06-10T09:34:00,PCI_4,gNB-1,99.966,434,0,100.0,125.4,157.9,99.924,99.236,0.171,44,98.298,99.072,99.075,98.047,98.157,55.02,42.98,247.37,109.95,2.67992,99.105,13.21
2026-06-10T09:34:00,PCI_5,gNB-2,99.986,487,0,100.0,125.5,154.4,99.864,99.712,0.086,46,98.488,98.598,98.39,98.33,98.179,49.55,41.56,294.75,109.99,3.03556,98.907,11.59
2026-06-10T09:34:00,PCI_6,gNB-2,100.0,436,1,99.771,133.1,178.5,99.911,99.241,0.085,44,98.288,99.458,98.715,98.284,98.127,57.35,41.07,277.67,109.88,2.90665,99.513,11.09
2026-06-10T09:34:00,PCI_7,gNB-2,99.986,463,0,100.0,125.5,166.4,99.564,99.674,0.189,44,98.517,99.204,98.884,98.412,98.23,47.64,37.83,262.34,105.01,2.75517,99.149,10.85
2026-06-10T09:34:00,PCI_8,gNB-3,99.971,444,0,100.0,128.4,159.5,99.609,99.638,0.245,41,98.573,98.743,98.587,98.422,97.564,53.15,39.85,281.1,111.96,2.94798,98.998,8.89
2026-06-10T09:34:00,PCI_9,gNB-3,99.966,447,1,99.776,112.9,134.8,99.448,99.148,0.094,37,98.508,99.778,98.517,97.83,98.198,46.16,36.86,278.39,107.98,2.89784,99.216,11.73
2026-06-10T09:34:00,PCI_10,gNB-3,99.961,474,1,99.789,117.2,139.0,99.399,99.528,0.135,46,98.297,99.369,98.426,97.802,97.701,52.32,44.33,265.18,115.18,2.85273,99.069,10.61
2026-06-10T09:35:00,PCI_1,gNB-1,100.0,484,0,100.0,124.4,168.7,99.622,99.451,0.261,40,98.288,98.771,98.504,98.492,97.721,56.14,40.59,265.57,102.85,2.76311,98.859,9.24
2026-06-10T09:35:00,PCI_2,gNB-1,99.972,473,1,99.789,118.4,138.8,99.49,99.439,0.183,40,98.437,98.911,98.727,97.833,98.007,51.81,35.23,298.67,100.57,2.99427,98.55,8.51
2026-06-10T09:35:00,PCI_3,gNB-1,99.943,468,1,99.786,110.5,152.0,99.729,99.384,0.047,39,98.43,98.948,98.707,98.453,97.949,47.29,39.95,290.65,117.03,3.05764,98.89,11.14
2026-06-10T09:35:00,PCI_4,gNB-1,100.0,463,0,100.0,97.7,135.1,99.497,99.178,0.044,30,98.107,98.954,98.73,98.264,98.108,47.79,42.73,284.73,111.23,2.96976,99.34,10.8
2026-06-10T09:35:00,PCI_5,gNB-2,100.0,471,0,100.0,135.6,162.8,99.369,98.952,0.105,48,98.763,99.153,98.685,98.573,98.231,49.36,41.12,313.48,102.84,3.12243,99.038,10.13
2026-06-10T09:35:00,PCI_6,gNB-2,99.934,469,1,99.787,119.0,151.9,99.773,99.34,0.229,41,98.485,99.128,98.943,98.805,97.872,57.69,37.47,266.78,90.46,2.67935,99.399,13.53
2026-06-10T09:35:00,PCI_7,gNB-2,99.965,455,0,100.0,109.8,126.4,99.64,99.298,0.079,38,98.668,98.65,98.665,98.458,97.036,52.39,47.16,256.56,118.14,2.81027,99.123,12.26
2026-06-10T09:35:00,PCI_8,gNB-3,100.0,443,1,99.774,140.6,173.5,99.558,99.675,0.17,49,97.905,98.845,98.305,97.77,98.119,54.4,37.47,272.1,111.34,2.8758,99.411,9.83
2026-06-10T09:35:00,PCI_9,gNB-3,99.911,474,0,100.0,113.3,156.3,99.699,99.741,0.108,44,98.392,99.125,98.663,98.32,98.498,48.48,43.73,281.45,107.71,2.91868,99.021,11.68
2026-06-10T09:35:00,PCI_10,gNB-3,99.99,456,0,100.0,128.6,179.5,99.433,99.317,0.278,43,98.494,98.937,98.786,98.029,98.085,53.04,44.59,266.47,115.11,2.86187,99.67,12.56
2026-06-10T09:36:00,PCI_1,gNB-1,100.0,426,1,99.765,137.8,186.6,99.674,99.562,0.356,46,98.379,99.27,98.774,97.659,98.075,52.75,36.98,299.0,110.4,3.07052,98.754,12.18
2026-06-10T09:36:00,PCI_2,gNB-1,99.974,488,1,99.795,112.3,136.3,99.641,99.134,0.098,43,98.571,99.255,98.689,98.603,97.814,49.32,36.9,242.1,105.31,2.60554,98.862,10.72
2026-06-10T09:36:00,PCI_3,gNB-1,99.915,464,0,100.0,119.6,163.8,99.771,99.368,0.151,34,98.168,99.269,98.439,97.976,98.332,46.47,44.57,286.95,103.41,2.92765,98.687,13.38
2026-06-10T09:36:00,PCI_4,gNB-1,99.942,443,0,100.0,112.7,131.1,99.592,99.342,0.075,37,98.576,98.751,98.882,98.365,98.182,52.24,42.85,298.72,114.92,3.10228,99.289,11.88
2026-06-10T09:36:00,PCI_5,gNB-2,99.989,436,0,100.0,130.2,182.2,99.36,99.287,0.174,48,98.397,98.702,98.675,98.496,97.974,55.33,38.6,310.88,121.36,3.24177,98.947,10.1
2026-06-10T09:36:00,PCI_6,gNB-2,99.995,508,0,100.0,122.4,158.4,99.58,99.074,0.082,46,97.991,98.641,98.938,98.338,98.414,47.1,37.68,280.59,98.49,2.84309,99.137,11.14
2026-06-10T09:36:00,PCI_7,gNB-2,99.935,460,1,99.783,126.5,171.5,99.752,99.451,0.122,42,98.103,99.012,98.686,98.786,98.068,54.29,45.82,242.69,103.19,2.59412,99.136,11.57
2026-06-10T09:36:00,PCI_8,gNB-3,99.964,475,0,100.0,126.6,174.3,99.433,99.622,0.106,38,98.531,99.1,98.489,97.798,97.591,50.71,30.49,314.82,116.31,3.23346,99.15,12.98
2026-06-10T09:36:00,PCI_9,gNB-3,99.935,445,0,100.0,127.1,172.5,99.386,99.2,0.23,43,99.334,98.831,98.874,98.39,97.914,54.64,37.18,287.83,98.96,2.90092,98.65,11.5
2026-06-10T09:36:00,PCI_10,gNB-3,99.964,442,0,100.0,121.3,145.8,99.856,99.432,0.18,38,98.744,99.207,98.379,98.49,98.104,50.46,40.95,349.7,103.18,3.39666,99.112,11.55
2026-06-10T09:37:00,PCI_1,gNB-1,99.955,436,0,100.0,130.6,173.1,99.513,99.144,0.194,42,98.494,98.894,98.751,98.161,98.238,47.83,50.29,310.21,103.76,3.10477,98.954,11.14
2026-06-10T09:37:00,PCI_2,gNB-1,99.988,451,0,100.0,131.0,157.5,99.681,99.4,0.203,43,99.134,99.016,99.294,98.154,98.467,51.1,47.45,286.3,100.27,2.89933,98.928,10.47
2026-06-10T09:37:00,PCI_3,gNB-1,99.946,469,0,100.0,131.8,159.3,99.448,99.599,0.311,44,98.327,99.099,98.766,98.136,97.972,57.99,44.47,270.79,95.18,2.74484,98.922,11.7
2026-06-10T09:37:00,PCI_4,gNB-1,99.996,451,0,100.0,121.0,168.8,99.631,99.689,0.171,44,98.523,99.386,98.33,97.962,97.82,59.67,47.0,263.59,105.21,2.76599,99.336,11.54
2026-06-10T09:37:00,PCI_5,gNB-2,99.952,457,1,99.781,128.3,162.7,99.369,99.024,0.118,39,98.628,98.71,98.922,98.197,98.046,54.22,40.02,265.81,116.22,2.86521,98.832,13.56
2026-06-10T09:37:00,PCI_6,gNB-2,99.984,456,1,99.781,126.7,159.3,99.38,99.224,0.174,45,98.472,99.324,98.647,98.582,98.38,52.98,40.07,309.7,112.5,3.16652,99.355,10.15
2026-06-10T09:37:00,PCI_7,gNB-2,99.993,488,1,99.795,124.5,159.2,99.733,98.989,0.262,45,98.434,99.07,99.039,98.413,98.237,56.41,41.55,309.89,120.75,3.2298,99.343,10.53
2026-06-10T09:37:00,PCI_8,gNB-3,99.972,495,1,99.798,127.1,164.3,99.734,99.321,0.15,50,98.711,98.85,98.94,98.323,98.541,45.24,41.3,315.97,98.96,3.11198,99.019,12.18
2026-06-10T09:37:00,PCI_9,gNB-3,99.949,460,0,100.0,112.5,132.4,99.86,99.275,0.182,39,98.761,99.086,98.826,98.652,98.119,44.91,38.3,326.97,117.47,3.33329,99.147,9.11
2026-06-10T09:37:00,PCI_10,gNB-3,99.95,495,0,100.0,133.2,177.9,99.401,99.287,0.057,47,98.181,99.122,98.639,98.139,98.232,53.42,41.42,282.57,108.64,2.9341,98.728,8.56
2026-06-10T09:38:00,PCI_1,gNB-1,99.968,468,0,100.0,127.2,148.2,99.53,99.153,0.148,44,98.493,99.07,99.012,98.507,97.606,55.15,37.05,302.36,110.17,3.09398,99.618,11.34
2026-06-10T09:38:00,PCI_2,gNB-1,99.945,462,0,100.0,126.5,154.2,99.726,99.818,0.263,48,98.347,98.982,98.754,97.802,98.6,46.18,42.65,262.7,110.47,2.79876,99.409,12.27
2026-06-10T09:38:00,PCI_3,gNB-1,99.932,457,1,99.781,123.6,146.8,99.742,98.91,0.169,47,99.034,99.175,98.491,98.593,98.654,49.36,38.26,289.54,106.28,2.96869,98.705,8.02
2026-06-10T09:38:00,PCI_4,gNB-1,99.96,457,0,100.0,120.0,153.7,99.805,99.994,0.212,39,98.801,99.005,98.808,98.591,98.275,46.7,36.6,299.73,115.03,3.11069,99.723,12.39
2026-06-10T09:38:00,PCI_5,gNB-2,99.974,459,0,100.0,113.9,158.8,99.521,99.423,0.098,39,98.423,98.948,98.577,98.39,98.012,41.44,42.1,295.6,104.65,3.00192,99.246,10.47
2026-06-10T09:38:00,PCI_6,gNB-2,99.926,453,0,100.0,126.8,155.5,99.499,99.541,0.179,44,98.171,98.837,98.752,98.391,98.0,48.56,40.15,280.79,100.3,2.85817,98.934,10.29
2026-06-10T09:38:00,PCI_7,gNB-2,99.929,473,1,99.789,131.0,160.4,99.491,99.451,0.119,44,98.411,98.608,99.074,97.881,97.463,54.94,36.73,318.89,112.02,3.23184,99.288,10.91
2026-06-10T09:38:00,PCI_8,gNB-3,99.997,449,1,99.777,123.1,149.1,99.433,99.231,0.146,44,98.765,98.91,99.12,98.511,98.504,48.36,43.25,319.11,95.52,3.10969,99.425,12.07
2026-06-10T09:38:00,PCI_9,gNB-3,99.948,469,0,100.0,120.7,151.2,99.705,99.541,0.059,45,98.843,99.25,98.488,98.668,98.176,55.37,40.8,282.2,103.85,2.89536,99.052,12.77
2026-06-10T09:38:00,PCI_10,gNB-3,99.977,457,1,99.781,121.9,151.5,99.505,99.33,0.259,44,98.21,98.733,98.568,98.366,97.736,53.46,35.55,300.58,118.54,3.14343,98.556,11.42
2026-06-10T09:39:00,PCI_1,gNB-1,99.957,475,0,100.0,120.7,165.5,99.641,99.421,0.156,46,98.798,99.224,98.516,98.159,98.358,47.89,45.09,261.42,126.17,2.90694,99.5,10.69
2026-06-10T09:39:00,PCI_2,gNB-1,99.989,438,0,100.0,133.8,155.0,99.562,99.796,0.187,48,98.414,99.141,99.46,98.431,97.436,52.8,48.54,322.79,105.73,3.21388,99.285,9.35
2026-06-10T09:39:00,PCI_3,gNB-1,99.955,455,0,100.0,120.2,152.2,99.846,99.686,0.131,42,98.989,98.931,98.571,98.054,98.528,52.59,41.18,283.78,102.66,2.89832,99.43,10.36
2026-06-10T09:39:00,PCI_4,gNB-1,99.981,444,1,99.775,120.6,142.0,99.38,99.28,0.14,34,98.667,98.931,98.308,98.218,98.146,51.89,41.26,294.01,114.66,3.06497,98.868,10.61
2026-06-10T09:39:00,PCI_5,gNB-2,99.935,468,1,99.786,122.3,165.5,99.601,99.076,0.039,38,98.456,99.594,98.98,98.65,97.998,58.04,42.45,295.18,117.97,3.09864,98.902,8.28
2026-06-10T09:39:00,PCI_6,gNB-2,99.958,488,1,99.795,125.9,153.0,99.572,99.471,0.09,46,98.212,99.321,98.596,98.026,97.895,48.27,40.54,249.72,105.72,2.66577,99.213,12.01
2026-06-10T09:39:00,PCI_7,gNB-2,100.0,485,0,100.0,122.7,142.5,99.595,99.344,0.242,42,98.223,99.598,98.704,98.246,98.292,49.53,40.16,314.31,100.3,3.10954,99.083,12.82
2026-06-10T09:39:00,PCI_8,gNB-3,99.988,467,1,99.786,132.8,165.0,99.495,99.24,0.008,37,98.373,99.214,98.886,98.661,97.061,51.27,46.23,272.2,99.36,2.78664,99.278,11.46
2026-06-10T09:39:00,PCI_9,gNB-3,99.996,468,0,100.0,129.8,161.8,99.541,99.533,0.103,48,98.829,99.225,98.32,98.422,98.119,55.27,34.98,278.83,108.94,2.90824,99.535,10.58
2026-06-10T09:39:00,PCI_10,gNB-3,99.954,470,1,99.787,127.0,149.7,99.556,99.446,0.235,46,98.412,98.686,98.704,98.259,98.449,55.51,35.59,236.88,106.34,2.57422,99.262,10.04
2026-06-10T09:40:00,PCI_1,gNB-1,99.934,487,0,100.0,111.5,139.4,99.621,99.357,0.188,40,99.226,99.053,98.481,98.149,98.241,59.65,43.62,308.24,112.11,3.15268,99.088,11.6
2026-06-10T09:40:00,PCI_2,gNB-1,99.954,481,1,99.792,126.5,167.0,99.56,99.286,0.17,43,98.604,99.226,99.07,97.997,97.883,47.82,46.16,274.41,120.63,2.96282,99.075,13.01
2026-06-10T09:40:00,PCI_3,gNB-1,99.951,467,0,100.0,125.8,153.3,99.697,99.634,0.209,42,97.954,99.027,97.865,98.497,98.212,47.36,43.56,279.12,120.01,2.99342,99.012,10.28
2026-06-10T09:40:00,PCI_4,gNB-1,99.971,474,0,100.0,142.8,169.6,99.857,99.344,0.128,47,98.276,99.107,99.051,98.331,97.693,52.96,38.19,229.74,111.08,2.55615,98.772,10.57
2026-06-10T09:40:00,PCI_5,gNB-2,99.999,464,0,100.0,137.3,172.9,99.822,99.441,0.165,53,98.316,99.081,98.739,98.385,98.204,52.6,44.45,274.66,113.98,2.91481,98.944,13.08
2026-06-10T09:40:00,PCI_6,gNB-2,99.963,467,1,99.786,124.9,149.2,99.377,99.202,0.214,43,98.121,98.455,98.567,97.783,98.038,51.75,48.39,264.46,114.92,2.8453,98.903,9.96
2026-06-10T09:40:00,PCI_7,gNB-2,99.993,457,0,100.0,124.6,173.1,99.934,99.24,0.122,42,98.264,99.139,99.038,97.914,97.822,50.52,35.7,262.39,106.9,2.76964,98.97,11.9
2026-06-10T09:40:00,PCI_8,gNB-3,99.997,472,1,99.788,117.7,144.0,99.649,99.501,0.141,42,98.412,98.705,98.775,98.161,97.405,55.18,42.57,311.69,106.04,3.133,99.545,12.12
2026-06-10T09:40:00,PCI_9,gNB-3,99.997,460,0,100.0,134.7,159.3,99.596,99.677,0.225,47,99.037,98.629,98.666,98.126,98.48,58.02,39.25,297.73,116.97,3.11025,99.314,11.82
2026-06-10T09:40:00,PCI_10,gNB-3,100.0,497,1,99.799,116.3,138.1,99.588,99.319,0.194,42,98.749,99.105,98.764,97.994,97.872,48.69,42.38,291.65,109.52,3.00873,99.317,11.03
2026-06-10T09:41:00,PCI_1,gNB-1,99.978,487,0,100.0,135.5,183.1,99.491,99.333,0.063,48,98.834,98.629,98.811,98.456,98.207,54.63,42.96,284.8,117.02,3.01368,99.27,12.61
2026-06-10T09:41:00,PCI_2,gNB-1,99.93,468,0,100.0,130.1,175.7,99.322,99.149,0.039,43,98.298,99.038,98.602,98.669,97.781,49.46,38.16,288.69,111.43,3.00094,99.075,10.15
2026-06-10T09:41:00,PCI_3,gNB-1,99.913,474,1,99.789,117.9,158.3,99.641,99.781,0.255,38,98.358,98.524,98.127,97.759,98.287,51.55,35.67,279.62,106.3,2.89439,99.03,13.54
2026-06-10T09:41:00,PCI_4,gNB-1,99.973,465,0,100.0,129.0,180.5,99.619,99.15,0.108,40,98.705,99.728,98.974,98.2,97.398,55.44,45.81,269.4,117.3,2.90026,98.761,9.63
2026-06-10T09:41:00,PCI_5,gNB-2,100.0,451,0,100.0,136.3,182.3,99.664,99.697,0.182,51,98.899,98.742,99.316,98.629,98.042,55.36,42.57,301.79,102.76,3.03411,99.1,11.02
2026-06-10T09:41:00,PCI_6,gNB-2,100.0,479,0,100.0,124.8,157.9,99.249,99.224,0.213,42,98.68,99.375,98.926,97.877,97.921,47.9,43.21,321.25,108.62,3.22407,99.32,11.23
2026-06-10T09:41:00,PCI_7,gNB-2,99.958,474,0,100.0,130.0,151.9,99.698,99.394,0.153,46,98.667,98.91,98.534,98.232,98.153,50.61,37.33,288.82,106.77,2.96698,99.344,10.79
2026-06-10T09:41:00,PCI_8,gNB-3,99.938,499,1,99.8,118.7,161.1,99.548,99.246,0.193,37,98.482,99.134,98.913,98.15,97.835,52.01,46.05,254.3,116.76,2.78295,99.272,13.48
2026-06-10T09:41:00,PCI_9,gNB-3,99.991,489,1,99.796,128.1,162.3,99.251,99.39,0.176,47,98.322,98.725,98.903,98.2,98.349,57.75,40.59,292.93,105.09,2.98519,98.721,11.53
2026-06-10T09:41:00,PCI_10,gNB-3,99.997,487,0,100.0,139.9,168.1,99.598,99.299,0.121,48,98.307,98.903,98.784,98.335,97.657,54.3,38.39,307.95,111.17,3.14342,98.747,10.07
2026-06-10T09:42:00,PCI_1,gNB-1,99.995,465,0,100.0,123.2,153.6,99.684,99.347,0.263,41,98.372,98.96,98.752,98.722,98.787,51.27,41.02,313.7,110.13,3.17875,99.409,10.05
2026-06-10T09:42:00,PCI_2,gNB-1,99.947,443,0,100.0,131.6,184.2,99.472,99.536,0.194,43,98.578,98.802,98.371,97.871,97.931,48.53,33.7,305.35,97.88,3.02421,99.368,11.91
2026-06-10T09:42:00,PCI_3,gNB-1,99.907,451,0,100.0,116.1,159.8,99.548,99.876,0.009,38,98.662,99.248,99.088,98.017,98.272,41.41,40.74,318.89,116.42,3.26482,98.86,10.35
2026-06-10T09:42:00,PCI_4,gNB-1,100.0,463,0,100.0,128.5,163.5,99.687,99.378,0.127,50,98.839,98.679,99.102,98.521,98.45,54.25,34.61,289.02,92.0,2.85767,98.859,10.52
2026-06-10T09:42:00,PCI_5,gNB-2,99.979,475,0,100.0,132.1,153.3,99.761,99.442,0.084,44,98.427,99.146,99.114,98.208,97.922,59.5,54.03,342.01,112.37,3.40786,99.111,12.54
2026-06-10T09:42:00,PCI_6,gNB-2,100.0,462,0,100.0,146.1,198.6,99.484,99.3,0.063,53,98.076,99.161,98.814,98.517,97.49,53.05,42.64,319.73,113.82,3.25161,99.056,13.22
2026-06-10T09:42:00,PCI_7,gNB-2,99.958,494,0,100.0,130.5,165.2,99.574,99.547,0.051,53,98.859,98.81,98.531,98.277,97.95,47.73,41.05,260.1,106.02,2.74592,99.639,11.44
2026-06-10T09:42:00,PCI_8,gNB-3,99.943,497,0,100.0,131.3,172.5,99.761,99.334,0.21,47,99.01,99.244,98.694,97.985,97.895,49.76,47.62,287.13,92.78,2.84932,99.293,12.75
2026-06-10T09:42:00,PCI_9,gNB-3,99.972,485,0,100.0,128.3,163.9,99.646,99.483,0.103,47,98.35,99.028,99.12,98.025,98.024,58.82,46.56,281.24,105.97,2.90403,99.335,10.57
2026-06-10T09:42:00,PCI_10,gNB-3,99.964,454,0,100.0,113.6,152.6,99.703,99.266,0.04,35,97.928,99.443,98.124,97.914,98.112,52.68,45.66,330.77,114.45,3.33916,99.182,10.7
2026-06-10T09:43:00,PCI_1,gNB-1,99.913,490,0,100.0,131.9,159.8,99.485,99.262,0.112,42,98.702,99.263,99.242,98.141,97.963,53.04,41.69,278.57,117.65,2.97169,98.694,10.84
2026-06-10T09:43:00,PCI_2,gNB-1,99.963,485,0,100.0,117.7,146.4,99.443,99.449,0.123,47,98.133,98.795,98.87,98.334,98.155,51.51,45.52,308.2,121.86,3.22549,98.86,11.94
2026-06-10T09:43:00,PCI_3,gNB-1,100.0,482,0,100.0,133.4,165.5,99.733,99.509,0.024,47,97.917,99.141,98.218,98.278,97.905,46.17,34.31,312.11,107.44,3.14663,99.472,11.49
2026-06-10T09:43:00,PCI_4,gNB-1,99.98,479,0,100.0,129.8,162.2,99.682,99.249,0.105,50,98.444,98.713,98.856,98.051,98.031,57.29,46.99,345.66,120.86,3.49887,99.369,12.42
2026-06-10T09:43:00,PCI_5,gNB-2,99.985,476,0,100.0,126.6,156.6,99.587,99.65,0.0,44,98.323,99.404,99.164,98.124,97.988,56.59,43.15,303.35,119.59,3.17202,98.885,14.08
2026-06-10T09:43:00,PCI_6,gNB-2,99.988,434,0,100.0,126.9,177.3,99.61,99.113,0.251,45,98.524,99.285,98.61,98.293,98.385,54.85,46.04,292.94,125.66,3.13951,98.87,9.66
2026-06-10T09:43:00,PCI_7,gNB-2,99.947,473,0,100.0,128.2,159.6,99.458,99.485,0.25,42,99.105,99.423,98.483,98.579,97.659,52.69,37.86,289.34,97.45,2.9009,99.192,10.18
2026-06-10T09:43:00,PCI_8,gNB-3,99.976,448,0,100.0,143.2,196.5,99.596,99.197,0.126,47,98.068,98.808,98.581,98.43,97.923,54.28,47.4,325.66,108.88,3.25904,98.786,11.45
2026-06-10T09:43:00,PCI_9,gNB-3,99.993,493,1,99.797,150.1,187.2,99.715,99.238,0.087,51,98.592,99.198,97.784,98.667,98.559,58.49,45.53,298.91,116.55,3.11591,99.546,10.25
2026-06-10T09:43:00,PCI_10,gNB-3,99.97,485,0,100.0,142.1,186.9,99.466,99.408,0.112,53,98.026,98.693,98.818,98.548,97.613,58.21,34.38,327.3,104.81,3.24081,99.1,14.38
2026-06-10T09:44:00,PCI_1,gNB-1,99.971,469,1,99.787,143.2,178.7,99.494,99.455,0.068,48,98.348,99.177,98.572,98.462,98.424,59.42,35.37,301.12,102.97,3.03067,99.374,12.05
2026-06-10T09:44:00,PCI_2,gNB-1,99.965,471,0,100.0,114.5,148.2,99.578,99.417,0.176,42,99.081,98.969,98.912,97.826,97.881,50.25,39.6,331.21,113.0,3.33156,99.229,11.78
2026-06-10T09:44:00,PCI_3,gNB-1,99.935,476,1,99.79,123.7,163.8,99.58,99.037,0.158,43,98.639,98.735,98.436,98.554,97.766,54.97,39.41,272.42,100.52,2.79706,99.06,10.95
2026-06-10T09:44:00,PCI_4,gNB-1,99.934,500,1,99.8,120.9,146.4,99.73,99.259,0.082,41,98.731,98.664,99.057,98.2,98.307,52.52,44.03,318.2,122.37,3.30429,99.037,14.48
2026-06-10T09:44:00,PCI_5,gNB-2,99.96,484,1,99.793,128.2,175.2,99.369,99.403,0.223,45,98.19,99.054,98.774,98.025,98.479,50.99,38.08,305.22,107.06,3.09209,99.168,12.03
2026-06-10T09:44:00,PCI_6,gNB-2,99.951,488,0,100.0,137.7,186.2,99.619,99.464,0.174,42,98.204,99.097,98.889,98.329,98.087,57.97,40.77,283.89,124.07,3.05969,99.368,11.45
2026-06-10T09:44:00,PCI_7,gNB-2,99.958,503,1,99.801,121.7,161.8,99.393,99.384,0.198,41,98.368,99.125,98.362,98.258,98.273,48.84,47.64,297.62,111.69,3.06979,99.1,12.54
2026-06-10T09:44:00,PCI_8,gNB-3,99.962,483,0,100.0,138.0,188.6,99.81,99.317,0.176,48,98.604,98.869,98.894,98.62,97.825,53.08,45.37,329.2,114.9,3.33077,99.283,12.4
2026-06-10T09:44:00,PCI_9,gNB-3,100.0,484,0,100.0,125.4,159.4,99.345,99.486,0.206,45,98.55,98.942,98.885,98.2,98.02,59.01,36.68,287.8,110.27,2.98551,98.743,9.92
2026-06-10T09:44:00,PCI_10,gNB-3,99.97,487,1,99.795,138.3,169.3,99.891,99.398,0.112,51,98.67,99.062,98.68,97.78,97.301,53.06,45.87,282.66,112.8,2.96592,98.826,9.44
2026-06-10T09:45:00,PCI_1,gNB-1,100.0,491,0,100.0,138.0,183.6,99.581,99.562,0.082,47,98.51,99.004,98.97,98.436,97.86,44.04,45.3,327.78,116.41,3.33142,99.296,12.31
2026-06-10T09:45:00,PCI_2,gNB-1,99.963,473,0,100.0,120.6,158.1,99.483,99.244,0.015,42,98.807,98.266,99.083,98.296,97.773,54.34,41.14,300.97,123.45,3.18315,99.246,12.17
2026-06-10T09:45:00,PCI_3,gNB-1,99.978,478,1,99.791,127.3,165.4,99.771,99.357,0.202,48,98.804,98.835,99.197,97.743,98.495,43.15,38.52,300.79,106.57,3.05526,98.682,9.41
2026-06-10T09:45:00,PCI_4,gNB-1,99.948,455,1,99.78,137.3,174.5,99.638,99.392,0.123,56,98.857,99.157,98.8,98.624,97.341,56.46,39.8,245.59,120.84,2.74825,99.013,12.26
2026-06-10T09:45:00,PCI_5,gNB-2,99.959,474,0,100.0,130.8,159.4,99.369,99.579,0.106,47,98.2,99.091,98.864,97.869,98.111,49.56,46.98,311.65,112.59,3.18175,99.952,12.85
2026-06-10T09:45:00,PCI_6,gNB-2,99.974,493,0,100.0,138.9,188.0,99.892,99.302,0.125,46,98.414,99.475,98.758,97.986,97.951,54.08,45.87,294.8,113.75,3.06408,99.929,11.43
2026-06-10T09:45:00,PCI_7,gNB-2,99.982,463,1,99.784,124.6,146.8,99.781,99.562,0.116,42,98.391,99.025,98.601,98.145,98.039,53.02,40.61,325.31,120.49,3.34349,99.066,14.81
2026-06-10T09:45:00,PCI_8,gNB-3,99.983,499,0,100.0,117.1,146.3,99.738,99.641,0.206,44,98.059,98.768,98.875,97.701,97.816,52.39,43.6,325.17,114.17,3.29503,98.999,10.21
2026-06-10T09:45:00,PCI_9,gNB-3,99.98,489,0,100.0,129.4,169.3,99.396,99.398,0.204,42,98.633,99.177,99.398,98.287,97.92,48.35,37.8,262.82,98.1,2.70688,99.378,11.62
2026-06-10T09:45:00,PCI_10,gNB-3,99.987,457,0,100.0,114.3,154.7,99.77,99.138,0.158,40,98.214,98.846,98.989,98.518,98.32,54.44,42.61,315.47,111.1,3.19928,99.626,11.98
2026-06-10T09:46:00,PCI_1,gNB-1,100.0,481,0,100.0,128.6,148.5,99.486,99.567,0.291,45,98.48,98.831,98.275,98.492,98.212,50.25,42.68,283.75,124.07,3.05866,99.239,12.34
2026-06-10T09:46:00,PCI_2,gNB-1,99.98,450,1,99.778,131.3,151.5,99.61,99.656,0.108,44,99.028,99.265,98.861,98.557,98.052,52.32,41.86,313.16,109.38,3.16906,98.823,11.48
2026-06-10T09:46:00,PCI_3,gNB-1,99.873,481,0,100.0,131.6,182.9,99.629,99.38,0.195,48,98.391,98.807,99.116,98.167,98.154,51.68,43.35,339.87,126.35,3.49668,98.896,9.6
2026-06-10T09:46:00,PCI_4,gNB-1,99.987,492,1,99.797,131.4,180.2,99.732,99.23,0.2,50,98.886,99.191,98.572,98.224,97.71,60.82,47.36,304.06,112.52,3.12437,99.275,10.76
2026-06-10T09:46:00,PCI_5,gNB-2,99.927,490,0,100.0,129.7,161.0,99.581,99.136,0.039,52,98.372,98.968,98.628,98.066,98.575,46.21,44.29,290.71,122.91,3.1022,99.42,11.82
2026-06-10T09:46:00,PCI_6,gNB-2,99.95,494,1,99.798,134.3,176.5,99.7,99.257,0.17,48,98.445,98.768,98.647,98.054,97.604,57.53,41.75,292.14,108.77,3.00685,99.316,11.21
2026-06-10T09:46:00,PCI_7,gNB-2,99.934,487,0,100.0,124.8,148.4,99.472,99.196,0.242,42,98.866,99.156,98.689,98.24,98.573,50.85,40.8,284.38,111.57,2.96963,98.977,11.85
2026-06-10T09:46:00,PCI_8,gNB-3,99.985,490,0,100.0,130.7,180.1,99.794,99.802,0.143,43,98.699,98.956,98.751,98.5,97.542,56.22,38.19,273.82,109.7,2.87644,99.567,10.73
2026-06-10T09:46:00,PCI_9,gNB-3,99.98,469,0,100.0,131.5,159.0,99.631,99.407,0.023,47,98.742,99.056,98.762,98.474,98.309,49.81,42.01,315.06,114.74,3.22349,98.97,8.73
2026-06-10T09:46:00,PCI_10,gNB-3,99.955,493,1,99.797,132.3,184.0,99.669,99.382,0.105,42,97.968,98.834,98.583,98.325,98.013,54.22,49.81,302.77,123.5,3.19705,99.013,10.59
2026-06-10T09:47:00,PCI_1,gNB-1,99.99,458,1,99.782,131.5,158.5,99.859,99.493,0.264,39,98.882,99.079,98.542,98.627,98.016,50.73,34.74,349.67,92.4,3.31558,99.222,14.04
2026-06-10T09:47:00,PCI_2,gNB-1,99.971,475,1,99.789,124.7,167.6,99.591,99.148,0.049,47,98.125,98.722,99.395,98.054,97.544,49.59,45.41,286.8,111.84,2.9898,98.627,10.73
2026-06-10T09:47:00,PCI_3,gNB-1,99.936,485,0,100.0,133.4,174.1,99.356,99.221,0.129,46,98.683,98.576,98.029,98.531,97.644,43.95,38.45,293.56,103.06,2.97465,98.9,13.12
2026-06-10T09:47:00,PCI_4,gNB-1,99.936,488,1,99.795,126.3,156.8,99.393,99.91,0.081,43,98.582,99.27,98.901,98.187,97.868,58.02,48.38,291.29,122.53,3.10363,99.336,12.0
2026-06-10T09:47:00,PCI_5,gNB-2,99.988,465,0,100.0,107.0,140.7,99.661,99.063,0.263,42,98.177,98.968,98.658,98.133,97.824,55.3,48.96,307.07,113.69,3.15566,99.231,10.6
2026-06-10T09:47:00,PCI_6,gNB-2,99.941,477,1,99.79,134.5,166.9,99.523,99.32,0.14,42,98.214,98.962,98.879,98.264,97.925,50.06,42.41,235.55,118.04,2.65193,99.44,11.61
2026-06-10T09:47:00,PCI_7,gNB-2,100.0,504,0,100.0,140.1,183.8,99.486,99.357,0.102,48,98.648,98.935,98.562,98.293,98.135,53.43,44.5,319.65,115.21,3.26148,99.378,11.67
2026-06-10T09:47:00,PCI_8,gNB-3,99.926,490,1,99.796,127.9,177.1,99.534,99.408,0.176,44,98.937,98.679,98.176,98.246,97.765,53.55,44.95,372.19,102.55,3.56057,98.936,11.56
2026-06-10T09:47:00,PCI_9,gNB-3,99.943,473,0,100.0,128.9,148.8,99.724,99.618,0.032,45,98.486,99.066,98.406,98.173,97.965,56.32,39.49,320.36,96.23,3.12441,99.304,12.79
2026-06-10T09:47:00,PCI_10,gNB-3,99.936,480,1,99.792,131.7,174.2,99.628,99.356,0.137,46,98.729,99.063,98.539,98.201,97.73,50.03,40.45,291.23,118.92,3.07608,98.909,11.75
2026-06-10T09:48:00,PCI_1,gNB-1,99.964,498,0,100.0,139.8,188.7,99.451,99.407,0.107,47,98.202,98.925,98.727,98.362,98.844,52.98,42.84,304.46,111.36,3.11868,99.127,11.75
2026-06-10T09:48:00,PCI_2,gNB-1,99.967,497,1,99.799,123.2,153.2,99.645,99.347,0.135,42,98.678,99.043,98.545,98.287,98.417,49.94,45.03,300.77,141.93,3.32027,99.352,11.75
2026-06-10T09:48:00,PCI_3,gNB-1,99.961,464,0,100.0,145.4,186.1,99.559,99.399,0.153,48,98.532,99.123,98.276,98.232,97.084,47.16,45.71,336.15,127.6,3.47814,98.892,11.55
2026-06-10T09:48:00,PCI_4,gNB-1,99.935,501,0,100.0,130.7,163.3,99.536,99.587,0.128,48,98.555,99.057,98.376,97.861,97.478,55.5,34.32,339.36,110.9,3.3769,98.881,12.17
2026-06-10T09:48:00,PCI_5,gNB-2,99.966,487,0,100.0,139.2,179.2,99.735,99.313,0.234,48,98.535,99.107,98.779,97.92,98.217,47.59,44.3,305.09,113.93,3.14267,98.941,13.1
2026-06-10T09:48:00,PCI_6,gNB-2,99.903,498,1,99.799,124.6,170.7,99.747,99.15,0.112,42,98.424,98.892,99.008,98.503,98.009,56.83,46.43,292.08,107.83,2.99929,99.366,14.7
2026-06-10T09:48:00,PCI_7,gNB-2,100.0,477,0,100.0,123.9,166.9,99.633,99.162,0.119,44,98.246,99.141,98.79,98.214,98.132,52.25,43.35,283.03,124.13,3.05365,99.138,13.33
2026-06-10T09:48:00,PCI_8,gNB-3,99.95,509,0,100.0,131.2,179.8,99.645,99.244,0.03,46,98.515,99.367,99.219,97.91,97.692,56.58,47.01,309.79,113.82,3.17707,98.761,14.95
2026-06-10T09:48:00,PCI_9,gNB-3,99.98,494,0,100.0,123.2,168.2,99.81,99.392,0.16,45,98.783,99.208,98.447,98.034,97.818,43.33,37.47,302.14,108.28,3.07814,99.0,12.94
2026-06-10T09:48:00,PCI_10,gNB-3,99.969,498,1,99.799,126.8,159.6,99.636,99.056,0.092,46,98.745,98.986,98.371,98.465,97.756,53.15,38.82,350.19,124.76,3.56213,98.999,10.0
2026-06-10T09:49:00,PCI_1,gNB-1,99.897,497,0,100.0,130.2,176.8,99.643,99.451,0.044,44,98.416,98.767,98.765,98.602,98.339,50.39,40.41,324.6,111.2,3.26856,99.117,14.85
2026-06-10T09:49:00,PCI_2,gNB-1,99.944,479,0,100.0,130.2,161.1,99.58,99.346,0.161,44,98.609,99.607,98.503,98.242,97.976,45.76,44.96,306.57,98.75,3.03988,99.136,11.92
2026-06-10T09:49:00,PCI_3,gNB-1,99.967,504,0,100.0,119.2,145.8,99.58,99.427,0.042,37,98.21,98.963,98.661,98.695,98.514,54.29,42.28,353.35,114.17,3.50638,99.441,10.99
2026-06-10T09:49:00,PCI_4,gNB-1,99.94,484,0,100.0,133.4,177.6,99.584,99.479,0.291,41,98.521,99.157,98.601,98.549,98.177,55.65,41.05,302.9,111.99,3.1117,98.964,11.94
2026-06-10T09:49:00,PCI_5,gNB-2,99.998,475,0,100.0,139.0,178.7,99.473,99.551,0.122,49,98.449,99.086,98.754,97.681,98.49,57.61,37.08,329.25,111.99,3.30932,99.227,13.52
2026-06-10T09:49:00,PCI_6,gNB-2,100.0,502,1,99.801,138.9,160.6,99.417,99.559,0.036,47,98.397,98.832,99.087,98.392,97.925,57.2,41.08,336.62,129.3,3.49438,99.169,11.45
2026-06-10T09:49:00,PCI_7,gNB-2,99.969,460,0,100.0,122.8,164.1,99.599,99.456,0.148,42,98.761,99.255,99.054,98.259,98.005,59.39,44.2,339.38,110.1,3.37109,99.189,10.77
2026-06-10T09:49:00,PCI_8,gNB-3,99.97,494,0,100.0,145.5,180.8,99.723,99.193,0.17,48,98.52,99.016,98.471,97.951,97.762,53.86,45.72,346.18,100.6,3.35081,99.308,11.01
2026-06-10T09:49:00,PCI_9,gNB-3,99.953,493,1,99.797,133.6,178.8,99.822,99.452,0.149,50,98.173,98.775,99.113,98.242,97.405,56.8,47.2,289.46,103.74,2.949,99.186,12.18
2026-06-10T09:49:00,PCI_10,gNB-3,99.966,475,0,100.0,134.5,182.1,99.439,99.336,0.107,47,98.642,99.436,98.798,98.558,97.478,51.11,46.59,273.2,123.75,2.97711,99.326,11.85
2026-06-10T09:50:00,PCI_1,gNB-1,99.935,473,0,100.0,127.0,151.3,99.772,99.203,0.107,39,98.54,98.994,99.005,98.839,98.171,50.65,43.57,315.64,113.51,3.21865,98.939,12.16
2026-06-10T09:50:00,PCI_2,gNB-1,99.984,489,0,100.0,111.5,132.8,99.899,99.327,0.107,41,98.122,98.999,98.762,98.134,97.968,50.68,40.52,324.6,107.35,3.23961,99.059,10.68
2026-06-10T09:50:00,PCI_3,gNB-1,100.0,484,1,99.793,133.5,169.0,99.327,99.45,0.272,45,98.589,98.666,98.728,98.349,98.182,51.08,50.03,286.24,125.45,3.08764,98.941,12.8
2026-06-10T09:50:00,PCI_4,gNB-1,99.958,521,1,99.808,118.6,139.8,99.497,99.193,0.11,38,98.712,99.041,98.89,98.54,97.866,56.59,47.34,353.08,115.3,3.5129,99.135,10.37
2026-06-10T09:50:00,PCI_5,gNB-2,99.932,490,1,99.796,120.9,146.5,99.769,99.321,0.136,40,98.323,99.08,98.42,98.431,97.64,54.75,38.55,337.12,119.66,3.42586,99.515,10.5
2026-06-10T09:50:00,PCI_6,gNB-2,100.0,471,0,100.0,139.2,175.9,99.694,99.165,0.221,50,98.342,98.394,98.471,98.259,98.52,54.76,42.51,346.88,125.85,3.54553,99.287,12.58
2026-06-10T09:50:00,PCI_7,gNB-2,100.0,480,0,100.0,127.9,179.0,99.713,99.215,0.183,47,99.031,99.183,99.023,98.247,97.498,51.54,44.3,295.26,128.7,3.17965,99.489,11.42
2026-06-10T09:50:00,PCI_8,gNB-3,99.962,499,1,99.8,129.8,155.4,99.567,99.403,0.227,50,98.537,99.072,98.449,98.241,98.167,49.22,41.16,282.91,115.68,2.98946,99.414,12.2
2026-06-10T09:50:00,PCI_9,gNB-3,99.938,476,0,100.0,131.4,167.4,99.563,99.388,0.121,42,98.807,99.171,98.279,97.946,98.451,50.64,42.65,285.02,116.63,3.01242,99.014,10.85
2026-06-10T09:50:00,PCI_10,gNB-3,99.953,517,1,99.807,132.9,160.5,99.683,99.403,0.145,45,98.728,98.709,98.463,98.505,97.533,60.2,41.78,314.14,124.37,3.28885,99.191,11.91
2026-06-10T09:51:00,PCI_1,gNB-1,99.941,500,1,99.8,125.1,156.9,99.741,99.492,0.1,46,98.896,98.885,98.177,98.1,98.01,59.19,47.57,327.53,109.67,3.27905,99.385,11.73
2026-06-10T09:51:00,PCI_2,gNB-1,99.919,467,0,100.0,119.4,165.5,99.926,99.409,0.094,39,98.307,99.094,98.991,98.085,97.891,51.7,47.39,334.58,108.07,3.31991,99.129,11.98
2026-06-10T09:51:00,PCI_3,gNB-1,99.998,485,0,100.0,121.1,154.7,99.608,99.295,0.22,39,98.625,98.941,99.019,98.077,98.205,56.56,47.35,349.76,102.91,3.39504,99.184,10.18
2026-06-10T09:51:00,PCI_4,gNB-1,99.978,512,0,100.0,133.7,170.4,99.631,99.376,0.04,44,98.79,98.651,98.786,98.365,97.998,57.25,40.09,344.4,111.22,3.4171,99.446,10.9
2026-06-10T09:51:00,PCI_5,gNB-2,100.0,487,0,100.0,123.8,147.8,99.812,99.557,0.148,42,98.131,98.936,98.805,98.65,98.318,59.78,44.46,293.9,111.91,3.04355,99.571,11.89
2026-06-10T09:51:00,PCI_6,gNB-2,99.98,469,1,99.787,125.7,168.8,99.487,99.146,0.145,37,98.331,99.105,98.369,98.287,97.704,52.85,43.91,322.33,117.95,3.30211,99.02,13.95
2026-06-10T09:51:00,PCI_7,gNB-2,100.0,483,0,100.0,128.8,179.4,99.725,99.382,0.118,42,98.276,98.936,99.099,98.358,97.979,55.88,41.8,280.78,103.12,2.87929,99.552,11.35
2026-06-10T09:51:00,PCI_8,gNB-3,99.931,520,0,100.0,138.0,159.7,99.585,99.421,0.151,52,98.48,99.227,98.744,98.493,98.64,48.2,47.64,296.29,116.33,3.09464,99.123,11.07
2026-06-10T09:51:00,PCI_9,gNB-3,99.917,453,1,99.779,138.9,182.0,99.33,99.539,0.261,49,98.002,98.879,98.788,98.288,98.395,50.45,40.53,250.04,123.71,2.80314,99.365,11.12
2026-06-10T09:51:00,PCI_10,gNB-3,100.0,505,1,99.802,121.8,157.8,99.391,99.215,0.075,45,98.717,99.022,98.533,98.29,97.541,55.78,39.24,298.28,117.28,3.11669,98.983,9.65
2026-06-10T09:52:00,PCI_1,gNB-1,99.98,468,1,99.786,123.0,144.8,99.579,98.755,0.115,47,98.859,99.221,98.675,98.366,97.805,47.62,44.54,339.3,117.33,3.42474,99.193,13.05
2026-06-10T09:52:00,PCI_2,gNB-1,99.99,511,0,100.0,117.9,142.6,99.734,99.243,0.167,43,97.674,99.618,98.936,98.24,97.59,47.96,56.59,303.96,120.57,3.18399,99.033,11.25
2026-06-10T09:52:00,PCI_3,gNB-1,99.916,480,1,99.792,130.7,176.0,99.73,99.363,0.249,44,98.382,99.021,98.621,98.537,96.987,47.15,34.26,347.9,121.6,3.5213,99.023,12.34
2026-06-10T09:52:00,PCI_4,gNB-1,99.97,489,0,100.0,137.7,165.9,99.525,99.635,0.158,49,98.579,99.197,99.106,98.321,98.137,53.96,44.3,291.89,123.15,3.11277,99.382,12.26
2026-06-10T09:52:00,PCI_5,gNB-2,99.95,484,0,100.0,123.4,143.5,99.742,99.49,0.049,40,98.913,99.429,98.964,98.952,97.763,56.23,40.62,369.49,118.72,3.66156,99.317,12.37
2026-06-10T09:52:00,PCI_6,gNB-2,99.929,494,0,100.0,147.5,181.8,99.454,99.57,0.249,52,98.204,98.736,98.944,98.237,97.929,50.21,44.35,319.04,122.0,3.30775,98.979,11.8
2026-06-10T09:52:00,PCI_7,gNB-2,100.0,499,1,99.8,130.0,159.5,99.417,99.732,0.184,47,98.608,98.841,98.553,98.615,98.022,55.96,42.01,335.74,120.89,3.42471,98.892,14.86
2026-06-10T09:52:00,PCI_8,gNB-3,99.903,508,0,100.0,132.6,170.7,100.0,99.399,0.078,46,98.548,99.265,98.352,98.191,97.917,58.64,47.93,319.38,124.26,3.32729,99.247,12.02
2026-06-10T09:52:00,PCI_9,gNB-3,99.978,482,1,99.793,136.6,161.9,99.446,99.421,0.145,49,98.349,98.832,99.086,98.235,98.377,50.96,42.37,305.2,107.43,3.0947,99.392,9.77
2026-06-10T09:52:00,PCI_10,gNB-3,99.968,462,0,100.0,133.0,176.0,99.911,99.27,0.153,42,98.372,99.024,98.721,98.548,98.187,58.41,40.48,316.67,106.8,3.17607,99.164,7.67
2026-06-10T09:53:00,PCI_1,gNB-1,99.93,497,0,100.0,129.9,181.6,99.505,99.284,0.167,46,98.373,98.969,98.813,98.037,98.363,62.77,44.84,302.02,117.23,3.14438,99.497,13.7
2026-06-10T09:53:00,PCI_2,gNB-1,99.974,501,1,99.8,129.6,155.0,99.683,99.347,0.092,44,98.196,99.44,98.237,98.484,98.044,54.62,39.13,301.73,112.73,3.10846,99.069,11.42
2026-06-10T09:53:00,PCI_3,gNB-1,99.994,490,1,99.796,138.9,169.5,99.711,99.413,0.111,50,98.835,98.921,98.155,98.533,98.349,50.1,42.72,325.16,96.43,3.16188,99.394,12.84
2026-06-10T09:53:00,PCI_4,gNB-1,99.937,518,1,99.807,140.5,174.0,99.261,99.324,0.198,46,97.948,99.075,98.746,98.078,98.079,58.11,47.19,323.66,105.28,3.21701,99.118,8.32
2026-06-10T09:53:00,PCI_5,gNB-2,99.988,498,0,100.0,132.6,160.9,99.302,99.138,0.067,44,98.311,99.537,98.992,97.982,97.753,52.18,40.74,299.57,98.65,2.98661,99.482,12.72
2026-06-10T09:53:00,PCI_6,gNB-2,99.97,497,0,100.0,129.7,161.0,99.612,99.396,0.054,38,98.828,98.732,98.624,98.076,98.573,48.35,47.27,248.92,122.3,2.78418,99.063,8.3
2026-06-10T09:53:00,PCI_7,gNB-2,100.0,494,0,100.0,135.4,173.1,99.664,99.108,0.093,44,98.519,98.853,98.38,98.698,97.793,58.69,46.37,294.13,100.08,2.95657,99.236,12.7
2026-06-10T09:53:00,PCI_8,gNB-3,99.937,501,1,99.8,127.5,156.3,100.0,99.619,0.053,45,98.622,98.537,98.598,98.455,98.567,60.84,41.62,304.37,111.2,3.11677,99.245,12.99
2026-06-10T09:53:00,PCI_9,gNB-3,99.938,493,0,100.0,126.4,166.8,99.87,99.742,0.25,39,98.58,99.594,98.813,98.072,98.196,53.31,41.45,319.04,118.84,3.28403,99.146,11.67
2026-06-10T09:53:00,PCI_10,gNB-3,99.989,495,0,100.0,133.4,181.6,99.566,99.1,0.227,43,98.693,98.899,98.931,98.604,97.875,42.1,34.83,288.0,107.55,2.96659,99.264,14.71
2026-06-10T09:54:00,PCI_1,gNB-1,99.951,495,1,99.798,131.8,178.3,99.651,99.002,0.216,51,98.385,99.185,98.846,98.209,97.856,58.61,40.68,300.65,122.32,3.17223,99.427,14.11
2026-06-10T09:54:00,PCI_2,gNB-1,100.0,477,1,99.79,121.0,151.8,99.563,99.741,0.15,38,98.484,99.329,98.146,97.894,98.353,55.1,39.2,309.19,116.1,3.18968,98.904,10.88
2026-06-10T09:54:00,PCI_3,gNB-1,99.98,503,0,100.0,133.1,185.5,99.643,99.211,0.174,45,98.404,98.926,98.406,98.706,97.46,55.5,38.2,337.18,113.74,3.38188,99.24,12.46
2026-06-10T09:54:00,PCI_4,gNB-1,99.953,501,0,100.0,136.2,178.9,99.552,99.347,0.098,45,98.891,98.633,99.202,98.135,98.211,54.63,42.58,328.47,129.2,3.4325,99.165,11.7
2026-06-10T09:54:00,PCI_5,gNB-2,99.996,528,1,99.811,142.4,177.2,99.312,99.492,0.023,47,98.785,98.849,98.488,97.654,98.244,56.28,41.36,323.58,102.64,3.19661,98.961,12.04
2026-06-10T09:54:00,PCI_6,gNB-2,99.967,497,0,100.0,129.5,159.4,99.507,99.446,0.179,43,98.5,98.545,98.519,98.303,98.213,59.81,41.38,326.18,114.5,3.30513,98.997,10.58
2026-06-10T09:54:00,PCI_7,gNB-2,99.918,498,0,100.0,155.3,198.4,99.695,99.341,0.343,47,98.385,99.039,99.048,98.275,97.643,60.86,45.92,307.78,113.45,3.15923,99.129,11.97
2026-06-10T09:54:00,PCI_8,gNB-3,100.0,500,0,100.0,137.2,175.9,99.437,99.662,0.2,45,98.174,98.82,98.792,98.667,97.672,51.46,45.31,312.81,114.99,3.20848,99.16,11.25
2026-06-10T09:54:00,PCI_9,gNB-3,100.0,512,0,100.0,143.3,195.7,99.665,99.453,0.113,50,98.554,99.315,98.406,97.802,97.811,56.01,35.25,308.96,108.94,3.13429,98.91,11.92
2026-06-10T09:54:00,PCI_10,gNB-3,99.965,477,0,100.0,131.9,160.9,99.594,99.265,0.209,47,98.18,98.491,98.474,98.345,98.251,52.23,41.65,268.71,111.66,2.85278,99.215,10.83
2026-06-10T09:55:00,PCI_1,gNB-1,99.967,485,0,100.0,135.9,185.0,99.594,99.624,0.106,45,98.233,98.662,98.508,97.901,97.898,52.42,38.77,315.35,123.44,3.29095,99.377,11.27
2026-06-10T09:55:00,PCI_2,gNB-1,99.996,483,0,100.0,138.7,174.0,99.787,99.083,0.252,49,98.934,98.978,99.038,98.265,97.6,55.77,41.17,313.07,119.49,3.24426,99.368,12.63
2026-06-10T09:55:00,PCI_3,gNB-1,99.951,476,0,100.0,126.8,153.8,99.525,99.152,0.205,41,98.306,99.337,98.001,97.77,98.296,52.86,46.27,313.7,111.52,3.18908,99.349,10.62
2026-06-10T09:55:00,PCI_4,gNB-1,99.96,502,0,100.0,130.4,152.8,99.372,99.053,0.208,51,98.823,98.818,98.518,97.977,97.966,58.63,42.88,313.56,89.71,3.02454,99.253,9.88
2026-06-10T09:55:00,PCI_5,gNB-2,99.967,504,0,100.0,139.4,176.4,99.247,99.074,0.259,49,98.262,98.915,98.68,98.592,97.861,54.58,37.93,351.21,119.17,3.52785,99.066,9.7
2026-06-10T09:55:00,PCI_6,gNB-2,100.0,512,0,100.0,149.0,172.3,99.529,99.194,0.178,49,98.657,99.068,98.81,97.993,98.386,53.9,38.5,314.32,117.16,3.2361,99.204,13.16
2026-06-10T09:55:00,PCI_7,gNB-2,99.912,534,0,100.0,143.6,200.7,99.877,99.388,0.237,49,98.653,99.148,98.507,98.118,96.975,56.99,42.79,309.98,125.68,3.26745,99.28,12.11
2026-06-10T09:55:00,PCI_8,gNB-3,99.898,502,0,100.0,141.8,178.2,99.411,99.348,0.278,46,98.878,98.95,98.081,98.478,98.818,56.6,39.15,310.26,108.8,3.14297,99.913,12.6
2026-06-10T09:55:00,PCI_9,gNB-3,99.941,512,1,99.805,125.7,167.0,99.585,99.741,0.111,41,98.781,98.834,98.377,98.25,98.28,55.37,41.93,351.87,127.1,3.59225,98.791,10.02
2026-06-10T09:55:00,PCI_10,gNB-3,99.986,496,1,99.798,133.3,178.9,99.664,99.136,0.0,47,98.868,99.042,98.568,98.461,97.878,49.56,41.92,335.02,118.55,3.40176,99.366,11.02
2026-06-10T09:56:00,PCI_1,gNB-1,99.936,523,1,99.809,130.7,172.9,99.613,99.162,0.12,49,98.605,99.464,98.888,98.374,98.366,52.58,47.93,315.41,114.44,3.22382,99.297,11.11
2026-06-10T09:56:00,PCI_2,gNB-1,99.958,489,0,100.0,137.1,158.5,99.707,99.221,0.121,52,98.214,99.319,98.619,98.457,98.082,54.05,44.14,341.73,110.94,3.39501,98.963,13.12
2026-06-10T09:56:00,PCI_3,gNB-1,100.0,500,1,99.8,131.4,183.0,99.586,99.308,0.056,44,98.571,99.432,98.538,98.701,97.842,56.93,42.69,336.5,117.65,3.40611,99.104,9.53
2026-06-10T09:56:00,PCI_4,gNB-1,100.0,480,1,99.792,148.9,181.0,99.613,99.426,0.167,51,98.604,98.961,98.603,98.442,98.223,56.5,47.5,364.47,130.26,3.71047,99.228,10.21
2026-06-10T09:56:00,PCI_5,gNB-2,99.962,504,1,99.802,132.1,158.6,99.437,99.438,0.058,52,98.431,98.487,99.087,98.597,98.486,50.72,45.31,351.21,115.34,3.49912,99.305,11.56
2026-06-10T09:56:00,PCI_6,gNB-2,99.935,523,0,100.0,135.4,187.6,99.612,99.575,0.016,50,98.162,98.958,98.611,98.452,97.951,53.56,46.58,369.71,112.06,3.61326,99.047,11.03
2026-06-10T09:56:00,PCI_7,gNB-2,99.981,485,0,100.0,140.7,167.9,99.484,99.386,0.098,57,98.965,99.016,98.211,98.144,97.697,51.72,35.25,305.67,112.05,3.13292,99.041,9.96
2026-06-10T09:56:00,PCI_8,gNB-3,99.98,490,1,99.796,126.8,176.1,99.779,99.181,0.14,46,98.774,98.889,98.789,98.176,97.383,58.71,43.46,328.29,114.94,3.32424,98.987,11.11
2026-06-10T09:56:00,PCI_9,gNB-3,99.968,483,0,100.0,152.7,193.6,99.736,99.316,0.192,54,98.448,99.223,98.73,98.739,98.115,49.46,43.1,318.2,112.14,3.22757,98.903,14.73
2026-06-10T09:56:00,PCI_10,gNB-3,99.955,502,0,100.0,139.3,174.3,99.764,99.735,0.107,46,98.847,99.269,98.799,98.52,97.901,55.07,43.78,266.17,122.49,2.91495,99.397,10.51
2026-06-10T09:57:00,PCI_1,gNB-1,100.0,509,0,100.0,135.7,186.9,99.665,99.429,0.084,46,98.399,99.168,98.323,98.071,97.875,55.45,53.2,315.49,125.33,3.30614,99.396,13.77
2026-06-10T09:57:00,PCI_2,gNB-1,99.986,513,1,99.805,132.8,154.3,99.919,99.655,0.316,48,98.263,99.031,98.794,98.579,98.303,51.92,48.56,306.08,119.29,3.19034,99.366,12.91
2026-06-10T09:57:00,PCI_3,gNB-1,99.971,496,0,100.0,142.9,192.2,99.431,98.907,0.153,47,98.507,98.744,98.577,98.197,98.332,51.88,39.24,322.32,123.5,3.3436,98.98,12.62
2026-06-10T09:57:00,PCI_4,gNB-1,99.994,512,1,99.805,136.2,161.6,99.632,99.269,0.143,41,98.497,99.337,98.76,98.323,98.121,60.83,41.21,283.24,108.24,2.9361,99.036,11.99
2026-06-10T09:57:00,PCI_5,gNB-2,99.941,493,0,100.0,142.4,171.3,99.487,99.55,0.138,48,98.462,98.789,98.196,97.881,97.738,56.41,45.38,340.26,110.63,3.38162,99.191,9.7
2026-06-10T09:57:00,PCI_6,gNB-2,99.941,519,0,100.0,150.2,179.3,99.529,99.26,0.006,56,98.792,99.887,99.313,98.396,97.635,48.21,42.28,318.25,105.18,3.17568,99.37,13.28
2026-06-10T09:57:00,PCI_7,gNB-2,99.922,500,0,100.0,143.3,193.0,99.429,99.007,0.078,44,98.813,99.154,98.329,98.029,97.968,55.63,39.55,352.44,121.86,3.55727,99.7,7.67
2026-06-10T09:57:00,PCI_8,gNB-3,99.985,515,0,100.0,133.0,165.1,99.673,99.294,0.244,49,98.772,98.535,98.793,98.825,98.641,60.21,48.38,299.75,128.62,3.21274,99.67,12.48
2026-06-10T09:57:00,PCI_9,gNB-3,99.999,502,1,99.801,132.9,170.7,99.573,99.093,0.106,47,98.561,99.364,98.988,98.689,97.981,59.53,40.98,302.15,124.05,3.19651,99.259,10.64
2026-06-10T09:57:00,PCI_10,gNB-3,100.0,526,0,100.0,145.9,199.5,99.738,99.237,0.018,50,97.52,98.858,98.36,98.332,97.745,55.21,40.19,312.46,128.83,3.30966,98.938,9.2
2026-06-10T09:58:00,PCI_1,gNB-1,99.986,517,0,100.0,132.6,174.5,99.542,99.592,0.128,44,98.662,98.794,98.863,97.939,97.804,56.1,41.11,344.93,116.46,3.46042,99.249,8.88
2026-06-10T09:58:00,PCI_2,gNB-1,99.974,507,0,100.0,137.8,169.6,99.49,99.177,0.05,48,98.504,98.942,99.304,98.287,98.049,48.97,45.14,343.41,109.98,3.4004,99.721,10.98
2026-06-10T09:58:00,PCI_3,gNB-1,99.946,500,1,99.8,112.7,153.2,99.266,99.645,0.07,37,99.25,98.75,98.626,97.916,97.925,56.98,50.19,254.2,116.52,2.7804,99.344,13.18
2026-06-10T09:58:00,PCI_4,gNB-1,99.981,507,0,100.0,138.8,181.2,99.415,99.253,0.151,45,98.689,98.713,98.796,97.84,97.693,56.37,46.31,295.87,105.0,3.00653,99.335,10.32
2026-06-10T09:58:00,PCI_5,gNB-2,99.997,525,0,100.0,123.6,143.9,99.766,99.277,0.119,47,98.591,99.104,99.026,98.459,98.988,60.98,44.59,323.54,114.91,3.28836,99.505,10.07
2026-06-10T09:58:00,PCI_6,gNB-2,99.959,497,1,99.799,143.9,193.6,99.644,99.338,0.149,48,98.907,99.347,98.689,98.307,98.106,59.13,44.97,309.49,115.56,3.1879,99.275,11.67
2026-06-10T09:58:00,PCI_7,gNB-2,99.925,525,0,100.0,143.5,187.2,99.73,99.41,0.134,48,98.316,98.888,98.744,98.283,98.717,57.48,45.09,319.06,111.15,3.22659,99.004,12.45
2026-06-10T09:58:00,PCI_8,gNB-3,99.954,531,1,99.812,124.3,164.8,99.772,99.634,0.2,48,98.268,98.894,98.894,98.327,97.51,58.88,48.27,316.15,120.67,3.27622,99.45,8.74
2026-06-10T09:58:00,PCI_9,gNB-3,99.984,493,1,99.797,126.3,172.1,99.639,99.775,0.066,49,98.801,99.262,99.109,98.185,98.41,49.53,40.95,329.92,123.85,3.40325,98.865,9.06
2026-06-10T09:58:00,PCI_10,gNB-3,99.999,511,1,99.804,135.7,163.6,99.777,99.565,0.165,54,98.585,99.391,98.672,97.437,97.608,44.57,43.23,351.24,103.94,3.41389,99.393,11.51
2026-06-10T09:59:00,PCI_1,gNB-1,99.989,514,0,100.0,141.6,189.4,99.743,99.8,0.14,54,98.486,99.166,98.772,98.113,98.064,54.03,46.63,296.73,110.38,3.05331,99.432,12.78
2026-06-10T09:59:00,PCI_2,gNB-1,99.948,517,0,100.0,140.8,164.1,99.492,99.515,0.102,45,98.45,99.177,98.724,98.855,98.26,57.57,44.84,289.76,118.62,3.06288,99.222,14.61
2026-06-10T09:59:00,PCI_3,gNB-1,99.954,507,0,100.0,138.3,166.2,99.654,99.415,0.167,56,98.494,99.137,98.713,98.647,98.81,62.69,45.73,291.59,121.69,3.09959,98.8,10.65
2026-06-10T09:59:00,PCI_4,gNB-1,99.904,492,1,99.797,134.1,172.7,99.665,99.264,0.245,49,98.386,99.125,98.511,98.127,98.381,49.4,46.22,371.75,100.21,3.5397,99.819,9.05
2026-06-10T09:59:00,PCI_5,gNB-2,99.981,477,1,99.79,132.1,158.2,99.576,99.573,0.098,46,98.7,99.449,98.685,98.531,98.196,55.99,42.91,332.14,123.64,3.41837,98.875,11.37
2026-06-10T09:59:00,PCI_6,gNB-2,99.941,513,1,99.805,150.2,204.7,99.414,99.73,0.102,50,98.841,98.925,98.194,98.5,98.172,57.94,38.53,343.27,112.91,3.42134,99.438,10.03
2026-06-10T09:59:00,PCI_7,gNB-2,99.984,478,1,99.791,145.5,181.6,99.517,99.685,0.167,53,98.612,98.981,98.75,98.442,98.414,58.18,47.86,294.19,102.54,2.97546,99.287,12.16
2026-06-10T09:59:00,PCI_8,gNB-3,100.0,493,1,99.797,128.0,160.0,99.592,99.368,0.174,43,98.499,99.183,99.169,98.43,98.299,58.07,51.03,375.96,112.65,3.66452,99.382,12.38
2026-06-10T09:59:00,PCI_9,gNB-3,100.0,471,1,99.788,122.5,170.3,99.646,99.54,0.181,43,98.632,98.899,98.081,98.406,97.986,53.38,41.74,355.88,111.81,3.50768,98.935,12.93
2026-06-10T09:59:00,PCI_10,gNB-3,99.975,488,1,99.795,128.1,160.5,99.688,99.692,0.147,44,98.321,99.292,98.522,98.05,97.923,55.56,45.82,306.24,132.08,3.28743,99.693,10.18
2026-06-10T10:00:00,PCI_1,gNB-1,99.968,495,0,100.0,127.2,172.0,99.643,99.437,0.055,38,97.936,99.314,98.648,98.325,98.523,51.74,46.03,306.36,119.71,3.19554,98.722,11.3
2026-06-10T10:00:00,PCI_2,gNB-1,100.0,512,1,99.805,135.2,180.5,99.587,99.576,0.198,48,98.389,99.021,98.416,98.506,98.118,60.68,53.53,345.17,122.79,3.50971,99.251,13.22
2026-06-10T10:00:00,PCI_3,gNB-1,99.919,506,1,99.802,126.1,165.8,99.673,99.511,0.03,42,98.025,98.709,98.528,98.092,98.57,50.63,41.77,304.3,118.74,3.17285,99.388,10.68
2026-06-10T10:00:00,PCI_4,gNB-1,99.986,504,1,99.802,128.3,149.8,99.444,99.269,0.118,50,98.742,99.092,98.391,97.959,97.751,62.37,49.64,327.18,112.35,3.29648,98.75,11.21
2026-06-10T10:00:00,PCI_5,gNB-2,99.936,519,0,100.0,131.4,181.6,99.576,99.581,0.168,48,98.603,98.88,99.063,97.983,98.241,54.01,42.81,330.43,113.88,3.33236,98.941,10.49
2026-06-10T10:00:00,PCI_6,gNB-2,99.953,510,1,99.804,136.5,190.1,99.621,99.594,0.069,45,98.782,98.959,99.032,98.199,97.49,55.66,44.09,331.01,111.23,3.31678,99.084,15.02
2026-06-10T10:00:00,PCI_7,gNB-2,99.941,534,1,99.813,139.1,178.6,99.734,99.401,0.104,49,98.05,98.367,98.231,98.781,98.3,63.34,46.32,286.24,110.09,2.97247,99.281,10.64
2026-06-10T10:00:00,PCI_8,gNB-3,99.952,494,1,99.798,121.7,158.2,99.491,99.658,0.268,42,98.82,99.28,98.765,98.248,98.457,58.5,43.58,310.77,118.17,3.21706,99.439,12.96
2026-06-10T10:00:00,PCI_9,gNB-3,99.944,508,1,99.803,133.9,179.5,99.453,99.238,0.171,47,98.41,99.549,98.651,98.514,98.101,53.92,47.08,351.27,118.27,3.52155,99.329,16.21
2026-06-10T10:00:00,PCI_10,gNB-3,100.0,507,1,99.803,137.3,185.9,99.529,99.356,0.132,48,98.983,99.061,98.591,98.513,98.233,51.57,41.91,296.29,120.91,3.129,99.42,11.6
2026-06-10T10:01:00,PCI_1,gNB-1,99.963,504,0,100.0,137.3,171.2,99.852,99.181,0.191,48,98.861,98.671,98.358,98.819,98.449,60.38,44.03,351.84,118.76,3.52944,98.933,11.75
2026-06-10T10:01:00,PCI_2,gNB-1,99.931,497,1,99.799,132.3,161.8,99.749,99.627,0.228,43,98.678,99.208,98.83,98.023,96.988,56.68,41.19,347.63,106.84,3.40854,99.341,11.3
2026-06-10T10:01:00,PCI_3,gNB-1,99.972,505,1,99.802,144.5,168.6,99.788,99.555,0.119,49,98.553,98.917,98.209,97.686,98.271,56.49,52.39,312.31,126.93,3.29433,99.24,12.68
2026-06-10T10:01:00,PCI_4,gNB-1,99.984,529,1,99.811,134.1,154.6,99.567,99.419,0.167,45,98.33,99.001,98.171,98.425,98.135,43.59,40.1,324.46,100.56,3.1876,99.312,13.42
2026-06-10T10:01:00,PCI_5,gNB-2,99.953,526,0,100.0,144.7,200.4,99.582,99.419,0.034,46,98.805,99.262,98.456,97.842,97.307,60.63,45.83,372.7,128.71,3.76058,99.71,13.18
2026-06-10T10:01:00,PCI_6,gNB-2,99.95,507,0,100.0,126.3,162.2,99.538,99.659,0.111,42,98.788,98.193,99.021,98.389,97.79,58.64,42.49,340.41,119.22,3.44727,99.39,10.49
2026-06-10T10:01:00,PCI_7,gNB-2,99.95,540,1,99.815,136.3,167.7,99.521,99.447,0.065,47,98.421,98.508,98.702,98.667,97.846,55.1,45.46,309.49,104.46,3.10458,99.206,11.25
2026-06-10T10:01:00,PCI_8,gNB-3,100.0,533,0,100.0,131.7,155.0,99.839,99.561,0.025,47,98.349,98.852,99.036,98.514,97.7,55.88,46.97,321.62,121.78,3.32547,99.024,13.86
2026-06-10T10:01:00,PCI_9,gNB-3,99.98,502,0,100.0,133.9,157.7,99.631,99.388,0.162,42,98.485,98.973,98.508,98.537,97.768,53.39,47.23,340.51,119.04,3.44663,99.257,12.51
2026-06-10T10:01:00,PCI_10,gNB-3,99.933,497,1,99.799,153.9,197.7,99.56,99.635,0.194,51,98.471,98.855,99.009,97.904,98.44,53.25,45.63,313.76,121.56,3.26491,99.491,12.87
2026-06-10T10:02:00,PCI_1,gNB-1,99.965,510,1,99.804,153.4,197.0,99.54,99.244,0.146,55,98.201,99.352,99.08,98.543,98.219,65.98,40.33,312.28,136.19,3.36354,98.892,12.42
2026-06-10T10:02:00,PCI_2,gNB-1,99.941,500,0,100.0,136.6,174.6,99.674,99.519,0.155,47,98.684,98.84,98.299,98.553,97.268,58.4,49.72,294.67,100.92,2.96695,98.985,12.41
2026-06-10T10:02:00,PCI_3,gNB-1,99.956,529,0,100.0,130.3,169.7,99.382,99.308,0.166,49,98.738,99.377,98.261,99.27,97.688,57.26,50.88,339.01,128.6,3.50711,98.89,10.24
2026-06-10T10:02:00,PCI_4,gNB-1,99.966,505,1,99.802,135.7,187.2,99.633,99.115,0.101,48,98.227,98.994,98.897,98.749,98.424,59.72,46.57,294.2,111.92,3.04592,98.978,11.11
2026-06-10T10:02:00,PCI_5,gNB-2,100.0,499,0,100.0,147.3,202.4,99.305,99.341,0.139,50,99.146,99.232,99.211,98.11,98.264,57.11,44.18,304.64,120.52,3.18867,98.707,13.37
2026-06-10T10:02:00,PCI_6,gNB-2,99.951,536,1,99.813,139.7,186.5,99.504,99.342,0.232,51,98.24,99.136,98.741,98.91,97.474,55.59,40.67,324.73,102.37,3.2032,98.96,11.74
2026-06-10T10:02:00,PCI_7,gNB-2,99.944,500,0,100.0,133.6,181.9,99.559,99.399,0.171,41,98.367,99.288,98.255,98.329,97.816,60.39,49.37,331.94,114.59,3.34899,98.794,11.1
2026-06-10T10:02:00,PCI_8,gNB-3,100.0,514,1,99.805,153.3,210.8,99.614,99.367,0.169,52,99.018,98.805,98.727,98.107,98.322,63.27,47.14,330.42,119.14,3.37165,99.339,11.22
2026-06-10T10:02:00,PCI_9,gNB-3,99.984,540,1,99.815,144.7,186.7,99.872,99.123,0.099,56,98.376,98.797,98.206,98.61,98.416,57.01,38.13,324.12,112.71,3.27624,99.427,14.15
2026-06-10T10:02:00,PCI_10,gNB-3,100.0,520,1,99.808,152.0,188.5,99.67,99.171,0.098,56,98.175,98.965,99.079,98.445,97.44,55.88,43.8,304.51,135.36,3.299,99.223,12.08
2026-06-10T10:03:00,PCI_1,gNB-1,99.989,519,1,99.807,139.3,187.6,99.631,99.62,0.214,50,98.468,99.024,99.292,97.828,98.411,58.35,42.24,328.81,124.6,3.40062,98.87,12.31
2026-06-10T10:03:00,PCI_2,gNB-1,99.946,504,1,99.802,150.5,183.6,99.483,99.1,0.033,55,98.463,98.994,98.659,98.104,98.631,59.37,50.89,299.68,124.61,3.18221,99.38,10.4
2026-06-10T10:03:00,PCI_3,gNB-1,99.939,505,0,100.0,141.3,173.7,99.714,99.285,0.164,49,98.27,99.252,98.738,97.647,97.961,62.54,36.2,351.7,121.68,3.55037,98.917,12.04
2026-06-10T10:03:00,PCI_4,gNB-1,100.0,494,1,99.798,141.7,171.1,99.532,99.42,0.046,53,98.303,99.115,98.912,98.043,98.144,57.08,46.6,318.52,127.48,3.34505,99.394,14.34
2026-06-10T10:03:00,PCI_5,gNB-2,99.969,497,1,99.799,142.9,199.6,99.508,99.417,0.176,49,98.818,98.774,98.871,98.088,98.172,52.99,43.9,352.04,112.32,3.48275,99.236,13.01
2026-06-10T10:03:00,PCI_6,gNB-2,99.96,513,0,100.0,132.5,184.9,99.717,99.755,0.174,49,98.375,99.136,98.452,98.393,97.916,60.38,37.06,325.17,117.51,3.32011,99.38,11.02
2026-06-10T10:03:00,PCI_7,gNB-2,99.985,535,0,100.0,136.5,159.6,99.303,99.493,0.178,48,97.999,98.671,98.479,98.071,98.254,54.9,50.56,328.65,124.64,3.39964,99.056,11.2
2026-06-10T10:03:00,PCI_8,gNB-3,99.995,530,0,100.0,149.5,201.1,99.84,99.175,0.131,54,98.501,98.878,98.911,98.599,97.889,59.62,43.35,310.04,129.89,3.29943,99.081,11.36
2026-06-10T10:03:00,PCI_9,gNB-3,99.954,503,0,100.0,137.5,172.7,99.747,99.378,0.111,44,98.428,98.905,99.044,97.851,97.419,49.34,44.07,339.74,132.4,3.54109,98.822,12.29
2026-06-10T10:03:00,PCI_10,gNB-3,100.0,541,0,100.0,151.3,183.8,99.766,99.482,0.111,55,98.428,98.466,98.687,97.958,98.201,62.57,46.13,342.49,110.12,3.39457,99.021,11.19
2026-06-10T10:04:00,PCI_1,gNB-1,99.971,513,0,100.0,125.6,145.9,99.626,99.384,0.134,45,98.659,98.718,98.323,98.479,98.295,51.38,47.73,295.85,118.75,3.10951,99.525,9.65
2026-06-10T10:04:00,PCI_2,gNB-1,99.996,515,0,100.0,145.9,203.9,99.508,99.192,0.183,52,98.913,98.95,98.467,98.752,97.801,59.34,51.39,349.26,105.62,3.41159,98.951,10.87
2026-06-10T10:04:00,PCI_3,gNB-1,99.977,507,0,100.0,141.5,176.6,99.601,99.257,0.246,49,98.953,98.781,98.205,98.721,97.603,57.04,43.46,325.39,117.16,3.31918,98.932,10.22
2026-06-10T10:04:00,PCI_4,gNB-1,99.929,507,1,99.803,140.2,180.8,99.53,99.558,0.109,46,98.428,98.95,99.47,97.904,97.772,59.32,44.21,332.27,125.76,3.43516,99.164,10.91
2026-06-10T10:04:00,PCI_5,gNB-2,99.983,517,0,100.0,141.1,190.3,99.537,99.453,0.091,43,98.668,98.881,98.887,98.112,97.459,52.85,43.62,311.35,117.28,3.21472,99.331,11.93
2026-06-10T10:04:00,PCI_6,gNB-2,99.975,515,0,100.0,131.5,178.7,99.684,99.613,0.079,43,98.237,99.077,98.72,98.222,97.972,49.8,44.25,323.4,123.26,3.34991,99.016,11.15
2026-06-10T10:04:00,PCI_7,gNB-2,99.978,557,0,100.0,155.4,207.4,99.604,99.21,0.243,54,98.552,99.249,99.081,98.098,98.079,54.49,49.4,276.31,136.85,3.09864,99.139,8.88
2026-06-10T10:04:00,PCI_8,gNB-3,99.933,505,1,99.802,140.4,182.5,99.326,99.475,0.229,45,98.718,99.197,98.536,97.726,98.048,54.58,51.02,322.73,125.16,3.35921,99.283,12.25
2026-06-10T10:04:00,PCI_9,gNB-3,99.955,507,1,99.803,138.8,190.9,99.713,99.407,0.199,48,98.609,98.868,98.251,98.549,98.296,59.04,41.63,355.85,120.35,3.57156,99.239,10.97
2026-06-10T10:04:00,PCI_10,gNB-3,99.936,508,0,100.0,134.0,158.4,99.517,99.144,0.153,47,98.519,98.265,99.004,98.294,97.664,64.04,44.93,346.86,120.6,3.50597,98.624,13.74
2026-06-10T10:05:00,PCI_1,gNB-1,99.94,536,1,99.813,133.2,161.3,99.528,99.198,0.151,43,98.708,98.865,98.562,98.885,98.267,54.08,46.41,289.94,114.01,3.02965,99.153,10.88
2026-06-10T10:05:00,PCI_2,gNB-1,99.978,529,1,99.811,133.6,154.6,99.5,99.552,0.169,42,98.89,99.261,98.61,98.001,98.0,54.35,46.98,328.73,129.89,3.43964,98.795,11.06
2026-06-10T10:05:00,PCI_3,gNB-1,99.951,512,0,100.0,130.8,182.8,99.57,99.532,0.095,44,98.471,99.397,99.096,98.905,98.514,62.44,44.09,312.65,130.15,3.32105,99.019,12.75
2026-06-10T10:05:00,PCI_4,gNB-1,99.959,504,0,100.0,132.9,157.8,99.725,99.358,0.217,45,98.595,98.747,99.08,97.694,98.089,58.79,34.72,289.5,107.94,2.98077,99.173,11.58
2026-06-10T10:05:00,PCI_5,gNB-2,100.0,528,0,100.0,131.9,180.0,99.603,99.608,0.003,41,98.176,98.728,98.762,98.151,97.3,53.65,38.57,310.75,118.29,3.21778,98.999,13.74
2026-06-10T10:05:00,PCI_6,gNB-2,100.0,527,1,99.81,151.0,186.4,99.568,99.467,0.223,53,98.859,99.127,98.51,98.146,97.902,53.88,50.02,337.23,118.25,3.41611,99.389,12.06
2026-06-10T10:05:00,PCI_7,gNB-2,99.937,543,1,99.816,135.2,162.1,99.854,99.468,0.107,46,98.158,99.319,98.779,98.182,97.483,64.82,45.35,274.94,115.26,2.92649,99.184,12.17
2026-06-10T10:05:00,PCI_8,gNB-3,100.0,536,1,99.813,140.1,189.9,99.333,99.302,0.133,45,98.575,99.185,98.549,98.169,97.98,63.04,50.45,288.64,115.87,3.03382,99.814,11.46
2026-06-10T10:05:00,PCI_9,gNB-3,99.957,527,0,100.0,137.0,166.2,99.674,99.39,0.144,52,98.442,99.315,98.514,98.198,98.237,58.57,48.69,330.39,119.59,3.37488,99.077,9.64
2026-06-10T10:05:00,PCI_10,gNB-3,99.934,535,1,99.813,141.4,182.6,99.461,99.462,0.11,52,98.062,98.907,98.542,98.193,97.8,63.89,44.06,325.91,108.61,3.25885,98.87,10.85
2026-06-10T10:06:00,PCI_1,gNB-1,99.946,529,1,99.811,136.9,166.5,99.463,99.148,0.102,48,98.459,98.786,99.155,98.399,98.218,62.73,41.48,354.14,122.2,3.57255,99.264,9.77
2026-06-10T10:06:00,PCI_2,gNB-1,99.938,521,0,100.0,152.5,186.1,99.632,99.335,0.06,52,98.522,99.415,99.054,98.136,97.687,56.68,42.88,390.64,126.84,3.88109,99.182,11.21
2026-06-10T10:06:00,PCI_3,gNB-1,99.96,520,1,99.808,137.5,181.1,99.819,99.057,0.21,47,98.721,98.817,98.814,98.539,98.86,53.7,44.62,328.75,115.79,3.33407,99.174,12.05
2026-06-10T10:06:00,PCI_4,gNB-1,99.997,497,1,99.799,129.4,165.2,99.745,99.151,0.14,45,98.484,98.885,98.702,98.494,97.655,56.19,47.9,316.97,111.12,3.21067,99.383,13.02
2026-06-10T10:06:00,PCI_5,gNB-2,100.0,521,1,99.808,152.3,202.0,99.715,99.303,0.158,50,98.196,99.021,98.791,98.461,98.034,64.74,41.39,363.15,117.32,3.60351,99.425,10.69
2026-06-10T10:06:00,PCI_6,gNB-2,99.948,543,1,99.816,150.8,187.9,99.732,99.402,0.142,48,98.368,98.998,98.221,98.02,98.009,58.67,43.49,365.79,116.63,3.61816,99.354,13.95
2026-06-10T10:06:00,PCI_7,gNB-2,100.0,539,1,99.814,134.3,175.3,99.842,99.347,0.225,49,98.504,99.539,98.678,98.121,98.024,56.62,43.66,325.86,110.46,3.27247,99.359,10.12
2026-06-10T10:06:00,PCI_8,gNB-3,99.938,533,1,99.812,138.1,191.1,99.608,99.749,0.176,47,99.025,98.917,98.613,98.939,98.246,61.74,47.8,345.99,126.2,3.54146,99.399,15.32
2026-06-10T10:06:00,PCI_9,gNB-3,99.961,488,0,100.0,129.7,173.8,99.436,99.419,0.229,44,98.302,99.206,98.498,98.294,97.971,52.12,49.05,306.57,127.88,3.25843,99.305,10.55
2026-06-10T10:06:00,PCI_10,gNB-3,100.0,535,1,99.813,158.2,195.1,99.782,99.09,0.136,58,97.959,99.078,98.393,97.928,97.767,54.92,43.43,318.13,114.1,3.24167,98.576,14.05
2026-06-10T10:07:00,PCI_1,gNB-1,99.929,531,0,100.0,133.9,162.9,99.647,99.232,0.141,49,98.597,98.997,98.748,98.098,97.993,57.48,42.57,330.93,128.22,3.44366,99.462,8.89
2026-06-10T10:07:00,PCI_2,gNB-1,99.981,539,1,99.814,145.0,183.5,99.615,99.52,0.182,48,98.342,99.084,98.764,98.69,97.238,54.87,50.28,305.8,121.94,3.20807,99.558,10.61
2026-06-10T10:07:00,PCI_3,gNB-1,99.958,552,0,100.0,126.0,155.5,99.533,99.396,0.157,47,98.424,99.25,98.933,98.306,98.371,58.36,45.07,407.57,105.44,3.84756,98.925,10.59
2026-06-10T10:07:00,PCI_4,gNB-1,99.984,527,1,99.81,159.2,204.2,99.445,99.408,0.122,54,98.778,99.083,99.038,97.993,98.217,57.2,42.96,294.88,120.37,3.11431,98.92,13.13
2026-06-10T10:07:00,PCI_5,gNB-2,99.998,531,1,99.812,151.4,197.7,99.69,99.445,0.166,51,98.775,98.312,98.312,98.486,98.07,60.71,43.87,320.1,127.09,3.35388,99.244,9.51
2026-06-10T10:07:00,PCI_6,gNB-2,99.928,508,0,100.0,142.8,199.1,99.752,99.203,0.196,49,98.428,99.004,98.554,98.316,98.088,54.58,49.66,335.56,112.24,3.3585,99.315,12.83
2026-06-10T10:07:00,PCI_7,gNB-2,99.919,528,0,100.0,143.4,177.1,99.551,99.478,0.163,43,98.526,99.138,98.916,98.669,98.12,62.26,48.74,321.58,115.45,3.27771,99.517,13.1
2026-06-10T10:07:00,PCI_8,gNB-3,99.921,508,0,100.0,142.6,175.9,99.667,99.597,0.196,49,98.445,98.872,98.551,98.384,98.874,67.3,44.69,296.64,120.19,3.12621,99.133,11.69
2026-06-10T10:07:00,PCI_9,gNB-3,100.0,523,0,100.0,141.7,167.0,99.606,99.162,0.093,47,98.34,98.867,98.536,98.12,97.76,54.81,43.96,379.6,128.15,3.80813,99.054,10.02
2026-06-10T10:07:00,PCI_10,gNB-3,100.0,524,0,100.0,150.5,190.9,99.511,99.438,0.247,52,98.525,98.993,98.69,98.347,97.805,54.27,43.84,348.56,130.14,3.5902,99.234,11.65
2026-06-10T10:08:00,PCI_1,gNB-1,99.981,534,0,100.0,140.9,178.0,99.674,99.371,0.232,46,98.601,99.007,98.402,98.198,97.641,55.88,44.44,399.89,113.1,3.84745,99.362,11.4
2026-06-10T10:08:00,PCI_2,gNB-1,99.98,521,1,99.808,153.2,189.4,99.344,99.373,0.126,48,98.553,99.127,98.718,98.439,98.614,55.49,50.44,388.38,98.44,3.65118,99.147,14.09
2026-06-10T10:08:00,PCI_3,gNB-1,100.0,517,1,99.807,149.0,202.8,99.724,99.368,0.165,48,98.666,99.045,98.427,98.206,98.498,63.36,39.66,347.29,119.04,3.49748,99.079,12.46
2026-06-10T10:08:00,PCI_4,gNB-1,99.972,534,1,99.813,142.5,188.1,99.768,99.392,0.161,50,98.701,98.543,99.12,98.404,98.014,53.05,46.62,383.86,116.78,3.75475,98.806,12.76
2026-06-10T10:08:00,PCI_5,gNB-2,99.959,525,0,100.0,145.4,168.3,98.965,99.438,0.205,48,97.877,99.03,99.345,98.417,98.791,58.7,44.72,315.86,132.69,3.36415,98.879,11.2
2026-06-10T10:08:00,PCI_6,gNB-2,100.0,531,0,100.0,130.4,174.3,99.86,99.424,0.152,44,98.594,98.823,99.042,98.565,98.009,61.01,44.96,324.73,129.36,3.40566,99.186,10.91
2026-06-10T10:08:00,PCI_7,gNB-2,100.0,523,0,100.0,154.1,195.8,99.56,99.6,0.132,52,98.468,98.935,98.619,98.432,98.045,64.22,46.92,376.81,122.65,3.74595,99.642,11.93
2026-06-10T10:08:00,PCI_8,gNB-3,99.923,529,0,100.0,136.0,187.0,99.665,99.219,0.255,47,98.672,99.266,98.894,98.097,97.557,50.81,42.08,316.96,115.32,3.24211,99.325,10.12
2026-06-10T10:08:00,PCI_9,gNB-3,100.0,529,0,100.0,134.9,155.3,99.599,99.624,0.213,46,98.786,99.027,98.952,98.85,97.257,51.77,40.27,304.57,122.36,3.20199,99.239,14.7
2026-06-10T10:08:00,PCI_10,gNB-3,99.943,530,1,99.811,147.4,189.7,99.535,99.543,0.117,51,98.464,98.861,98.517,98.328,97.967,52.47,52.14,376.94,134.41,3.83513,99.496,11.95
2026-06-10T10:09:00,PCI_1,gNB-1,100.0,513,1,99.805,140.0,177.0,99.619,99.456,0.114,47,98.486,99.143,98.605,98.804,97.698,55.03,43.76,330.97,123.38,3.40763,99.336,11.61
2026-06-10T10:09:00,PCI_2,gNB-1,99.979,500,0,100.0,142.8,166.9,99.39,99.421,0.229,51,98.475,98.921,98.552,98.179,98.215,61.56,47.68,318.5,125.97,3.33351,99.448,9.38
2026-06-10T10:09:00,PCI_3,gNB-1,100.0,519,0,100.0,132.3,179.9,99.58,99.288,0.115,43,98.62,99.254,98.412,98.368,97.84,58.3,49.83,341.18,120.45,3.46226,98.938,13.67
2026-06-10T10:09:00,PCI_4,gNB-1,99.932,499,1,99.8,140.8,192.2,99.847,99.496,0.29,46,98.355,98.629,98.711,97.8,97.881,61.73,47.55,358.27,122.37,3.60484,99.378,11.86
2026-06-10T10:09:00,PCI_5,gNB-2,99.95,534,0,100.0,136.0,184.6,99.771,99.073,0.091,48,98.667,99.049,98.249,98.606,97.949,51.56,49.66,332.4,107.06,3.29593,98.546,11.79
2026-06-10T10:09:00,PCI_6,gNB-2,100.0,531,0,100.0,136.1,187.0,99.627,99.187,0.201,48,98.435,99.075,98.454,98.057,97.95,53.6,51.35,340.75,126.96,3.50781,99.627,14.14
2026-06-10T10:09:00,PCI_7,gNB-2,100.0,515,1,99.806,139.0,164.8,99.628,99.413,0.148,49,98.941,98.465,98.272,97.919,98.098,57.81,47.09,381.62,121.83,3.77586,98.853,12.71
2026-06-10T10:09:00,PCI_8,gNB-3,99.959,556,0,100.0,143.6,190.4,99.687,99.373,0.118,54,98.948,99.005,98.53,98.119,97.61,52.63,44.55,318.16,123.79,3.31461,99.076,10.74
2026-06-10T10:09:00,PCI_9,gNB-3,99.943,491,0,100.0,140.5,178.7,99.534,99.37,0.088,55,98.58,99.296,98.601,98.471,97.677,54.99,44.41,313.87,127.23,3.30823,99.402,13.8
2026-06-10T10:09:00,PCI_10,gNB-3,99.939,519,1,99.807,147.4,173.1,99.559,99.597,0.156,51,98.166,98.914,98.897,98.59,97.422,58.86,44.08,312.31,135.68,3.35994,99.354,10.46
2026-06-10T10:10:00,PCI_1,gNB-1,99.982,532,0,100.0,141.1,176.3,99.402,99.425,0.176,47,98.595,99.149,98.81,98.09,98.272,56.11,46.36,337.25,121.56,3.44112,98.7,13.54
2026-06-10T10:10:00,PCI_2,gNB-1,99.945,531,1,99.812,139.3,173.9,99.666,98.971,0.096,46,98.395,98.856,98.458,98.354,98.246,59.11,49.48,347.98,133.0,3.60732,99.57,11.35
2026-06-10T10:10:00,PCI_3,gNB-1,99.974,520,0,100.0,148.2,172.5,99.623,99.259,0.118,51,98.548,98.257,98.757,98.427,97.736,62.89,48.52,352.6,109.25,3.46392,99.379,12.24
2026-06-10T10:10:00,PCI_4,gNB-1,99.975,495,0,100.0,140.2,178.4,99.782,99.171,0.197,49,99.308,99.0,99.118,98.157,97.594,58.77,50.53,322.72,129.74,3.39344,99.331,12.06
2026-06-10T10:10:00,PCI_5,gNB-2,99.921,531,1,99.812,143.8,199.7,99.487,98.884,0.191,48,98.651,98.782,98.801,98.222,97.877,57.23,46.99,293.3,131.39,3.18516,99.438,12.52
2026-06-10T10:10:00,PCI_6,gNB-2,99.98,541,0,100.0,133.4,161.8,99.835,99.302,0.134,49,97.862,98.895,98.637,97.612,97.664,58.35,46.92,376.46,129.14,3.79203,98.864,13.2
2026-06-10T10:10:00,PCI_7,gNB-2,99.97,531,0,100.0,157.3,219.2,99.639,99.234,0.07,51,98.752,98.576,99.026,98.24,98.111,60.45,55.0,354.41,120.47,3.56156,99.285,12.26
2026-06-10T10:10:00,PCI_8,gNB-3,99.951,531,1,99.812,145.3,203.3,99.762,99.322,0.068,52,98.693,99.021,98.25,97.911,98.178,66.34,46.68,343.73,126.45,3.52631,98.983,13.7
2026-06-10T10:10:00,PCI_9,gNB-3,99.943,530,1,99.811,133.4,165.5,99.461,99.318,0.254,47,98.33,99.097,98.528,98.627,98.267,56.14,45.52,338.56,113.98,3.39406,98.916,11.89
2026-06-10T10:10:00,PCI_10,gNB-3,99.93,529,1,99.811,141.2,182.4,99.857,99.314,0.248,46,98.163,99.043,98.652,97.869,98.441,60.92,41.95,332.14,121.37,3.40135,98.897,12.58
2026-06-10T10:11:00,PCI_1,gNB-1,99.965,506,1,99.802,138.7,183.5,99.567,99.259,0.297,49,98.746,99.218,99.325,97.643,98.266,58.46,46.22,367.01,127.29,3.70726,98.777,12.49
2026-06-10T10:11:00,PCI_2,gNB-1,100.0,548,1,99.818,148.6,194.4,99.697,99.477,0.007,54,98.49,98.807,98.977,98.287,98.568,61.99,41.54,357.57,122.38,3.5996,99.193,11.9
2026-06-10T10:11:00,PCI_3,gNB-1,99.96,520,0,100.0,131.5,181.4,99.414,99.15,0.147,42,98.824,98.731,99.171,98.541,98.033,60.25,46.72,396.39,126.35,3.92055,99.056,12.69
2026-06-10T10:11:00,PCI_4,gNB-1,100.0,530,0,100.0,139.4,192.8,99.594,99.551,0.129,48,98.362,99.317,99.185,98.276,98.31,52.13,40.94,356.64,108.76,3.49055,99.887,13.62
2026-06-10T10:11:00,PCI_5,gNB-2,99.996,530,1,99.811,136.7,182.2,99.727,99.199,0.095,52,98.145,98.847,99.109,99.046,97.437,48.27,43.2,344.0,122.19,3.49639,99.066,10.23
2026-06-10T10:11:00,PCI_6,gNB-2,99.965,524,1,99.809,144.1,186.5,99.63,99.918,0.129,52,97.868,98.844,98.7,98.098,97.736,55.64,42.13,325.61,123.21,3.3661,99.299,10.55
2026-06-10T10:11:00,PCI_7,gNB-2,99.961,520,1,99.808,157.7,203.0,99.667,99.353,0.187,54,98.131,99.319,99.383,98.499,98.012,59.82,52.76,327.75,128.61,3.42271,99.254,8.93
2026-06-10T10:11:00,PCI_8,gNB-3,99.996,541,0,100.0,143.0,180.6,99.645,99.445,0.191,55,98.528,99.287,98.862,99.145,98.197,68.58,42.13,309.49,126.75,3.2718,99.181,14.18
2026-06-10T10:11:00,PCI_9,gNB-3,99.998,545,0,100.0,144.0,186.8,99.527,99.419,0.241,50,98.598,99.328,98.863,97.888,98.075,58.25,47.64,398.12,132.33,3.97837,99.261,11.27
2026-06-10T10:11:00,PCI_10,gNB-3,99.964,536,0,100.0,146.9,196.4,99.494,99.384,0.161,49,98.646,98.929,98.619,98.118,98.001,51.57,49.86,350.91,127.7,3.58956,99.537,12.67
2026-06-10T10:12:00,PCI_1,gNB-1,99.994,555,1,99.82,146.1,204.1,99.531,99.411,0.201,52,98.812,98.878,98.552,98.384,97.744,56.6,46.52,291.28,110.52,3.01351,99.316,11.13
2026-06-10T10:12:00,PCI_2,gNB-1,99.993,527,1,99.81,149.4,206.5,99.661,99.272,0.096,51,98.273,98.961,98.405,98.411,98.28,59.89,41.06,370.96,108.99,3.59966,99.257,12.32
2026-06-10T10:12:00,PCI_3,gNB-1,99.969,524,0,100.0,153.5,202.6,99.45,99.347,0.096,46,98.844,98.84,98.723,98.38,97.555,61.61,43.44,303.75,125.56,3.21983,99.245,11.35
2026-06-10T10:12:00,PCI_4,gNB-1,99.976,559,0,100.0,144.4,176.9,99.877,99.316,0.015,54,98.355,98.461,98.284,97.897,97.236,54.96,43.7,380.82,122.17,3.77245,99.057,11.9
2026-06-10T10:12:00,PCI_5,gNB-2,99.994,548,1,99.818,128.6,162.5,99.599,99.786,0.116,48,98.335,98.862,98.626,98.72,97.836,58.28,47.42,363.01,123.38,3.64787,99.427,14.71
2026-06-10T10:12:00,PCI_6,gNB-2,99.971,528,1,99.811,146.6,201.2,99.435,99.217,0.113,45,99.38,99.22,98.537,98.083,98.438,52.39,42.03,366.25,122.34,3.66445,99.4,12.34
2026-06-10T10:12:00,PCI_7,gNB-2,99.973,524,1,99.809,146.3,187.1,99.54,99.646,0.157,53,98.157,98.592,98.928,98.112,97.714,59.51,51.49,333.46,120.63,3.40569,99.317,13.0
2026-06-10T10:12:00,PCI_8,gNB-3,99.967,507,1,99.803,138.2,180.4,99.5,99.45,0.148,49,99.261,98.944,99.016,98.311,97.888,61.12,47.53,335.96,115.24,3.38407,99.314,17.31
2026-06-10T10:12:00,PCI_9,gNB-3,99.981,543,1,99.816,172.3,217.5,99.517,99.03,0.201,60,98.64,99.006,99.181,98.725,98.424,47.3,42.54,343.37,130.19,3.55168,98.521,14.59
2026-06-10T10:12:00,PCI_10,gNB-3,99.935,558,0,100.0,138.3,188.3,99.511,99.251,0.03,52,98.673,98.801,98.089,98.659,97.207,53.6,41.04,321.82,126.66,3.36363,99.422,12.64
2026-06-10T10:13:00,PCI_1,gNB-1,99.967,555,1,99.82,151.2,197.5,99.566,99.189,0.097,50,98.318,99.167,98.767,98.183,98.412,57.84,43.98,325.53,112.74,3.28708,99.144,10.86
2026-06-10T10:13:00,PCI_2,gNB-1,99.974,541,0,100.0,141.1,170.8,99.426,99.543,0.152,50,98.295,98.804,98.892,97.779,98.047,52.22,38.79,342.79,118.56,3.46009,99.686,9.5
2026-06-10T10:13:00,PCI_3,gNB-1,99.999,537,0,100.0,140.9,186.5,99.71,99.549,0.177,50,98.861,99.245,98.908,98.109,98.355,54.6,47.74,315.89,121.84,3.28301,99.398,11.69
2026-06-10T10:13:00,PCI_4,gNB-1,99.966,528,1,99.811,143.5,187.3,99.708,99.392,0.071,48,99.094,98.686,98.228,98.39,98.442,56.6,42.73,335.46,121.42,3.42663,99.482,14.99
2026-06-10T10:13:00,PCI_5,gNB-2,99.966,523,0,100.0,130.8,159.2,99.365,99.542,0.133,43,98.932,98.562,98.971,98.331,98.089,58.04,41.59,356.1,132.71,3.66608,98.689,12.3
2026-06-10T10:13:00,PCI_6,gNB-2,99.937,531,1,99.812,143.1,174.4,99.778,99.203,0.12,48,98.253,98.864,99.118,98.042,98.875,51.67,36.33,322.85,112.73,3.26684,99.507,12.81
2026-06-10T10:13:00,PCI_7,gNB-2,99.925,532,1,99.812,165.7,201.2,99.636,99.502,0.164,57,98.23,99.015,98.754,97.885,98.017,52.92,39.29,338.38,127.08,3.49091,99.428,11.26
2026-06-10T10:13:00,PCI_8,gNB-3,99.99,521,0,100.0,143.5,184.5,99.567,99.606,0.102,51,98.683,99.089,98.851,97.96,98.299,55.92,45.32,314.65,125.87,3.30396,99.08,11.07
2026-06-10T10:13:00,PCI_9,gNB-3,99.981,523,0,100.0,146.0,192.7,99.603,99.15,0.159,52,99.059,99.464,98.959,98.591,97.086,55.89,41.71,355.83,127.37,3.62402,99.334,13.02
2026-06-10T10:13:00,PCI_10,gNB-3,100.0,533,0,100.0,150.4,196.5,99.759,99.308,0.13,50,98.696,98.79,97.98,98.051,97.751,58.04,44.7,372.79,125.68,3.73857,99.443,14.26
2026-06-10T10:14:00,PCI_1,gNB-1,99.949,551,1,99.819,148.9,171.5,99.717,99.283,0.197,50,98.727,99.31,99.074,98.179,98.471,51.38,47.04,306.75,123.76,3.22883,98.903,12.13
2026-06-10T10:14:00,PCI_2,gNB-1,99.966,557,1,99.82,152.4,210.8,99.674,99.387,0.136,49,98.268,99.207,98.582,98.424,97.693,67.67,51.94,340.94,138.92,3.59897,99.338,13.89
2026-06-10T10:14:00,PCI_3,gNB-1,99.988,531,1,99.812,151.6,210.8,99.759,99.435,0.121,54,97.983,99.034,99.054,98.245,98.674,57.08,42.34,358.28,122.53,3.60609,99.367,11.27
2026-06-10T10:14:00,PCI_4,gNB-1,99.954,540,0,100.0,153.3,179.3,99.582,99.632,0.239,55,98.179,99.062,98.592,98.218,97.474,50.08,50.45,363.72,112.23,3.56963,99.121,12.32
2026-06-10T10:14:00,PCI_5,gNB-2,99.949,545,0,100.0,134.5,163.8,99.673,99.222,0.205,50,98.692,99.149,98.682,98.473,97.755,49.02,43.63,379.42,132.03,3.83588,98.939,11.87
2026-06-10T10:14:00,PCI_6,gNB-2,100.0,520,1,99.808,151.8,179.5,99.565,98.969,0.304,49,98.509,99.206,98.756,98.553,97.189,54.8,43.64,308.83,110.92,3.14815,99.419,10.26
2026-06-10T10:14:00,PCI_7,gNB-2,99.966,551,0,100.0,134.2,164.1,99.492,99.268,0.095,47,98.412,98.985,98.691,98.664,98.701,58.34,45.99,338.3,131.18,3.52111,99.372,12.34
2026-06-10T10:14:00,PCI_8,gNB-3,100.0,546,0,100.0,141.8,191.5,99.329,99.266,0.183,44,98.048,99.062,98.109,98.203,98.725,59.68,53.32,381.25,117.49,3.74056,99.15,12.74
2026-06-10T10:14:00,PCI_9,gNB-3,99.991,559,1,99.821,148.0,204.7,99.757,99.285,0.219,55,98.068,99.504,98.644,98.625,98.332,65.75,51.09,383.46,130.34,3.85345,99.006,11.92
2026-06-10T10:14:00,PCI_10,gNB-3,100.0,552,1,99.819,139.7,176.3,99.615,100.0,0.142,47,98.686,99.186,98.743,97.704,97.767,55.83,48.89,327.1,121.81,3.36676,98.927,11.37
2026-06-10T10:15:00,PCI_1,gNB-1,100.0,552,0,100.0,139.3,181.4,99.756,99.402,0.193,49,98.544,98.385,98.978,98.834,98.034,57.87,47.44,337.98,109.47,3.3559,99.116,12.22
2026-06-10T10:15:00,PCI_2,gNB-1,99.892,525,1,99.81,146.3,204.3,99.895,99.533,0.198,47,98.989,98.577,99.115,98.571,98.047,54.38,48.76,332.8,135.03,3.50872,98.476,12.37
2026-06-10T10:15:00,PCI_3,gNB-1,99.939,541,1,99.815,152.9,202.9,99.456,98.973,0.12,54,98.433,98.762,98.64,98.475,98.115,50.67,44.55,321.93,101.81,3.17809,99.355,12.71
2026-06-10T10:15:00,PCI_4,gNB-1,99.998,547,1,99.817,142.2,169.8,99.57,99.265,0.224,45,99.078,99.067,98.579,98.433,97.677,56.9,54.54,356.02,122.78,3.59102,99.166,13.61
2026-06-10T10:15:00,PCI_5,gNB-2,99.983,534,1,99.813,145.9,167.8,99.717,99.257,0.042,50,98.771,98.931,98.972,98.672,97.887,58.59,46.02,360.79,128.08,3.66659,99.254,14.3
2026-06-10T10:15:00,PCI_6,gNB-2,99.948,544,1,99.816,146.8,186.5,99.712,99.43,0.146,48,98.293,99.267,98.72,98.339,98.459,56.98,44.73,380.48,129.3,3.82336,98.816,12.24
2026-06-10T10:15:00,PCI_7,gNB-2,99.915,532,0,100.0,133.2,169.3,99.88,99.369,0.12,49,98.106,98.955,99.101,98.317,98.136,57.8,48.07,362.57,123.01,3.64185,99.24,12.65
2026-06-10T10:15:00,PCI_8,gNB-3,99.976,554,1,99.819,152.9,189.1,99.554,99.485,0.291,58,98.312,99.395,98.512,98.128,97.974,61.24,45.86,370.29,126.94,3.72924,99.609,10.24
2026-06-10T10:15:00,PCI_9,gNB-3,99.929,550,1,99.818,129.9,157.9,99.317,99.502,0.117,46,98.825,99.236,98.663,98.508,99.106,56.88,49.08,333.74,131.31,3.48782,99.023,13.23
2026-06-10T10:15:00,PCI_10,gNB-3,99.969,543,0,100.0,137.6,181.3,99.751,99.201,0.0,43,98.587,99.297,98.757,98.349,98.41,58.71,52.2,383.14,122.2,3.79005,99.541,13.39
2026-06-10T10:16:00,PCI_1,gNB-1,100.0,542,0,100.0,137.4,159.9,99.788,99.809,0.176,51,98.041,98.693,98.564,98.22,98.087,57.09,46.68,342.46,129.9,3.54269,99.489,13.66
2026-06-10T10:16:00,PCI_2,gNB-1,100.0,539,1,99.814,132.1,163.4,99.733,99.511,0.158,45,98.152,98.468,98.545,98.243,97.122,64.19,44.16,357.56,135.28,3.69632,99.592,11.85
2026-06-10T10:16:00,PCI_3,gNB-1,99.994,556,1,99.82,149.6,193.0,99.649,99.28,0.139,52,98.803,98.955,98.638,98.192,98.983,57.2,48.74,308.75,125.19,3.25451,98.913,11.45
2026-06-10T10:16:00,PCI_4,gNB-1,99.956,568,0,100.0,151.8,196.9,99.542,99.428,0.223,53,98.403,98.895,98.863,98.219,98.347,53.22,49.92,326.04,124.17,3.37663,99.748,13.88
2026-06-10T10:16:00,PCI_5,gNB-2,99.973,536,1,99.813,154.5,192.4,99.723,99.328,0.0,57,98.37,99.166,98.666,98.233,97.708,61.97,50.25,378.45,130.49,3.81704,99.325,11.52
2026-06-10T10:16:00,PCI_6,gNB-2,99.957,549,0,100.0,137.6,184.5,99.733,99.695,0.275,46,98.539,98.885,98.472,98.211,98.061,62.16,40.86,343.21,116.72,3.44954,99.568,14.89
2026-06-10T10:16:00,PCI_7,gNB-2,99.97,531,0,100.0,154.6,188.7,99.543,99.465,0.079,58,98.527,99.028,98.362,98.685,97.54,55.89,44.37,342.8,113.05,3.4189,99.014,13.17
2026-06-10T10:16:00,PCI_8,gNB-3,99.974,543,0,100.0,150.4,204.8,99.61,99.228,0.27,47,98.096,98.72,99.427,98.336,98.395,52.5,42.33,354.03,120.89,3.56188,99.239,13.19
2026-06-10T10:16:00,PCI_9,gNB-3,99.973,543,1,99.816,145.1,186.8,99.753,99.222,0.173,53,98.455,98.988,99.272,98.653,98.824,66.35,45.47,328.86,122.39,3.38433,99.431,7.13
2026-06-10T10:16:00,PCI_10,gNB-3,100.0,560,1,99.821,149.5,206.1,99.356,99.602,0.134,53,98.523,99.505,98.859,98.448,97.987,55.59,48.47,373.78,124.82,3.73953,98.671,11.13
2026-06-10T10:17:00,PCI_1,gNB-1,99.97,535,0,100.0,132.2,171.1,99.479,99.572,0.198,48,98.823,98.893,99.23,98.244,98.344,67.54,44.91,357.33,124.19,3.61141,99.247,12.78
2026-06-10T10:17:00,PCI_2,gNB-1,99.96,544,1,99.816,136.9,181.7,99.534,99.135,0.178,46,98.259,98.672,98.45,98.449,97.574,62.7,49.49,355.02,111.6,3.49971,99.021,13.88
2026-06-10T10:17:00,PCI_3,gNB-1,99.943,532,0,100.0,150.5,204.5,99.761,99.456,0.081,54,97.699,98.703,98.806,98.763,97.598,53.31,46.66,349.84,118.91,3.51559,99.012,14.63
2026-06-10T10:17:00,PCI_4,gNB-1,99.914,519,0,100.0,157.8,195.1,99.599,99.147,0.146,63,98.692,99.271,98.232,98.186,97.815,65.9,45.72,345.58,121.03,3.49959,98.493,14.0
2026-06-10T10:17:00,PCI_5,gNB-2,99.982,535,0,100.0,142.4,187.4,99.527,99.696,0.067,48,98.67,98.902,98.55,98.892,98.281,55.54,47.89,324.38,128.52,3.39676,98.847,13.48
2026-06-10T10:17:00,PCI_6,gNB-2,100.0,548,0,100.0,149.0,182.6,99.612,99.524,0.182,49,98.677,98.703,98.485,98.048,97.792,58.38,49.55,373.54,128.43,3.76473,99.018,13.39
2026-06-10T10:17:00,PCI_7,gNB-2,100.0,532,1,99.812,145.9,198.3,99.556,99.367,0.2,47,98.177,98.973,98.957,98.209,97.775,52.13,53.17,314.98,135.32,3.37725,99.022,13.97
2026-06-10T10:17:00,PCI_8,gNB-3,99.972,530,1,99.811,153.0,203.3,99.554,99.65,0.158,50,98.805,99.32,98.698,98.264,98.275,65.63,41.8,373.31,141.06,3.8578,98.981,13.11
2026-06-10T10:17:00,PCI_9,gNB-3,99.952,548,1,99.818,134.2,164.3,99.393,99.338,0.282,43,98.36,98.848,98.823,98.205,97.726,55.74,46.13,315.66,105.33,3.15738,99.494,12.43
2026-06-10T10:17:00,PCI_10,gNB-3,99.964,541,1,99.815,140.1,192.0,99.52,99.647,0.0,44,98.925,98.7,98.461,97.931,97.179,58.41,49.49,354.11,114.7,3.51611,99.065,14.71
2026-06-10T10:18:00,PCI_1,gNB-1,99.932,531,1,99.812,145.2,180.5,99.47,99.583,0.138,50,98.691,98.802,98.244,98.292,97.774,58.91,43.92,328.59,113.58,3.31629,99.269,15.17
2026-06-10T10:18:00,PCI_2,gNB-1,99.988,562,0,100.0,142.3,179.4,99.68,99.328,0.13,48,99.075,98.594,98.83,98.872,98.058,67.62,46.92,352.04,131.4,3.62579,99.02,12.31
2026-06-10T10:18:00,PCI_3,gNB-1,99.952,535,1,99.813,156.5,197.8,99.583,99.482,0.1,57,98.876,98.862,98.779,98.115,97.964,60.96,46.36,352.62,121.66,3.55706,99.505,13.7
2026-06-10T10:18:00,PCI_4,gNB-1,99.946,554,1,99.819,144.1,181.5,100.0,99.365,0.209,43,98.927,99.173,98.965,98.371,98.356,63.67,49.94,341.95,124.13,3.49561,99.221,12.0
2026-06-10T10:18:00,PCI_5,gNB-2,99.923,526,0,100.0,140.6,163.2,99.414,99.135,0.124,48,99.168,98.99,99.03,98.464,98.122,57.97,49.67,362.12,114.17,3.57221,99.38,12.01
2026-06-10T10:18:00,PCI_6,gNB-2,99.968,534,0,100.0,155.5,183.9,99.791,99.568,0.044,51,98.618,98.785,98.523,98.402,97.912,56.36,41.41,400.36,114.16,3.8589,99.101,13.96
2026-06-10T10:18:00,PCI_7,gNB-2,100.0,531,1,99.812,157.2,208.0,99.309,99.127,0.197,60,98.345,99.249,98.225,97.802,97.567,61.13,47.84,366.69,111.0,3.58263,99.629,11.68
2026-06-10T10:18:00,PCI_8,gNB-3,99.984,549,0,100.0,147.5,185.3,99.839,99.45,0.241,49,98.273,99.043,98.73,98.023,98.194,63.84,45.56,335.62,121.23,3.42641,99.342,12.09
2026-06-10T10:18:00,PCI_9,gNB-3,99.943,562,0,100.0,145.5,197.2,99.829,99.379,0.156,50,98.777,99.107,98.351,98.593,98.149,63.93,49.1,346.51,116.96,3.47604,99.454,14.17
2026-06-10T10:18:00,PCI_10,gNB-3,99.944,544,0,100.0,146.6,171.4,99.543,99.271,0.237,46,98.697,98.8,98.711,98.096,98.056,56.48,48.02,311.56,116.36,3.20939,99.165,13.21
2026-06-10T10:19:00,PCI_1,gNB-1,100.0,576,0,100.0,154.5,180.7,99.448,99.195,0.066,49,98.366,98.782,99.194,98.277,98.098,50.62,53.11,388.21,116.37,3.7844,98.926,11.09
2026-06-10T10:19:00,PCI_2,gNB-1,99.967,526,0,100.0,152.9,197.1,99.356,99.455,0.21,50,98.847,99.038,98.441,98.468,98.452,64.35,49.17,382.72,125.48,3.81148,99.281,15.01
2026-06-10T10:19:00,PCI_3,gNB-1,100.0,534,1,99.813,144.0,183.2,99.457,99.166,0.137,46,98.465,98.999,98.944,98.618,98.562,58.16,41.43,368.99,128.83,3.73367,99.091,13.55
2026-06-10T10:19:00,PCI_4,gNB-1,99.993,553,1,99.819,150.0,179.5,99.906,99.157,0.078,55,98.447,98.692,98.993,98.659,97.426,61.89,51.18,396.81,129.53,3.94754,99.398,12.47
2026-06-10T10:19:00,PCI_5,gNB-2,99.976,574,0,100.0,143.4,183.1,99.904,99.151,0.109,48,98.91,98.783,98.58,98.29,98.209,61.79,42.49,320.62,113.99,3.25958,99.498,11.93
2026-06-10T10:19:00,PCI_6,gNB-2,99.982,547,1,99.817,135.0,157.4,99.901,99.325,0.187,44,99.3,99.029,98.226,98.157,98.123,63.32,45.68,366.35,127.95,3.70723,99.259,11.67
2026-06-10T10:19:00,PCI_7,gNB-2,99.965,564,0,100.0,154.2,202.6,100.0,99.544,0.198,49,98.838,98.598,99.068,98.407,97.834,56.44,47.8,339.47,111.65,3.38339,99.474,9.98
2026-06-10T10:19:00,PCI_8,gNB-3,99.986,540,0,100.0,135.9,163.2,99.672,98.815,0.05,45,98.182,99.056,98.873,98.62,97.743,61.3,46.12,362.15,124.98,3.65348,99.196,11.78
2026-06-10T10:19:00,PCI_9,gNB-3,99.976,549,1,99.818,131.3,182.3,99.717,99.385,0.234,45,98.465,98.895,99.091,98.853,97.932,56.68,51.41,372.1,130.75,3.77141,98.842,12.75
2026-06-10T10:19:00,PCI_10,gNB-3,99.941,543,1,99.816,147.1,193.2,99.602,99.348,0.272,51,98.694,99.244,98.421,98.253,97.703,58.6,42.42,371.75,125.69,3.73079,98.897,13.03
2026-06-10T10:20:00,PCI_1,gNB-1,99.989,527,0,100.0,149.4,191.8,99.712,99.498,0.164,55,98.599,99.322,98.814,98.412,97.017,58.08,55.01,336.85,125.02,3.46403,99.098,9.62
2026-06-10T10:20:00,PCI_2,gNB-1,99.902,578,1,99.827,147.2,189.8,99.522,99.509,0.124,53,98.595,98.699,98.364,98.564,98.31,59.53,53.23,349.71,123.76,3.55096,99.198,13.17
2026-06-10T10:20:00,PCI_3,gNB-1,99.993,551,0,100.0,142.2,175.4,99.791,99.312,0.131,52,98.139,99.627,98.486,98.117,97.502,56.98,43.45,339.39,117.12,3.4238,98.604,14.1
2026-06-10T10:20:00,PCI_4,gNB-1,99.98,559,1,99.821,153.7,193.2,100.0,99.284,0.066,60,98.386,99.018,98.402,98.227,98.174,60.72,42.35,369.81,119.71,3.6714,98.812,13.68
2026-06-10T10:20:00,PCI_5,gNB-2,99.948,545,0,100.0,155.0,198.4,99.498,99.516,0.171,50,98.881,98.584,98.461,98.413,97.973,62.59,49.56,291.2,136.6,3.20848,99.078,12.31
2026-06-10T10:20:00,PCI_6,gNB-2,99.971,533,1,99.812,152.7,186.5,99.504,99.72,0.178,55,98.533,99.081,99.056,98.623,98.399,59.9,47.84,322.02,124.5,3.34891,99.067,11.09
2026-06-10T10:20:00,PCI_7,gNB-2,99.915,550,1,99.818,135.4,174.0,99.605,99.468,0.089,43,97.952,99.001,98.528,98.481,97.505,64.69,46.47,345.32,127.07,3.5429,99.378,13.51
2026-06-10T10:20:00,PCI_8,gNB-3,99.968,540,0,100.0,153.4,191.6,99.468,99.486,0.138,53,98.869,98.976,98.839,98.74,98.354,54.37,42.95,300.66,134.36,3.26262,99.159,11.49
2026-06-10T10:20:00,PCI_9,gNB-3,99.986,531,0,100.0,141.7,179.1,99.64,99.389,0.189,48,98.494,99.303,99.206,98.469,98.493,53.1,47.8,350.35,122.21,3.54416,99.338,15.19
2026-06-10T10:20:00,PCI_10,gNB-3,99.996,566,0,100.0,159.5,199.0,99.514,99.635,0.213,54,98.995,98.805,98.348,98.295,97.559,58.9,47.12,337.15,126.73,3.47906,98.899,8.99
2026-06-10T10:21:00,PCI_1,gNB-1,99.956,565,1,99.823,146.4,193.3,99.557,99.644,0.072,52,98.376,99.186,98.735,97.786,97.905,55.82,49.31,374.03,117.09,3.68341,99.316,10.88
2026-06-10T10:21:00,PCI_2,gNB-1,99.963,554,1,99.819,153.4,192.5,99.535,99.381,0.196,54,98.562,99.11,99.205,98.72,98.509,61.25,44.5,324.2,127.81,3.39007,98.97,9.52
2026-06-10T10:21:00,PCI_3,gNB-1,99.971,584,1,99.829,151.0,173.6,99.633,99.151,0.173,55,98.597,99.09,98.73,98.534,97.632,51.99,45.67,352.82,131.56,3.63285,99.033,12.66
2026-06-10T10:21:00,PCI_4,gNB-1,99.923,562,0,100.0,154.7,189.4,99.569,99.383,0.123,52,98.332,98.75,98.931,98.438,97.978,60.16,47.71,389.96,133.57,3.92654,99.133,13.41
2026-06-10T10:21:00,PCI_5,gNB-2,99.977,544,0,100.0,152.3,198.5,99.492,99.267,0.055,49,98.226,99.101,98.79,98.533,98.588,63.23,40.37,337.43,138.38,3.56856,99.249,12.92
2026-06-10T10:21:00,PCI_6,gNB-2,99.962,531,0,100.0,148.4,195.8,99.66,99.742,0.14,48,98.473,98.788,97.999,98.164,98.14,55.88,47.03,348.86,122.77,3.53718,99.106,11.86
2026-06-10T10:21:00,PCI_7,gNB-2,100.0,549,0,100.0,145.6,197.4,99.673,99.271,0.296,50,99.083,99.065,98.793,98.567,98.149,59.05,46.03,329.59,118.84,3.36321,99.409,8.79
2026-06-10T10:21:00,PCI_8,gNB-3,99.982,564,1,99.823,162.9,207.1,99.764,98.93,0.013,58,98.15,99.096,98.576,98.41,97.883,59.45,40.63,350.02,119.07,3.51815,99.447,11.28
2026-06-10T10:21:00,PCI_9,gNB-3,99.964,559,1,99.821,142.5,191.3,99.574,99.542,0.083,46,98.689,99.047,99.031,98.681,97.346,60.26,47.68,352.05,133.03,3.63812,99.659,11.95
2026-06-10T10:21:00,PCI_10,gNB-3,99.971,559,1,99.821,147.8,204.9,99.79,99.283,0.231,49,98.855,98.763,98.428,97.875,97.865,58.99,46.41,340.4,123.53,3.47948,99.055,11.6
2026-06-10T10:22:00,PCI_1,gNB-1,99.953,543,1,99.816,140.6,168.7,99.696,99.223,0.149,45,98.027,98.638,98.406,98.645,97.715,60.11,45.45,352.61,116.1,3.51532,99.435,12.44
2026-06-10T10:22:00,PCI_2,gNB-1,99.92,562,0,100.0,143.2,178.4,99.812,99.277,0.266,53,98.204,99.097,98.999,97.982,98.471,53.16,52.44,378.44,138.8,3.87929,99.382,12.59
2026-06-10T10:22:00,PCI_3,gNB-1,99.997,577,1,99.827,155.7,213.1,99.519,99.269,0.0,55,98.211,98.97,98.838,97.89,98.124,56.32,44.85,369.38,114.31,3.62773,99.036,11.83
2026-06-10T10:22:00,PCI_4,gNB-1,99.965,550,0,100.0,140.4,187.6,99.562,99.687,0.179,47,98.284,99.305,98.857,97.847,97.288,66.89,47.69,350.91,128.62,3.5965,99.154,11.96
2026-06-10T10:22:00,PCI_5,gNB-2,100.0,521,1,99.808,145.4,170.8,99.73,99.305,0.134,50,99.051,99.238,98.472,98.697,97.643,63.73,47.48,321.68,122.34,3.33017,99.129,13.77
2026-06-10T10:22:00,PCI_6,gNB-2,99.972,525,0,100.0,157.6,216.9,99.662,99.509,0.196,58,98.356,98.425,98.814,98.082,97.393,59.48,44.11,348.84,109.58,3.43818,99.303,12.09
2026-06-10T10:22:00,PCI_7,gNB-2,99.956,540,1,99.815,156.5,182.0,99.545,99.141,0.177,52,98.716,98.8,98.719,98.372,97.772,61.34,41.64,382.31,122.39,3.78527,99.068,11.89
2026-06-10T10:22:00,PCI_8,gNB-3,99.941,540,0,100.0,144.1,194.0,99.607,99.337,0.087,52,99.038,98.825,98.921,98.058,97.867,54.98,44.74,331.71,124.86,3.42425,99.091,15.34
2026-06-10T10:22:00,PCI_9,gNB-3,99.965,560,1,99.821,135.2,159.5,99.711,99.15,0.121,39,98.154,98.914,99.0,98.866,97.756,64.99,47.11,345.23,124.21,3.52076,99.122,9.99
2026-06-10T10:22:00,PCI_10,gNB-3,99.959,535,0,100.0,170.4,226.5,99.831,99.166,0.122,62,98.627,99.273,99.073,98.197,97.795,61.86,49.17,392.92,109.33,3.76689,99.433,12.96
2026-06-10T10:23:00,PCI_1,gNB-1,100.0,541,0,100.0,143.8,199.6,99.594,99.335,0.149,51,98.702,98.982,98.623,98.055,97.965,59.09,44.96,345.31,136.25,3.6117,99.379,12.68
2026-06-10T10:23:00,PCI_2,gNB-1,99.957,555,1,99.82,149.9,193.9,99.672,99.329,0.065,52,98.527,98.721,98.622,98.11,98.076,54.64,47.34,399.77,134.13,4.0042,99.182,14.52
2026-06-10T10:23:00,PCI_3,gNB-1,99.996,566,0,100.0,146.7,174.7,99.94,99.223,0.086,56,98.297,98.961,98.552,98.067,98.149,55.73,43.37,347.06,130.85,3.58429,99.539,12.24
2026-06-10T10:23:00,PCI_4,gNB-1,99.98,574,1,99.826,156.7,205.4,99.358,99.544,0.069,56,98.245,98.701,98.651,97.913,98.011,58.92,46.56,390.46,132.97,3.92569,99.13,13.48
2026-06-10T10:23:00,PCI_5,gNB-2,99.942,549,1,99.818,144.4,192.7,99.601,99.501,0.264,48,98.806,98.364,98.383,97.645,97.98,59.73,44.53,337.24,149.61,3.65133,99.289,13.06
2026-06-10T10:23:00,PCI_6,gNB-2,99.965,542,0,100.0,147.5,203.3,99.55,99.05,0.172,52,98.65,99.161,99.224,98.169,98.055,65.04,45.98,381.57,122.76,3.78253,99.079,10.69
2026-06-10T10:23:00,PCI_7,gNB-2,100.0,584,0,100.0,150.8,185.3,99.765,99.183,0.119,52,97.934,98.796,98.503,98.189,97.91,50.69,49.15,340.69,130.19,3.53162,99.332,12.0
2026-06-10T10:23:00,PCI_8,gNB-3,99.942,528,1,99.811,150.5,205.8,99.575,99.494,0.158,58,98.381,98.762,98.533,98.404,98.469,50.25,42.24,387.6,123.05,3.82988,99.001,11.56
2026-06-10T10:23:00,PCI_9,gNB-3,99.97,537,1,99.814,143.8,192.0,99.219,99.492,0.096,55,98.185,99.107,99.164,98.446,97.757,58.85,48.11,389.0,127.53,3.87397,99.337,10.6
2026-06-10T10:23:00,PCI_10,gNB-3,99.943,572,1,99.825,146.0,197.0,99.762,99.488,0.173,48,97.954,99.245,98.549,98.532,98.155,57.24,42.95,375.55,109.52,3.63802,98.603,14.57
2026-06-10T10:24:00,PCI_1,gNB-1,99.956,558,0,100.0,167.0,217.8,99.562,99.565,0.144,55,98.758,98.556,98.969,98.262,97.97,56.93,46.42,379.58,128.63,3.8116,99.458,13.11
2026-06-10T10:24:00,PCI_2,gNB-1,99.959,551,0,100.0,146.7,199.4,99.415,99.724,0.095,48,98.465,98.657,99.169,98.762,98.467,66.68,52.37,307.96,131.95,3.29928,99.0,13.52
2026-06-10T10:24:00,PCI_3,gNB-1,100.0,548,1,99.818,154.9,211.6,99.425,99.457,0.175,53,98.415,99.273,99.067,98.493,98.215,62.7,45.1,351.83,126.95,3.59085,98.949,13.42
2026-06-10T10:24:00,PCI_4,gNB-1,99.991,585,1,99.829,146.6,188.4,99.689,99.368,0.225,47,98.522,98.83,98.752,98.21,97.329,62.96,47.63,357.69,126.0,3.62769,98.945,12.29
2026-06-10T10:24:00,PCI_5,gNB-2,99.958,580,1,99.828,146.1,178.9,99.557,99.338,0.144,52,98.117,99.008,98.661,98.148,98.554,53.49,47.31,358.63,128.36,3.65241,99.547,9.15
2026-06-10T10:24:00,PCI_6,gNB-2,99.99,542,1,99.815,145.6,187.2,99.546,99.767,0.04,51,98.568,99.012,98.869,98.207,98.153,58.83,45.61,331.65,123.58,3.41422,99.365,11.57
2026-06-10T10:24:00,PCI_7,gNB-2,99.967,553,0,100.0,160.9,224.9,99.583,99.57,0.187,57,98.904,98.886,98.731,98.815,97.599,62.16,50.08,363.58,130.7,3.70711,98.997,12.6
2026-06-10T10:24:00,PCI_8,gNB-3,99.957,562,0,100.0,165.5,203.6,99.914,99.602,0.182,60,98.898,98.813,98.274,97.892,98.272,58.83,46.76,359.3,133.8,3.69826,99.113,11.23
2026-06-10T10:24:00,PCI_9,gNB-3,99.954,568,1,99.824,155.9,192.6,99.566,99.246,0.068,53,98.204,99.053,98.324,98.353,97.862,63.11,43.51,358.04,132.87,3.68184,98.812,12.87
2026-06-10T10:24:00,PCI_10,gNB-3,99.962,543,1,99.816,151.3,176.0,99.542,99.539,0.0,55,99.155,98.976,98.575,98.259,98.294,69.45,44.42,280.6,129.38,3.07485,99.172,12.07
2026-06-10T10:25:00,PCI_1,gNB-1,99.964,525,0,100.0,145.6,167.8,99.523,99.215,0.022,54,98.464,99.075,99.139,98.435,98.068,51.01,52.18,377.4,118.6,3.72004,98.816,12.88
2026-06-10T10:25:00,PCI_2,gNB-1,99.939,578,1,99.827,150.6,207.4,99.659,99.148,0.049,51,99.11,98.79,98.551,98.539,98.139,65.36,45.02,339.42,133.72,3.54859,99.131,12.29
2026-06-10T10:25:00,PCI_3,gNB-1,99.94,546,0,100.0,146.2,171.8,99.545,99.322,0.22,56,98.387,99.368,98.828,97.629,98.075,54.38,51.95,342.92,139.57,3.61861,99.533,11.59
2026-06-10T10:25:00,PCI_4,gNB-1,99.929,573,0,100.0,150.5,208.0,99.575,99.531,0.279,53,98.693,98.849,97.904,98.335,97.994,62.16,47.91,341.22,122.74,3.47972,99.21,11.03
2026-06-10T10:25:00,PCI_5,gNB-2,99.953,561,1,99.822,155.7,190.7,99.574,99.213,0.121,56,98.99,98.922,98.82,98.075,97.491,57.85,46.82,348.57,121.19,3.52321,99.235,13.99
2026-06-10T10:25:00,PCI_6,gNB-2,100.0,563,1,99.822,159.0,221.4,99.74,99.409,0.061,52,98.362,98.758,98.47,98.235,97.981,58.49,49.13,403.01,119.88,3.92164,99.061,10.66
2026-06-10T10:25:00,PCI_7,gNB-2,99.929,570,0,100.0,155.0,207.2,99.653,99.4,0.153,49,98.55,99.042,99.078,98.333,97.98,57.44,49.93,376.45,133.44,3.82419,99.417,12.14
2026-06-10T10:25:00,PCI_8,gNB-3,99.984,559,0,100.0,161.1,210.1,99.899,99.667,0.207,53,98.7,99.231,99.342,98.178,97.912,64.87,52.4,378.86,123.93,3.77089,99.05,12.79
2026-06-10T10:25:00,PCI_9,gNB-3,99.991,571,1,99.825,139.5,177.1,99.59,99.377,0.216,44,98.5,98.921,98.84,98.294,98.235,55.29,46.3,336.31,136.21,3.54385,99.513,12.54
2026-06-10T10:25:00,PCI_10,gNB-3,99.927,555,0,100.0,162.4,212.5,99.802,99.871,0.073,58,98.416,99.106,98.038,98.486,97.722,61.48,49.73,378.08,128.12,3.79648,99.286,12.02
2026-06-10T10:26:00,PCI_1,gNB-1,100.0,551,0,100.0,151.0,190.0,99.558,99.438,0.168,56,99.087,98.759,98.756,98.439,97.931,63.17,39.46,375.47,126.78,3.76684,98.753,12.09
2026-06-10T10:26:00,PCI_2,gNB-1,99.947,559,0,100.0,169.6,217.7,99.563,99.545,0.253,64,98.618,98.803,99.163,97.787,97.945,60.87,50.24,345.18,129.75,3.56195,99.437,12.56
2026-06-10T10:26:00,PCI_3,gNB-1,99.936,572,0,100.0,145.0,200.1,99.885,99.379,0.191,49,98.475,99.005,98.573,98.544,98.387,63.83,46.73,344.44,112.95,3.43041,99.48,12.05
2026-06-10T10:26:00,PCI_4,gNB-1,100.0,544,0,100.0,150.4,181.2,99.637,99.597,0.172,44,98.918,98.701,99.163,98.361,97.756,58.6,45.05,368.88,132.61,3.76116,98.89,9.79
2026-06-10T10:26:00,PCI_5,gNB-2,100.0,566,0,100.0,160.5,197.6,99.68,99.514,0.118,47,98.732,98.819,99.308,98.197,98.217,57.59,42.54,346.78,145.18,3.68975,99.22,9.57
2026-06-10T10:26:00,PCI_6,gNB-2,99.987,578,0,100.0,153.4,195.5,99.442,99.41,0.1,54,98.044,99.102,99.012,98.061,98.249,63.62,50.47,395.36,128.44,3.92851,99.023,13.65
2026-06-10T10:26:00,PCI_7,gNB-2,99.992,528,0,100.0,146.4,169.2,99.62,99.713,0.182,49,98.342,99.061,98.831,99.124,97.682,58.26,52.03,350.45,129.8,3.60189,98.806,10.02
2026-06-10T10:26:00,PCI_8,gNB-3,99.967,545,1,99.817,148.6,171.5,99.783,99.248,0.098,55,98.515,98.972,98.977,98.017,98.0,55.47,42.86,375.34,137.96,3.84972,99.255,10.26
2026-06-10T10:26:00,PCI_9,gNB-3,100.0,565,0,100.0,161.6,213.6,99.651,99.336,0.146,55,98.654,98.705,98.617,98.41,98.309,64.73,48.86,387.2,138.38,3.94187,99.176,15.37
2026-06-10T10:26:00,PCI_10,gNB-3,100.0,556,0,100.0,148.6,176.0,99.656,99.459,0.124,53,98.867,99.23,98.904,98.209,97.904,67.06,48.31,340.11,135.44,3.56663,99.615,10.21
2026-06-10T10:27:00,PCI_1,gNB-1,99.986,548,1,99.818,153.5,182.7,99.463,99.203,0.065,52,98.807,98.942,99.281,98.234,97.767,60.59,54.78,341.86,128.54,3.52798,99.454,11.71
2026-06-10T10:27:00,PCI_2,gNB-1,99.936,559,1,99.821,151.8,189.4,99.714,99.093,0.063,51,98.049,98.767,98.342,98.263,97.414,59.34,45.54,384.5,115.68,3.75131,98.788,10.06
2026-06-10T10:27:00,PCI_3,gNB-1,99.955,548,1,99.818,145.9,195.5,99.572,99.497,0.049,48,98.474,99.318,98.481,98.061,98.227,60.59,47.89,402.5,122.14,3.93482,99.369,15.13
2026-06-10T10:27:00,PCI_4,gNB-1,99.939,594,0,100.0,154.9,216.1,99.628,98.902,0.166,53,98.063,99.168,98.531,98.034,98.746,64.99,54.14,402.89,118.19,3.9081,99.655,10.89
2026-06-10T10:27:00,PCI_5,gNB-2,99.988,567,1,99.824,166.1,229.9,99.695,99.396,0.098,57,98.373,99.04,98.657,98.551,97.904,61.66,54.6,371.58,150.34,3.91443,99.231,12.9
2026-06-10T10:27:00,PCI_6,gNB-2,99.929,579,0,100.0,152.5,176.9,99.544,99.404,0.046,49,98.165,99.352,98.78,98.606,97.924,61.87,44.97,312.07,126.5,3.28926,99.078,11.52
2026-06-10T10:27:00,PCI_7,gNB-2,100.0,570,1,99.825,156.9,208.7,99.479,99.517,0.146,53,98.506,98.767,98.603,98.294,97.394,66.42,51.98,379.03,141.91,3.9071,99.365,13.31
2026-06-10T10:27:00,PCI_8,gNB-3,99.937,555,0,100.0,160.0,199.7,99.752,99.53,0.103,55,98.179,99.013,98.653,98.539,98.648,61.63,47.12,362.66,127.84,3.67876,99.091,12.79
2026-06-10T10:27:00,PCI_9,gNB-3,99.989,550,0,100.0,160.1,212.4,99.561,99.621,0.173,61,98.653,99.001,98.351,98.677,98.343,65.96,46.08,333.47,139.27,3.54553,99.203,8.86
2026-06-10T10:27:00,PCI_10,gNB-3,99.949,543,1,99.816,161.3,194.9,99.651,99.399,0.193,52,98.084,99.223,98.123,98.273,98.152,63.46,49.55,415.92,137.94,4.15392,99.164,12.23
2026-06-10T10:28:00,PCI_1,gNB-1,99.967,567,1,99.824,158.8,203.4,99.426,98.912,0.145,53,98.612,98.727,98.922,98.234,97.79,61.93,46.46,359.86,123.0,3.62147,99.316,9.96
2026-06-10T10:28:00,PCI_2,gNB-1,99.928,572,0,100.0,157.5,185.2,99.637,99.908,0.115,49,97.856,98.535,98.691,97.793,97.49,63.39,41.2,362.1,135.55,3.73235,99.486,12.77
2026-06-10T10:28:00,PCI_3,gNB-1,99.946,549,0,100.0,165.6,196.8,99.727,99.546,0.125,61,98.232,99.142,98.875,98.252,97.801,66.77,45.11,338.56,117.65,3.42157,99.142,12.15
2026-06-10T10:28:00,PCI_4,gNB-1,99.985,580,0,100.0,157.8,205.4,99.552,99.71,0.223,56,98.844,99.185,98.797,98.426,98.175,59.21,55.38,421.49,130.41,4.13926,99.203,16.01
2026-06-10T10:28:00,PCI_5,gNB-2,99.95,573,0,100.0,154.4,195.1,99.728,99.123,0.228,58,98.455,98.925,99.308,98.272,97.835,64.74,44.25,311.16,129.47,3.30473,99.091,11.39
2026-06-10T10:28:00,PCI_6,gNB-2,99.96,555,0,100.0,135.7,175.4,99.561,99.34,0.133,50,98.611,99.568,98.075,98.566,98.362,49.41,50.8,359.35,128.18,3.65648,99.211,13.11
2026-06-10T10:28:00,PCI_7,gNB-2,99.956,553,0,100.0,153.6,180.0,100.0,99.139,0.091,51,98.482,99.429,98.847,98.641,98.677,52.92,47.05,344.75,132.49,3.57928,98.952,14.93
2026-06-10T10:28:00,PCI_8,gNB-3,99.926,553,1,99.819,143.0,164.5,99.516,99.469,0.118,51,98.572,99.279,98.927,98.147,98.443,58.54,44.8,383.39,118.95,3.76753,99.035,10.19
2026-06-10T10:28:00,PCI_9,gNB-3,99.966,568,1,99.824,166.7,202.0,99.654,99.269,0.149,57,98.84,98.528,98.652,98.325,98.143,63.5,46.75,376.25,119.4,3.71735,99.481,13.01
2026-06-10T10:28:00,PCI_10,gNB-3,99.967,580,0,100.0,139.7,184.9,99.613,99.332,0.102,50,98.763,98.772,98.282,98.503,97.622,65.76,53.96,346.49,147.27,3.70316,99.136,12.31
2026-06-10T10:29:00,PCI_1,gNB-1,100.0,572,0,100.0,156.6,211.9,99.552,99.092,0.079,55,98.502,98.86,98.768,98.078,97.987,61.1,52.39,387.54,121.16,3.81523,99.103,9.83
2026-06-10T10:29:00,PCI_2,gNB-1,99.999,534,0,100.0,141.3,162.6,99.631,99.519,0.106,51,98.29,98.762,98.457,98.065,98.58,64.37,50.9,311.58,128.33,3.29931,99.356,9.8
2026-06-10T10:29:00,PCI_3,gNB-1,99.99,549,1,99.818,155.6,204.4,99.595,99.491,0.23,58,98.905,99.032,98.097,97.964,97.829,63.36,53.12,352.36,123.76,3.5709,99.222,12.75
2026-06-10T10:29:00,PCI_4,gNB-1,99.99,577,0,100.0,133.9,159.5,99.154,99.365,0.337,50,98.607,99.555,98.385,98.421,98.186,58.1,46.14,379.42,131.19,3.82955,99.058,12.27
2026-06-10T10:29:00,PCI_5,gNB-2,99.982,562,0,100.0,156.9,191.6,99.62,99.166,0.147,53,98.066,99.385,98.744,98.375,98.305,66.45,52.54,345.24,131.01,3.57185,99.053,12.13
2026-06-10T10:29:00,PCI_6,gNB-2,99.987,583,0,100.0,160.0,194.8,99.447,99.983,0.143,59,98.488,99.097,98.972,98.321,98.01,65.95,52.94,424.33,131.77,4.17081,98.761,10.33
2026-06-10T10:29:00,PCI_7,gNB-2,99.997,551,0,100.0,163.1,212.7,99.358,99.438,0.235,59,98.161,99.196,98.401,98.397,96.928,55.83,49.95,358.45,132.47,3.6819,98.227,14.57
2026-06-10T10:29:00,PCI_8,gNB-3,100.0,597,1,99.832,161.4,212.1,99.572,99.507,0.158,58,98.451,99.026,98.478,98.181,98.082,62.22,50.08,385.18,123.39,3.81425,99.013,9.97
2026-06-10T10:29:00,PCI_9,gNB-3,99.993,595,0,100.0,159.1,190.5,99.624,99.692,0.174,51,98.599,99.009,98.975,98.81,98.031,63.05,52.58,341.28,127.75,3.51772,98.792,12.91
2026-06-10T10:29:00,PCI_10,gNB-3,99.957,571,1,99.825,148.0,204.6,99.802,99.544,0.128,53,98.285,98.764,98.82,98.288,98.123,70.63,50.33,367.77,146.16,3.85449,99.014,12.32
2026-06-10T10:30:00,PCI_1,gNB-1,100.0,567,1,99.824,139.1,163.0,99.408,99.09,0.143,48,98.423,98.732,98.918,97.925,98.239,72.68,43.51,371.52,130.99,3.76879,98.826,12.59
2026-06-10T10:30:00,PCI_2,gNB-1,99.978,582,0,100.0,150.1,201.0,99.476,99.651,0.102,49,98.344,99.448,98.234,98.592,98.297,59.12,49.73,327.48,133.26,3.45555,99.337,11.43
2026-06-10T10:30:00,PCI_3,gNB-1,99.984,569,1,99.824,160.6,208.1,99.596,99.536,0.219,61,98.559,98.904,98.528,98.297,97.419,57.05,51.68,416.9,141.42,4.18743,99.068,14.48
2026-06-10T10:30:00,PCI_4,gNB-1,99.894,561,1,99.822,162.5,215.0,99.704,99.62,0.137,56,98.353,99.256,98.879,98.631,97.924,60.37,48.98,366.67,128.58,3.71443,99.59,12.94
2026-06-10T10:30:00,PCI_5,gNB-2,99.995,560,1,99.821,156.5,195.1,99.585,99.732,0.102,57,98.822,99.278,99.405,98.072,97.819,63.13,51.28,381.28,125.21,3.79869,99.139,15.07
2026-06-10T10:30:00,PCI_6,gNB-2,99.98,580,0,100.0,170.0,200.9,99.67,99.11,0.136,60,98.738,98.854,98.332,98.088,97.307,57.27,48.54,378.51,142.39,3.90678,99.274,11.51
2026-06-10T10:30:00,PCI_7,gNB-2,99.937,563,0,100.0,163.9,217.2,99.577,99.842,0.244,57,97.601,99.203,98.851,98.287,98.325,62.61,51.34,359.72,128.99,3.66531,99.323,12.13
2026-06-10T10:30:00,PCI_8,gNB-3,99.983,550,0,100.0,148.2,186.3,99.509,99.553,0.006,44,98.577,98.961,99.167,98.223,97.499,62.33,50.02,373.18,132.74,3.79442,99.756,12.0
2026-06-10T10:30:00,PCI_9,gNB-3,99.945,567,1,99.824,144.8,188.5,99.555,99.159,0.251,50,98.209,98.818,98.717,98.111,97.622,56.07,48.46,407.03,107.19,3.85665,99.1,12.51
2026-06-10T10:30:00,PCI_10,gNB-3,99.922,600,1,99.833,140.4,175.6,99.417,99.554,0.149,52,98.202,99.088,99.183,98.214,97.629,59.47,49.33,353.2,132.86,3.6454,99.478,11.16
2026-06-10T10:31:00,PCI_1,gNB-1,100.0,555,0,100.0,148.3,203.9,99.335,99.396,0.141,46,98.344,98.563,98.846,98.178,98.12,66.26,50.82,360.92,131.14,3.69048,99.046,12.21
2026-06-10T10:31:00,PCI_2,gNB-1,99.954,558,0,100.0,155.4,208.3,99.686,99.138,0.103,53,98.535,99.114,98.772,98.27,97.623,55.98,43.34,380.82,140.91,3.91299,98.947,10.17
2026-06-10T10:31:00,PCI_3,gNB-1,99.967,570,0,100.0,151.5,175.2,99.626,99.273,0.048,52,98.762,98.537,99.097,98.296,98.457,57.87,44.84,326.94,130.26,3.42899,99.186,11.91
2026-06-10T10:31:00,PCI_4,gNB-1,99.989,573,0,100.0,160.7,188.5,99.503,99.432,0.119,56,97.98,98.877,98.629,97.825,98.13,55.54,44.65,327.7,129.81,3.43137,98.958,13.07
2026-06-10T10:31:00,PCI_5,gNB-2,99.972,561,1,99.822,167.1,217.9,99.316,99.708,0.075,66,98.698,98.384,98.903,98.205,97.971,63.8,45.61,352.33,129.62,3.61464,98.732,11.81
2026-06-10T10:31:00,PCI_6,gNB-2,99.949,567,0,100.0,153.5,204.6,99.444,98.983,0.161,56,98.499,98.461,98.542,98.491,98.113,63.62,51.38,334.63,130.69,3.48991,99.242,10.79
2026-06-10T10:31:00,PCI_7,gNB-2,99.945,565,1,99.823,162.1,217.1,99.59,99.061,0.144,59,98.345,99.104,99.075,98.176,97.43,60.36,47.68,428.67,128.3,4.1773,99.145,13.83
2026-06-10T10:31:00,PCI_8,gNB-3,99.95,562,1,99.822,169.7,234.5,99.639,99.41,0.0,62,98.331,99.144,98.692,98.447,98.42,60.02,46.53,371.55,128.29,3.74883,99.616,12.01
2026-06-10T10:31:00,PCI_9,gNB-3,99.947,597,0,100.0,160.3,211.0,99.685,99.698,0.24,54,98.645,99.279,98.718,98.835,98.522,67.77,48.62,373.42,119.93,3.70018,98.969,13.29
2026-06-10T10:31:00,PCI_10,gNB-3,99.929,569,1,99.824,149.0,175.0,99.64,99.247,0.157,53,98.382,98.996,99.374,98.454,98.542,67.04,52.07,377.07,116.78,3.70386,99.315,10.97
2026-06-10T10:32:00,PCI_1,gNB-1,99.975,569,0,100.0,159.9,202.3,99.713,99.55,0.075,52,98.518,99.253,98.681,98.069,97.803,59.36,46.14,338.16,142.82,3.60735,99.239,10.01
2026-06-10T10:32:00,PCI_2,gNB-1,100.0,578,0,100.0,147.0,173.4,99.939,99.136,0.049,51,98.823,99.241,98.444,98.298,97.731,61.23,46.0,427.59,139.5,4.2532,99.144,12.25
2026-06-10T10:32:00,PCI_3,gNB-1,99.993,560,1,99.821,151.4,197.8,99.851,99.264,0.06,49,98.302,98.643,98.315,98.035,98.162,62.23,47.26,374.22,130.27,3.78368,99.162,11.12
2026-06-10T10:32:00,PCI_4,gNB-1,99.933,570,0,100.0,152.1,185.2,99.58,99.146,0.105,49,97.608,98.663,99.458,97.754,97.946,64.21,47.96,361.99,121.69,3.62762,99.006,11.37
2026-06-10T10:32:00,PCI_5,gNB-2,99.933,568,0,100.0,162.3,216.1,99.683,100.0,0.16,53,98.057,99.06,98.95,98.578,98.008,66.69,49.06,356.03,128.96,3.63742,99.222,13.45
2026-06-10T10:32:00,PCI_6,gNB-2,100.0,555,1,99.82,152.5,207.9,99.699,99.463,0.235,52,98.702,99.208,99.021,98.016,97.994,67.52,51.81,400.74,142.87,4.07707,99.057,12.52
2026-06-10T10:32:00,PCI_7,gNB-2,99.967,579,0,100.0,159.2,219.5,99.524,99.328,0.217,57,98.175,98.775,98.613,98.311,97.981,58.08,50.21,315.22,123.51,3.29047,99.208,12.52
2026-06-10T10:32:00,PCI_8,gNB-3,99.948,576,1,99.826,152.9,203.7,99.585,99.928,0.032,56,98.119,98.571,98.404,97.42,97.816,60.97,44.73,353.98,133.86,3.65883,99.039,13.92
2026-06-10T10:32:00,PCI_9,gNB-3,99.93,599,1,99.833,144.5,182.6,99.635,99.097,0.288,49,98.673,99.683,98.493,98.082,98.164,51.74,53.28,343.93,141.88,3.64358,99.513,10.82
2026-06-10T10:32:00,PCI_10,gNB-3,99.979,590,0,100.0,155.7,205.0,99.734,99.412,0.094,57,98.648,99.283,98.388,98.779,98.193,60.15,51.42,364.01,115.36,3.59528,99.037,13.06
2026-06-10T10:33:00,PCI_1,gNB-1,99.965,576,1,99.826,147.5,182.7,99.629,99.379,0.174,49,98.321,98.845,98.611,98.115,97.977,59.63,54.39,348.91,122.91,3.53861,99.306,15.04
2026-06-10T10:33:00,PCI_2,gNB-1,99.994,554,1,99.819,147.3,203.2,99.917,99.343,0.065,54,98.6,98.958,98.782,97.938,97.888,62.8,51.78,319.96,134.24,3.4065,98.928,9.28
2026-06-10T10:33:00,PCI_3,gNB-1,99.957,589,1,99.83,162.4,197.0,99.719,99.781,0.237,57,98.146,98.815,98.599,98.108,98.126,63.95,56.47,396.5,120.14,3.87475,99.831,12.51
2026-06-10T10:33:00,PCI_4,gNB-1,99.966,545,1,99.817,174.7,228.2,99.686,99.489,0.225,58,98.257,99.17,99.001,98.102,98.151,65.71,50.58,356.91,148.07,3.78731,99.581,13.55
2026-06-10T10:33:00,PCI_5,gNB-2,100.0,554,1,99.819,157.5,202.6,99.61,99.207,0.226,51,99.011,98.903,98.466,98.219,98.188,65.9,44.56,384.33,127.05,3.83535,98.86,10.77
2026-06-10T10:33:00,PCI_6,gNB-2,99.963,552,0,100.0,158.2,184.2,99.606,99.709,0.0,55,98.55,98.572,98.561,98.197,98.198,60.18,46.72,372.13,139.4,3.83649,98.859,12.59
2026-06-10T10:33:00,PCI_7,gNB-2,99.948,571,1,99.825,150.8,192.2,99.563,99.132,0.266,56,98.162,98.994,98.19,98.238,97.821,69.26,50.91,372.68,139.71,3.84292,99.093,13.56
2026-06-10T10:33:00,PCI_8,gNB-3,99.973,563,1,99.822,132.6,154.4,99.482,99.59,0.094,46,98.078,99.279,98.466,97.847,96.829,53.89,51.85,333.63,119.43,3.39793,99.197,12.22
2026-06-10T10:33:00,PCI_9,gNB-3,99.94,567,1,99.824,146.0,171.2,99.554,99.506,0.255,51,98.742,99.099,99.619,98.088,98.496,61.32,49.92,384.46,140.88,3.94007,99.021,12.29
2026-06-10T10:33:00,PCI_10,gNB-3,99.994,530,0,100.0,157.1,200.4,99.469,99.345,0.175,58,98.583,99.03,98.356,98.099,97.995,53.63,46.73,367.34,143.7,3.83277,98.744,10.37
2026-06-10T10:34:00,PCI_1,gNB-1,99.958,536,0,100.0,158.0,220.9,99.688,99.045,0.191,52,98.425,98.995,98.759,98.537,98.005,66.28,50.29,353.47,134.49,3.65967,99.082,13.77
2026-06-10T10:34:00,PCI_2,gNB-1,99.884,569,1,99.824,141.2,178.4,99.518,99.54,0.193,46,98.636,99.411,98.571,98.529,98.865,53.7,48.1,415.71,129.47,4.08883,99.158,10.9
2026-06-10T10:34:00,PCI_3,gNB-1,99.958,586,1,99.829,166.9,199.1,99.439,98.997,0.166,62,98.618,99.132,99.233,98.135,97.926,65.51,47.25,348.52,127.23,3.56807,99.363,11.31
2026-06-10T10:34:00,PCI_4,gNB-1,99.955,578,1,99.827,151.6,203.2,99.632,99.232,0.107,55,98.344,98.983,98.647,98.084,98.241,60.36,41.79,409.44,128.59,4.03522,99.226,12.96
2026-06-10T10:34:00,PCI_5,gNB-2,99.935,557,0,100.0,151.1,203.7,99.542,99.487,0.0,49,98.515,98.697,98.909,98.216,97.872,57.31,48.1,328.69,137.98,3.5,99.263,11.97
2026-06-10T10:34:00,PCI_6,gNB-2,99.981,580,0,100.0,164.3,207.5,99.48,99.344,0.272,59,98.78,98.848,98.915,97.882,98.21,65.35,47.93,378.1,127.39,3.79118,99.113,12.83
2026-06-10T10:34:00,PCI_7,gNB-2,99.952,576,0,100.0,147.7,192.6,99.658,98.897,0.027,47,98.708,99.15,99.617,98.188,97.856,60.92,43.21,392.12,122.99,3.86333,98.98,12.73
2026-06-10T10:34:00,PCI_8,gNB-3,99.935,581,1,99.828,162.3,192.0,99.458,99.383,0.067,51,97.997,99.236,98.25,98.629,97.949,59.96,49.05,407.36,118.76,3.94596,99.296,11.71
2026-06-10T10:34:00,PCI_9,gNB-3,99.949,541,1,99.815,148.0,175.2,99.72,99.467,0.126,56,98.29,98.994,98.577,98.484,98.148,61.38,51.39,374.27,125.16,3.74572,99.428,11.71
2026-06-10T10:34:00,PCI_10,gNB-3,99.964,585,0,100.0,156.4,187.9,99.727,99.287,0.109,57,98.599,98.759,98.891,97.802,98.451,66.73,55.69,334.92,135.81,3.53051,99.697,13.18
2026-06-10T10:35:00,PCI_1,gNB-1,99.952,596,1,99.832,156.2,215.7,99.529,99.41,0.214,57,98.48,98.694,98.233,98.019,97.808,58.72,60.6,364.23,130.11,3.70752,99.356,10.57
2026-06-10T10:35:00,PCI_2,gNB-1,99.978,585,1,99.829,165.0,207.9,99.633,99.691,0.227,58,98.539,99.182,98.573,97.968,98.347,66.41,50.36,363.75,122.19,3.64453,99.042,12.03
2026-06-10T10:35:00,PCI_3,gNB-1,100.0,589,1,99.83,160.2,203.2,99.618,99.633,0.102,50,98.703,99.373,98.917,98.151,98.208,53.46,49.51,350.78,140.31,3.68319,98.949,15.63
2026-06-10T10:35:00,PCI_4,gNB-1,100.0,605,1,99.835,151.1,202.9,99.746,99.476,0.105,52,98.252,99.097,98.677,98.684,98.251,60.4,54.77,311.93,119.76,3.23771,99.048,13.36
2026-06-10T10:35:00,PCI_5,gNB-2,99.962,588,0,100.0,156.9,209.5,99.509,99.615,0.172,53,98.488,98.833,98.12,98.23,97.772,56.84,48.41,361.37,132.49,3.70399,99.201,12.81
2026-06-10T10:35:00,PCI_6,gNB-2,99.967,565,1,99.823,156.7,213.5,99.603,99.257,0.205,54,98.74,99.533,98.935,97.911,97.667,63.82,42.52,357.17,132.83,3.67504,99.068,11.23
2026-06-10T10:35:00,PCI_7,gNB-2,99.973,570,1,99.825,160.9,213.5,99.559,99.642,0.208,56,98.432,99.057,98.759,97.904,97.718,66.17,45.29,410.21,136.65,4.10145,99.187,11.82
2026-06-10T10:35:00,PCI_8,gNB-3,99.997,588,1,99.83,167.6,210.2,99.502,99.511,0.202,58,98.228,98.806,98.869,98.034,98.621,64.87,42.04,342.65,131.89,3.55904,98.886,12.34
2026-06-10T10:35:00,PCI_9,gNB-3,99.994,586,0,100.0,163.0,205.1,99.493,99.526,0.106,53,98.855,99.284,98.418,97.509,98.353,59.39,50.69,336.37,135.25,3.53711,99.468,12.76
2026-06-10T10:35:00,PCI_10,gNB-3,99.968,581,1,99.828,152.6,191.1,99.304,99.308,0.128,49,98.8,98.927,99.592,98.474,97.707,61.76,52.12,396.25,143.24,4.04619,99.083,14.05
2026-06-10T10:36:00,PCI_1,gNB-1,99.988,592,1,99.831,157.1,206.1,99.502,99.398,0.176,49,98.34,98.878,99.0,98.34,97.991,59.05,51.1,363.08,139.39,3.76856,99.129,12.5
2026-06-10T10:36:00,PCI_2,gNB-1,99.994,585,0,100.0,159.1,183.1,99.32,99.153,0.216,56,98.356,99.232,98.176,98.71,97.796,67.97,47.74,357.9,133.98,3.68909,99.133,14.11
2026-06-10T10:36:00,PCI_3,gNB-1,99.966,573,0,100.0,157.5,195.5,99.595,99.606,0.147,52,98.007,99.057,98.844,98.372,98.447,64.92,56.7,386.51,124.4,3.83178,99.482,10.99
2026-06-10T10:36:00,PCI_4,gNB-1,100.0,558,0,100.0,168.9,230.2,99.464,99.255,0.015,58,98.407,98.64,97.998,97.835,98.066,55.6,49.08,374.74,136.67,3.83554,99.161,12.8
2026-06-10T10:36:00,PCI_5,gNB-2,99.978,568,1,99.824,167.1,232.5,99.683,98.863,0.031,53,98.418,98.977,97.983,98.836,98.717,66.86,48.36,381.61,125.66,3.80455,99.047,11.36
2026-06-10T10:36:00,PCI_6,gNB-2,99.972,569,0,100.0,171.5,220.8,99.686,99.472,0.116,58,98.834,98.861,98.894,98.164,97.86,67.88,42.32,352.52,126.64,3.59364,99.298,11.51
2026-06-10T10:36:00,PCI_7,gNB-2,100.0,588,1,99.83,165.0,199.9,99.855,99.393,0.079,58,98.192,98.892,98.416,98.14,97.112,66.95,49.42,390.63,134.43,3.93793,99.164,14.54
2026-06-10T10:36:00,PCI_8,gNB-3,100.0,572,0,100.0,154.3,203.2,99.658,99.405,0.138,47,98.227,99.011,98.892,98.48,97.785,63.69,44.15,380.55,146.14,3.95019,99.128,10.96
2026-06-10T10:36:00,PCI_9,gNB-3,99.961,575,0,100.0,161.4,207.5,99.699,99.246,0.093,57,98.614,99.041,98.883,98.266,97.752,63.68,42.86,369.46,138.92,3.81287,99.326,14.21
2026-06-10T10:36:00,PCI_10,gNB-3,99.95,574,0,100.0,153.2,211.5,99.74,99.383,0.256,54,97.876,99.154,98.547,98.317,97.732,59.75,57.49,396.17,128.61,3.93588,99.005,11.98
2026-06-10T10:37:00,PCI_1,gNB-1,99.962,589,1,99.83,145.5,168.8,99.587,99.343,0.204,48,98.242,98.973,98.478,98.14,98.281,56.98,54.48,406.12,129.43,4.0166,99.365,11.03
2026-06-10T10:37:00,PCI_2,gNB-1,99.934,573,0,100.0,165.9,192.0,99.748,99.096,0.144,56,98.053,99.279,98.739,98.425,98.546,60.26,56.08,327.79,143.67,3.53598,99.416,10.94
2026-06-10T10:37:00,PCI_3,gNB-1,99.955,619,0,100.0,168.3,214.1,99.631,99.386,0.068,55,98.277,99.25,98.142,97.997,98.17,61.99,47.78,348.55,118.39,3.5021,99.016,10.9
2026-06-10T10:37:00,PCI_4,gNB-1,100.0,566,1,99.823,169.0,236.0,99.72,99.314,0.109,55,98.21,98.885,98.069,98.6,98.047,61.97,49.2,399.09,131.65,3.98059,99.384,11.57
2026-06-10T10:37:00,PCI_5,gNB-2,99.994,569,1,99.824,152.4,191.6,99.833,99.467,0.298,50,98.266,98.871,99.086,98.007,97.986,57.31,50.14,349.62,155.98,3.79202,99.389,11.76
2026-06-10T10:37:00,PCI_6,gNB-2,99.891,578,0,100.0,161.9,200.9,99.819,99.644,0.068,56,97.914,99.13,98.781,98.358,97.797,61.79,46.59,365.32,126.23,3.68661,99.025,11.5
2026-06-10T10:37:00,PCI_7,gNB-2,99.979,567,1,99.824,169.4,209.9,99.601,99.65,0.032,60,97.968,99.088,98.618,98.25,97.898,69.8,38.56,334.69,133.44,3.51101,99.25,11.4
2026-06-10T10:37:00,PCI_8,gNB-3,99.94,579,0,100.0,167.0,215.6,99.625,99.577,0.107,62,98.223,98.565,98.35,98.31,98.343,60.41,49.06,369.86,136.65,3.79881,98.933,12.32
2026-06-10T10:37:00,PCI_9,gNB-3,99.991,586,1,99.829,139.1,191.1,99.561,99.535,0.093,48,98.108,99.184,99.381,98.359,98.53,68.28,48.23,373.03,132.95,3.79486,99.453,11.49
2026-06-10T10:37:00,PCI_10,gNB-3,100.0,566,1,99.823,157.4,195.7,99.466,99.041,0.118,56,98.434,99.05,99.371,97.889,97.723,58.85,49.35,358.68,129.84,3.66388,98.976,11.36
2026-06-10T10:38:00,PCI_1,gNB-1,99.996,619,1,99.838,158.9,191.8,99.531,99.543,0.176,54,99.044,99.744,98.629,97.97,98.204,65.74,45.97,370.87,140.99,3.83894,99.292,11.25
2026-06-10T10:38:00,PCI_2,gNB-1,99.947,568,0,100.0,158.3,221.4,99.462,99.555,0.277,56,98.401,99.579,98.286,98.607,97.439,55.06,45.08,393.44,134.19,3.95723,99.141,13.21
2026-06-10T10:38:00,PCI_3,gNB-1,100.0,604,1,99.834,162.7,191.1,99.584,99.145,0.196,51,98.715,99.259,98.863,98.679,98.538,61.01,47.53,360.52,132.05,3.69423,99.137,12.21
2026-06-10T10:38:00,PCI_4,gNB-1,99.998,582,0,100.0,170.5,220.2,99.583,99.505,0.194,55,98.068,98.679,98.432,98.645,97.952,63.55,46.0,358.71,137.24,3.71965,99.277,12.11
2026-06-10T10:38:00,PCI_5,gNB-2,99.945,572,0,100.0,154.6,186.8,99.715,99.09,0.177,48,97.954,98.985,98.771,98.239,97.254,66.89,53.85,350.49,142.57,3.69799,99.033,12.6
2026-06-10T10:38:00,PCI_6,gNB-2,99.952,565,0,100.0,155.8,205.4,99.535,99.514,0.207,58,98.796,98.999,98.765,98.246,97.686,57.31,56.36,349.86,136.6,3.64842,99.562,12.88
2026-06-10T10:38:00,PCI_7,gNB-2,99.982,587,1,99.83,150.7,200.6,99.519,99.549,0.205,50,98.514,99.218,98.332,98.25,98.14,65.01,52.28,337.04,131.58,3.51464,99.047,12.92
2026-06-10T10:38:00,PCI_8,gNB-3,99.991,580,0,100.0,175.9,223.4,99.74,99.406,0.292,59,97.957,98.944,98.409,97.589,97.605,60.57,47.68,381.7,137.05,3.89064,99.343,10.82
2026-06-10T10:38:00,PCI_9,gNB-3,99.952,605,0,100.0,156.4,196.1,99.686,99.397,0.176,51,97.949,98.838,98.563,98.26,97.79,58.34,50.24,384.29,129.78,3.85546,99.088,12.63
2026-06-10T10:38:00,PCI_10,gNB-3,99.943,588,1,99.83,142.5,181.2,99.651,99.57,0.133,49,98.509,99.022,98.646,98.031,98.198,62.42,57.31,352.36,129.12,3.61108,99.177,9.67
2026-06-10T10:39:00,PCI_1,gNB-1,99.961,553,1,99.819,160.0,204.2,99.752,99.438,0.218,57,97.824,99.029,98.229,98.486,98.436,67.86,51.03,374.41,121.54,3.71964,99.379,12.94
2026-06-10T10:39:00,PCI_2,gNB-1,99.924,563,1,99.822,155.0,204.6,99.591,99.218,0.203,57,98.563,98.932,98.771,98.249,98.184,58.01,54.59,375.06,151.05,3.94585,98.667,11.29
2026-06-10T10:39:00,PCI_3,gNB-1,99.985,583,1,99.828,154.9,193.6,99.622,99.433,0.092,53,98.14,98.878,98.513,98.075,97.605,63.66,49.45,418.42,115.41,4.00368,99.16,12.68
2026-06-10T10:39:00,PCI_4,gNB-1,99.952,586,1,99.829,152.7,212.8,99.677,99.222,0.157,52,99.109,98.74,99.167,98.42,98.05,62.8,45.49,374.51,133.5,3.81009,99.099,10.7
2026-06-10T10:39:00,PCI_5,gNB-2,99.98,579,1,99.827,147.3,192.8,99.765,99.359,0.248,52,98.353,98.736,98.321,98.071,97.918,58.03,48.51,417.26,116.8,4.00548,99.255,12.8
2026-06-10T10:39:00,PCI_6,gNB-2,99.985,588,0,100.0,156.0,189.8,99.459,99.251,0.153,54,98.54,98.81,98.328,98.923,98.163,65.94,50.62,392.42,140.61,3.99772,99.537,12.52
2026-06-10T10:39:00,PCI_7,gNB-2,100.0,596,1,99.832,159.1,205.8,99.462,99.277,0.228,56,98.479,98.864,98.749,99.302,98.042,58.49,43.16,401.26,136.71,4.0348,98.965,14.72
2026-06-10T10:39:00,PCI_8,gNB-3,99.967,572,0,100.0,162.4,217.5,99.674,99.616,0.108,57,98.108,99.158,99.02,97.466,97.575,63.84,43.3,375.14,137.32,3.84342,99.227,13.66
2026-06-10T10:39:00,PCI_9,gNB-3,99.977,599,1,99.833,155.2,187.1,99.331,99.37,0.151,53,98.199,98.888,98.986,98.352,98.417,64.16,47.96,429.53,125.28,4.16102,98.78,11.66
2026-06-10T10:39:00,PCI_10,gNB-3,99.951,595,1,99.832,154.5,195.5,99.654,99.438,0.116,59,98.881,98.787,99.066,98.383,97.913,67.22,47.32,377.54,142.91,3.90341,99.255,10.61
2026-06-10T10:40:00,PCI_1,gNB-1,99.945,589,1,99.83,160.0,216.0,99.518,99.154,0.175,61,98.469,99.116,98.874,98.412,97.58,64.69,52.3,357.37,136.83,3.70649,99.011,11.1
2026-06-10T10:40:00,PCI_2,gNB-1,99.955,602,0,100.0,161.3,198.3,99.494,99.587,0.121,50,98.758,99.081,98.28,98.194,98.179,61.34,53.12,338.01,150.76,3.66579,99.171,11.58
2026-06-10T10:40:00,PCI_3,gNB-1,99.97,575,1,99.826,150.7,178.5,99.722,99.161,0.178,51,99.171,99.16,98.933,98.408,98.174,61.85,46.83,417.49,144.57,4.21545,99.476,11.11
2026-06-10T10:40:00,PCI_4,gNB-1,99.962,596,0,100.0,145.6,185.8,99.401,99.178,0.189,41,98.845,98.74,98.553,98.247,97.858,61.64,46.83,379.08,124.36,3.77579,99.176,12.66
2026-06-10T10:40:00,PCI_5,gNB-2,100.0,603,1,99.834,155.2,207.3,99.817,99.517,0.131,58,98.603,98.966,98.662,98.583,98.109,60.31,41.34,395.09,133.76,3.96632,99.413,13.03
2026-06-10T10:40:00,PCI_6,gNB-2,99.959,593,0,100.0,158.3,220.6,99.37,99.815,0.089,53,99.118,99.07,98.101,97.533,97.397,60.94,53.2,386.52,128.73,3.86442,99.405,10.5
2026-06-10T10:40:00,PCI_7,gNB-2,100.0,602,1,99.834,154.1,184.3,99.631,99.449,0.204,55,98.994,99.484,98.911,98.009,97.916,63.48,49.14,406.92,138.81,4.09293,99.278,12.76
2026-06-10T10:40:00,PCI_8,gNB-3,99.955,574,1,99.826,156.3,216.2,99.525,98.911,0.147,52,98.729,99.251,98.885,97.829,98.076,63.92,45.54,388.35,126.54,3.86163,98.822,13.32
2026-06-10T10:40:00,PCI_9,gNB-3,99.989,617,1,99.838,155.6,205.4,99.604,99.374,0.087,52,98.972,98.804,99.201,98.065,98.293,62.75,55.57,379.31,133.67,3.84734,99.076,13.05
2026-06-10T10:40:00,PCI_10,gNB-3,99.97,599,1,99.833,159.6,204.1,99.292,99.448,0.066,55,98.333,98.878,98.683,97.927,98.007,69.05,56.38,421.56,142.71,4.23201,99.319,15.63
2026-06-10T10:41:00,PCI_1,gNB-1,99.952,601,1,99.834,162.1,209.8,99.654,99.787,0.178,55,98.582,98.924,98.697,98.072,98.283,61.67,49.62,376.85,121.05,3.73428,99.577,15.34
2026-06-10T10:41:00,PCI_2,gNB-1,99.944,626,1,99.84,157.1,216.8,99.674,99.302,0.183,51,98.743,98.853,98.268,98.3,97.569,66.72,56.37,349.31,129.65,3.59224,98.911,10.92
2026-06-10T10:41:00,PCI_3,gNB-1,100.0,586,0,100.0,166.6,207.2,99.541,99.854,0.081,58,98.34,98.364,98.111,98.841,97.985,69.34,50.44,399.6,142.58,4.06637,99.082,14.82
2026-06-10T10:41:00,PCI_4,gNB-1,99.942,583,1,99.828,151.2,186.5,99.464,99.42,0.114,51,98.796,99.057,99.06,98.314,98.415,58.73,47.26,291.74,143.51,3.26436,99.468,10.69
2026-06-10T10:41:00,PCI_5,gNB-2,99.957,586,0,100.0,171.0,238.7,99.644,99.468,0.136,55,98.044,98.82,98.671,98.665,97.761,64.57,57.99,425.16,141.91,4.25308,99.448,9.09
2026-06-10T10:41:00,PCI_6,gNB-2,99.938,591,1,99.831,166.7,196.3,99.687,99.197,0.119,55,98.839,99.106,99.097,98.358,97.638,62.43,46.14,341.2,120.5,3.4628,99.441,12.23
2026-06-10T10:41:00,PCI_7,gNB-2,99.965,578,1,99.827,158.8,208.4,99.514,99.557,0.123,61,98.233,98.3,98.433,98.466,98.109,65.56,53.2,421.64,129.28,4.13185,99.489,13.02
2026-06-10T10:41:00,PCI_8,gNB-3,99.938,611,1,99.836,147.9,196.8,99.734,99.158,0.101,51,98.453,99.266,99.071,97.91,97.06,59.59,51.68,386.42,144.92,3.98505,99.539,14.53
2026-06-10T10:41:00,PCI_9,gNB-3,99.959,608,0,100.0,174.1,221.4,99.697,99.568,0.197,60,98.115,99.243,98.898,98.506,97.929,67.05,47.88,345.77,142.87,3.66482,99.155,11.81
2026-06-10T10:41:00,PCI_10,gNB-3,99.926,611,0,100.0,157.1,188.0,99.48,99.386,0.049,54,98.419,98.705,98.592,98.038,98.044,69.25,57.5,352.23,132.67,3.63676,99.351,12.19
2026-06-10T10:42:00,PCI_1,gNB-1,99.93,578,1,99.827,151.9,208.6,99.594,99.229,0.262,52,99.014,98.918,98.772,98.189,97.915,58.97,44.98,353.89,139.5,3.7004,99.404,13.95
2026-06-10T10:42:00,PCI_2,gNB-1,99.981,610,0,100.0,152.9,208.0,99.581,99.441,0.007,48,98.681,99.128,98.409,98.271,98.313,63.11,48.88,334.67,124.69,3.44521,99.307,12.71
2026-06-10T10:42:00,PCI_3,gNB-1,99.936,572,1,99.825,139.3,184.4,99.527,99.333,0.246,52,98.591,99.011,98.785,98.239,98.375,56.43,53.29,386.35,131.32,3.88253,98.802,13.12
2026-06-10T10:42:00,PCI_4,gNB-1,99.984,570,0,100.0,158.6,192.4,99.481,99.378,0.267,55,98.208,98.783,98.497,98.727,98.162,68.62,51.64,419.25,119.09,4.03758,98.792,12.94
2026-06-10T10:42:00,PCI_5,gNB-2,99.992,571,1,99.825,156.5,200.8,99.466,99.175,0.105,52,98.519,98.969,98.933,98.111,97.845,59.33,58.41,357.53,138.37,3.71925,99.325,11.11
2026-06-10T10:42:00,PCI_6,gNB-2,99.95,594,0,100.0,148.1,187.1,99.516,99.186,0.084,53,98.25,98.717,98.722,98.689,97.613,58.1,55.37,324.86,130.86,3.41791,99.51,12.42
2026-06-10T10:42:00,PCI_7,gNB-2,99.984,588,0,100.0,154.5,197.5,99.517,99.479,0.166,51,98.455,99.035,99.059,98.277,97.703,63.21,58.13,409.94,144.69,4.15969,98.851,15.61
2026-06-10T10:42:00,PCI_8,gNB-3,99.951,593,1,99.831,164.9,203.9,99.747,99.121,0.268,58,98.296,98.744,98.618,98.754,97.988,63.35,46.83,416.8,131.38,4.11137,99.028,13.18
2026-06-10T10:42:00,PCI_9,gNB-3,99.955,585,0,100.0,147.5,176.6,99.473,99.497,0.178,53,98.687,99.262,98.645,98.185,98.361,58.32,46.3,345.63,127.14,3.54572,99.501,14.68
2026-06-10T10:42:00,PCI_10,gNB-3,99.955,566,0,100.0,162.0,225.2,99.563,99.583,0.204,52,98.838,99.32,98.865,98.268,98.419,65.22,50.83,389.35,145.47,4.01121,98.956,12.37
2026-06-10T10:43:00,PCI_1,gNB-1,99.927,594,1,99.832,158.2,217.1,99.581,99.655,0.227,55,98.527,98.92,98.445,98.43,98.343,55.56,46.3,406.6,145.3,4.13928,98.967,11.01
2026-06-10T10:43:00,PCI_2,gNB-1,99.97,606,1,99.835,160.1,196.7,99.708,99.306,0.245,55,98.744,99.128,98.736,98.204,98.597,68.2,46.33,421.21,123.73,4.08703,99.339,13.74
2026-06-10T10:43:00,PCI_3,gNB-1,99.979,575,1,99.826,168.3,206.1,99.601,99.441,0.104,55,98.119,98.896,99.007,98.262,97.9,69.99,55.83,400.75,137.57,4.03738,99.342,14.2
2026-06-10T10:43:00,PCI_4,gNB-1,99.993,605,1,99.835,169.2,236.2,99.44,99.697,0.242,56,98.181,99.262,98.628,98.324,98.474,65.42,50.68,412.07,120.83,3.99673,99.045,17.24
2026-06-10T10:43:00,PCI_5,gNB-2,99.915,614,1,99.837,177.1,214.6,99.689,99.467,0.087,63,97.582,99.198,98.693,98.103,97.487,57.81,45.66,352.83,133.82,3.64985,98.819,11.58
2026-06-10T10:43:00,PCI_6,gNB-2,99.994,620,0,100.0,139.9,172.6,99.997,99.451,0.183,50,99.067,99.543,98.782,97.696,97.961,56.35,44.43,404.38,132.41,4.02592,99.1,13.45
2026-06-10T10:43:00,PCI_7,gNB-2,99.943,577,0,100.0,154.2,196.4,99.556,99.367,0.127,57,98.76,99.003,99.054,97.887,98.153,57.68,39.11,338.22,140.68,3.5918,99.165,12.85
2026-06-10T10:43:00,PCI_8,gNB-3,99.978,579,1,99.827,160.0,190.9,99.595,99.382,0.133,56,98.698,98.783,98.847,98.627,97.515,59.98,48.78,352.52,130.1,3.61966,99.04,15.12
2026-06-10T10:43:00,PCI_9,gNB-3,99.965,613,1,99.837,161.1,190.8,99.565,99.934,0.237,56,97.869,98.886,98.986,98.395,97.897,66.45,51.45,360.56,135.69,3.72187,99.387,13.85
2026-06-10T10:43:00,PCI_10,gNB-3,99.944,581,1,99.828,166.0,191.3,99.772,99.329,0.147,57,98.62,98.725,99.088,98.217,98.496,69.01,44.83,385.93,138.79,3.93535,99.192,13.59
2026-06-10T10:44:00,PCI_1,gNB-1,100.0,607,1,99.835,160.0,218.9,99.721,99.113,0.251,59,98.101,98.626,98.829,98.689,98.085,64.47,51.1,423.33,138.84,4.21634,98.893,14.82
2026-06-10T10:44:00,PCI_2,gNB-1,100.0,592,1,99.831,173.6,207.4,99.57,99.652,0.127,60,97.979,98.911,99.519,97.816,97.538,67.31,47.37,404.37,148.25,4.14464,99.118,11.88
2026-06-10T10:44:00,PCI_3,gNB-1,99.945,601,0,100.0,160.4,205.5,99.507,99.177,0.079,53,98.992,99.234,98.739,98.27,97.951,68.41,50.43,338.18,133.44,3.53718,98.738,11.99
2026-06-10T10:44:00,PCI_4,gNB-1,99.96,565,1,99.823,161.6,197.3,99.669,99.218,0.083,56,98.786,99.241,98.718,98.005,98.23,64.52,48.15,353.38,130.08,3.62597,99.488,14.68
2026-06-10T10:44:00,PCI_5,gNB-2,99.926,595,1,99.832,150.5,193.4,99.564,99.468,0.031,53,98.045,99.221,98.668,98.144,98.295,63.35,46.55,403.05,132.07,4.01343,99.268,14.68
2026-06-10T10:44:00,PCI_6,gNB-2,99.958,602,1,99.834,179.3,249.4,99.719,99.842,0.175,62,98.389,98.566,99.096,97.911,97.339,66.38,54.5,401.93,141.06,4.07238,98.952,12.57
2026-06-10T10:44:00,PCI_7,gNB-2,99.963,578,0,100.0,153.0,205.2,99.815,99.373,0.136,55,98.113,99.075,99.043,98.47,97.72,66.61,48.58,399.93,126.17,3.94575,98.91,15.02
2026-06-10T10:44:00,PCI_8,gNB-3,100.0,589,1,99.83,157.2,220.0,99.67,99.386,0.014,57,98.615,99.282,98.554,98.449,97.773,57.2,42.47,397.59,131.16,3.96559,99.161,10.17
2026-06-10T10:44:00,PCI_9,gNB-3,99.953,582,0,100.0,150.3,207.7,99.735,99.475,0.18,50,98.731,98.972,98.995,98.034,97.748,59.47,47.51,357.33,137.98,3.71481,99.066,10.24
2026-06-10T10:44:00,PCI_10,gNB-3,100.0,580,0,100.0,162.3,207.4,99.582,99.679,0.035,58,98.553,98.728,99.065,97.913,98.03,65.35,48.69,361.29,141.12,3.76808,99.472,11.83
2026-06-10T10:45:00,PCI_1,gNB-1,99.991,597,0,100.0,168.1,221.4,99.523,99.465,0.171,56,98.314,99.147,98.909,98.816,97.967,63.92,47.2,430.78,136.52,4.25479,99.308,14.65
2026-06-10T10:45:00,PCI_2,gNB-1,99.97,582,0,100.0,171.3,235.2,99.521,99.349,0.224,56,98.446,99.277,99.007,97.979,97.951,64.82,51.5,375.4,130.01,3.79056,99.125,12.93
2026-06-10T10:45:00,PCI_3,gNB-1,99.984,618,1,99.838,168.1,224.2,99.55,99.568,0.109,61,98.694,98.869,98.947,98.164,98.28,59.32,51.37,415.06,130.25,4.08978,98.705,11.52
2026-06-10T10:45:00,PCI_4,gNB-1,99.928,592,1,99.831,157.7,194.0,99.293,99.302,0.136,53,98.343,99.314,98.257,98.117,98.379,63.87,44.81,391.46,114.51,3.79473,99.061,13.49
2026-06-10T10:45:00,PCI_5,gNB-2,99.972,603,1,99.834,161.6,205.7,99.711,99.418,0.028,51,98.361,99.001,98.872,97.993,97.819,65.28,44.3,378.18,142.05,3.90175,99.093,12.96
2026-06-10T10:45:00,PCI_6,gNB-2,99.956,600,0,100.0,160.6,216.8,99.547,99.507,0.085,60,97.721,99.13,99.199,98.325,98.214,64.86,61.56,405.31,146.76,4.14048,99.058,12.85
2026-06-10T10:45:00,PCI_7,gNB-2,99.999,588,1,99.83,163.2,212.4,99.721,99.423,0.197,55,98.627,99.622,98.981,98.49,98.313,68.67,56.15,369.56,131.89,3.76088,99.281,15.06
2026-06-10T10:45:00,PCI_8,gNB-3,99.989,588,0,100.0,166.9,214.9,99.513,99.041,0.05,55,99.013,99.052,99.023,98.385,97.95,69.88,50.2,403.13,137.3,4.05322,99.043,12.04
2026-06-10T10:45:00,PCI_9,gNB-3,99.915,588,0,100.0,159.6,207.9,99.612,99.384,0.184,55,98.311,98.848,98.768,98.362,98.419,64.9,53.99,405.35,133.79,4.04355,99.476,11.94
2026-06-10T10:45:00,PCI_10,gNB-3,99.943,549,1,99.818,171.1,235.4,98.925,99.677,0.245,57,98.623,99.344,98.491,98.09,98.104,66.78,50.35,392.24,137.67,3.97432,99.313,13.38
2026-06-10T10:46:00,PCI_1,gNB-1,100.0,567,1,99.824,156.4,209.1,99.804,99.256,0.214,52,98.581,99.075,98.798,98.242,97.903,63.35,61.7,416.87,129.03,4.0943,99.156,10.96
2026-06-10T10:46:00,PCI_2,gNB-1,99.979,608,1,99.836,153.7,214.5,99.537,99.305,0.125,53,98.136,99.047,98.676,98.488,97.524,66.55,54.84,391.51,128.45,3.89968,98.988,12.57
2026-06-10T10:46:00,PCI_3,gNB-1,99.938,602,0,100.0,149.3,201.4,99.591,99.287,0.176,55,98.139,99.119,98.442,98.013,97.891,70.99,52.91,376.97,144.26,3.90922,99.215,13.4
2026-06-10T10:46:00,PCI_4,gNB-1,100.0,580,1,99.828,169.8,226.6,99.805,99.115,0.146,59,98.134,98.483,98.523,98.766,98.481,58.18,50.65,376.21,143.95,3.90117,99.281,11.35
2026-06-10T10:46:00,PCI_5,gNB-2,99.996,607,1,99.835,172.1,228.6,99.783,99.162,0.161,58,98.443,98.942,98.818,97.99,98.354,61.8,52.24,380.03,137.41,3.8808,99.385,12.18
2026-06-10T10:46:00,PCI_6,gNB-2,99.949,589,1,99.83,161.7,198.4,99.257,99.23,0.101,55,98.876,98.744,98.873,99.087,97.669,65.27,53.58,383.65,136.42,3.90054,99.367,16.41
2026-06-10T10:46:00,PCI_7,gNB-2,99.94,603,1,99.834,179.7,216.9,99.894,99.515,0.178,63,98.392,98.806,98.81,98.534,98.114,57.42,52.83,452.35,134.64,4.40241,98.936,14.73
2026-06-10T10:46:00,PCI_8,gNB-3,99.967,597,0,100.0,158.5,194.7,99.644,99.171,0.177,56,98.164,99.183,98.322,98.371,97.744,58.78,48.67,387.04,140.91,3.95967,99.353,11.46
2026-06-10T10:46:00,PCI_9,gNB-3,99.983,556,1,99.82,162.7,218.0,99.557,99.018,0.171,57,98.473,99.256,98.654,98.14,98.395,62.66,47.24,328.15,131.47,3.4471,99.093,11.1
2026-06-10T10:46:00,PCI_10,gNB-3,99.955,570,1,99.825,163.0,226.3,99.596,99.341,0.22,61,98.571,98.783,98.845,97.952,98.447,64.61,47.01,429.33,123.78,4.14831,99.458,12.23
2026-06-10T10:47:00,PCI_1,gNB-1,99.985,574,0,100.0,165.0,212.2,99.755,99.39,0.173,63,97.995,99.028,98.567,98.499,97.937,61.6,47.54,378.43,123.89,3.76736,99.355,8.56
2026-06-10T10:47:00,PCI_2,gNB-1,99.969,604,0,100.0,160.5,193.2,99.71,99.556,0.119,57,98.464,98.871,99.017,97.89,97.9,58.54,43.34,414.72,140.79,4.16628,99.267,10.98
2026-06-10T10:47:00,PCI_3,gNB-1,99.987,607,1,99.835,168.6,200.6,99.868,99.209,0.278,59,98.606,99.21,99.385,98.598,98.647,64.02,53.62,406.32,124.86,3.98388,99.259,13.09
2026-06-10T10:47:00,PCI_4,gNB-1,99.973,621,0,100.0,165.6,227.1,99.612,99.128,0.135,55,98.093,99.252,98.42,97.991,97.421,68.36,56.45,394.0,132.94,3.95208,99.328,13.55
2026-06-10T10:47:00,PCI_5,gNB-2,99.947,601,0,100.0,164.4,190.4,99.568,99.377,0.052,58,98.685,98.457,98.239,98.728,97.473,66.6,54.25,430.39,132.96,4.22508,99.007,11.68
2026-06-10T10:47:00,PCI_6,gNB-2,99.952,572,0,100.0,158.8,219.5,99.707,99.54,0.151,50,98.662,98.92,98.129,98.128,97.711,63.61,52.02,423.8,129.8,4.15201,99.227,11.14
2026-06-10T10:47:00,PCI_7,gNB-2,99.959,577,0,100.0,167.3,229.8,99.802,99.379,0.208,57,98.479,99.416,98.41,98.491,97.415,62.68,54.28,438.01,142.01,4.35017,99.244,12.33
2026-06-10T10:47:00,PCI_8,gNB-3,99.996,598,1,99.833,173.2,207.0,99.463,99.611,0.194,59,98.435,99.131,98.614,98.084,98.041,66.56,47.02,372.94,139.87,3.84611,98.754,12.33
2026-06-10T10:47:00,PCI_9,gNB-3,99.936,584,1,99.829,182.0,242.7,99.456,99.851,0.204,66,98.606,98.806,98.662,98.233,98.623,68.66,49.61,390.58,140.1,3.98014,99.517,14.12
2026-06-10T10:47:00,PCI_10,gNB-3,99.95,615,0,100.0,159.5,222.8,99.543,99.545,0.153,58,98.798,98.946,98.537,98.689,98.243,67.84,55.73,376.96,130.07,3.80274,99.249,12.01
2026-06-10T10:48:00,PCI_1,gNB-1,99.951,585,1,99.829,161.2,206.2,99.687,99.646,0.171,57,98.643,99.04,98.81,98.13,98.044,58.75,55.21,390.25,139.61,3.97388,98.855,11.35
2026-06-10T10:48:00,PCI_2,gNB-1,99.968,568,1,99.824,168.5,193.9,99.757,99.036,0.077,62,98.713,98.966,98.824,98.329,97.834,61.75,46.99,383.8,133.97,3.88329,99.412,10.33
2026-06-10T10:48:00,PCI_3,gNB-1,99.958,592,1,99.831,160.9,218.0,99.859,98.968,0.217,51,98.152,98.753,98.29,98.622,98.545,56.7,53.17,394.38,131.75,3.94596,99.087,12.37
2026-06-10T10:48:00,PCI_4,gNB-1,99.94,583,0,100.0,164.3,194.5,99.424,99.528,0.052,55,98.124,98.513,98.72,98.034,98.414,62.52,54.11,361.91,130.3,3.69158,99.303,11.95
2026-06-10T10:48:00,PCI_5,gNB-2,99.971,598,1,99.833,166.5,219.0,99.948,99.539,0.112,58,98.128,98.907,99.123,98.433,97.58,60.9,44.84,440.58,131.84,4.29312,98.885,15.03
2026-06-10T10:48:00,PCI_6,gNB-2,99.947,583,0,100.0,154.3,207.3,99.564,99.471,0.084,52,98.601,99.299,99.282,98.635,97.554,62.38,53.38,361.66,125.09,3.65061,98.782,12.62
2026-06-10T10:48:00,PCI_7,gNB-2,99.981,592,0,100.0,166.1,199.9,99.406,99.163,0.054,59,98.698,98.805,98.444,98.895,98.261,69.44,52.86,387.01,137.25,3.93192,99.577,15.99
2026-06-10T10:48:00,PCI_8,gNB-3,99.983,600,0,100.0,169.7,234.2,99.506,99.261,0.259,58,98.405,98.911,98.335,98.45,97.983,65.68,56.57,380.62,136.65,3.87951,99.027,14.14
2026-06-10T10:48:00,PCI_9,gNB-3,99.993,615,1,99.837,153.3,190.2,99.413,99.192,0.012,58,98.346,99.146,98.506,98.803,97.562,63.78,46.4,378.42,146.91,3.93994,99.27,13.25
2026-06-10T10:48:00,PCI_10,gNB-3,99.978,591,0,100.0,154.7,209.3,99.777,99.398,0.115,54,98.28,99.212,98.93,98.06,98.589,58.97,52.66,377.38,142.41,3.89843,99.413,12.89
2026-06-10T10:49:00,PCI_1,gNB-1,99.967,579,0,100.0,164.2,216.0,99.519,99.522,0.225,52,98.606,99.474,98.673,98.289,98.005,66.04,41.13,397.82,133.08,3.98173,99.354,11.89
2026-06-10T10:49:00,PCI_2,gNB-1,99.978,605,0,100.0,163.0,199.5,99.447,99.385,0.176,62,98.244,99.032,98.543,98.474,97.715,67.39,46.81,428.44,136.76,4.23902,99.141,12.96
2026-06-10T10:49:00,PCI_3,gNB-1,99.941,606,0,100.0,164.7,227.6,99.393,99.299,0.082,60,98.163,98.878,98.777,98.742,97.457,63.59,54.86,346.75,141.94,3.66519,98.66,12.66
2026-06-10T10:49:00,PCI_4,gNB-1,99.975,594,0,100.0,176.5,228.3,99.841,99.734,0.048,61,98.678,99.377,98.918,98.182,97.837,67.03,48.06,393.57,136.64,3.97661,98.998,16.27
2026-06-10T10:49:00,PCI_5,gNB-2,99.969,633,1,99.842,172.8,199.9,99.519,99.418,0.142,56,99.172,99.592,98.883,98.356,97.91,59.98,52.77,386.01,140.94,3.95213,99.442,16.04
2026-06-10T10:49:00,PCI_6,gNB-2,100.0,604,1,99.834,167.0,195.3,99.843,99.507,0.06,58,98.859,99.166,98.521,98.493,98.12,61.7,52.45,357.91,133.15,3.68294,98.888,14.23
2026-06-10T10:49:00,PCI_7,gNB-2,99.979,594,1,99.832,176.0,238.7,99.591,99.51,0.191,60,97.91,98.823,99.005,98.117,98.067,63.34,54.66,369.94,138.77,3.81532,99.257,11.22
2026-06-10T10:49:00,PCI_8,gNB-3,99.948,615,0,100.0,158.7,193.9,99.399,99.171,0.004,56,98.5,98.986,99.442,98.31,98.26,58.81,49.56,370.15,137.26,3.80556,98.923,11.74
2026-06-10T10:49:00,PCI_9,gNB-3,99.962,604,0,100.0,165.4,206.6,99.612,99.629,0.154,58,98.562,99.219,98.832,98.307,98.237,60.9,54.26,356.58,146.62,3.77403,99.046,12.44
2026-06-10T10:49:00,PCI_10,gNB-3,99.988,608,0,100.0,160.5,196.0,99.65,99.164,0.235,61,98.236,98.889,98.33,98.106,97.919,72.41,45.72,432.43,135.79,4.26161,99.102,12.05
2026-06-10T10:50:00,PCI_1,gNB-1,99.963,596,1,99.832,163.2,208.1,99.637,99.338,0.093,58,98.533,99.003,98.109,98.269,97.723,59.96,49.16,363.75,120.64,3.63297,98.886,14.1
2026-06-10T10:50:00,PCI_2,gNB-1,99.988,589,0,100.0,148.6,197.3,99.756,99.364,0.17,49,98.342,98.921,98.525,98.441,97.581,66.18,47.16,390.01,146.09,4.02069,99.623,10.58
2026-06-10T10:50:00,PCI_3,gNB-1,100.0,623,1,99.839,175.4,216.5,99.597,99.843,0.2,64,98.444,98.943,98.962,98.316,98.571,61.12,47.58,398.25,124.72,3.92224,99.347,14.92
2026-06-10T10:50:00,PCI_4,gNB-1,99.971,584,0,100.0,171.2,219.4,99.665,99.069,0.142,61,98.301,99.113,98.722,98.205,97.662,63.4,52.47,381.51,141.64,3.92359,99.317,11.1
2026-06-10T10:50:00,PCI_5,gNB-2,99.99,618,1,99.838,162.3,195.5,99.617,99.44,0.229,56,98.504,99.084,99.103,98.586,98.665,62.26,55.29,393.69,148.5,4.06642,99.083,13.93
2026-06-10T10:50:00,PCI_6,gNB-2,99.949,589,0,100.0,163.1,224.3,99.497,99.124,0.177,57,98.542,98.971,98.796,98.104,97.677,65.78,52.54,400.64,139.68,4.05241,98.901,11.11
2026-06-10T10:50:00,PCI_7,gNB-2,100.0,629,0,100.0,156.0,187.0,99.71,99.309,0.197,55,98.502,99.07,99.049,98.499,97.405,61.86,56.58,441.89,127.96,4.27388,99.484,10.66
2026-06-10T10:50:00,PCI_8,gNB-3,99.969,599,0,100.0,169.6,223.5,99.458,99.158,0.025,49,98.187,99.022,98.594,98.452,97.842,66.79,52.93,377.59,127.01,3.78453,98.728,13.81
2026-06-10T10:50:00,PCI_9,gNB-3,99.978,575,0,100.0,161.8,219.8,99.755,99.359,0.197,52,98.363,98.898,98.297,98.664,97.868,69.38,44.85,410.97,142.9,4.154,98.939,13.29
2026-06-10T10:50:00,PCI_10,gNB-3,99.914,612,1,99.837,157.6,208.8,99.626,99.279,0.149,48,98.419,98.561,98.745,98.695,98.114,63.1,54.77,336.96,132.32,3.51965,99.461,12.07
2026-06-10T10:51:00,PCI_1,gNB-1,99.997,589,1,99.83,169.6,196.1,99.741,99.426,0.167,62,97.961,99.687,98.822,98.98,98.075,69.71,53.63,400.81,138.07,4.0416,99.164,15.12
2026-06-10T10:51:00,PCI_2,gNB-1,99.99,630,1,99.841,150.8,198.9,99.853,99.182,0.079,50,98.47,99.273,98.683,98.398,97.452,56.97,52.58,397.74,131.54,3.9696,99.265,13.09
2026-06-10T10:51:00,PCI_3,gNB-1,99.997,596,1,99.832,179.5,223.1,99.543,99.294,0.205,60,98.106,98.815,98.274,98.385,98.656,67.07,53.6,400.82,134.33,4.01356,98.815,11.32
2026-06-10T10:51:00,PCI_4,gNB-1,99.976,583,0,100.0,156.4,193.0,99.471,99.161,0.118,54,98.422,99.105,98.743,98.694,97.86,60.8,48.63,386.28,146.15,3.99324,99.244,12.28
2026-06-10T10:51:00,PCI_5,gNB-2,99.938,586,1,99.829,160.0,202.7,99.69,99.232,0.105,52,98.59,98.73,99.321,97.996,98.302,66.55,54.84,393.3,128.88,3.91639,99.743,13.18
2026-06-10T10:51:00,PCI_6,gNB-2,99.962,623,0,100.0,159.9,215.9,99.614,99.526,0.149,59,98.636,98.915,98.712,98.625,98.004,61.71,51.99,403.63,140.86,4.08363,98.877,11.22
2026-06-10T10:51:00,PCI_7,gNB-2,99.887,616,0,100.0,177.7,248.2,99.722,99.441,0.141,59,98.567,98.73,98.968,97.809,98.42,63.71,48.52,392.88,138.08,3.9822,99.219,10.97
2026-06-10T10:51:00,PCI_8,gNB-3,99.997,618,1,99.838,171.1,201.8,99.546,99.21,0.16,62,98.158,99.123,98.856,97.685,97.969,64.42,50.19,401.46,146.74,4.11149,99.385,14.62
2026-06-10T10:51:00,PCI_9,gNB-3,99.97,602,1,99.834,155.8,217.9,99.512,99.462,0.14,54,98.749,99.229,98.632,98.268,97.485,68.76,50.63,323.84,136.92,3.45573,99.152,13.93
2026-06-10T10:51:00,PCI_10,gNB-3,99.932,611,1,99.836,172.0,205.8,99.578,99.44,0.128,62,98.616,99.062,98.759,98.443,98.205,60.68,51.23,382.5,134.31,3.8761,99.22,12.87
2026-06-10T10:52:00,PCI_1,gNB-1,100.0,602,0,100.0,170.9,227.5,99.513,99.473,0.059,60,98.953,99.11,98.426,98.403,97.388,64.11,43.53,376.57,122.02,3.73946,99.019,12.21
2026-06-10T10:52:00,PCI_2,gNB-1,100.0,611,1,99.836,175.9,241.2,99.697,99.206,0.151,60,98.204,99.244,98.506,98.402,97.89,68.21,53.19,351.52,139.87,3.68547,99.859,13.93
2026-06-10T10:52:00,PCI_3,gNB-1,99.965,614,1,99.837,161.5,202.9,99.537,99.13,0.082,59,98.305,98.827,99.081,98.465,97.832,61.92,50.63,392.47,145.63,4.03571,99.296,11.55
2026-06-10T10:52:00,PCI_4,gNB-1,99.994,586,1,99.829,179.0,242.3,99.529,99.567,0.166,61,98.282,98.797,98.913,98.269,98.115,67.19,45.74,347.6,140.59,3.66143,99.437,12.87
2026-06-10T10:52:00,PCI_5,gNB-2,99.987,583,1,99.828,161.7,187.7,99.672,98.877,0.115,59,98.392,98.721,98.789,97.902,98.289,61.54,56.75,398.22,127.45,3.94252,99.161,12.64
2026-06-10T10:52:00,PCI_6,gNB-2,99.979,584,1,99.829,158.1,221.1,99.565,99.242,0.152,59,98.454,99.408,99.297,98.887,98.074,69.81,56.67,421.84,137.13,4.19233,99.526,14.35
2026-06-10T10:52:00,PCI_7,gNB-2,99.968,592,0,100.0,169.4,219.5,99.431,99.643,0.134,61,98.41,98.68,98.497,97.616,98.18,58.87,59.87,369.58,138.61,3.81146,98.942,10.63
2026-06-10T10:52:00,PCI_8,gNB-3,99.953,595,1,99.832,163.6,212.7,99.6,99.221,0.115,54,98.208,98.58,98.763,98.298,97.97,63.09,57.77,372.08,133.09,3.78879,99.605,13.3
2026-06-10T10:52:00,PCI_9,gNB-3,99.97,593,1,99.831,163.3,193.2,99.821,99.123,0.157,59,98.703,98.936,98.472,98.406,98.229,64.05,49.82,423.49,135.19,4.19005,99.173,14.91
2026-06-10T10:52:00,PCI_10,gNB-3,99.975,606,0,100.0,178.1,232.8,99.812,99.559,0.155,65,98.329,99.487,98.476,98.406,98.332,65.87,56.39,426.72,128.27,4.16244,99.124,13.67
2026-06-10T10:53:00,PCI_1,gNB-1,99.916,604,0,100.0,159.9,200.1,99.779,99.463,0.25,49,98.159,98.68,98.78,98.78,97.508,64.26,56.94,364.53,155.26,3.89843,98.907,11.58
2026-06-10T10:53:00,PCI_2,gNB-1,99.945,615,1,99.837,166.7,202.2,99.507,99.306,0.12,59,98.272,98.787,98.347,98.604,98.475,66.74,45.18,391.88,141.49,4.00031,99.436,12.8
2026-06-10T10:53:00,PCI_3,gNB-1,99.911,638,0,100.0,160.0,210.6,99.771,99.329,0.187,56,98.437,98.92,98.789,97.413,97.953,59.71,47.13,399.76,134.43,4.00641,99.121,12.71
2026-06-10T10:53:00,PCI_4,gNB-1,99.981,582,1,99.828,157.9,217.9,99.672,99.334,0.14,49,98.13,99.048,98.741,98.607,98.23,62.58,51.83,374.03,142.29,3.87234,99.01,13.52
2026-06-10T10:53:00,PCI_5,gNB-2,100.0,627,0,100.0,166.0,230.4,99.741,99.351,0.103,54,98.259,98.914,98.594,98.711,97.901,64.61,43.41,375.28,153.07,3.96266,99.623,9.49
2026-06-10T10:53:00,PCI_6,gNB-2,99.916,603,1,99.834,170.8,199.4,99.706,99.486,0.257,59,98.671,99.634,98.734,97.838,98.512,65.24,46.92,434.07,146.3,4.35274,99.168,13.27
2026-06-10T10:53:00,PCI_7,gNB-2,99.974,609,1,99.836,156.2,213.6,99.629,99.032,0.101,57,98.42,99.014,98.629,97.924,98.445,57.52,50.14,355.19,135.32,3.67879,99.18,12.49
2026-06-10T10:53:00,PCI_8,gNB-3,99.945,617,1,99.838,166.2,209.9,99.834,99.574,0.052,55,98.744,99.281,98.556,98.198,98.239,68.89,49.56,364.5,123.53,3.6602,99.013,10.4
2026-06-10T10:53:00,PCI_9,gNB-3,100.0,623,1,99.839,161.8,215.8,99.375,99.486,0.106,57,98.836,98.7,98.87,98.244,97.886,57.9,50.93,386.82,137.53,3.93267,99.133,11.11
2026-06-10T10:53:00,PCI_10,gNB-3,99.982,603,0,100.0,163.2,199.9,99.776,99.616,0.117,57,98.618,98.636,98.526,97.667,98.306,56.69,50.46,356.15,136.08,3.69176,99.118,11.99
2026-06-10T10:54:00,PCI_1,gNB-1,99.948,602,0,100.0,168.3,198.3,99.539,99.392,0.2,62,98.413,99.055,98.668,98.367,97.619,62.0,54.54,421.77,139.43,4.209,99.114,13.49
2026-06-10T10:54:00,PCI_2,gNB-1,100.0,633,0,100.0,168.2,212.9,99.535,99.204,0.109,59,98.81,98.978,98.819,98.503,98.086,67.03,53.55,407.65,131.09,4.04055,99.04,11.77
2026-06-10T10:54:00,PCI_3,gNB-1,99.976,605,1,99.835,175.6,203.1,99.54,99.611,0.085,58,98.242,99.319,98.685,98.635,97.597,57.61,52.57,383.79,122.43,3.79664,99.244,15.83
2026-06-10T10:54:00,PCI_4,gNB-1,99.991,588,1,99.83,160.2,198.9,99.442,99.172,0.114,54,98.521,99.105,98.809,98.287,97.672,65.1,52.31,475.04,134.72,4.57321,99.267,13.85
2026-06-10T10:54:00,PCI_5,gNB-2,99.92,578,1,99.827,154.7,191.0,99.367,99.007,0.081,59,98.77,99.239,98.503,98.386,97.652,63.82,55.9,417.85,136.57,4.15809,98.972,12.08
2026-06-10T10:54:00,PCI_6,gNB-2,100.0,583,1,99.828,169.7,231.0,99.842,99.376,0.195,53,98.653,99.597,98.894,98.746,98.279,68.21,56.2,362.98,134.11,3.72822,99.543,11.85
2026-06-10T10:54:00,PCI_7,gNB-2,99.967,598,1,99.833,160.5,208.5,99.647,98.968,0.067,52,98.647,99.083,98.14,98.449,98.399,65.27,53.96,485.18,137.41,4.66944,99.095,13.65
2026-06-10T10:54:00,PCI_8,gNB-3,99.99,591,0,100.0,157.3,195.5,99.42,99.752,0.102,50,98.403,99.404,98.737,98.777,98.291,66.11,49.09,413.48,138.8,4.14212,99.067,12.73
2026-06-10T10:54:00,PCI_9,gNB-3,99.943,613,0,100.0,184.7,244.1,99.721,99.546,0.188,64,98.313,98.884,98.422,98.513,97.54,64.4,48.25,372.14,143.39,3.86653,99.243,14.31
2026-06-10T10:54:00,PCI_10,gNB-3,99.946,601,0,100.0,172.2,226.7,99.8,99.147,0.138,58,99.002,98.616,98.424,98.607,97.671,57.6,57.31,411.81,133.01,4.0862,98.952,12.55
2026-06-10T10:55:00,PCI_1,gNB-1,99.978,600,1,99.833,160.6,210.4,99.489,99.546,0.138,59,98.115,98.832,98.61,98.316,97.831,73.11,49.37,383.5,127.12,3.82968,99.089,16.14
2026-06-10T10:55:00,PCI_2,gNB-1,99.938,596,0,100.0,164.2,217.1,99.418,99.273,0.25,57,98.555,99.105,98.973,98.11,97.616,64.27,55.41,383.42,146.4,3.97368,98.783,11.84
2026-06-10T10:55:00,PCI_3,gNB-1,99.974,580,1,99.828,166.2,200.6,99.674,99.175,0.241,59,99.103,99.193,98.633,98.436,97.916,60.59,50.18,419.47,129.87,4.12009,99.446,14.81
2026-06-10T10:55:00,PCI_4,gNB-1,99.961,605,0,100.0,162.9,189.9,99.687,99.38,0.113,54,98.449,98.71,98.653,98.347,97.869,66.79,55.7,359.52,137.55,3.72807,98.972,11.82
2026-06-10T10:55:00,PCI_5,gNB-2,99.948,626,1,99.84,162.0,217.0,99.561,99.344,0.263,59,97.934,99.093,98.895,97.94,98.515,68.31,58.32,360.1,135.41,3.71629,99.0,11.78
2026-06-10T10:55:00,PCI_6,gNB-2,100.0,589,0,100.0,154.5,185.3,99.703,98.929,0.089,54,99.264,98.9,99.114,98.932,98.027,60.08,46.67,348.04,139.33,3.65523,99.236,11.74
2026-06-10T10:55:00,PCI_7,gNB-2,99.961,601,1,99.834,174.7,232.7,99.685,99.508,0.171,64,98.807,98.76,98.843,98.305,97.894,70.86,52.4,401.28,147.36,4.11478,98.953,12.06
2026-06-10T10:55:00,PCI_8,gNB-3,99.944,595,1,99.832,159.5,199.7,99.606,99.407,0.185,54,98.714,98.91,98.703,98.276,98.276,65.84,48.27,441.66,148.04,4.42277,99.228,13.93
2026-06-10T10:55:00,PCI_9,gNB-3,99.966,623,0,100.0,172.9,221.2,99.441,99.49,0.146,59,98.471,99.215,98.769,98.165,97.842,64.31,45.49,373.75,134.34,3.81073,98.707,15.72
2026-06-10T10:55:00,PCI_10,gNB-3,99.95,631,0,100.0,167.1,213.5,99.346,99.174,0.184,57,98.593,99.06,98.294,97.95,97.656,57.96,46.94,392.47,146.6,4.043,99.52,13.79
2026-06-10T10:56:00,PCI_1,gNB-1,99.969,597,1,99.832,169.5,213.9,99.44,99.841,0.195,60,98.537,98.942,98.97,98.501,98.503,58.12,54.64,400.25,145.45,4.0928,99.339,9.94
2026-06-10T10:56:00,PCI_2,gNB-1,99.996,634,0,100.0,160.3,222.1,99.779,99.418,0.183,53,98.814,98.939,98.632,97.933,98.039,66.42,47.97,380.6,142.16,3.92071,98.882,13.43
2026-06-10T10:56:00,PCI_3,gNB-1,99.999,612,1,99.837,166.9,212.1,99.604,99.132,0.205,59,98.911,99.358,98.916,98.221,97.279,56.96,51.17,377.79,138.06,3.86885,98.94,11.38
2026-06-10T10:56:00,PCI_4,gNB-1,99.999,615,1,99.837,180.4,229.7,99.661,99.202,0.117,63,98.422,98.807,98.591,98.57,97.692,59.8,57.87,359.75,135.59,3.71505,98.869,11.45
2026-06-10T10:56:00,PCI_5,gNB-2,99.977,622,0,100.0,179.3,209.5,99.755,99.468,0.22,62,98.607,98.966,97.931,98.949,98.182,65.24,51.34,377.05,133.21,3.82695,99.196,14.2
2026-06-10T10:56:00,PCI_6,gNB-2,99.969,614,1,99.837,161.8,220.9,99.533,99.511,0.104,59,98.148,99.445,98.551,98.155,97.719,60.77,50.67,356.54,145.94,3.76859,99.154,9.72
2026-06-10T10:56:00,PCI_7,gNB-2,99.949,619,0,100.0,162.7,223.8,99.212,99.119,0.0,52,98.676,99.282,99.117,98.089,98.115,63.49,53.1,397.16,131.24,3.96296,99.461,12.09
2026-06-10T10:56:00,PCI_8,gNB-3,99.956,607,1,99.835,153.4,196.5,99.648,99.531,0.123,58,98.298,98.842,97.973,98.773,98.373,70.24,45.49,410.78,124.96,4.01809,99.481,12.63
2026-06-10T10:56:00,PCI_9,gNB-3,99.959,612,0,100.0,179.8,232.0,99.372,99.566,0.0,68,98.33,98.917,98.667,98.968,98.232,64.78,54.06,383.98,145.79,3.97326,99.038,12.25
2026-06-10T10:56:00,PCI_10,gNB-3,99.949,629,1,99.841,165.4,205.4,99.733,99.313,0.165,56,98.576,99.044,98.186,97.762,97.893,58.16,54.35,394.01,146.88,4.05672,99.363,13.77
2026-06-10T10:57:00,PCI_1,gNB-1,99.954,617,1,99.838,175.8,224.8,99.572,99.249,0.122,59,98.811,99.277,98.627,98.105,98.246,70.07,54.36,363.99,125.62,3.67208,99.584,14.22
2026-06-10T10:57:00,PCI_2,gNB-1,99.943,612,0,100.0,168.2,233.5,99.724,99.256,0.068,62,98.507,99.283,98.775,98.564,98.557,66.21,56.09,380.54,141.85,3.91792,98.589,12.68
2026-06-10T10:57:00,PCI_3,gNB-1,100.0,587,1,99.83,168.0,205.7,99.381,99.444,0.295,60,98.106,99.159,98.736,98.088,97.697,65.82,43.43,420.5,144.2,4.23525,99.319,13.97
2026-06-10T10:57:00,PCI_4,gNB-1,99.975,592,0,100.0,172.4,205.0,99.532,99.377,0.196,62,99.023,98.555,98.704,98.213,98.085,65.41,49.36,401.35,128.26,3.97205,98.928,11.33
2026-06-10T10:57:00,PCI_5,gNB-2,99.906,624,0,100.0,157.3,211.9,99.762,99.395,0.243,59,98.339,98.877,98.716,98.074,97.977,64.05,59.1,395.24,133.78,3.96765,99.193,13.24
2026-06-10T10:57:00,PCI_6,gNB-2,99.963,596,1,99.832,166.3,219.1,99.461,99.071,0.194,56,98.463,99.116,98.964,98.133,97.636,60.34,48.12,397.83,159.68,4.18139,99.302,11.98
2026-06-10T10:57:00,PCI_7,gNB-2,99.998,607,1,99.835,167.6,220.1,99.616,99.235,0.145,56,98.384,98.541,98.902,98.195,97.069,64.15,54.46,468.21,131.39,4.49704,99.576,11.44
2026-06-10T10:57:00,PCI_8,gNB-3,99.965,624,0,100.0,159.1,187.6,99.754,99.69,0.13,54,98.293,99.014,98.542,98.607,98.293,67.03,48.06,359.29,134.31,3.702,99.526,14.02
2026-06-10T10:57:00,PCI_9,gNB-3,99.929,627,1,99.841,160.9,189.8,99.635,99.694,0.225,52,98.398,99.201,99.185,98.685,97.658,63.18,56.94,377.85,140.91,3.89072,99.114,13.78
2026-06-10T10:57:00,PCI_10,gNB-3,99.972,594,0,100.0,183.8,215.8,99.867,99.278,0.083,65,98.398,98.711,98.851,97.981,98.39,66.21,50.55,362.03,138.22,3.75187,99.191,13.85
2026-06-10T10:58:00,PCI_1,gNB-1,99.912,614,1,99.837,163.6,193.3,99.661,99.339,0.046,53,98.343,99.134,98.593,97.957,97.941,64.58,57.48,395.38,134.27,3.97238,99.178,13.6
2026-06-10T10:58:00,PCI_2,gNB-1,99.979,608,0,100.0,163.3,220.2,99.797,99.534,0.166,53,98.571,99.124,98.214,97.777,98.43,69.4,52.23,421.08,146.16,4.25428,99.781,8.78
2026-06-10T10:58:00,PCI_3,gNB-1,99.978,632,1,99.842,163.0,217.2,99.793,99.799,0.01,53,98.676,99.198,98.516,97.856,98.366,70.62,44.49,396.68,142.6,4.04457,99.169,14.9
2026-06-10T10:58:00,PCI_4,gNB-1,99.952,622,0,100.0,157.1,209.4,99.508,99.391,0.238,56,98.436,98.449,98.695,98.628,97.93,59.49,56.97,451.33,146.99,4.48737,99.466,10.32
2026-06-10T10:58:00,PCI_5,gNB-2,99.968,580,0,100.0,173.1,213.4,99.693,99.602,0.089,59,98.944,98.639,98.823,98.598,98.086,63.92,52.94,408.72,145.39,4.15587,99.605,10.71
2026-06-10T10:58:00,PCI_6,gNB-2,99.959,613,0,100.0,159.1,222.7,99.472,99.236,0.052,55,98.353,99.022,98.641,98.501,98.143,55.56,56.76,396.67,138.55,4.01417,99.064,14.28
2026-06-10T10:58:00,PCI_7,gNB-2,99.986,631,0,100.0,181.6,253.4,99.412,99.554,0.11,59,98.34,99.025,98.492,98.442,98.412,59.58,44.14,394.21,140.34,4.00912,99.213,14.01
2026-06-10T10:58:00,PCI_8,gNB-3,99.929,585,0,100.0,161.4,206.5,99.381,99.49,0.137,54,98.053,99.39,98.956,98.467,97.731,61.54,57.97,383.2,145.49,3.96519,99.688,10.38
2026-06-10T10:58:00,PCI_9,gNB-3,99.983,621,1,99.839,165.6,223.5,99.727,99.124,0.159,59,98.152,98.734,98.983,98.532,97.437,59.28,58.84,400.05,134.0,4.00539,99.213,12.76
2026-06-10T10:58:00,PCI_10,gNB-3,99.986,638,1,99.843,163.0,188.9,99.543,99.727,0.227,51,98.368,98.872,99.045,98.659,97.814,61.35,52.71,409.47,140.96,4.12815,98.908,12.53
2026-06-10T10:59:00,PCI_1,gNB-1,99.995,622,0,100.0,162.1,219.9,99.613,98.799,0.129,58,98.622,98.881,98.643,98.507,97.95,59.5,54.04,354.95,132.47,3.65564,99.721,13.42
2026-06-10T10:59:00,PCI_2,gNB-1,100.0,625,0,100.0,170.0,237.7,99.614,99.226,0.175,59,98.773,99.291,99.127,98.033,98.111,72.57,50.16,381.09,135.75,3.87628,99.054,11.78
2026-06-10T10:59:00,PCI_3,gNB-1,99.914,609,1,99.836,161.0,214.7,99.447,99.138,0.217,54,98.537,99.402,98.33,98.812,97.819,54.57,52.78,385.17,128.35,3.8514,99.812,12.27
2026-06-10T10:59:00,PCI_4,gNB-1,99.947,616,1,99.838,175.9,216.1,99.535,99.34,0.064,62,98.597,99.345,98.396,98.805,98.409,69.23,51.42,415.51,136.91,4.1432,99.453,12.93
2026-06-10T10:59:00,PCI_5,gNB-2,99.972,614,0,100.0,175.1,240.4,99.474,99.892,0.153,65,98.319,99.118,98.54,98.506,98.128,74.9,43.27,399.99,152.49,4.14358,98.734,14.32
2026-06-10T10:59:00,PCI_6,gNB-2,99.944,623,0,100.0,165.4,209.7,99.528,99.344,0.095,62,98.533,99.305,98.812,97.985,97.941,64.9,50.47,421.12,144.76,4.24408,99.121,13.71
2026-06-10T10:59:00,PCI_7,gNB-2,99.972,610,0,100.0,178.1,237.2,99.842,99.412,0.133,63,98.813,99.361,98.715,98.295,98.419,67.96,53.27,380.67,138.51,3.89385,99.24,13.36
2026-06-10T10:59:00,PCI_8,gNB-3,99.951,633,0,100.0,167.6,219.7,99.658,99.511,0.192,60,98.355,99.317,98.38,97.678,98.255,68.44,49.31,386.77,147.08,4.00386,99.443,12.12
2026-06-10T10:59:00,PCI_9,gNB-3,100.0,625,1,99.84,186.5,250.2,99.665,99.231,0.136,57,97.926,99.297,98.802,98.093,98.386,64.94,50.22,378.23,138.03,3.87195,99.591,12.28
2026-06-10T10:59:00,PCI_10,gNB-3,99.96,627,0,100.0,169.4,207.4,99.749,99.186,0.229,62,98.47,98.794,98.487,98.49,97.703,54.01,46.65,423.66,142.86,4.24888,98.972,12.37
2026-06-10T11:00:00,PCI_1,gNB-1,99.972,654,1,99.847,162.0,196.6,99.659,99.3,0.208,56,98.314,98.843,98.643,98.27,98.136,70.68,51.5,419.14,146.34,4.2411,99.067,9.73
2026-06-10T11:00:00,PCI_2,gNB-1,100.0,622,0,100.0,152.9,211.7,99.571,99.478,0.233,54,98.687,99.084,98.358,98.393,97.868,67.22,45.36,417.77,141.85,4.19714,99.168,12.45
2026-06-10T11:00:00,PCI_3,gNB-1,99.986,624,1,99.84,173.5,228.2,99.651,99.574,0.119,62,98.55,99.328,98.708,98.277,97.761,63.52,54.18,428.84,126.76,4.16698,99.078,13.47
2026-06-10T11:00:00,PCI_4,gNB-1,99.975,607,1,99.835,168.2,205.1,99.676,99.31,0.179,57,98.415,99.216,98.703,98.51,98.19,64.19,50.13,404.66,139.54,4.08147,99.579,13.61
2026-06-10T11:00:00,PCI_5,gNB-2,99.98,603,1,99.834,174.7,211.5,99.41,99.518,0.184,59,98.493,98.886,98.677,98.592,98.282,74.76,58.39,410.26,138.65,4.1168,99.465,13.55
2026-06-10T11:00:00,PCI_6,gNB-2,100.0,631,1,99.842,165.4,217.3,99.56,99.283,0.196,55,98.134,99.49,98.948,98.238,98.118,66.07,49.95,383.66,130.79,3.85835,99.328,14.99
2026-06-10T11:00:00,PCI_7,gNB-2,99.997,622,0,100.0,171.7,211.4,99.832,99.339,0.171,59,98.348,99.067,99.078,98.753,97.864,66.19,60.34,388.75,139.92,3.96505,99.727,12.89
2026-06-10T11:00:00,PCI_8,gNB-3,99.993,619,1,99.838,175.3,217.3,99.397,99.675,0.206,61,98.817,99.333,98.856,97.96,97.675,70.43,52.62,431.87,133.27,4.23854,99.382,10.46
2026-06-10T11:00:00,PCI_9,gNB-3,99.983,625,1,99.84,155.2,211.2,99.508,99.506,0.269,58,98.122,98.898,99.141,98.533,97.572,68.52,55.21,422.63,140.98,4.22707,99.324,14.62
2026-06-10T11:00:00,PCI_10,gNB-3,99.97,636,0,100.0,176.2,214.4,99.722,99.61,0.12,59,98.671,99.193,98.508,98.449,98.753,58.37,54.47,408.08,141.26,4.12006,99.211,13.8
2026-06-10T11:01:00,PCI_1,gNB-1,99.974,614,1,99.837,186.4,243.7,99.728,99.658,0.083,64,98.304,98.972,99.039,98.121,98.488,74.55,49.91,407.92,147.04,4.16214,98.946,10.23
2026-06-10T11:01:00,PCI_2,gNB-1,99.966,608,1,99.836,164.7,207.3,99.52,99.436,0.218,58,98.66,98.729,99.2,98.657,98.592,66.1,49.97,414.82,131.98,4.10102,99.206,12.79
2026-06-10T11:01:00,PCI_3,gNB-1,99.976,598,0,100.0,159.8,189.3,99.58,99.029,0.2,56,99.044,99.453,98.464,97.694,98.006,69.57,51.92,445.2,141.35,4.39916,99.029,12.69
2026-06-10T11:01:00,PCI_4,gNB-1,99.958,637,0,100.0,170.8,233.7,99.771,99.34,0.159,62,98.661,99.198,98.545,97.885,97.699,64.35,54.58,390.36,134.06,3.93317,99.095,13.5
2026-06-10T11:01:00,PCI_5,gNB-2,99.963,637,1,99.843,172.7,211.7,99.858,99.48,0.219,62,98.388,98.911,98.605,98.552,98.177,59.45,54.93,361.57,135.52,3.72821,99.523,13.07
2026-06-10T11:01:00,PCI_6,gNB-2,99.982,580,1,99.828,168.0,205.0,99.404,99.203,0.144,52,98.71,99.17,98.379,98.018,98.028,65.75,49.07,396.87,131.3,3.96125,98.795,14.12
2026-06-10T11:01:00,PCI_7,gNB-2,99.946,600,0,100.0,171.1,217.9,99.791,99.687,0.125,63,98.286,98.746,99.348,98.017,98.462,63.77,49.96,446.87,124.37,4.28429,99.208,13.7
2026-06-10T11:01:00,PCI_8,gNB-3,100.0,604,1,99.834,187.3,255.9,99.422,99.318,0.051,67,98.206,98.868,98.652,98.028,98.103,59.82,51.7,419.13,147.55,4.25014,98.852,10.57
2026-06-10T11:01:00,PCI_9,gNB-3,99.95,633,0,100.0,177.2,215.8,99.666,99.699,0.136,63,98.345,99.377,98.878,98.674,98.149,60.4,52.2,397.42,142.15,4.0468,98.975,12.04
2026-06-10T11:01:00,PCI_10,gNB-3,99.952,601,1,99.834,163.9,207.2,99.506,99.022,0.153,60,98.836,98.787,98.551,98.176,98.135,63.51,41.21,424.19,144.09,4.26212,98.888,12.6
2026-06-10T11:02:00,PCI_1,gNB-1,100.0,605,1,99.835,160.5,221.4,99.685,99.553,0.275,56,98.639,99.125,98.493,97.693,97.616,58.33,52.64,437.6,145.43,4.37275,99.757,13.45
2026-06-10T11:02:00,PCI_2,gNB-1,99.957,649,1,99.846,184.9,239.0,99.417,99.494,0.259,66,98.726,99.016,98.524,98.497,98.264,64.16,57.93,445.52,124.18,4.2728,99.304,10.98
2026-06-10T11:02:00,PCI_3,gNB-1,99.953,623,0,100.0,175.1,204.5,99.64,99.251,0.176,60,98.686,98.975,98.727,97.793,98.115,63.92,53.54,391.5,155.18,4.10012,99.527,16.21
2026-06-10T11:02:00,PCI_4,gNB-1,99.944,629,0,100.0,164.8,230.6,99.524,99.511,0.098,64,98.461,99.179,98.58,98.253,97.854,71.61,57.07,413.76,136.04,4.12351,99.224,13.97
2026-06-10T11:02:00,PCI_5,gNB-2,99.947,628,1,99.841,165.9,192.8,99.558,99.757,0.05,58,98.35,98.732,98.496,97.865,98.101,67.53,47.76,406.53,139.92,4.09837,98.512,12.68
2026-06-10T11:02:00,PCI_6,gNB-2,100.0,606,0,100.0,152.6,213.6,99.245,99.511,0.074,55,98.367,99.031,98.487,98.145,98.012,64.18,54.47,368.83,133.46,3.76713,98.823,15.24
2026-06-10T11:02:00,PCI_7,gNB-2,99.98,621,0,100.0,166.9,224.4,99.891,99.456,0.145,57,98.61,99.141,98.518,98.223,98.225,66.37,50.57,406.59,140.72,4.10487,99.143,12.24
2026-06-10T11:02:00,PCI_8,gNB-3,99.928,613,1,99.837,163.8,204.0,99.478,99.141,0.215,52,98.238,99.238,98.476,98.15,97.455,65.72,45.04,419.16,135.9,4.16293,99.325,12.15
2026-06-10T11:02:00,PCI_9,gNB-3,99.962,609,0,100.0,171.8,226.3,99.772,99.05,0.12,62,98.204,99.082,98.569,98.697,98.189,66.71,51.38,384.81,129.03,3.85378,98.945,9.9
2026-06-10T11:02:00,PCI_10,gNB-3,99.956,626,0,100.0,173.1,203.2,99.436,99.256,0.173,58,98.738,99.207,98.641,98.147,97.892,62.48,58.98,401.06,152.35,4.15056,98.954,15.84
2026-06-10T11:03:00,PCI_1,gNB-1,99.955,621,0,100.0,179.6,211.1,99.614,99.197,0.257,62,98.146,98.673,98.569,97.622,97.887,63.88,58.49,421.45,138.96,4.20313,98.606,11.25
2026-06-10T11:03:00,PCI_2,gNB-1,99.951,632,1,99.842,167.9,202.2,99.8,99.298,0.076,58,98.254,98.858,98.698,98.104,97.762,72.35,52.66,385.27,152.69,4.03463,99.311,14.99
2026-06-10T11:03:00,PCI_3,gNB-1,99.959,620,1,99.839,176.3,226.5,99.892,99.173,0.188,60,98.416,98.959,99.387,98.089,97.344,70.47,53.94,412.74,146.2,4.19204,99.666,11.87
2026-06-10T11:03:00,PCI_4,gNB-1,99.954,634,0,100.0,172.6,233.8,99.51,99.553,0.0,61,97.753,99.587,99.049,98.769,98.562,62.53,52.9,379.11,144.88,3.92994,99.125,13.75
2026-06-10T11:03:00,PCI_5,gNB-2,100.0,625,1,99.84,166.4,215.0,99.557,99.487,0.226,55,98.731,98.78,99.128,98.284,97.692,65.45,55.86,402.33,144.5,4.10123,99.186,16.34
2026-06-10T11:03:00,PCI_6,gNB-2,99.962,627,0,100.0,189.2,237.1,99.633,99.205,0.218,64,98.446,99.564,98.443,98.607,97.835,60.13,50.03,386.42,139.42,3.94377,99.103,12.34
2026-06-10T11:03:00,PCI_7,gNB-2,99.951,639,0,100.0,164.4,209.7,99.528,99.619,0.046,59,98.705,98.9,98.548,98.394,97.458,63.17,46.89,412.61,132.27,4.08662,99.102,9.84
2026-06-10T11:03:00,PCI_8,gNB-3,99.961,638,0,100.0,181.3,241.9,99.18,99.741,0.177,59,98.744,99.114,98.813,98.446,98.299,68.6,53.84,414.95,142.8,4.18311,99.222,13.08
2026-06-10T11:03:00,PCI_9,gNB-3,99.95,626,0,100.0,170.0,222.7,99.854,99.762,0.159,57,98.932,98.61,99.162,98.681,97.827,65.59,48.53,406.7,131.77,4.03853,98.844,13.27
2026-06-10T11:03:00,PCI_10,gNB-3,99.95,621,1,99.839,164.7,201.7,99.454,99.485,0.108,61,98.342,99.154,98.95,98.255,97.545,68.87,47.37,411.06,128.16,4.04414,99.08,12.74
2026-06-10T11:04:00,PCI_1,gNB-1,99.97,627,0,100.0,172.0,236.6,99.792,99.536,0.172,58,98.14,98.828,98.952,98.313,98.225,60.55,45.15,404.95,120.17,3.93841,99.102,10.48
2026-06-10T11:04:00,PCI_2,gNB-1,99.978,630,1,99.841,179.6,223.9,99.561,99.182,0.079,61,98.737,98.949,98.165,97.754,98.05,64.78,55.92,414.15,147.23,4.21034,99.474,14.25
2026-06-10T11:04:00,PCI_3,gNB-1,99.972,594,1,99.832,178.0,240.4,99.41,99.482,0.22,63,98.379,98.473,98.43,98.834,98.011,70.13,51.98,373.89,151.3,3.93892,99.319,14.82
2026-06-10T11:04:00,PCI_4,gNB-1,99.943,607,0,100.0,168.8,212.6,99.645,99.571,0.182,63,98.459,99.262,99.17,98.214,97.608,65.81,57.94,410.92,148.97,4.19923,99.196,10.2
2026-06-10T11:04:00,PCI_5,gNB-2,99.958,603,1,99.834,169.1,204.7,99.682,99.477,0.182,58,98.979,99.191,98.88,97.642,98.345,70.8,52.51,360.72,148.29,3.81754,99.08,12.56
2026-06-10T11:04:00,PCI_6,gNB-2,99.98,620,0,100.0,174.2,232.5,99.587,99.162,0.121,60,98.415,99.069,98.652,98.283,97.996,61.28,54.32,426.37,143.14,4.27132,99.226,17.21
2026-06-10T11:04:00,PCI_7,gNB-2,99.986,656,1,99.848,164.4,219.8,99.435,99.201,0.141,58,98.379,98.991,98.47,98.005,97.619,64.4,57.78,341.83,145.92,3.65816,99.359,12.33
2026-06-10T11:04:00,PCI_8,gNB-3,99.997,645,0,100.0,173.3,202.5,99.551,99.379,0.143,58,98.331,99.281,99.151,98.393,98.292,64.81,50.87,408.09,149.89,4.18479,99.25,11.0
2026-06-10T11:04:00,PCI_9,gNB-3,99.978,657,0,100.0,158.0,182.2,99.891,99.343,0.176,54,98.629,98.459,98.461,98.178,98.158,66.66,49.37,394.52,131.01,3.9415,98.967,12.16
2026-06-10T11:04:00,PCI_10,gNB-3,99.914,650,1,99.846,166.9,192.0,99.247,99.527,0.215,55,98.32,99.429,98.705,98.142,97.745,72.77,52.28,382.95,143.69,3.9498,99.642,11.47
2026-06-10T11:05:00,PCI_1,gNB-1,100.0,649,1,99.846,181.0,251.4,99.406,99.077,0.235,61,98.599,98.719,98.926,98.049,97.629,70.69,55.62,400.21,149.76,4.12475,98.864,14.57
2026-06-10T11:05:00,PCI_2,gNB-1,99.992,636,0,100.0,164.7,215.1,99.389,99.419,0.071,58,98.401,98.947,98.767,98.003,97.994,66.74,46.6,441.82,139.18,4.35744,99.147,14.48
2026-06-10T11:05:00,PCI_3,gNB-1,99.981,596,1,99.832,184.8,232.2,99.678,99.502,0.079,65,98.586,99.384,98.025,98.186,97.627,71.81,48.9,378.32,134.13,3.8434,99.223,13.43
2026-06-10T11:05:00,PCI_4,gNB-1,99.95,620,0,100.0,165.1,193.4,99.494,99.171,0.291,57,98.493,98.897,98.611,98.778,98.618,64.46,52.48,451.29,132.01,4.37474,99.212,14.12
2026-06-10T11:05:00,PCI_5,gNB-2,99.977,640,1,99.844,177.6,220.4,99.424,99.501,0.261,60,98.509,98.972,98.277,98.283,98.599,65.93,58.27,329.05,139.82,3.51655,98.594,11.26
2026-06-10T11:05:00,PCI_6,gNB-2,100.0,647,1,99.845,183.7,229.0,99.559,99.095,0.061,62,98.454,99.434,99.22,98.621,98.027,68.25,58.09,368.39,140.06,3.81338,99.4,11.47
2026-06-10T11:05:00,PCI_7,gNB-2,99.951,633,1,99.842,174.0,206.7,99.666,99.313,0.11,60,98.891,98.734,98.929,98.606,97.937,64.73,55.08,388.22,127.73,3.86963,99.558,10.92
2026-06-10T11:05:00,PCI_8,gNB-3,100.0,614,0,100.0,178.7,240.1,99.547,99.453,0.103,63,98.867,99.112,99.254,98.486,98.209,55.58,50.63,428.25,131.1,4.19513,99.136,14.26
2026-06-10T11:05:00,PCI_9,gNB-3,100.0,628,0,100.0,174.9,237.5,99.627,99.219,0.126,56,97.901,98.929,98.826,98.402,97.481,62.98,48.58,412.73,148.31,4.20783,99.316,13.78
2026-06-10T11:05:00,PCI_10,gNB-3,100.0,624,0,100.0,152.7,212.7,99.41,99.402,0.279,50,98.514,98.806,98.9,98.414,98.017,63.86,51.35,360.85,132.25,3.69818,99.322,9.05
2026-06-10T11:06:00,PCI_1,gNB-1,99.977,612,0,100.0,184.6,240.4,99.37,99.218,0.147,67,99.058,98.884,99.108,98.227,97.866,70.31,49.46,371.98,150.77,3.92062,99.267,13.1
2026-06-10T11:06:00,PCI_2,gNB-1,99.985,597,0,100.0,187.3,221.4,99.688,99.443,0.236,67,97.832,99.202,98.998,97.704,97.915,70.22,58.84,390.02,162.3,4.14241,99.329,13.27
2026-06-10T11:06:00,PCI_3,gNB-1,99.962,636,0,100.0,164.7,191.3,99.679,100.0,0.183,57,98.315,99.056,98.64,97.885,97.566,65.66,51.66,444.54,149.43,4.45478,99.224,14.61
2026-06-10T11:06:00,PCI_4,gNB-1,99.962,612,1,99.837,173.2,233.0,99.756,98.882,0.087,60,98.435,98.471,98.678,98.177,98.327,62.0,59.45,378.43,155.29,4.0029,99.191,14.48
2026-06-10T11:06:00,PCI_5,gNB-2,99.98,610,0,100.0,169.3,210.0,99.466,99.217,0.141,63,98.352,99.58,98.721,98.785,97.501,65.41,56.97,438.2,139.06,4.3294,99.782,11.66
2026-06-10T11:06:00,PCI_6,gNB-2,99.989,651,0,100.0,175.7,237.6,99.509,99.598,0.057,58,98.839,99.245,98.66,97.999,97.949,64.25,59.61,467.6,135.22,4.52122,99.314,13.82
2026-06-10T11:06:00,PCI_7,gNB-2,99.997,634,1,99.842,155.2,187.2,99.514,99.334,0.064,52,98.384,99.134,98.813,97.984,97.585,60.18,50.9,391.27,137.31,3.96429,99.391,13.37
2026-06-10T11:06:00,PCI_8,gNB-3,99.919,632,0,100.0,180.6,217.5,99.987,99.402,0.117,57,98.819,99.445,98.729,98.214,97.689,66.74,43.23,425.7,135.45,4.20859,99.335,15.78
2026-06-10T11:06:00,PCI_9,gNB-3,99.975,622,1,99.839,164.5,203.2,99.742,99.523,0.186,56,98.576,99.215,98.968,98.198,98.173,64.15,47.41,454.54,142.33,4.47657,99.206,12.03
2026-06-10T11:06:00,PCI_10,gNB-3,99.964,620,0,100.0,184.5,234.3,99.481,99.395,0.162,63,98.082,99.089,98.742,98.29,97.798,66.79,52.4,384.95,142.66,3.95707,99.155,13.67
2026-06-10T11:07:00,PCI_1,gNB-1,99.984,636,1,99.843,172.9,240.4,99.844,99.391,0.186,59,98.582,99.061,98.611,97.844,97.71,67.88,55.85,396.92,136.16,3.99805,99.18,12.17
2026-06-10T11:07:00,PCI_2,gNB-1,99.957,599,1,99.833,180.1,210.3,99.95,99.195,0.239,63,99.017,99.39,98.418,98.094,97.833,76.68,55.9,378.3,128.24,3.79902,99.326,13.58
2026-06-10T11:07:00,PCI_3,gNB-1,99.984,634,1,99.842,174.3,223.3,99.665,99.274,0.166,59,97.813,98.41,98.959,97.986,98.255,63.35,55.36,442.24,160.73,4.52228,99.148,15.71
2026-06-10T11:07:00,PCI_4,gNB-1,99.995,581,1,99.828,177.8,237.0,99.566,99.391,0.101,59,98.86,98.954,98.519,98.48,97.782,68.04,51.53,416.35,140.25,4.17453,98.768,14.63
2026-06-10T11:07:00,PCI_5,gNB-2,99.961,630,0,100.0,183.2,213.7,99.658,99.511,0.196,63,98.389,99.482,98.455,97.761,97.47,66.82,49.95,426.14,150.79,4.32697,98.739,10.38
2026-06-10T11:07:00,PCI_6,gNB-2,99.99,632,1,99.842,168.6,214.5,99.693,99.671,0.164,60,98.68,99.312,99.023,98.515,98.323,61.55,55.51,389.93,146.3,4.02173,99.232,13.32
2026-06-10T11:07:00,PCI_7,gNB-2,99.982,634,0,100.0,188.8,241.2,99.688,99.367,0.116,64,98.551,99.025,98.918,98.197,98.463,70.85,43.98,371.48,138.62,3.82572,99.238,13.91
2026-06-10T11:07:00,PCI_8,gNB-3,99.948,625,0,100.0,162.8,190.8,99.499,99.43,0.176,57,98.641,99.0,99.08,98.136,97.824,68.91,54.67,417.56,142.07,4.19726,98.869,13.56
2026-06-10T11:07:00,PCI_9,gNB-3,99.991,640,0,100.0,173.6,206.5,99.744,99.393,0.051,63,99.066,99.238,98.809,98.07,97.9,69.78,56.72,410.34,150.28,4.20463,99.668,13.27
2026-06-10T11:07:00,PCI_10,gNB-3,99.986,638,1,99.843,183.6,236.1,99.45,99.319,0.113,62,98.731,99.229,98.444,97.647,97.327,66.38,52.78,378.52,142.39,3.90686,99.429,13.11
2026-06-10T11:08:00,PCI_1,gNB-1,99.963,601,1,99.834,168.7,199.7,99.368,99.248,0.088,55,98.533,98.938,98.661,98.636,98.164,68.31,55.88,412.45,150.88,4.225,99.329,12.58
2026-06-10T11:08:00,PCI_2,gNB-1,99.936,640,1,99.844,173.5,232.1,99.567,99.377,0.181,63,99.038,99.115,98.911,98.582,97.464,61.99,56.41,418.2,138.45,4.17486,99.384,12.12
2026-06-10T11:08:00,PCI_3,gNB-1,100.0,636,1,99.843,178.9,227.7,99.536,99.569,0.112,62,98.502,99.388,98.638,97.809,97.03,71.98,53.86,435.77,139.86,4.31727,98.917,11.93
2026-06-10T11:08:00,PCI_4,gNB-1,99.983,618,1,99.838,182.3,247.4,99.81,99.461,0.169,63,98.791,98.902,98.976,98.366,98.186,65.01,58.45,425.36,137.45,4.22109,99.223,12.76
2026-06-10T11:08:00,PCI_5,gNB-2,99.929,643,0,100.0,177.4,237.0,99.674,99.39,0.205,59,98.347,98.842,98.385,98.401,98.104,68.51,56.84,398.3,142.69,4.05738,98.913,11.67
2026-06-10T11:08:00,PCI_6,gNB-2,99.96,645,1,99.845,165.3,212.1,99.437,99.007,0.217,58,98.958,98.978,98.671,98.123,97.753,64.92,50.19,399.0,144.19,4.07394,99.065,15.74
2026-06-10T11:08:00,PCI_7,gNB-2,99.952,647,0,100.0,169.9,215.7,99.683,99.202,0.126,51,98.293,99.083,98.505,98.283,97.892,65.27,52.8,397.69,139.55,4.02933,99.355,16.3
2026-06-10T11:08:00,PCI_8,gNB-3,99.932,631,0,100.0,169.0,218.1,99.621,99.673,0.228,57,98.068,99.076,98.958,98.493,98.042,66.69,53.2,402.2,143.63,4.09373,99.327,12.62
2026-06-10T11:08:00,PCI_9,gNB-3,99.977,636,0,100.0,175.1,219.2,99.35,99.357,0.147,63,98.668,99.079,98.793,98.655,97.672,73.41,59.67,414.21,136.69,4.13179,99.558,12.74
2026-06-10T11:08:00,PCI_10,gNB-3,99.965,631,1,99.842,170.6,236.9,99.639,99.349,0.203,61,98.393,98.936,98.906,97.896,98.105,67.71,48.41,398.05,154.06,4.14079,99.385,11.84
2026-06-10T11:09:00,PCI_1,gNB-1,99.898,628,1,99.841,168.5,193.9,99.551,99.717,0.278,59,98.46,98.67,98.525,98.127,98.088,74.09,52.06,446.23,144.69,4.43193,99.299,13.16
2026-06-10T11:09:00,PCI_2,gNB-1,99.972,622,1,99.839,178.3,225.5,99.552,99.188,0.134,60,98.739,98.801,98.425,98.278,98.4,67.18,53.29,425.02,143.13,4.26109,99.396,14.31
2026-06-10T11:09:00,PCI_3,gNB-1,99.958,608,1,99.836,179.1,221.3,99.501,99.239,0.169,62,98.547,98.874,98.692,98.291,97.208,71.19,51.67,366.02,129.73,3.71806,99.183,10.7
2026-06-10T11:09:00,PCI_4,gNB-1,99.919,616,0,100.0,169.6,230.0,99.651,99.654,0.059,58,98.178,99.13,99.137,98.319,97.411,66.21,57.38,444.83,139.34,4.38126,99.18,11.5
2026-06-10T11:09:00,PCI_5,gNB-2,99.96,625,1,99.84,167.5,217.8,99.631,99.302,0.099,53,98.394,99.11,98.902,98.333,98.02,60.71,48.27,391.41,138.73,3.97601,98.84,12.08
2026-06-10T11:09:00,PCI_6,gNB-2,99.968,633,0,100.0,163.0,216.5,99.731,99.201,0.164,61,98.935,98.646,98.667,98.15,97.716,70.14,53.85,439.2,132.21,4.2856,98.602,12.76
2026-06-10T11:09:00,PCI_7,gNB-2,99.991,650,0,100.0,177.2,207.9,99.212,99.359,0.108,58,98.313,98.93,99.299,97.991,97.836,70.82,63.04,374.4,146.74,3.90851,99.014,15.35
2026-06-10T11:09:00,PCI_8,gNB-3,99.946,637,1,99.843,175.0,212.6,99.661,99.08,0.145,64,97.686,98.551,98.875,98.466,97.999,69.28,52.5,440.87,133.54,4.3081,99.578,12.9
2026-06-10T11:09:00,PCI_9,gNB-3,100.0,642,0,100.0,187.7,228.6,99.41,98.99,0.162,72,98.723,98.985,97.982,97.881,98.142,64.72,53.21,407.48,146.96,4.15827,99.036,14.02
2026-06-10T11:09:00,PCI_10,gNB-3,99.96,630,1,99.841,172.1,236.4,99.626,99.334,0.094,59,98.41,99.218,99.061,97.783,97.334,63.75,57.68,377.01,132.82,3.82373,98.7,11.8
2026-06-10T11:10:00,PCI_1,gNB-1,99.941,648,1,99.846,174.3,207.3,99.68,99.421,0.179,55,98.665,99.191,98.219,97.994,98.075,68.64,55.78,447.24,148.4,4.46726,99.778,12.55
2026-06-10T11:10:00,PCI_2,gNB-1,99.967,612,1,99.837,184.8,239.5,99.596,99.131,0.26,65,98.785,98.772,98.773,98.663,98.09,60.77,50.25,401.3,147.14,4.11324,99.282,14.57
2026-06-10T11:10:00,PCI_3,gNB-1,99.987,614,1,99.837,177.5,235.9,99.581,99.155,0.317,61,98.51,99.248,98.314,98.507,97.957,68.85,47.8,422.46,130.86,4.14985,99.221,13.74
2026-06-10T11:10:00,PCI_4,gNB-1,99.979,647,1,99.845,188.4,258.3,99.618,99.604,0.278,63,98.511,99.054,99.118,98.419,98.787,70.32,51.33,395.11,141.85,4.02715,99.202,12.19
2026-06-10T11:10:00,PCI_5,gNB-2,99.961,648,0,100.0,182.8,247.8,99.665,99.702,0.254,60,98.591,99.151,98.378,97.849,97.967,63.4,52.84,379.42,148.5,3.95944,98.918,11.05
2026-06-10T11:10:00,PCI_6,gNB-2,99.955,635,1,99.843,177.3,245.7,99.865,99.486,0.185,62,98.535,98.613,98.8,98.509,97.701,67.96,49.14,432.69,143.46,4.32112,99.601,14.47
2026-06-10T11:10:00,PCI_7,gNB-2,99.993,637,1,99.843,185.2,240.2,99.453,99.285,0.091,63,99.391,99.122,99.16,98.006,98.171,70.84,46.65,392.57,130.01,3.91929,98.848,11.87
2026-06-10T11:10:00,PCI_8,gNB-3,99.999,648,1,99.846,166.2,210.4,99.599,99.353,0.277,57,98.115,99.264,98.548,97.847,98.35,63.53,51.2,425.69,152.42,4.33589,98.691,13.71
2026-06-10T11:10:00,PCI_9,gNB-3,99.976,654,0,100.0,167.8,221.8,99.375,99.683,0.118,54,98.597,99.288,98.882,97.938,98.534,68.98,53.61,406.83,151.59,4.18821,99.321,13.22
2026-06-10T11:10:00,PCI_10,gNB-3,99.938,637,0,100.0,174.0,206.2,99.816,99.191,0.026,58,98.622,98.894,98.704,98.507,98.124,69.02,56.76,422.8,139.21,4.21504,99.093,12.95
2026-06-10T11:11:00,PCI_1,gNB-1,99.937,629,1,99.841,169.2,215.0,99.387,99.651,0.044,60,98.655,99.241,98.573,98.368,97.932,68.08,54.88,432.07,142.58,4.30988,99.058,12.02
2026-06-10T11:11:00,PCI_2,gNB-1,99.993,635,1,99.843,171.4,208.9,99.778,99.252,0.226,60,98.215,98.783,98.773,98.264,98.22,59.59,58.1,438.72,133.91,4.29474,99.024,16.04
2026-06-10T11:11:00,PCI_3,gNB-1,100.0,632,1,99.842,174.7,244.3,99.553,99.49,0.108,55,98.531,98.859,99.054,98.383,98.231,62.05,56.71,367.06,150.52,3.88185,99.249,14.57
2026-06-10T11:11:00,PCI_4,gNB-1,99.946,652,1,99.847,166.1,198.3,99.637,99.467,0.081,54,98.511,99.382,98.403,98.41,98.153,65.9,42.62,424.76,126.72,4.13605,99.158,10.84
2026-06-10T11:11:00,PCI_5,gNB-2,100.0,649,1,99.846,163.6,200.4,99.458,99.398,0.135,57,98.493,98.998,99.192,97.986,98.074,66.64,56.51,338.09,136.07,3.55624,99.289,12.98
2026-06-10T11:11:00,PCI_6,gNB-2,99.975,610,0,100.0,178.0,222.6,99.474,99.194,0.1,62,98.219,99.089,98.542,98.469,97.684,67.64,50.25,438.18,142.51,4.35515,99.261,15.71
2026-06-10T11:11:00,PCI_7,gNB-2,99.991,623,1,99.839,170.7,206.6,99.876,99.752,0.141,59,98.836,99.181,97.99,98.038,97.834,64.45,53.9,423.27,133.46,4.17554,99.412,13.15
2026-06-10T11:11:00,PCI_8,gNB-3,99.976,663,1,99.849,159.3,220.6,99.591,99.306,0.134,52,98.656,99.357,98.928,98.015,98.017,69.0,49.67,408.58,136.48,4.08793,99.611,14.48
2026-06-10T11:11:00,PCI_9,gNB-3,100.0,605,1,99.835,165.4,219.4,99.785,99.644,0.153,55,98.595,99.094,97.752,98.081,98.241,65.81,58.92,413.28,147.31,4.2044,99.326,13.91
2026-06-10T11:11:00,PCI_10,gNB-3,99.98,631,1,99.842,163.3,193.2,99.415,99.185,0.168,56,98.444,99.439,98.813,98.139,97.996,62.91,54.21,424.13,154.57,4.34028,99.307,13.36
2026-06-10T11:12:00,PCI_1,gNB-1,99.992,640,1,99.844,159.8,185.4,99.666,99.522,0.163,55,98.335,98.916,98.308,98.911,97.888,67.94,55.55,388.38,134.78,3.92372,99.028,13.15
2026-06-10T11:12:00,PCI_2,gNB-1,99.968,626,1,99.84,168.1,215.7,99.624,99.558,0.235,60,98.426,98.868,98.778,98.245,98.133,70.75,51.21,426.58,144.2,4.28086,98.83,14.48
2026-06-10T11:12:00,PCI_3,gNB-1,99.952,627,1,99.841,182.8,241.5,99.569,99.132,0.128,64,98.545,98.989,99.138,98.542,98.107,68.52,53.77,397.41,136.54,4.00458,99.158,14.05
2026-06-10T11:12:00,PCI_4,gNB-1,99.928,607,0,100.0,173.1,213.5,99.636,99.183,0.077,59,97.839,99.502,98.543,98.181,97.532,67.8,56.82,451.46,139.57,4.43269,99.582,13.72
2026-06-10T11:12:00,PCI_5,gNB-2,99.969,655,1,99.847,171.9,206.6,99.691,99.496,0.133,59,98.724,98.835,98.426,98.668,97.958,73.86,48.18,410.85,143.98,4.16127,98.977,15.27
2026-06-10T11:12:00,PCI_6,gNB-2,99.986,610,0,100.0,163.6,224.4,99.672,99.875,0.118,57,98.343,98.847,98.914,98.645,98.287,57.22,57.13,408.56,134.15,4.07031,98.99,9.93
2026-06-10T11:12:00,PCI_7,gNB-2,100.0,634,0,100.0,168.9,197.0,99.691,99.558,0.146,58,98.702,99.465,98.795,98.287,97.904,69.54,52.96,418.5,148.16,4.24996,99.05,15.04
2026-06-10T11:12:00,PCI_8,gNB-3,100.0,627,1,99.841,161.9,223.5,99.337,99.68,0.22,51,98.343,98.524,99.288,98.782,98.092,63.1,54.73,417.74,152.95,4.28024,99.741,14.86
2026-06-10T11:12:00,PCI_9,gNB-3,99.98,638,0,100.0,183.1,216.7,99.546,99.188,0.071,62,98.171,98.694,98.652,97.975,98.049,67.86,54.83,379.51,148.87,3.96282,98.908,12.36
2026-06-10T11:12:00,PCI_10,gNB-3,100.0,624,1,99.84,178.2,244.8,99.79,99.0,0.233,59,98.254,98.483,99.009,98.283,97.453,66.94,58.6,390.43,145.35,4.01836,98.951,12.87
2026-06-10T11:13:00,PCI_1,gNB-1,99.931,638,0,100.0,185.4,247.6,99.608,99.565,0.038,66,99.182,99.398,98.411,98.482,97.818,65.76,60.67,418.05,143.82,4.21403,99.21,11.56
2026-06-10T11:13:00,PCI_2,gNB-1,99.987,634,0,100.0,175.3,243.5,99.708,99.311,0.138,67,99.008,99.193,98.366,98.075,97.879,69.32,55.23,429.24,128.07,4.17986,99.236,14.76
2026-06-10T11:13:00,PCI_3,gNB-1,99.992,639,1,99.844,173.1,235.0,99.591,99.646,0.15,65,98.408,98.879,99.054,97.969,97.858,62.07,53.91,389.59,137.55,3.95352,99.014,12.29
2026-06-10T11:13:00,PCI_4,gNB-1,99.986,657,1,99.848,178.2,242.1,99.468,99.452,0.135,62,98.61,98.927,98.571,98.093,97.834,69.37,47.76,455.33,151.99,4.55496,98.995,14.81
2026-06-10T11:13:00,PCI_5,gNB-2,99.961,623,1,99.839,178.8,208.0,99.631,99.316,0.254,58,98.939,98.839,98.768,98.913,97.63,62.62,49.43,358.27,138.57,3.72629,99.816,12.19
2026-06-10T11:13:00,PCI_6,gNB-2,100.0,650,1,99.846,158.8,210.9,99.86,99.715,0.032,56,98.876,99.22,98.516,98.406,98.148,65.74,54.6,417.25,138.5,4.16818,99.124,12.25
2026-06-10T11:13:00,PCI_7,gNB-2,99.923,643,1,99.844,178.7,246.9,99.532,99.457,0.069,63,98.586,98.574,98.158,97.98,98.183,64.41,52.1,360.76,169.61,3.97778,99.12,11.2
2026-06-10T11:13:00,PCI_8,gNB-3,99.951,655,1,99.847,177.5,216.2,99.574,99.523,0.308,60,98.512,99.168,98.819,98.711,98.119,65.94,57.14,374.93,144.45,3.89538,99.286,16.06
2026-06-10T11:13:00,PCI_9,gNB-3,99.98,635,1,99.843,165.1,221.5,99.55,99.31,0.167,63,98.371,99.179,98.766,98.203,98.246,72.97,56.98,420.3,148.14,4.2633,99.092,14.68
2026-06-10T11:13:00,PCI_10,gNB-3,99.973,635,0,100.0,178.3,231.0,99.531,99.123,0.254,67,98.634,98.757,98.667,98.832,98.271,72.32,63.53,462.65,152.84,4.61617,99.308,12.78
2026-06-10T11:14:00,PCI_1,gNB-1,99.917,652,1,99.847,179.5,218.4,99.706,99.803,0.197,58,98.543,99.09,99.062,98.028,97.821,63.71,60.36,421.52,150.86,4.29288,99.444,13.11
2026-06-10T11:14:00,PCI_2,gNB-1,99.968,667,0,100.0,178.3,248.5,99.577,99.477,0.167,63,98.654,98.577,98.227,98.647,97.591,68.84,60.37,423.05,135.0,4.18541,99.236,13.17
2026-06-10T11:14:00,PCI_3,gNB-1,99.975,648,0,100.0,179.1,227.3,99.554,99.516,0.256,64,98.377,98.464,98.311,98.443,97.958,68.1,67.88,431.43,140.64,4.29047,99.601,15.53
2026-06-10T11:14:00,PCI_4,gNB-1,99.934,648,1,99.846,175.5,221.5,99.796,99.611,0.099,62,98.324,98.747,98.886,98.309,98.01,68.84,56.52,431.72,138.45,4.2763,99.242,14.35
2026-06-10T11:14:00,PCI_5,gNB-2,99.968,644,0,100.0,176.2,211.8,99.651,99.411,0.158,58,98.86,98.741,98.158,98.188,97.719,69.64,52.73,388.25,135.49,3.92804,98.913,10.83
2026-06-10T11:14:00,PCI_6,gNB-2,100.0,664,0,100.0,168.9,235.6,99.564,99.383,0.241,58,98.491,98.994,98.36,97.991,97.213,64.9,50.84,411.07,151.96,4.22274,98.664,14.28
2026-06-10T11:14:00,PCI_7,gNB-2,99.946,638,1,99.843,191.0,232.2,99.849,99.543,0.18,64,98.334,99.192,98.995,98.342,98.476,74.04,46.72,407.36,140.21,4.10673,99.298,17.06
2026-06-10T11:14:00,PCI_8,gNB-3,99.996,628,1,99.841,168.7,209.2,99.772,99.695,0.269,62,98.436,98.998,99.096,98.185,98.272,65.6,58.19,433.66,134.07,4.25803,99.101,12.54
2026-06-10T11:14:00,PCI_9,gNB-3,100.0,636,1,99.843,175.8,203.4,99.421,99.668,0.234,57,98.532,98.392,98.438,97.917,97.942,68.38,54.88,400.77,139.8,4.05425,99.323,12.4
2026-06-10T11:14:00,PCI_10,gNB-3,99.931,638,1,99.843,181.3,232.2,99.754,99.577,0.173,59,98.473,98.945,98.791,98.375,97.932,67.39,53.6,393.42,142.29,4.01787,99.038,13.22
2026-06-10T11:15:00,PCI_1,gNB-1,99.988,669,1,99.851,179.2,232.0,99.68,99.335,0.224,63,98.492,98.498,98.462,98.382,97.583,66.99,57.64,451.75,140.19,4.43958,98.436,13.25
2026-06-10T11:15:00,PCI_2,gNB-1,99.94,617,0,100.0,175.6,245.0,99.591,99.436,0.077,63,98.584,98.829,98.886,98.164,98.571,70.05,54.13,410.52,158.97,4.27117,99.227,13.95
2026-06-10T11:15:00,PCI_3,gNB-1,99.974,653,1,99.847,170.5,231.9,99.759,99.405,0.195,61,98.965,99.342,98.57,98.23,97.29,67.88,55.25,375.07,144.27,3.89501,99.205,13.07
2026-06-10T11:15:00,PCI_4,gNB-1,99.985,623,1,99.839,193.2,228.5,99.519,99.341,0.254,63,99.065,98.854,98.853,98.524,97.696,66.44,57.2,411.51,131.5,4.07255,99.313,11.43
2026-06-10T11:15:00,PCI_5,gNB-2,99.962,640,1,99.844,183.2,222.4,99.769,99.417,0.1,58,98.475,98.704,98.536,97.615,97.319,67.74,55.02,465.09,154.38,4.64606,98.925,14.49
2026-06-10T11:15:00,PCI_6,gNB-2,100.0,613,0,100.0,169.6,235.1,99.439,99.376,0.12,58,98.479,99.148,98.487,98.122,98.023,69.0,56.46,450.16,123.7,4.30397,99.468,13.71
2026-06-10T11:15:00,PCI_7,gNB-2,99.963,626,0,100.0,187.8,249.5,99.782,99.452,0.084,65,97.882,98.898,98.303,98.193,97.872,69.69,56.62,424.6,147.45,4.29034,99.264,15.61
2026-06-10T11:15:00,PCI_8,gNB-3,99.978,633,1,99.842,177.0,240.7,99.865,99.344,0.209,61,98.751,98.694,98.831,98.488,97.347,66.81,50.04,417.56,147.3,4.23641,99.221,14.18
2026-06-10T11:15:00,PCI_9,gNB-3,99.997,650,1,99.846,182.0,246.9,99.706,99.269,0.13,64,98.584,99.258,98.566,98.39,97.601,62.16,60.56,410.87,149.99,4.20648,99.216,11.16
2026-06-10T11:15:00,PCI_10,gNB-3,99.994,653,0,100.0,189.2,220.5,99.619,99.268,0.122,63,98.251,98.864,98.736,98.058,97.783,64.59,48.33,394.51,142.48,4.02743,99.29,14.73
2026-06-10T11:16:00,PCI_1,gNB-1,100.0,640,1,99.844,174.5,217.4,99.418,99.506,0.148,60,98.212,99.315,99.175,97.97,98.614,66.65,57.09,372.91,145.25,3.88618,99.452,13.11
2026-06-10T11:16:00,PCI_2,gNB-1,99.926,645,0,100.0,193.1,250.5,99.621,99.208,0.012,64,98.621,99.212,98.887,98.369,97.938,64.66,54.13,408.07,126.71,4.01085,99.454,12.43
2026-06-10T11:16:00,PCI_3,gNB-1,99.966,650,1,99.846,191.2,227.4,99.46,99.606,0.12,70,98.645,98.585,98.34,97.909,98.445,70.73,56.36,382.21,146.74,3.96712,98.275,13.27
2026-06-10T11:16:00,PCI_4,gNB-1,99.924,659,0,100.0,168.1,210.4,99.413,99.306,0.098,67,98.257,98.851,98.709,98.872,97.611,72.84,57.8,392.42,140.84,3.99945,99.681,10.02
2026-06-10T11:16:00,PCI_5,gNB-2,99.94,609,1,99.836,176.4,224.1,99.646,99.43,0.191,60,98.429,98.811,99.036,98.321,98.367,64.13,54.33,412.75,135.16,4.10929,99.057,10.47
2026-06-10T11:16:00,PCI_6,gNB-2,99.962,675,0,100.0,159.4,186.4,99.699,99.622,0.288,57,98.773,99.035,98.425,98.362,97.889,62.49,61.37,409.1,136.31,4.0906,99.089,14.69
2026-06-10T11:16:00,PCI_7,gNB-2,100.0,631,1,99.842,170.1,202.9,99.603,99.274,0.224,61,98.737,99.001,98.642,97.277,97.871,66.61,57.98,477.59,144.79,4.6678,99.837,13.05
2026-06-10T11:16:00,PCI_8,gNB-3,100.0,661,1,99.849,191.2,236.8,99.576,99.209,0.099,63,98.371,99.377,98.324,98.621,98.158,71.0,56.13,437.87,150.64,4.41375,98.925,10.87
2026-06-10T11:16:00,PCI_9,gNB-3,100.0,650,1,99.846,177.3,240.7,99.453,98.996,0.171,66,98.445,99.205,98.951,97.794,98.098,63.19,54.92,430.72,142.13,4.29632,99.179,14.91
2026-06-10T11:16:00,PCI_10,gNB-3,99.962,627,0,100.0,170.5,231.1,99.674,99.268,0.231,63,98.457,98.72,98.716,98.281,97.751,73.05,53.46,387.22,149.38,4.02446,98.808,14.89
2026-06-10T11:17:00,PCI_1,gNB-1,99.978,666,0,100.0,164.5,223.8,99.64,99.284,0.131,59,98.024,98.859,98.341,98.289,98.222,67.21,49.82,401.57,139.97,4.06156,99.28,13.93
2026-06-10T11:17:00,PCI_2,gNB-1,99.952,653,1,99.847,167.4,216.7,99.712,99.421,0.075,60,98.341,98.839,98.379,98.324,98.087,68.57,52.95,409.44,143.19,4.14474,99.084,9.03
2026-06-10T11:17:00,PCI_3,gNB-1,99.987,635,1,99.843,173.1,216.8,99.517,99.197,0.024,58,98.491,99.025,99.019,98.733,97.971,68.45,52.08,415.78,136.13,4.13934,99.055,13.21
2026-06-10T11:17:00,PCI_4,gNB-1,99.97,632,0,100.0,184.0,225.9,99.629,99.569,0.151,63,98.865,98.889,98.772,98.0,98.58,65.76,60.56,406.0,142.06,4.11042,98.837,11.38
2026-06-10T11:17:00,PCI_5,gNB-2,99.986,656,0,100.0,176.1,234.3,99.576,99.256,0.153,61,98.366,99.172,98.096,98.758,98.054,63.13,55.85,417.27,153.2,4.27851,99.399,12.96
2026-06-10T11:17:00,PCI_6,gNB-2,99.989,665,1,99.85,180.7,241.8,99.483,99.476,0.195,63,97.889,98.895,98.512,98.319,97.914,67.51,53.3,435.34,137.54,4.29654,99.237,11.97
2026-06-10T11:17:00,PCI_7,gNB-2,99.973,648,0,100.0,184.1,241.4,99.772,99.121,0.151,62,98.899,99.115,98.608,98.565,97.945,68.54,53.15,443.87,145.17,4.4178,99.52,12.05
2026-06-10T11:17:00,PCI_8,gNB-3,99.989,630,1,99.841,176.1,207.9,99.715,99.573,0.148,59,98.586,99.396,98.423,97.795,97.981,62.65,47.73,423.09,148.15,4.28433,99.4,13.77
2026-06-10T11:17:00,PCI_9,gNB-3,99.942,645,1,99.845,174.6,235.5,99.826,99.531,0.145,61,98.338,98.798,98.173,97.782,98.162,66.27,51.38,403.42,149.58,4.1475,99.548,13.17
2026-06-10T11:17:00,PCI_10,gNB-3,99.967,635,0,100.0,182.4,227.5,99.709,99.138,0.172,68,98.621,98.925,98.796,98.589,98.11,72.21,48.2,424.29,146.88,4.28378,99.299,13.21
2026-06-10T11:18:00,PCI_1,gNB-1,99.967,650,1,99.846,173.3,210.7,99.651,99.391,0.101,63,98.581,99.027,98.837,98.349,98.426,67.61,50.52,428.0,149.25,4.32934,99.401,14.14
2026-06-10T11:18:00,PCI_2,gNB-1,99.96,668,1,99.85,172.5,216.1,99.5,99.634,0.09,60,98.556,98.887,98.179,98.383,98.095,68.16,52.55,386.64,140.0,3.94982,98.762,15.78
2026-06-10T11:18:00,PCI_3,gNB-1,99.978,663,1,99.849,189.5,255.1,99.497,99.247,0.157,63,98.089,99.367,99.092,98.11,98.313,59.16,55.32,466.76,160.72,4.70607,99.393,14.95
2026-06-10T11:18:00,PCI_4,gNB-1,99.972,668,0,100.0,159.5,211.3,99.624,99.413,0.195,57,98.119,99.041,98.509,98.228,98.403,68.04,52.21,421.67,144.34,4.24506,99.225,14.56
2026-06-10T11:18:00,PCI_5,gNB-2,99.944,640,1,99.844,170.0,216.3,99.699,99.045,0.145,63,98.037,98.917,99.235,98.428,98.282,64.54,60.7,432.57,156.23,4.41597,98.976,12.52
2026-06-10T11:18:00,PCI_6,gNB-2,99.954,651,1,99.846,178.7,222.1,99.729,99.287,0.188,59,98.748,98.726,98.926,98.606,97.569,72.13,59.89,457.57,156.89,4.60849,99.386,14.41
2026-06-10T11:18:00,PCI_7,gNB-2,100.0,674,1,99.852,186.4,248.1,99.621,99.207,0.203,66,98.259,99.413,98.849,98.209,97.868,73.9,53.4,412.21,131.09,4.07477,99.176,12.57
2026-06-10T11:18:00,PCI_8,gNB-3,100.0,667,0,100.0,166.8,224.4,99.834,99.382,0.148,58,98.118,98.94,98.692,98.408,98.082,68.87,53.46,469.12,156.36,4.69111,99.425,13.84
2026-06-10T11:18:00,PCI_9,gNB-3,99.966,636,1,99.843,185.0,247.6,99.37,99.134,0.249,61,98.758,98.997,98.624,98.443,98.507,71.86,60.11,396.68,141.81,4.03864,99.533,13.5
2026-06-10T11:18:00,PCI_10,gNB-3,99.976,626,0,100.0,174.8,237.4,99.606,99.086,0.026,64,98.134,98.663,98.351,98.162,98.152,68.44,52.26,409.09,139.51,4.1145,99.158,12.38
2026-06-10T11:19:00,PCI_1,gNB-1,99.97,632,1,99.842,180.7,227.0,99.54,99.516,0.138,62,98.458,99.041,97.943,98.399,97.944,75.64,48.75,450.25,144.5,4.46062,99.124,13.49
2026-06-10T11:19:00,PCI_2,gNB-1,99.947,628,1,99.841,182.5,224.8,99.707,99.428,0.192,65,98.533,99.438,98.7,97.872,98.278,61.91,54.75,411.62,127.9,4.04636,98.787,16.38
2026-06-10T11:19:00,PCI_3,gNB-1,99.909,612,1,99.837,174.2,243.0,99.35,99.378,0.14,59,98.782,98.923,98.053,98.235,97.71,66.84,55.88,358.65,144.37,3.77265,99.22,11.43
2026-06-10T11:19:00,PCI_4,gNB-1,99.962,664,1,99.849,165.0,225.4,99.464,99.326,0.06,59,98.517,99.204,98.662,98.751,97.612,70.94,56.85,415.85,148.28,4.23101,99.111,11.17
2026-06-10T11:19:00,PCI_5,gNB-2,99.958,659,1,99.848,190.6,236.9,99.696,99.153,0.193,64,98.552,99.015,98.705,98.415,97.952,66.88,59.38,407.83,144.62,4.14337,99.332,12.04
2026-06-10T11:19:00,PCI_6,gNB-2,99.956,647,0,100.0,176.7,221.2,99.633,99.514,0.051,59,98.462,99.037,98.918,98.422,97.818,64.24,55.74,400.5,137.15,4.03236,99.39,12.22
2026-06-10T11:19:00,PCI_7,gNB-2,99.983,649,1,99.846,198.1,276.9,99.878,99.37,0.155,72,98.519,99.067,98.558,98.028,98.422,70.4,54.92,403.67,162.75,4.24816,99.099,10.27
2026-06-10T11:19:00,PCI_8,gNB-3,99.975,612,1,99.837,173.0,215.7,99.598,99.335,0.053,61,98.567,98.786,98.906,98.478,97.656,68.19,47.91,352.09,151.86,3.77965,99.189,15.02
2026-06-10T11:19:00,PCI_9,gNB-3,99.926,651,0,100.0,182.5,240.0,99.432,99.481,0.003,64,99.133,99.505,99.147,98.101,98.218,64.74,58.4,414.01,140.51,4.15892,99.29,14.84
2026-06-10T11:19:00,PCI_10,gNB-3,99.928,642,0,100.0,180.1,225.2,99.588,99.261,0.213,64,98.967,98.83,98.474,98.37,98.406,69.33,53.43,377.01,142.47,3.89605,99.264,14.93
2026-06-10T11:20:00,PCI_1,gNB-1,99.964,656,1,99.848,195.7,267.4,99.371,99.291,0.135,66,98.349,98.654,98.566,98.042,97.902,66.39,55.3,420.94,145.67,4.24956,99.147,11.28
2026-06-10T11:20:00,PCI_2,gNB-1,99.998,666,0,100.0,178.8,219.4,99.605,99.278,0.129,59,98.19,98.992,98.549,97.97,98.054,70.72,53.94,405.46,160.18,4.24228,99.229,12.49
2026-06-10T11:20:00,PCI_3,gNB-1,99.996,670,0,100.0,169.5,196.1,99.693,99.166,0.238,60,99.007,99.025,98.844,98.551,97.851,63.82,53.39,380.64,135.21,3.86881,99.174,13.84
2026-06-10T11:20:00,PCI_4,gNB-1,99.992,668,1,99.85,167.2,206.0,99.617,99.418,0.049,55,98.708,98.822,99.063,97.994,98.457,63.23,48.46,412.28,140.17,4.14337,99.006,14.07
2026-06-10T11:20:00,PCI_5,gNB-2,99.925,630,1,99.841,189.4,239.7,99.579,99.309,0.147,67,98.24,98.624,98.755,98.383,98.025,63.32,47.84,409.73,148.61,4.18749,99.432,12.49
2026-06-10T11:20:00,PCI_6,gNB-2,99.954,631,0,100.0,183.4,221.4,99.506,99.245,0.142,63,98.199,99.204,99.054,98.564,98.171,71.52,56.49,422.99,132.37,4.16519,99.242,14.02
2026-06-10T11:20:00,PCI_7,gNB-2,99.946,661,0,100.0,169.6,197.6,99.473,99.478,0.074,55,98.643,98.839,98.569,98.193,98.09,74.66,53.35,425.17,143.14,4.26233,99.616,13.58
2026-06-10T11:20:00,PCI_8,gNB-3,99.933,640,0,100.0,179.5,245.3,99.469,99.554,0.136,62,98.568,99.222,98.66,98.435,97.793,66.63,57.01,441.29,146.68,4.40979,99.64,12.19
2026-06-10T11:20:00,PCI_9,gNB-3,99.945,665,1,99.85,173.8,215.0,99.588,99.905,0.04,58,98.738,99.342,99.194,98.179,98.039,70.75,58.51,411.57,145.54,4.17832,98.821,15.05
2026-06-10T11:20:00,PCI_10,gNB-3,99.957,658,0,100.0,182.0,249.7,99.717,99.546,0.089,63,98.592,98.787,98.823,98.662,98.466,67.67,42.86,441.18,152.55,4.45298,99.206,13.6
2026-06-10T11:21:00,PCI_1,gNB-1,100.0,638,0,100.0,190.0,243.2,99.469,99.105,0.203,68,98.916,98.953,98.565,98.149,98.396,76.37,51.77,412.62,144.36,4.17731,99.404,12.34
2026-06-10T11:21:00,PCI_2,gNB-1,99.953,659,1,99.848,187.4,240.9,99.503,99.716,0.152,63,98.447,98.778,98.988,98.105,98.343,72.2,54.84,472.11,147.57,4.64762,99.337,14.82
2026-06-10T11:21:00,PCI_3,gNB-1,99.971,633,1,99.842,173.6,235.1,99.471,99.596,0.291,61,98.52,99.121,98.973,98.352,97.866,72.17,53.4,405.52,140.86,4.0978,99.074,13.14
2026-06-10T11:21:00,PCI_4,gNB-1,99.98,659,0,100.0,179.4,220.4,99.623,99.656,0.129,58,98.804,99.141,98.875,97.647,97.657,70.36,54.46,416.29,155.12,4.28562,98.953,12.67
2026-06-10T11:21:00,PCI_5,gNB-2,99.969,638,0,100.0,177.9,218.8,99.576,99.629,0.068,60,98.332,98.94,98.856,98.811,98.5,79.26,48.84,405.51,166.53,4.29027,99.274,13.9
2026-06-10T11:21:00,PCI_6,gNB-2,99.965,645,1,99.845,181.0,209.3,99.636,99.428,0.203,65,98.646,99.003,98.84,98.321,97.674,69.58,49.51,425.77,141.13,4.25173,99.64,14.4
2026-06-10T11:21:00,PCI_7,gNB-2,99.973,646,0,100.0,172.9,213.3,99.835,99.57,0.135,63,98.476,98.601,98.478,98.697,98.007,67.26,60.83,439.05,153.26,4.44233,99.338,11.67
2026-06-10T11:21:00,PCI_8,gNB-3,99.919,629,1,99.841,173.6,204.6,99.428,99.204,0.229,55,98.482,99.074,99.523,98.428,98.175,68.59,54.35,404.55,150.2,4.16061,99.128,13.01
2026-06-10T11:21:00,PCI_9,gNB-3,100.0,660,0,100.0,177.4,243.7,99.817,98.89,0.218,61,98.399,99.147,98.957,97.919,98.461,66.11,60.87,419.22,170.59,4.42363,98.913,13.76
2026-06-10T11:21:00,PCI_10,gNB-3,100.0,640,1,99.844,161.3,195.3,99.393,99.34,0.044,57,98.396,98.275,98.878,98.648,98.262,71.66,52.87,410.94,146.5,4.18086,99.245,14.52
2026-06-10T11:22:00,PCI_1,gNB-1,99.947,669,1,99.851,159.1,216.3,99.636,99.155,0.283,54,98.405,99.09,98.497,98.229,98.451,73.36,62.18,459.96,157.07,4.62772,98.759,13.14
2026-06-10T11:22:00,PCI_2,gNB-1,99.997,649,1,99.846,184.1,243.3,99.774,99.556,0.248,60,98.2,99.052,98.904,97.825,97.3,72.27,53.59,437.91,153.14,4.43292,99.312,12.08
2026-06-10T11:22:00,PCI_3,gNB-1,99.954,645,1,99.845,167.5,215.1,99.592,99.328,0.196,59,98.532,99.087,98.438,98.396,97.624,64.09,55.1,428.49,139.59,4.26063,98.934,11.54
2026-06-10T11:22:00,PCI_4,gNB-1,99.973,640,0,100.0,168.9,221.3,99.754,99.443,0.149,63,98.853,99.302,98.562,98.519,98.235,66.12,58.43,428.34,142.07,4.27811,99.243,13.77
2026-06-10T11:22:00,PCI_5,gNB-2,99.937,649,0,100.0,177.3,226.5,99.303,99.52,0.141,64,98.591,98.923,98.131,98.182,97.546,65.42,52.35,408.23,149.63,4.18398,99.333,13.42
2026-06-10T11:22:00,PCI_6,gNB-2,99.929,641,0,100.0,193.1,242.6,99.491,99.259,0.137,69,98.275,98.854,98.532,98.757,97.985,73.05,59.17,419.73,148.55,4.26209,99.134,12.84
2026-06-10T11:22:00,PCI_7,gNB-2,100.0,638,0,100.0,184.7,254.8,99.45,99.464,0.104,63,98.207,99.192,98.562,98.374,97.611,66.33,42.27,435.61,163.03,4.4898,98.71,15.77
2026-06-10T11:22:00,PCI_8,gNB-3,99.963,664,0,100.0,175.7,221.0,99.528,99.141,0.102,62,98.452,98.942,98.714,98.887,98.133,70.45,50.72,409.44,154.59,4.23023,99.32,14.18
2026-06-10T11:22:00,PCI_9,gNB-3,99.949,629,1,99.841,176.3,212.2,99.44,99.271,0.28,60,98.332,99.212,98.499,98.279,97.889,71.16,53.51,427.68,137.45,4.23841,99.086,13.38
2026-06-10T11:22:00,PCI_10,gNB-3,99.958,659,0,100.0,162.1,196.2,99.535,99.569,0.192,56,98.636,99.116,98.436,98.54,97.63,73.35,52.26,430.48,144.94,4.31567,99.358,12.77
2026-06-10T11:23:00,PCI_1,gNB-1,99.95,647,1,99.845,189.2,233.6,99.171,99.36,0.114,66,98.507,98.88,98.624,98.253,97.685,64.33,50.56,385.62,145.2,3.98113,99.413,15.11
2026-06-10T11:23:00,PCI_2,gNB-1,99.979,657,1,99.848,178.9,242.1,99.843,99.298,0.104,59,98.165,99.185,99.125,98.074,97.545,65.79,48.69,415.2,157.41,4.29459,98.94,13.16
2026-06-10T11:23:00,PCI_3,gNB-1,99.918,629,0,100.0,168.6,227.2,99.616,99.355,0.0,56,98.512,98.814,98.861,98.361,98.151,68.6,57.49,408.74,142.68,4.13564,99.347,11.5
2026-06-10T11:23:00,PCI_4,gNB-1,99.96,660,0,100.0,184.1,250.8,99.605,99.037,0.109,57,98.401,99.028,99.133,98.818,98.042,74.11,57.87,407.96,141.24,4.11899,98.769,12.81
2026-06-10T11:23:00,PCI_5,gNB-2,99.977,638,1,99.843,174.3,226.5,99.369,99.592,0.102,59,98.59,98.462,98.512,98.471,97.466,62.65,44.3,406.75,133.34,4.05066,99.079,12.18
2026-06-10T11:23:00,PCI_6,gNB-2,99.993,670,1,99.851,172.8,227.3,99.822,99.304,0.075,55,98.561,98.644,98.417,98.478,97.997,69.03,56.29,399.85,136.2,4.02034,99.055,11.7
2026-06-10T11:23:00,PCI_7,gNB-2,99.961,658,1,99.848,181.3,233.0,99.549,99.56,0.035,63,98.815,98.759,98.645,98.284,97.881,71.66,55.92,422.49,143.42,4.24432,98.9,14.16
2026-06-10T11:23:00,PCI_8,gNB-3,99.959,641,1,99.844,193.5,231.5,99.727,99.172,0.073,72,98.145,99.001,99.149,97.734,97.902,69.23,52.2,437.03,148.18,4.38906,99.128,13.91
2026-06-10T11:23:00,PCI_9,gNB-3,99.943,624,1,99.84,192.9,238.9,99.626,99.109,0.095,69,98.549,99.282,98.569,97.771,97.455,69.85,57.51,417.57,148.85,4.24818,99.243,14.41
2026-06-10T11:23:00,PCI_10,gNB-3,99.904,637,1,99.843,179.7,223.7,99.375,99.411,0.183,60,98.563,98.722,98.74,97.937,98.022,62.68,48.2,441.74,145.94,4.40757,98.999,14.68
2026-06-10T11:24:00,PCI_1,gNB-1,99.989,663,1,99.849,175.9,224.5,99.762,99.506,0.15,62,98.855,98.79,98.885,97.876,98.508,71.11,52.42,435.89,142.83,4.34042,99.256,11.67
2026-06-10T11:24:00,PCI_2,gNB-1,99.985,657,0,100.0,183.2,246.7,99.627,99.491,0.097,62,99.019,98.846,98.725,97.998,97.508,73.49,59.14,394.64,129.05,3.92765,98.977,16.64
2026-06-10T11:24:00,PCI_3,gNB-1,99.993,654,0,100.0,180.2,208.5,99.748,99.451,0.23,61,98.965,99.047,98.567,97.989,97.737,70.56,58.38,407.02,141.4,4.11319,99.666,13.44
2026-06-10T11:24:00,PCI_4,gNB-1,100.0,652,1,99.847,176.2,213.2,99.503,99.226,0.103,58,98.012,99.004,98.798,98.324,98.446,73.28,54.15,432.01,149.58,4.36195,99.425,12.56
2026-06-10T11:24:00,PCI_5,gNB-2,99.97,654,0,100.0,173.4,227.1,99.423,99.394,0.118,58,98.733,98.882,98.78,97.974,97.481,77.08,57.48,434.28,139.18,4.30094,99.308,13.4
2026-06-10T11:24:00,PCI_6,gNB-2,99.936,670,0,100.0,185.8,235.8,99.489,99.429,0.065,63,98.223,99.127,99.026,98.357,98.338,68.07,55.48,433.48,142.91,4.32292,99.344,12.45
2026-06-10T11:24:00,PCI_7,gNB-2,99.964,659,0,100.0,192.1,250.3,99.683,99.7,0.198,66,97.931,99.173,98.19,98.579,97.589,68.36,48.47,424.17,158.02,4.36644,99.25,13.27
2026-06-10T11:24:00,PCI_8,gNB-3,99.894,642,1,99.844,167.2,200.2,99.574,99.1,0.025,57,97.977,99.398,98.951,98.732,98.488,72.76,51.5,440.62,151.89,4.44383,99.267,12.33
2026-06-10T11:24:00,PCI_9,gNB-3,99.998,662,1,99.849,186.6,254.2,99.444,99.122,0.143,66,98.467,99.381,99.044,98.487,98.392,66.5,56.01,458.86,141.23,4.50063,99.435,15.93
2026-06-10T11:24:00,PCI_10,gNB-3,99.959,690,1,99.855,180.3,237.7,99.788,99.458,0.156,67,98.293,99.101,99.043,97.768,98.196,72.3,49.44,462.84,150.32,4.59877,99.09,13.46
2026-06-10T11:25:00,PCI_1,gNB-1,99.976,667,1,99.85,182.9,229.9,99.537,99.414,0.157,62,98.951,98.489,98.858,98.789,97.791,76.81,53.76,443.97,150.72,4.46017,98.966,13.96
2026-06-10T11:25:00,PCI_2,gNB-1,99.975,672,1,99.851,178.9,215.8,99.938,99.558,0.146,63,98.556,98.895,98.254,98.104,98.597,74.29,57.43,437.85,161.78,4.4972,99.564,13.21
2026-06-10T11:25:00,PCI_3,gNB-1,99.931,666,0,100.0,184.6,231.9,99.658,99.482,0.184,65,98.57,99.051,98.664,98.412,97.884,69.27,54.74,433.31,148.58,4.3642,99.012,15.32
2026-06-10T11:25:00,PCI_4,gNB-1,99.97,652,0,100.0,180.2,210.1,99.668,99.699,0.04,64,98.745,99.068,98.206,98.595,98.268,64.24,57.7,382.73,152.39,4.01339,99.225,13.27
2026-06-10T11:25:00,PCI_5,gNB-2,99.999,646,1,99.845,185.8,236.4,99.695,99.435,0.245,66,99.148,99.471,98.639,98.537,97.771,71.38,56.87,419.06,156.46,4.3164,99.1,13.99
2026-06-10T11:25:00,PCI_6,gNB-2,100.0,651,1,99.846,180.4,221.4,99.82,99.502,0.212,62,98.231,99.135,98.508,98.377,97.711,64.79,58.35,420.65,144.43,4.23814,99.462,10.15
2026-06-10T11:25:00,PCI_7,gNB-2,99.969,655,1,99.847,169.9,219.8,99.648,99.094,0.205,59,98.559,98.859,98.607,98.481,98.212,65.2,51.55,411.75,160.31,4.29042,99.073,15.26
2026-06-10T11:25:00,PCI_8,gNB-3,99.972,681,1,99.853,183.6,234.1,99.735,99.662,0.118,65,98.114,98.724,98.551,98.737,98.143,67.8,62.57,401.88,142.84,4.0854,99.125,13.04
2026-06-10T11:25:00,PCI_9,gNB-3,99.965,649,1,99.846,179.8,213.0,99.504,99.277,0.191,62,98.515,98.879,98.203,98.172,97.071,69.47,59.08,399.21,136.13,4.01502,98.962,13.66
2026-06-10T11:25:00,PCI_10,gNB-3,99.981,652,1,99.847,181.3,238.0,99.607,99.507,0.2,63,98.163,99.152,98.829,98.324,98.375,64.32,55.16,443.99,142.16,4.39615,99.221,13.16
2026-06-10T11:26:00,PCI_1,gNB-1,99.93,643,1,99.844,169.8,227.2,99.501,99.592,0.047,56,98.607,98.684,98.466,98.128,98.102,71.24,47.82,427.45,160.05,4.40624,99.52,14.12
2026-06-10T11:26:00,PCI_2,gNB-1,99.966,670,1,99.851,182.3,245.3,99.578,99.564,0.158,62,98.314,98.915,98.479,97.957,98.346,74.8,55.57,394.86,142.65,4.03135,99.179,11.78
2026-06-10T11:26:00,PCI_3,gNB-1,100.0,660,0,100.0,167.9,221.7,99.646,99.547,0.113,57,99.036,99.189,99.022,98.578,97.76,69.93,46.57,456.49,130.32,4.40102,99.311,12.74
2026-06-10T11:26:00,PCI_4,gNB-1,99.933,665,1,99.85,180.4,242.2,99.655,99.447,0.208,66,98.264,99.357,98.362,98.527,97.711,76.88,56.65,447.07,163.78,4.58134,99.499,15.87
2026-06-10T11:26:00,PCI_5,gNB-2,99.968,647,1,99.845,178.6,212.3,99.541,99.209,0.259,66,98.543,99.326,98.418,99.286,97.891,74.64,53.32,438.94,156.15,4.46316,99.541,12.54
2026-06-10T11:26:00,PCI_6,gNB-2,99.998,653,1,99.847,179.9,249.9,99.352,98.934,0.037,64,98.161,98.884,98.491,97.962,97.711,71.11,53.71,443.79,148.38,4.44122,98.834,12.82
2026-06-10T11:26:00,PCI_7,gNB-2,99.982,681,0,100.0,185.0,239.1,99.954,99.36,0.221,61,98.847,99.204,98.256,98.123,97.92,70.64,55.89,435.07,151.23,4.39728,98.94,11.48
2026-06-10T11:26:00,PCI_8,gNB-3,99.956,640,0,100.0,180.2,227.0,99.629,99.703,0.209,60,99.028,98.908,99.075,98.425,97.839,62.57,57.49,423.77,166.52,4.42718,99.077,13.48
2026-06-10T11:26:00,PCI_9,gNB-3,99.965,646,1,99.845,191.4,255.1,99.525,99.338,0.093,69,98.525,98.909,98.772,98.426,97.93,68.71,57.71,442.21,142.14,4.38261,99.37,10.75
2026-06-10T11:26:00,PCI_10,gNB-3,99.986,673,1,99.851,186.9,216.9,99.979,99.722,0.171,65,97.887,99.224,98.492,98.423,97.549,66.36,59.37,443.49,171.27,4.61077,99.445,16.24
2026-06-10T11:27:00,PCI_1,gNB-1,99.969,657,1,99.848,182.4,223.3,99.956,99.439,0.087,64,98.009,99.129,97.955,97.654,98.178,71.98,52.55,425.84,151.47,4.32986,99.348,11.86
2026-06-10T11:27:00,PCI_2,gNB-1,99.987,630,0,100.0,175.8,235.2,99.723,99.366,0.128,61,98.443,98.899,99.055,98.382,98.306,63.39,51.76,415.57,141.69,4.17942,99.204,13.16
2026-06-10T11:27:00,PCI_3,gNB-1,99.989,682,1,99.853,183.0,219.9,99.812,99.187,0.164,63,98.698,99.343,98.497,98.21,98.161,71.74,48.27,500.58,144.97,4.8416,99.105,13.55
2026-06-10T11:27:00,PCI_4,gNB-1,99.987,658,1,99.848,182.2,220.9,99.535,99.481,0.262,64,98.853,99.018,99.176,98.246,97.247,66.79,54.63,424.81,152.39,4.329,99.118,11.8
2026-06-10T11:27:00,PCI_5,gNB-2,99.95,653,0,100.0,183.3,235.1,99.58,99.298,0.218,63,98.182,99.144,98.673,98.222,98.279,64.09,57.56,431.09,148.11,4.34404,99.213,12.44
2026-06-10T11:27:00,PCI_6,gNB-2,99.93,660,0,100.0,189.5,252.3,99.742,99.764,0.055,70,98.636,98.982,98.711,98.607,97.443,73.33,57.1,452.06,130.95,4.37254,98.572,14.21
2026-06-10T11:27:00,PCI_7,gNB-2,99.939,664,0,100.0,171.5,232.9,99.747,99.399,0.06,61,98.129,99.123,98.342,98.301,98.278,65.6,57.04,399.07,154.31,4.15036,99.004,13.4
2026-06-10T11:27:00,PCI_8,gNB-3,100.0,672,0,100.0,177.6,216.8,99.545,99.207,0.057,64,98.017,99.371,98.451,98.073,97.794,65.38,54.93,416.04,135.91,4.13961,99.206,12.67
2026-06-10T11:27:00,PCI_9,gNB-3,99.951,675,0,100.0,182.0,244.5,99.518,99.275,0.158,63,98.115,98.989,98.659,98.461,97.869,63.29,54.56,435.2,137.79,4.29744,99.202,13.93
2026-06-10T11:27:00,PCI_10,gNB-3,99.976,637,0,100.0,197.7,258.2,99.486,99.769,0.112,66,98.127,99.038,98.595,98.169,98.311,68.46,62.83,421.41,146.06,4.25597,99.027,15.55
2026-06-10T11:28:00,PCI_1,gNB-1,99.962,675,0,100.0,181.8,233.8,99.351,99.481,0.19,60,98.664,98.798,98.549,98.153,98.32,66.58,53.94,434.4,142.96,4.3302,99.405,12.37
2026-06-10T11:28:00,PCI_2,gNB-1,99.968,659,1,99.848,183.4,216.5,99.474,99.588,0.322,65,98.565,98.969,98.759,98.516,98.239,66.75,59.17,428.43,136.93,4.24019,98.752,14.44
2026-06-10T11:28:00,PCI_3,gNB-1,99.963,667,0,100.0,191.1,258.5,99.369,99.223,0.225,71,98.558,98.869,99.139,98.68,97.151,69.78,57.67,424.08,163.38,4.40592,99.06,14.74
2026-06-10T11:28:00,PCI_4,gNB-1,99.951,661,1,99.849,188.7,227.3,99.785,99.509,0.27,62,98.303,99.125,98.664,97.698,97.495,61.33,54.79,436.08,121.1,4.17887,99.212,14.69
2026-06-10T11:28:00,PCI_5,gNB-2,99.951,649,1,99.846,162.9,218.8,99.729,99.406,0.2,61,98.416,99.165,98.766,98.345,98.33,77.32,52.96,457.25,137.97,4.46415,99.397,15.23
2026-06-10T11:28:00,PCI_6,gNB-2,99.931,630,0,100.0,175.3,232.8,99.856,99.58,0.198,58,98.363,99.115,98.415,98.621,97.628,70.55,54.57,436.62,130.75,4.25521,99.259,12.32
2026-06-10T11:28:00,PCI_7,gNB-2,99.94,652,1,99.847,186.8,237.5,99.695,99.704,0.129,64,98.417,99.098,98.741,98.029,98.17,69.43,51.81,433.95,151.07,4.38761,99.079,15.29
2026-06-10T11:28:00,PCI_8,gNB-3,99.987,638,1,99.843,164.7,213.9,99.662,99.333,0.143,52,98.084,98.609,98.5,98.076,98.252,68.88,58.33,425.24,132.73,4.18479,99.286,10.44
2026-06-10T11:28:00,PCI_9,gNB-3,99.957,672,1,99.851,192.8,247.5,99.584,99.409,0.131,71,98.503,99.288,98.977,98.118,98.129,69.06,62.43,414.67,146.56,4.20926,99.198,11.24
2026-06-10T11:28:00,PCI_10,gNB-3,99.97,660,0,100.0,189.2,238.2,99.857,99.558,0.15,66,97.996,98.569,99.124,98.428,97.812,68.07,60.39,447.51,144.01,4.4364,98.985,14.35
2026-06-10T11:29:00,PCI_1,gNB-1,100.0,664,0,100.0,179.4,249.7,99.712,99.308,0.204,64,97.917,98.943,98.827,98.551,97.953,72.24,50.38,455.75,161.78,4.63151,99.045,13.26
2026-06-10T11:29:00,PCI_2,gNB-1,99.936,651,0,100.0,190.6,230.0,99.235,99.139,0.323,61,98.305,99.087,98.19,98.022,97.915,75.22,52.86,458.46,143.88,4.51756,99.283,14.54
2026-06-10T11:29:00,PCI_3,gNB-1,99.947,666,1,99.85,195.1,244.2,99.8,99.594,0.126,70,98.485,99.394,98.319,98.691,97.914,72.16,57.82,384.86,141.55,3.94809,99.042,15.94
2026-06-10T11:29:00,PCI_4,gNB-1,99.984,670,0,100.0,186.0,253.8,99.451,99.443,0.143,62,98.658,98.994,98.814,98.745,97.818,70.19,49.61,416.42,150.79,4.25403,99.813,13.44
2026-06-10T11:29:00,PCI_5,gNB-2,99.942,650,0,100.0,181.1,219.6,99.551,99.618,0.146,61,99.064,98.637,98.981,98.439,97.972,67.92,52.78,393.35,154.56,4.10931,99.654,11.39
2026-06-10T11:29:00,PCI_6,gNB-2,99.961,658,0,100.0,188.5,243.0,99.338,99.407,0.111,65,98.146,99.003,99.053,98.291,98.345,63.95,59.44,413.77,149.59,4.22522,98.808,14.62
2026-06-10T11:29:00,PCI_7,gNB-2,99.88,672,0,100.0,174.0,238.0,99.789,99.423,0.123,62,98.584,98.791,98.317,98.526,97.729,65.79,55.87,428.69,140.2,4.26671,99.034,13.43
2026-06-10T11:29:00,PCI_8,gNB-3,99.892,649,1,99.846,187.5,234.2,99.671,99.5,0.079,68,98.454,99.026,98.179,98.2,98.163,67.41,59.66,403.88,141.14,4.08767,98.904,11.54
2026-06-10T11:29:00,PCI_9,gNB-3,99.937,642,0,100.0,185.6,239.1,99.803,99.274,0.094,62,98.773,99.109,98.597,98.199,97.811,71.3,58.02,444.02,152.89,4.47677,99.304,12.39
2026-06-10T11:29:00,PCI_10,gNB-3,99.973,646,1,99.845,198.1,248.0,99.753,99.29,0.212,69,98.823,98.636,99.135,98.408,97.736,71.13,51.69,448.98,156.49,4.54106,99.087,12.73
2026-06-10T11:30:00,PCI_1,gNB-1,99.94,659,1,99.848,176.6,233.7,99.552,99.63,0.243,66,98.061,99.521,97.86,98.34,98.013,69.94,64.97,459.03,157.65,4.62507,99.024,16.84
2026-06-10T11:30:00,PCI_2,gNB-1,99.965,672,1,99.851,188.6,218.9,99.716,99.214,0.205,66,98.814,98.957,99.002,98.011,98.356,74.53,51.48,410.52,138.34,4.11644,99.158,10.36
2026-06-10T11:30:00,PCI_3,gNB-1,99.994,650,0,100.0,181.6,231.0,99.697,99.451,0.185,66,98.602,98.873,99.024,98.515,97.257,66.6,56.85,468.16,157.0,4.68869,99.247,13.86
2026-06-10T11:30:00,PCI_4,gNB-1,99.938,661,1,99.849,175.2,220.7,99.444,99.293,0.153,64,97.782,99.279,98.434,98.317,98.614,67.18,46.14,469.57,147.22,4.62593,99.154,14.35
2026-06-10T11:30:00,PCI_5,gNB-2,100.0,646,0,100.0,182.2,223.0,99.581,99.495,0.093,62,98.582,98.572,99.194,98.833,97.969,72.46,57.98,392.58,143.19,4.01832,99.235,12.59
2026-06-10T11:30:00,PCI_6,gNB-2,99.958,666,0,100.0,171.7,232.6,99.509,99.648,0.055,59,98.62,98.825,98.437,98.14,97.585,59.33,49.15,455.4,135.59,4.4324,99.421,10.21
2026-06-10T11:30:00,PCI_7,gNB-2,99.985,640,0,100.0,186.6,241.5,99.601,98.848,0.035,68,98.674,98.855,98.652,98.332,97.985,69.26,55.72,434.62,159.82,4.45833,99.082,9.89
2026-06-10T11:30:00,PCI_8,gNB-3,99.988,687,1,99.854,183.7,228.2,99.992,99.081,0.179,65,98.219,99.113,98.715,98.007,97.934,78.54,55.66,420.12,158.89,4.34254,99.267,14.38
2026-06-10T11:30:00,PCI_9,gNB-3,99.956,658,0,100.0,175.4,214.9,99.509,99.779,0.226,66,98.722,99.319,98.515,97.775,98.557,70.66,56.17,366.9,168.8,4.01779,99.234,13.82
2026-06-10T11:30:00,PCI_10,gNB-3,100.0,674,0,100.0,156.7,201.5,99.685,99.488,0.044,56,98.414,98.286,98.909,98.008,97.649,70.46,46.93,443.54,156.39,4.49946,99.06,15.2
2026-06-10T11:31:00,PCI_1,gNB-1,99.983,637,1,99.843,182.6,246.5,99.411,99.214,0.142,65,98.539,99.28,98.918,98.452,97.917,65.12,64.1,405.19,144.29,4.12108,99.284,12.0
2026-06-10T11:31:00,PCI_2,gNB-1,99.965,653,0,100.0,197.9,234.9,99.615,99.636,0.181,71,98.108,98.834,99.021,98.181,97.876,77.7,54.48,459.64,150.71,4.57764,99.202,13.92
2026-06-10T11:31:00,PCI_3,gNB-1,99.959,646,1,99.845,182.6,237.2,99.641,99.328,0.0,63,98.737,98.926,98.752,97.697,98.177,68.88,50.17,465.19,152.82,4.63507,99.2,13.15
2026-06-10T11:31:00,PCI_4,gNB-1,99.969,659,0,100.0,181.3,213.4,99.827,99.463,0.197,66,98.499,99.141,98.796,98.156,97.784,81.6,55.23,448.81,145.25,4.45541,99.005,10.44
2026-06-10T11:31:00,PCI_5,gNB-2,99.99,690,0,100.0,175.3,239.4,99.674,99.436,0.057,61,98.866,98.989,99.228,98.423,97.919,70.11,61.63,388.4,143.46,3.9889,98.906,13.72
2026-06-10T11:31:00,PCI_6,gNB-2,99.97,664,1,99.849,185.9,253.6,99.754,99.299,0.264,63,98.981,99.298,98.805,97.626,97.94,72.27,52.64,458.28,142.42,4.50525,99.057,17.1
2026-06-10T11:31:00,PCI_7,gNB-2,100.0,651,0,100.0,191.3,230.9,99.582,99.473,0.143,68,98.155,99.344,98.935,98.758,98.397,74.38,54.5,446.51,142.24,4.41561,99.336,11.92
2026-06-10T11:31:00,PCI_8,gNB-3,99.968,681,0,100.0,180.1,210.0,99.339,99.378,0.032,59,98.188,99.061,98.93,98.477,97.757,72.43,61.93,393.57,163.74,4.17987,99.396,13.24
2026-06-10T11:31:00,PCI_9,gNB-3,99.972,654,1,99.847,205.5,255.4,99.606,99.362,0.045,71,98.425,99.43,98.659,98.592,97.901,67.4,58.5,409.86,148.46,4.18738,99.229,12.76
2026-06-10T11:31:00,PCI_10,gNB-3,100.0,696,1,99.856,174.4,243.4,99.439,99.106,0.089,62,98.738,98.882,98.812,97.906,98.316,71.41,54.83,426.03,158.86,4.38668,99.209,12.59
2026-06-10T11:32:00,PCI_1,gNB-1,99.983,645,1,99.845,190.2,234.8,99.376,99.097,0.149,66,98.18,99.065,98.282,97.716,98.002,60.76,53.94,443.55,135.96,4.34629,98.627,13.82
2026-06-10T11:32:00,PCI_2,gNB-1,99.933,693,0,100.0,181.6,241.4,99.741,99.658,0.121,64,98.897,98.996,99.177,98.699,97.946,67.75,53.16,404.43,163.68,4.26081,99.104,12.24
2026-06-10T11:32:00,PCI_3,gNB-1,99.947,654,0,100.0,186.0,247.8,99.636,99.506,0.197,68,98.638,99.611,98.483,98.648,97.719,67.72,62.83,454.68,143.27,4.48468,99.328,10.81
2026-06-10T11:32:00,PCI_4,gNB-1,99.974,652,0,100.0,187.7,232.9,99.576,99.67,0.19,63,98.359,99.092,98.28,98.45,98.168,75.45,56.24,433.82,134.58,4.26301,99.262,14.91
2026-06-10T11:32:00,PCI_5,gNB-2,99.967,661,1,99.849,177.7,238.0,99.384,99.534,0.128,63,98.416,98.984,98.327,98.906,98.371,70.58,51.58,479.57,152.73,4.74227,99.15,12.41
2026-06-10T11:32:00,PCI_6,gNB-2,99.943,683,1,99.854,182.2,249.7,99.687,99.623,0.156,64,98.606,98.81,98.682,97.93,98.07,69.84,56.43,414.13,167.8,4.36445,99.475,13.02
2026-06-10T11:32:00,PCI_7,gNB-2,100.0,663,0,100.0,183.1,213.4,99.428,99.244,0.153,58,99.2,99.22,98.787,98.586,98.065,69.65,57.54,433.67,157.53,4.43401,99.201,15.19
2026-06-10T11:32:00,PCI_8,gNB-3,99.931,674,1,99.852,173.4,239.6,99.436,99.377,0.218,55,98.612,98.561,98.561,98.511,97.802,75.12,56.49,424.94,148.71,4.30235,99.169,13.92
2026-06-10T11:32:00,PCI_9,gNB-3,99.984,661,0,100.0,184.0,237.8,99.612,99.778,0.292,63,98.529,99.185,98.553,98.317,97.787,72.89,52.04,483.84,140.89,4.68546,99.201,15.7
2026-06-10T11:32:00,PCI_10,gNB-3,99.957,628,0,100.0,183.8,243.0,99.339,99.879,0.036,68,98.142,98.698,98.967,98.103,98.747,75.93,57.81,418.81,145.53,4.23253,99.318,14.03
2026-06-10T11:33:00,PCI_1,gNB-1,99.976,666,1,99.85,192.1,266.2,99.596,99.583,0.192,59,98.717,98.875,99.035,98.186,97.631,82.27,51.96,395.94,149.73,4.09254,99.42,14.27
2026-06-10T11:33:00,PCI_2,gNB-1,99.956,649,0,100.0,169.8,228.2,99.369,99.454,0.151,60,98.186,98.784,98.044,98.043,97.601,68.37,51.6,438.84,149.29,4.41103,99.404,14.9
2026-06-10T11:33:00,PCI_3,gNB-1,99.976,679,0,100.0,170.9,201.6,99.457,99.385,0.25,58,98.812,98.845,98.535,98.66,97.903,74.43,62.12,449.44,154.07,4.52634,99.049,12.51
2026-06-10T11:33:00,PCI_4,gNB-1,99.956,673,1,99.851,180.0,246.8,99.74,99.379,0.079,63,98.251,98.839,98.824,99.03,98.769,64.66,65.77,392.62,145.48,4.03574,99.044,15.49
2026-06-10T11:33:00,PCI_5,gNB-2,99.95,680,0,100.0,182.3,240.5,99.573,99.27,0.307,68,98.848,99.637,98.661,98.07,97.713,63.76,54.7,439.08,140.68,4.34818,99.261,13.68
2026-06-10T11:33:00,PCI_6,gNB-2,99.973,647,1,99.845,182.5,236.4,99.357,99.738,0.212,62,98.27,99.186,98.533,98.388,97.191,70.98,59.48,461.12,153.18,4.60728,99.412,13.99
2026-06-10T11:33:00,PCI_7,gNB-2,99.922,660,1,99.848,175.3,202.5,99.297,99.644,0.211,57,98.766,98.915,99.191,98.1,98.422,64.62,51.21,375.04,150.61,3.94236,98.891,15.65
2026-06-10T11:33:00,PCI_8,gNB-3,99.984,675,1,99.852,177.5,232.3,99.944,99.306,0.224,64,98.605,98.51,98.533,98.393,98.375,66.81,47.96,387.92,148.95,4.02652,98.971,14.44
2026-06-10T11:33:00,PCI_9,gNB-3,100.0,659,0,100.0,183.5,218.4,99.598,99.536,0.101,66,98.707,98.971,98.668,98.087,97.837,66.5,60.67,434.81,138.59,4.30053,99.143,15.48
2026-06-10T11:33:00,PCI_10,gNB-3,100.0,684,1,99.854,189.5,262.9,99.883,99.808,0.058,67,98.085,99.047,98.492,97.968,98.348,70.56,59.88,444.16,139.94,4.38071,99.017,15.06
2026-06-10T11:34:00,PCI_1,gNB-1,100.0,659,1,99.848,189.0,221.6,99.691,99.684,0.111,65,97.997,99.057,98.306,98.399,97.82,65.83,54.3,417.79,139.58,4.18032,99.606,11.9
2026-06-10T11:34:00,PCI_2,gNB-1,99.974,687,1,99.854,180.0,225.6,99.393,99.134,0.054,61,98.543,99.221,98.296,98.567,97.643,80.22,61.27,484.49,152.17,4.77493,98.964,11.04
2026-06-10T11:34:00,PCI_3,gNB-1,99.985,641,0,100.0,189.3,258.9,99.772,99.419,0.172,68,98.234,98.976,98.372,98.45,97.696,75.46,60.17,414.39,148.27,4.21996,99.167,15.54
2026-06-10T11:34:00,PCI_4,gNB-1,99.997,669,1,99.851,184.9,231.0,99.598,99.483,0.069,69,98.183,98.608,98.994,98.689,98.03,67.11,46.85,454.1,141.59,4.46768,99.29,12.62
2026-06-10T11:34:00,PCI_5,gNB-2,99.949,655,1,99.847,180.1,236.0,99.456,99.644,0.012,65,98.183,98.887,99.006,97.869,98.354,67.98,59.45,453.75,157.78,4.58648,99.101,13.94
2026-06-10T11:34:00,PCI_6,gNB-2,99.956,668,1,99.85,190.6,230.8,99.747,99.183,0.146,66,98.048,98.716,98.85,97.862,98.782,62.86,55.22,475.59,152.92,4.71388,99.431,10.32
2026-06-10T11:34:00,PCI_7,gNB-2,99.965,643,1,99.844,185.1,250.5,99.736,99.177,0.154,63,98.169,98.677,98.498,98.713,97.515,71.59,46.34,447.23,141.86,4.41817,99.074,13.96
2026-06-10T11:34:00,PCI_8,gNB-3,99.987,671,0,100.0,184.9,244.8,99.516,99.307,0.033,65,98.546,98.685,98.632,98.389,97.769,71.74,58.16,399.45,155.33,4.1609,99.535,12.09
2026-06-10T11:34:00,PCI_9,gNB-3,99.984,635,1,99.843,182.7,214.2,99.711,99.736,0.118,61,98.65,99.138,98.844,97.976,98.145,70.22,49.42,415.02,155.8,4.28112,99.021,10.55
2026-06-10T11:34:00,PCI_10,gNB-3,100.0,676,1,99.852,181.3,237.5,99.422,99.409,0.237,65,98.478,98.847,99.36,97.697,97.891,66.36,51.5,422.25,145.37,4.25718,99.526,15.79
2026-06-10T11:35:00,PCI_1,gNB-1,99.961,674,0,100.0,178.8,244.4,99.67,98.98,0.102,57,98.49,99.22,99.062,98.224,97.953,68.69,48.74,415.22,146.89,4.21581,99.233,14.01
2026-06-10T11:35:00,PCI_2,gNB-1,99.897,672,0,100.0,184.1,218.6,99.86,99.239,0.224,63,98.503,99.042,98.923,97.776,97.224,74.85,58.8,461.22,145.64,4.55142,99.508,10.25
2026-06-10T11:35:00,PCI_3,gNB-1,99.961,627,0,100.0,184.4,255.9,99.498,99.164,0.174,60,98.39,98.957,99.155,98.603,98.072,70.82,47.86,451.5,151.99,4.52621,99.318,13.02
2026-06-10T11:35:00,PCI_4,gNB-1,99.942,676,1,99.852,177.0,242.4,99.583,99.246,0.031,64,97.905,99.32,98.679,98.251,97.856,68.22,51.94,422.16,142.6,4.23568,99.359,10.6
2026-06-10T11:35:00,PCI_5,gNB-2,99.964,655,1,99.847,187.7,246.7,99.779,99.243,0.07,67,98.375,99.22,99.36,98.353,98.332,69.4,54.88,438.08,162.07,4.50107,99.247,15.6
2026-06-10T11:35:00,PCI_6,gNB-2,99.982,656,0,100.0,186.4,221.3,99.475,99.432,0.13,68,98.26,99.383,98.993,98.65,98.256,77.02,56.74,417.8,135.5,4.14981,99.433,14.98
2026-06-10T11:35:00,PCI_7,gNB-2,99.97,666,1,99.85,187.3,242.6,99.803,99.381,0.134,66,99.024,98.852,98.645,98.156,97.655,62.62,58.74,416.16,152.82,4.26732,99.621,13.69
2026-06-10T11:35:00,PCI_8,gNB-3,99.911,656,0,100.0,174.1,209.6,99.46,99.396,0.116,60,98.251,98.755,98.863,98.56,98.361,73.12,55.5,362.58,147.53,3.82585,99.421,10.98
2026-06-10T11:35:00,PCI_9,gNB-3,99.987,668,1,99.85,178.5,207.3,99.613,99.297,0.095,60,98.732,98.979,99.048,97.693,98.21,69.85,55.72,450.4,140.28,4.4301,99.123,13.22
2026-06-10T11:35:00,PCI_10,gNB-3,99.919,667,1,99.85,169.8,223.1,99.568,99.475,0.018,60,98.777,99.134,98.776,98.361,97.87,63.26,53.5,434.89,143.39,4.33713,99.343,14.33
2026-06-10T11:36:00,PCI_1,gNB-1,99.991,676,1,99.852,177.1,204.9,99.735,99.141,0.167,64,98.306,99.105,98.778,98.559,97.681,72.42,63.66,393.07,154.7,4.10827,99.663,14.35
2026-06-10T11:36:00,PCI_2,gNB-1,99.995,677,1,99.852,172.0,206.1,99.587,99.473,0.105,63,98.827,98.862,98.617,97.555,97.932,70.62,64.64,418.07,160.52,4.33941,99.406,14.32
2026-06-10T11:36:00,PCI_3,gNB-1,99.947,683,1,99.854,192.9,256.2,99.621,99.443,0.263,69,98.413,98.862,98.492,98.619,97.777,70.28,48.68,411.53,143.81,4.16505,99.615,13.59
2026-06-10T11:36:00,PCI_4,gNB-1,99.941,665,0,100.0,183.3,226.5,99.465,99.331,0.105,62,99.048,98.867,98.902,98.009,97.798,69.09,58.34,432.88,139.7,4.29437,99.017,13.56
2026-06-10T11:36:00,PCI_5,gNB-2,99.972,680,1,99.853,173.4,239.1,99.883,99.826,0.249,58,98.695,98.472,98.478,99.08,98.255,71.45,56.32,444.04,151.06,4.46326,98.782,17.14
2026-06-10T11:36:00,PCI_6,gNB-2,99.965,664,1,99.849,177.5,239.1,99.436,99.475,0.064,61,98.14,99.5,99.092,98.129,98.042,71.68,51.73,469.35,153.76,4.67333,98.913,12.74
2026-06-10T11:36:00,PCI_7,gNB-2,99.977,656,0,100.0,177.1,230.2,99.78,99.421,0.017,59,98.489,99.079,99.008,98.375,98.486,73.66,57.63,426.85,168.05,4.46175,99.345,13.52
2026-06-10T11:36:00,PCI_8,gNB-3,99.92,676,1,99.852,186.3,242.6,99.672,99.124,0.199,68,98.621,99.037,98.53,98.027,97.405,72.9,59.91,420.37,155.84,4.32163,99.355,13.56
2026-06-10T11:36:00,PCI_9,gNB-3,99.936,676,1,99.852,200.1,274.9,99.521,99.733,0.153,68,98.379,98.995,98.81,98.17,97.927,66.78,52.56,435.73,146.18,4.36433,99.272,12.95
2026-06-10T11:36:00,PCI_10,gNB-3,99.998,661,1,99.849,195.6,232.4,99.43,99.414,0.022,69,97.885,99.381,98.844,98.475,98.188,67.81,57.92,463.08,152.28,4.61515,99.042,15.34
2026-06-10T11:37:00,PCI_1,gNB-1,99.975,665,1,99.85,193.2,253.0,99.391,99.614,0.07,68,98.04,98.669,98.824,97.528,98.212,78.44,57.95,426.49,141.93,4.26317,99.013,14.96
2026-06-10T11:37:00,PCI_2,gNB-1,99.948,666,0,100.0,184.8,246.0,99.41,99.57,0.061,65,98.437,99.253,99.181,98.855,98.005,66.64,48.46,490.3,157.09,4.85544,99.134,15.25
2026-06-10T11:37:00,PCI_3,gNB-1,100.0,680,1,99.853,173.6,234.8,99.42,99.354,0.149,64,98.424,99.477,98.713,98.305,97.548,70.55,59.86,417.95,147.81,4.24318,99.108,14.84
2026-06-10T11:37:00,PCI_4,gNB-1,99.954,661,1,99.849,186.7,230.0,99.741,99.336,0.169,62,98.721,98.599,98.987,98.745,97.985,65.62,61.81,425.98,145.14,4.28344,99.779,12.1
2026-06-10T11:37:00,PCI_5,gNB-2,99.995,668,1,99.85,175.6,234.2,99.352,99.263,0.165,62,98.253,98.735,98.629,98.016,98.044,65.47,54.33,461.37,152.35,4.60287,99.482,15.27
2026-06-10T11:37:00,PCI_6,gNB-2,99.877,669,0,100.0,177.2,219.8,99.863,98.989,0.254,59,98.157,98.903,98.491,98.097,97.549,78.56,59.28,474.7,151.27,4.69479,99.097,13.72
2026-06-10T11:37:00,PCI_7,gNB-2,100.0,645,1,99.845,180.3,212.5,99.656,99.562,0.225,63,98.385,98.469,98.506,98.088,97.875,73.12,52.93,452.39,153.61,4.545,99.389,12.5
2026-06-10T11:37:00,PCI_8,gNB-3,99.973,671,1,99.851,198.5,256.6,99.685,99.414,0.137,69,98.778,98.901,99.084,98.148,98.192,73.65,55.68,454.12,154.63,4.56567,99.018,12.4
2026-06-10T11:37:00,PCI_9,gNB-3,99.986,692,1,99.855,178.1,244.8,99.793,99.44,0.246,61,98.295,98.915,98.625,98.337,97.024,65.83,55.77,424.31,163.92,4.41171,99.209,12.83
2026-06-10T11:37:00,PCI_10,gNB-3,99.978,695,1,99.856,182.8,246.7,99.589,99.628,0.173,66,98.769,98.875,98.312,98.226,97.955,68.47,54.39,428.97,151.5,4.35353,99.305,15.12
2026-06-10T11:38:00,PCI_1,gNB-1,99.933,667,1,99.85,185.4,219.0,99.649,99.595,0.106,67,98.045,99.149,99.003,98.025,98.365,71.43,56.9,439.6,154.8,4.45793,98.921,13.7
2026-06-10T11:38:00,PCI_2,gNB-1,99.975,661,1,99.849,172.1,223.2,99.685,99.223,0.102,58,98.46,99.353,99.29,98.197,97.754,67.91,56.5,433.55,154.93,4.41362,99.63,11.84
2026-06-10T11:38:00,PCI_3,gNB-1,99.982,637,0,100.0,180.5,239.7,99.721,99.233,0.15,63,98.624,98.827,98.166,98.707,97.96,68.3,62.23,391.35,152.3,4.07737,98.729,14.1
2026-06-10T11:38:00,PCI_4,gNB-1,99.937,654,1,99.847,184.8,230.8,99.64,99.356,0.138,65,98.707,99.539,98.657,98.51,97.881,68.73,63.97,430.32,164.39,4.46033,99.402,15.43
2026-06-10T11:38:00,PCI_5,gNB-2,99.916,649,1,99.846,182.8,254.6,99.587,99.407,0.033,68,98.466,99.228,99.261,98.459,97.669,73.33,54.98,440.35,151.56,4.43931,99.227,11.89
2026-06-10T11:38:00,PCI_6,gNB-2,99.943,679,0,100.0,189.1,220.4,99.544,99.627,0.042,64,98.568,99.059,98.49,98.222,97.42,77.22,52.64,449.03,140.1,4.41845,99.047,12.33
2026-06-10T11:38:00,PCI_7,gNB-2,100.0,656,1,99.848,181.6,214.2,99.752,99.555,0.161,64,98.547,98.751,98.94,98.387,98.021,72.59,56.87,414.26,156.34,4.27948,98.982,11.27
2026-06-10T11:38:00,PCI_8,gNB-3,99.968,659,1,99.848,195.1,236.8,99.655,99.212,0.078,64,98.592,98.869,98.493,98.392,97.53,72.24,60.25,456.19,160.74,4.62698,99.188,12.23
2026-06-10T11:38:00,PCI_9,gNB-3,99.973,662,0,100.0,191.4,236.3,99.691,99.602,0.0,63,98.286,99.031,98.418,98.4,98.029,68.69,56.32,399.3,140.79,4.05073,99.296,11.49
2026-06-10T11:38:00,PCI_10,gNB-3,99.98,674,1,99.852,173.5,208.1,99.784,99.801,0.18,63,98.114,98.827,98.831,98.066,98.035,75.71,54.73,429.79,146.92,4.32528,99.299,14.42
2026-06-10T11:39:00,PCI_1,gNB-1,99.97,658,1,99.848,193.7,232.1,99.756,99.879,0.104,68,97.939,99.272,98.814,98.045,97.602,67.82,57.71,427.76,146.94,4.31029,98.97,13.72
2026-06-10T11:39:00,PCI_2,gNB-1,100.0,669,0,100.0,195.0,248.4,99.608,99.434,0.127,66,98.79,98.693,99.039,97.775,97.719,71.87,62.31,508.68,135.67,4.83263,98.96,14.22
2026-06-10T11:39:00,PCI_3,gNB-1,99.933,674,1,99.852,189.4,235.2,99.384,99.233,0.185,67,97.593,98.958,98.669,98.168,97.945,63.25,57.74,380.46,143.09,3.92663,99.688,12.04
2026-06-10T11:39:00,PCI_4,gNB-1,99.975,677,1,99.852,203.3,262.3,99.664,99.113,0.179,72,98.32,99.312,98.812,98.556,98.048,71.3,55.95,445.0,158.8,4.52845,98.909,13.75
2026-06-10T11:39:00,PCI_5,gNB-2,99.97,658,0,100.0,205.0,267.8,99.555,99.436,0.229,64,98.108,98.929,98.915,98.364,97.883,67.94,53.16,450.34,138.55,4.4167,98.642,11.42
2026-06-10T11:39:00,PCI_6,gNB-2,99.962,692,1,99.855,182.2,241.8,99.602,99.35,0.201,61,98.283,99.095,98.463,98.061,98.351,68.6,59.9,401.45,153.1,4.15913,99.359,11.47
2026-06-10T11:39:00,PCI_7,gNB-2,99.935,642,0,100.0,182.9,213.9,99.446,99.701,0.171,66,98.6,98.96,98.785,98.231,98.098,63.64,56.49,449.63,148.0,4.48225,99.277,14.11
2026-06-10T11:39:00,PCI_8,gNB-3,99.941,665,1,99.85,161.3,208.5,99.779,99.454,0.27,57,98.743,99.289,98.671,97.738,97.939,74.89,53.55,409.72,141.58,4.13479,99.621,12.84
2026-06-10T11:39:00,PCI_9,gNB-3,99.958,661,0,100.0,182.2,240.4,99.538,99.344,0.165,68,98.243,98.583,99.172,98.704,97.868,73.58,56.88,453.41,138.44,4.43886,99.252,16.31
2026-06-10T11:39:00,PCI_10,gNB-3,99.911,657,0,100.0,178.9,232.4,99.426,98.918,0.207,64,98.884,98.801,98.496,98.189,98.531,67.75,56.58,448.7,147.0,4.46775,99.4,15.08
2026-06-10T11:40:00,PCI_1,gNB-1,99.964,699,1,99.857,188.3,238.2,99.565,99.638,0.238,64,98.897,99.335,98.6,98.492,98.216,62.36,52.71,438.23,144.16,4.3679,99.397,11.87
2026-06-10T11:40:00,PCI_2,gNB-1,99.961,660,1,99.848,191.7,262.7,99.663,99.67,0.143,69,98.855,98.769,98.367,97.859,98.138,70.73,63.56,428.62,156.54,4.38868,99.224,12.08
2026-06-10T11:40:00,PCI_3,gNB-1,100.0,695,1,99.856,196.6,242.4,99.599,99.284,0.182,69,98.509,98.93,97.769,98.335,98.0,72.69,61.3,436.39,155.36,4.43813,99.332,14.88
2026-06-10T11:40:00,PCI_4,gNB-1,99.99,692,0,100.0,180.5,212.9,99.741,99.71,0.088,60,98.077,99.132,98.606,98.801,97.817,73.05,60.05,438.56,155.9,4.45843,99.297,13.56
2026-06-10T11:40:00,PCI_5,gNB-2,99.945,660,1,99.848,190.7,223.9,99.357,99.446,0.131,66,98.051,98.829,98.644,98.467,97.826,65.59,55.92,424.71,147.55,4.29196,99.241,14.53
2026-06-10T11:40:00,PCI_6,gNB-2,99.956,681,0,100.0,185.2,238.6,99.524,99.304,0.141,61,98.328,98.768,98.628,98.319,98.362,69.72,55.24,460.5,157.09,4.6319,99.035,12.39
2026-06-10T11:40:00,PCI_7,gNB-2,99.992,676,1,99.852,171.7,208.2,99.546,99.577,0.113,55,98.723,99.351,99.241,98.2,98.043,69.79,51.56,460.35,170.37,4.73043,99.422,12.44
2026-06-10T11:40:00,PCI_8,gNB-3,99.972,675,1,99.852,180.4,216.1,99.468,99.497,0.01,56,98.33,99.051,98.847,98.186,97.69,73.79,56.45,397.09,150.78,4.10898,98.992,11.58
2026-06-10T11:40:00,PCI_9,gNB-3,99.991,685,1,99.854,183.1,211.4,99.843,99.203,0.167,63,98.977,99.262,98.968,98.15,98.613,71.77,52.94,397.56,151.65,4.11906,99.071,14.58
2026-06-10T11:40:00,PCI_10,gNB-3,99.948,686,0,100.0,180.2,243.2,99.398,99.194,0.102,58,98.986,98.764,98.816,98.158,97.639,75.45,55.36,445.11,155.32,4.50319,99.102,14.93
2026-06-10T11:41:00,PCI_1,gNB-1,99.946,680,0,100.0,190.9,239.8,99.629,99.36,0.214,64,98.654,98.829,98.621,98.297,97.699,73.2,50.02,454.53,156.12,4.57986,99.868,12.76
2026-06-10T11:41:00,PCI_2,gNB-1,99.968,680,1,99.853,187.9,224.0,99.703,99.622,0.202,65,98.508,99.318,99.352,98.693,98.05,74.21,55.99,476.68,143.91,4.65439,98.861,16.25
2026-06-10T11:41:00,PCI_3,gNB-1,99.914,704,1,99.858,175.9,232.9,99.594,99.548,0.127,61,98.45,98.732,99.008,98.367,98.454,70.37,60.48,464.51,146.39,4.58176,99.159,15.65
2026-06-10T11:41:00,PCI_4,gNB-1,99.994,679,1,99.853,182.1,239.9,99.76,99.566,0.218,59,98.617,98.697,98.971,98.528,98.125,74.33,48.67,454.41,160.22,4.60972,98.268,14.05
2026-06-10T11:41:00,PCI_5,gNB-2,99.992,685,0,100.0,181.2,243.3,99.552,99.015,0.143,65,98.764,99.006,98.762,98.078,98.223,73.99,55.88,453.48,149.31,4.52092,98.948,14.87
2026-06-10T11:41:00,PCI_6,gNB-2,99.941,659,0,100.0,179.7,230.9,99.605,98.997,0.146,57,98.239,98.958,98.472,97.791,97.634,71.77,59.88,409.09,152.95,4.21527,99.196,11.73
2026-06-10T11:41:00,PCI_7,gNB-2,100.0,654,0,100.0,163.7,194.7,99.533,99.204,0.113,56,98.749,99.156,98.627,98.534,97.52,76.47,58.27,417.72,136.98,4.1602,99.374,12.77
2026-06-10T11:41:00,PCI_8,gNB-3,100.0,691,1,99.855,185.9,234.1,99.671,99.339,0.131,65,99.045,99.031,99.097,98.182,98.073,68.21,56.21,425.31,151.74,4.32788,98.738,13.74
2026-06-10T11:41:00,PCI_9,gNB-3,99.955,657,1,99.848,190.0,218.6,99.702,99.458,0.131,67,99.152,99.061,98.929,98.427,97.967,69.54,47.99,470.72,147.12,4.63384,99.345,11.91
2026-06-10T11:41:00,PCI_10,gNB-3,99.967,678,1,99.853,195.8,228.7,99.477,99.555,0.025,71,98.65,98.867,98.476,98.323,97.734,72.79,53.1,436.43,154.09,4.42894,99.232,14.68
2026-06-10T11:42:00,PCI_1,gNB-1,99.971,693,0,100.0,192.6,228.1,99.269,99.818,0.07,67,98.329,98.865,98.427,98.535,97.405,66.8,55.71,427.82,129.47,4.17966,99.083,13.18
2026-06-10T11:42:00,PCI_2,gNB-1,99.931,651,0,100.0,176.5,225.1,99.594,98.981,0.066,58,97.862,99.251,98.379,98.327,97.75,65.0,59.03,439.71,140.16,4.349,99.075,14.2
2026-06-10T11:42:00,PCI_3,gNB-1,99.987,683,1,99.854,194.8,241.3,99.411,99.54,0.163,64,98.797,98.7,98.721,98.211,97.151,70.49,56.95,445.65,142.52,4.41133,99.067,14.39
2026-06-10T11:42:00,PCI_4,gNB-1,100.0,682,1,99.853,178.8,218.2,99.559,99.463,0.181,65,98.565,99.006,98.378,98.296,97.613,66.66,54.22,446.56,161.63,4.56149,98.925,11.95
2026-06-10T11:42:00,PCI_5,gNB-2,99.974,712,1,99.86,193.5,232.2,99.699,99.279,0.185,66,98.331,99.312,98.613,98.232,97.815,73.46,54.85,435.11,151.11,4.39664,99.214,13.57
2026-06-10T11:42:00,PCI_6,gNB-2,100.0,675,1,99.852,193.9,264.2,99.561,99.182,0.109,65,98.479,98.8,98.646,97.674,98.307,75.9,52.71,405.26,159.03,4.23215,99.133,9.54
2026-06-10T11:42:00,PCI_7,gNB-2,99.992,652,0,100.0,201.5,252.0,99.537,99.235,0.04,70,98.34,98.703,98.824,98.261,97.748,72.86,50.06,439.59,144.9,4.38363,99.077,12.38
2026-06-10T11:42:00,PCI_8,gNB-3,99.973,693,2,99.711,190.8,233.5,99.581,99.609,0.268,61,98.51,99.117,98.617,97.895,97.893,64.64,56.38,454.99,163.76,4.64066,99.033,13.99
2026-06-10T11:42:00,PCI_9,gNB-3,99.956,672,1,99.851,180.7,232.9,99.8,99.501,0.043,62,98.686,98.982,98.514,98.132,97.697,74.47,54.15,453.2,155.05,4.56188,99.479,16.24
2026-06-10T11:42:00,PCI_10,gNB-3,99.915,656,1,99.848,199.0,264.2,99.569,99.736,0.158,69,99.134,98.815,98.661,98.604,97.95,70.95,57.25,424.98,146.62,4.28702,99.565,13.85
2026-06-10T11:43:00,PCI_1,gNB-1,99.972,678,1,99.853,180.2,251.1,99.718,99.461,0.148,59,98.387,99.104,98.857,97.704,97.806,69.09,58.47,415.59,149.84,4.24077,98.748,11.78
2026-06-10T11:43:00,PCI_2,gNB-1,99.945,680,0,100.0,184.4,250.7,99.494,99.332,0.121,62,98.678,98.846,98.623,98.352,98.231,74.74,51.11,463.24,153.64,4.62662,99.32,14.49
2026-06-10T11:43:00,PCI_3,gNB-1,99.966,676,1,99.852,204.0,272.7,99.207,99.735,0.097,70,98.695,99.112,98.338,98.479,98.093,62.84,53.92,450.54,158.57,4.56835,98.99,13.95
2026-06-10T11:43:00,PCI_4,gNB-1,99.936,659,0,100.0,184.5,247.2,99.378,99.134,0.164,63,98.901,99.199,98.866,98.334,98.153,70.47,57.45,477.8,166.59,4.8329,99.653,12.56
2026-06-10T11:43:00,PCI_5,gNB-2,99.959,672,0,100.0,189.9,261.2,99.834,99.202,0.206,66,98.398,99.171,98.439,98.329,97.709,66.77,61.32,429.78,163.48,4.44946,98.955,12.89
2026-06-10T11:43:00,PCI_6,gNB-2,99.979,682,0,100.0,182.3,247.6,99.405,99.402,0.151,68,99.007,99.078,98.665,98.661,98.018,74.4,54.88,384.29,153.94,4.03673,98.943,14.08
2026-06-10T11:43:00,PCI_7,gNB-2,100.0,684,1,99.854,190.3,222.1,99.743,99.42,0.071,66,98.899,99.117,98.938,98.442,97.75,79.45,59.33,484.93,139.83,4.68568,98.795,13.13
2026-06-10T11:43:00,PCI_8,gNB-3,99.979,698,1,99.857,194.6,231.8,99.524,99.477,0.148,70,98.735,98.84,98.542,98.828,97.609,72.4,53.0,444.74,156.38,4.5084,98.97,13.91
2026-06-10T11:43:00,PCI_9,gNB-3,100.0,662,0,100.0,186.7,238.1,99.456,99.111,0.043,64,98.782,99.086,98.782,98.058,97.982,73.66,60.51,436.11,147.7,4.37855,99.224,16.21
2026-06-10T11:43:00,PCI_10,gNB-3,99.984,678,1,99.853,188.0,247.0,99.515,98.616,0.262,62,98.527,98.964,98.774,97.934,97.803,67.89,62.06,419.7,139.61,4.19487,98.85,14.73
2026-06-10T11:44:00,PCI_1,gNB-1,99.998,644,1,99.845,185.2,239.6,99.662,99.446,0.269,62,98.626,99.635,98.891,98.364,98.474,77.78,56.44,464.46,167.38,4.7388,99.16,13.03
2026-06-10T11:44:00,PCI_2,gNB-1,99.997,686,1,99.854,188.7,217.7,99.58,99.433,0.026,67,99.132,98.875,98.36,98.763,98.28,73.44,53.28,411.38,158.82,4.27651,99.481,12.99
2026-06-10T11:44:00,PCI_3,gNB-1,99.942,691,1,99.855,181.9,222.5,99.442,98.984,0.001,64,98.704,98.858,98.666,98.848,98.106,75.63,63.02,413.94,159.46,4.30047,98.847,14.52
2026-06-10T11:44:00,PCI_4,gNB-1,99.994,693,2,99.711,182.1,240.2,99.542,99.349,0.231,66,98.389,99.172,98.956,98.285,98.192,73.19,58.62,463.82,164.43,4.71186,99.21,16.3
2026-06-10T11:44:00,PCI_5,gNB-2,99.941,672,0,100.0,196.1,240.6,99.908,99.379,0.133,64,98.209,98.832,98.916,98.115,98.25,69.1,55.4,473.86,158.04,4.73924,99.16,15.67
2026-06-10T11:44:00,PCI_6,gNB-2,99.99,682,1,99.853,195.8,240.5,99.563,99.342,0.244,69,98.289,98.631,99.108,98.777,98.411,74.33,57.84,437.27,145.49,4.3707,99.387,13.52
2026-06-10T11:44:00,PCI_7,gNB-2,99.98,679,1,99.853,195.3,271.8,100.0,99.687,0.137,69,98.927,99.595,98.313,98.305,97.43,72.82,56.36,448.46,160.32,4.56585,98.927,12.81
2026-06-10T11:44:00,PCI_8,gNB-3,99.986,671,1,99.851,177.6,241.3,99.596,99.746,0.274,70,98.827,98.974,98.244,98.436,97.827,69.78,51.8,412.89,158.73,4.28717,99.082,13.37
2026-06-10T11:44:00,PCI_9,gNB-3,99.939,697,1,99.857,203.1,233.6,99.555,99.497,0.029,69,98.545,98.918,98.505,98.46,98.046,69.38,54.71,437.28,146.69,4.37981,99.521,14.65
2026-06-10T11:44:00,PCI_10,gNB-3,99.97,672,0,100.0,192.1,264.8,99.588,99.422,0.185,67,98.923,99.005,99.019,98.888,97.6,68.18,51.73,428.94,151.54,4.35365,99.312,11.17
2026-06-10T11:45:00,PCI_1,gNB-1,99.961,674,0,100.0,180.0,248.0,99.823,99.513,0.18,59,98.218,98.598,99.171,98.357,98.169,73.23,63.48,435.25,156.46,4.4378,98.968,15.81
2026-06-10T11:45:00,PCI_2,gNB-1,99.969,661,0,100.0,170.3,221.2,99.575,99.311,0.144,58,98.215,99.252,98.29,98.048,97.782,73.48,57.64,426.64,147.85,4.30864,99.473,15.75
2026-06-10T11:45:00,PCI_3,gNB-1,99.986,667,1,99.85,201.5,279.2,99.663,99.202,0.147,73,98.609,98.802,98.612,98.195,98.197,66.89,56.51,469.6,161.58,4.73383,99.298,15.54
2026-06-10T11:45:00,PCI_4,gNB-1,99.95,689,1,99.855,181.6,228.8,99.333,99.262,0.156,63,98.935,99.058,99.224,98.106,98.026,69.28,48.5,431.96,153.13,4.38819,99.056,12.56
2026-06-10T11:45:00,PCI_5,gNB-2,99.993,664,1,99.849,175.7,208.2,99.221,99.027,0.129,62,98.401,98.634,98.62,97.864,98.127,77.67,58.22,416.1,156.23,4.29251,99.521,12.02
2026-06-10T11:45:00,PCI_6,gNB-2,99.949,672,1,99.851,193.1,245.3,99.399,99.877,0.265,72,98.641,99.079,98.889,98.216,97.988,73.4,59.23,437.31,148.44,4.39308,99.595,13.21
2026-06-10T11:45:00,PCI_7,gNB-2,99.939,681,1,99.853,173.9,215.3,99.205,99.061,0.226,60,97.552,98.819,99.08,97.836,98.321,66.48,54.62,428.75,157.33,4.39555,98.999,13.02
2026-06-10T11:45:00,PCI_8,gNB-3,99.945,691,0,100.0,176.1,204.8,99.517,99.324,0.13,62,98.459,99.251,98.414,98.375,98.441,73.78,59.37,433.69,143.18,4.32651,98.77,12.46
2026-06-10T11:45:00,PCI_9,gNB-3,99.97,698,2,99.713,191.3,257.2,99.878,99.194,0.244,62,98.677,99.352,98.52,98.393,98.343,67.92,52.71,403.01,151.22,4.15678,98.932,16.13
2026-06-10T11:45:00,PCI_10,gNB-3,99.995,695,1,99.856,204.8,260.3,99.559,99.406,0.003,72,98.191,99.202,98.932,98.057,98.337,66.49,53.23,392.17,146.37,4.03903,99.011,14.38
2026-06-10T11:46:00,PCI_1,gNB-1,99.964,674,0,100.0,197.9,233.0,99.538,99.345,0.271,71,98.582,98.833,98.843,98.686,97.949,67.07,60.84,402.46,149.17,4.13723,99.429,12.16
2026-06-10T11:46:00,PCI_2,gNB-1,99.957,659,0,100.0,187.4,222.5,99.511,99.782,0.247,65,98.651,98.574,98.773,98.68,97.819,70.12,55.42,453.09,153.55,4.5498,98.774,14.66
2026-06-10T11:46:00,PCI_3,gNB-1,100.0,678,1,99.853,175.3,243.6,99.624,99.149,0.051,60,98.836,98.899,98.612,98.231,98.012,69.44,62.86,449.07,152.33,4.51053,99.289,14.68
2026-06-10T11:46:00,PCI_4,gNB-1,99.949,677,0,100.0,190.2,256.0,99.505,99.368,0.177,66,97.77,98.699,98.738,98.162,97.986,69.23,61.09,452.44,157.89,4.57751,98.896,15.21
2026-06-10T11:46:00,PCI_5,gNB-2,99.938,708,1,99.859,186.6,231.8,99.632,99.216,0.103,67,99.159,98.855,98.318,97.64,97.766,72.63,51.44,416.37,162.89,4.34444,99.474,15.34
2026-06-10T11:46:00,PCI_6,gNB-2,99.972,667,0,100.0,185.1,254.1,99.664,99.532,0.188,67,98.786,98.917,98.607,98.088,98.731,70.79,53.5,421.22,148.94,4.2762,99.195,13.41
2026-06-10T11:46:00,PCI_7,gNB-2,100.0,704,1,99.858,188.8,239.7,99.399,99.192,0.227,62,98.628,98.777,98.927,98.845,97.76,67.57,57.17,415.55,142.12,4.1825,98.996,13.19
2026-06-10T11:46:00,PCI_8,gNB-3,99.981,692,1,99.855,195.6,256.8,99.433,99.54,0.089,72,98.405,98.815,98.846,98.402,98.19,69.35,58.37,407.07,155.69,4.22071,98.825,14.03
2026-06-10T11:46:00,PCI_9,gNB-3,99.935,696,1,99.856,180.4,208.9,99.725,99.568,0.113,64,98.94,98.825,98.86,98.46,97.968,72.73,63.03,454.16,153.88,4.56037,99.183,13.13
2026-06-10T11:46:00,PCI_10,gNB-3,100.0,664,0,100.0,186.2,225.5,99.354,99.629,0.136,68,98.912,99.385,98.69,97.593,98.17,71.17,51.03,379.72,160.74,4.05351,99.475,15.58
2026-06-10T11:47:00,PCI_1,gNB-1,99.973,699,1,99.857,191.7,253.9,99.688,99.44,0.198,65,98.275,99.51,99.39,98.695,97.749,70.16,61.31,456.91,151.6,4.56378,99.66,13.84
2026-06-10T11:47:00,PCI_2,gNB-1,99.921,682,1,99.853,196.6,243.7,99.618,99.56,0.268,70,98.171,99.225,98.958,98.353,97.827,66.76,56.03,449.92,175.11,4.6877,99.351,13.97
2026-06-10T11:47:00,PCI_3,gNB-1,100.0,664,0,100.0,187.8,227.8,99.771,99.722,0.244,63,98.386,98.809,98.274,97.924,98.165,68.41,59.88,437.42,148.71,4.39592,99.23,13.85
2026-06-10T11:47:00,PCI_4,gNB-1,99.994,671,1,99.851,177.8,244.4,99.83,99.533,0.287,57,98.26,99.052,98.399,98.114,97.541,74.42,55.71,442.03,142.2,4.38176,99.11,16.25
2026-06-10T11:47:00,PCI_5,gNB-2,99.97,682,0,100.0,186.5,215.0,99.9,99.452,0.137,64,98.191,99.073,98.402,98.093,97.866,80.37,64.28,438.85,159.34,4.48639,99.262,14.65
2026-06-10T11:47:00,PCI_6,gNB-2,99.985,693,1,99.856,188.5,263.0,99.613,99.59,0.081,68,98.277,98.838,98.756,99.013,98.153,76.59,59.86,437.87,143.21,4.35807,98.968,11.01
2026-06-10T11:47:00,PCI_7,gNB-2,100.0,681,1,99.853,192.9,226.0,99.562,99.476,0.194,70,98.458,99.356,98.544,98.345,97.401,72.49,56.76,435.27,147.07,4.36758,99.351,14.96
2026-06-10T11:47:00,PCI_8,gNB-3,100.0,673,0,100.0,193.8,227.1,99.533,99.29,0.156,66,98.54,98.843,98.755,98.661,98.064,73.6,60.64,465.66,156.03,4.66268,98.819,12.03
2026-06-10T11:47:00,PCI_9,gNB-3,99.989,670,1,99.851,197.4,255.9,99.295,99.236,0.212,72,98.708,99.593,99.095,97.74,97.371,70.93,49.81,467.66,136.13,4.52843,99.215,12.08
2026-06-10T11:47:00,PCI_10,gNB-3,99.931,712,1,99.86,168.2,226.6,99.48,99.413,0.258,57,98.288,98.641,98.213,97.907,97.941,73.93,57.86,428.85,155.09,4.37954,99.023,15.19
2026-06-10T11:48:00,PCI_1,gNB-1,99.928,656,0,100.0,183.4,233.1,99.508,99.472,0.175,67,98.903,98.671,98.1,98.071,98.22,75.02,54.77,492.44,151.67,4.83085,99.558,13.56
2026-06-10T11:48:00,PCI_2,gNB-1,99.974,674,1,99.852,197.6,271.6,99.932,99.473,0.204,71,98.448,98.736,98.773,98.305,97.894,73.35,56.57,474.16,160.8,4.76215,99.121,16.11
2026-06-10T11:48:00,PCI_3,gNB-1,99.949,661,1,99.849,186.1,243.0,99.557,99.551,0.121,69,99.215,98.812,98.798,98.095,98.522,65.05,61.35,437.69,154.86,4.44409,99.312,12.95
2026-06-10T11:48:00,PCI_4,gNB-1,99.994,712,2,99.719,193.2,231.4,99.523,99.62,0.15,63,98.339,99.082,98.484,98.054,98.3,72.72,55.81,407.38,158.55,4.24451,99.527,14.05
2026-06-10T11:48:00,PCI_5,gNB-2,99.964,681,0,100.0,198.5,230.8,99.774,99.42,0.27,73,98.515,99.359,98.843,98.304,98.147,70.29,60.32,446.13,154.49,4.50463,99.755,10.21
2026-06-10T11:48:00,PCI_6,gNB-2,99.933,704,1,99.858,188.0,248.4,99.828,99.78,0.135,67,98.441,98.815,98.928,98.554,98.079,68.03,58.53,433.05,149.33,4.36779,99.296,13.93
2026-06-10T11:48:00,PCI_7,gNB-2,99.984,696,0,100.0,187.2,259.8,99.51,99.128,0.149,63,98.403,99.316,98.519,98.599,97.733,71.78,50.92,448.11,157.83,4.5446,98.435,12.36
2026-06-10T11:48:00,PCI_8,gNB-3,99.945,685,1,99.854,187.5,224.6,99.657,99.082,0.205,63,98.548,99.046,98.623,98.677,98.258,73.57,64.32,434.0,151.97,4.39484,99.45,13.62
2026-06-10T11:48:00,PCI_9,gNB-3,99.983,690,0,100.0,178.7,242.5,99.516,99.411,0.167,66,98.613,99.292,98.648,98.418,97.815,77.12,57.63,431.48,161.19,4.44507,99.419,14.48
2026-06-10T11:48:00,PCI_10,gNB-3,100.0,688,1,99.855,189.3,242.7,99.671,99.34,0.258,66,98.513,98.586,98.616,98.293,97.41,69.3,54.4,442.56,159.26,4.51365,98.777,14.39
2026-06-10T11:49:00,PCI_1,gNB-1,99.963,699,0,100.0,177.1,222.2,99.628,99.543,0.205,61,98.104,98.84,98.282,98.416,97.887,63.63,49.22,457.1,141.4,4.48875,98.764,15.17
2026-06-10T11:49:00,PCI_2,gNB-1,99.968,672,1,99.851,199.9,255.2,99.795,99.529,0.143,72,98.178,98.667,98.498,98.622,97.751,70.37,53.58,445.14,147.98,4.44843,99.355,12.44
2026-06-10T11:49:00,PCI_3,gNB-1,99.935,695,0,100.0,179.9,217.7,99.329,99.592,0.154,65,98.352,99.01,98.989,98.398,98.468,70.91,49.21,413.18,144.81,4.1849,99.144,12.33
2026-06-10T11:49:00,PCI_4,gNB-1,100.0,674,1,99.852,188.7,224.3,99.678,99.673,0.138,71,98.335,98.849,98.533,98.009,98.406,63.45,58.56,452.37,153.83,4.5465,99.162,14.54
2026-06-10T11:49:00,PCI_5,gNB-2,99.967,677,1,99.852,197.8,264.5,99.732,99.22,0.122,72,98.701,99.01,98.578,98.106,98.022,74.37,61.33,450.77,153.87,4.53481,99.463,12.95
2026-06-10T11:49:00,PCI_6,gNB-2,99.911,686,0,100.0,195.3,225.7,99.556,99.887,0.099,70,98.592,98.812,98.815,97.954,97.595,72.89,48.64,396.56,146.8,4.07518,99.017,13.92
2026-06-10T11:49:00,PCI_7,gNB-2,99.96,687,0,100.0,187.1,220.5,99.441,99.926,0.167,64,99.026,99.298,97.759,98.265,98.247,68.72,54.92,459.7,149.16,4.56645,99.105,11.77
2026-06-10T11:49:00,PCI_8,gNB-3,100.0,677,0,100.0,195.7,270.1,99.243,99.111,0.2,65,98.355,99.192,99.377,97.712,98.496,72.99,56.49,396.62,141.6,4.03663,99.439,10.56
2026-06-10T11:49:00,PCI_9,gNB-3,100.0,687,0,100.0,170.6,201.7,99.738,99.475,0.177,60,98.62,99.207,99.284,98.056,97.918,75.02,54.95,399.34,153.0,4.14255,99.024,15.34
2026-06-10T11:49:00,PCI_10,gNB-3,99.926,700,0,100.0,198.4,247.6,99.428,99.514,0.301,70,98.941,99.229,98.832,97.936,98.049,76.41,56.68,442.09,144.32,4.39808,98.84,12.47
2026-06-10T11:50:00,PCI_1,gNB-1,99.96,699,1,99.857,177.7,238.8,99.646,99.288,0.151,67,98.448,99.134,98.514,98.255,97.159,70.94,59.29,398.61,150.65,4.11948,98.653,14.54
2026-06-10T11:50:00,PCI_2,gNB-1,99.982,689,0,100.0,190.1,261.2,99.397,99.569,0.264,65,98.246,99.111,99.327,98.19,97.614,71.44,52.82,440.59,142.25,4.37128,98.884,16.24
2026-06-10T11:50:00,PCI_3,gNB-1,99.993,673,0,100.0,201.7,266.2,99.734,99.478,0.215,72,98.235,98.727,98.696,98.206,98.316,69.86,50.53,436.31,167.89,4.53143,98.81,13.27
2026-06-10T11:50:00,PCI_4,gNB-1,100.0,708,1,99.859,201.7,253.8,99.65,99.33,0.027,71,97.837,99.445,99.359,98.655,97.688,70.33,59.12,474.08,150.28,4.68265,99.083,13.95
2026-06-10T11:50:00,PCI_5,gNB-2,99.959,676,1,99.852,190.1,261.9,99.566,99.271,0.167,65,98.24,99.058,98.501,98.266,98.331,75.29,57.37,446.66,152.26,4.49196,98.398,12.78
2026-06-10T11:50:00,PCI_6,gNB-2,99.978,695,2,99.712,184.7,217.2,99.529,99.225,0.053,65,98.674,98.834,99.017,98.6,97.932,70.22,55.45,446.68,134.86,4.3615,98.745,13.23
2026-06-10T11:50:00,PCI_7,gNB-2,99.941,699,0,100.0,200.3,254.5,99.662,99.435,0.05,70,98.412,98.932,98.739,97.907,97.584,64.37,59.37,455.97,144.37,4.5025,98.908,13.55
2026-06-10T11:50:00,PCI_8,gNB-3,99.965,688,0,100.0,178.7,239.2,99.509,99.561,0.014,65,98.418,99.007,98.527,97.668,98.064,75.51,60.49,441.77,141.59,4.37519,98.807,14.74
2026-06-10T11:50:00,PCI_9,gNB-3,100.0,687,1,99.854,182.5,217.9,99.398,99.573,0.17,65,98.653,99.311,98.659,98.504,98.156,73.26,57.18,410.91,160.83,4.28804,99.617,14.2
2026-06-10T11:50:00,PCI_10,gNB-3,99.982,679,1,99.853,204.6,267.3,99.459,99.492,0.082,73,98.71,98.945,98.857,97.903,98.281,71.36,53.71,449.98,150.76,4.50557,99.258,14.86
2026-06-10T11:51:00,PCI_1,gNB-1,100.0,683,1,99.854,189.0,228.9,99.365,99.514,0.171,60,98.334,98.998,99.116,98.36,97.79,73.25,59.34,456.27,173.42,4.72264,99.269,11.66
2026-06-10T11:51:00,PCI_2,gNB-1,99.957,672,0,100.0,194.3,266.6,99.606,99.447,0.236,70,98.566,98.749,98.764,98.558,98.077,70.85,52.99,495.45,153.65,4.86821,99.222,13.73
2026-06-10T11:51:00,PCI_3,gNB-1,99.973,675,2,99.704,182.0,227.3,99.395,99.35,0.176,62,98.988,99.248,98.536,98.029,98.665,70.46,56.79,478.31,161.54,4.79888,99.217,14.08
2026-06-10T11:51:00,PCI_4,gNB-1,99.966,686,1,99.854,197.1,258.3,99.657,99.351,0.079,72,98.601,98.854,98.756,97.779,97.981,75.98,59.24,438.05,152.05,4.4257,99.118,13.38
2026-06-10T11:51:00,PCI_5,gNB-2,99.97,664,0,100.0,189.7,256.2,99.519,99.564,0.178,66,98.147,99.186,98.236,98.148,98.052,68.44,61.57,474.42,144.88,4.6448,98.954,14.09
2026-06-10T11:51:00,PCI_6,gNB-2,99.947,716,1,99.86,208.0,242.9,99.435,99.233,0.061,69,99.014,99.108,98.992,98.507,98.014,69.52,61.25,488.07,139.92,4.70993,99.534,14.58
2026-06-10T11:51:00,PCI_7,gNB-2,99.952,667,0,100.0,187.2,230.7,99.588,99.16,0.158,64,98.833,99.283,98.83,98.624,98.012,71.26,65.89,402.53,161.22,4.22812,99.71,15.69
2026-06-10T11:51:00,PCI_8,gNB-3,99.999,701,1,99.857,194.1,226.7,99.555,99.649,0.103,64,98.234,98.685,98.864,98.774,98.646,63.93,54.87,463.36,157.76,4.65842,99.192,15.5
2026-06-10T11:51:00,PCI_9,gNB-3,99.918,681,0,100.0,188.3,221.4,99.695,99.588,0.193,59,98.154,99.413,99.003,98.638,98.413,71.33,61.76,428.46,158.8,4.40445,99.215,11.75
2026-06-10T11:51:00,PCI_10,gNB-3,99.974,668,1,99.85,191.5,257.6,99.593,99.428,0.273,66,98.224,98.965,98.429,98.558,98.122,73.07,61.18,417.14,146.91,4.23037,99.134,12.1
2026-06-10T11:52:00,PCI_1,gNB-1,99.977,669,1,99.851,182.0,216.9,99.76,99.634,0.194,65,98.424,98.953,98.74,98.607,97.334,76.26,61.65,447.37,167.9,4.6145,99.394,14.1
2026-06-10T11:52:00,PCI_2,gNB-1,100.0,699,1,99.857,202.3,245.0,99.507,99.42,0.107,65,98.823,98.363,98.964,98.258,98.122,74.29,52.26,430.22,133.51,4.228,98.678,14.04
2026-06-10T11:52:00,PCI_3,gNB-1,99.96,690,0,100.0,196.9,247.8,99.777,99.692,0.207,69,98.034,98.893,98.592,98.178,98.179,72.66,55.01,466.59,154.75,4.66009,99.035,14.31
2026-06-10T11:52:00,PCI_4,gNB-1,99.988,695,1,99.856,178.0,239.5,99.567,99.489,0.247,68,98.522,98.834,99.308,98.601,98.153,76.94,53.68,469.19,158.1,4.70462,99.26,12.26
2026-06-10T11:52:00,PCI_5,gNB-2,100.0,724,1,99.862,203.0,242.4,99.719,99.341,0.321,71,98.376,98.894,99.05,98.698,97.395,66.77,55.63,384.69,147.28,3.98978,99.037,14.92
2026-06-10T11:52:00,PCI_6,gNB-2,99.951,683,1,99.854,168.4,228.1,99.496,99.506,0.143,63,98.415,98.985,98.272,98.722,97.582,79.06,58.07,497.74,161.38,4.94339,98.871,13.28
2026-06-10T11:52:00,PCI_7,gNB-2,99.973,675,0,100.0,191.6,223.2,99.496,99.555,0.142,66,99.151,99.057,98.595,98.439,98.32,75.54,58.26,414.84,155.32,4.27621,99.707,13.78
2026-06-10T11:52:00,PCI_8,gNB-3,100.0,670,0,100.0,188.0,226.1,99.697,99.296,0.059,62,98.455,98.32,99.211,98.587,98.086,68.32,53.82,434.98,166.99,4.51478,99.334,15.11
2026-06-10T11:52:00,PCI_9,gNB-3,99.979,670,1,99.851,188.0,261.3,99.667,99.39,0.16,64,98.217,99.14,98.435,98.378,97.49,68.17,55.07,473.67,167.05,4.8054,99.269,15.33
2026-06-10T11:52:00,PCI_10,gNB-3,99.951,711,1,99.859,188.8,234.6,99.79,99.293,0.088,65,98.271,98.681,98.267,98.097,98.263,73.81,58.62,458.44,149.29,4.55798,99.523,11.95
2026-06-10T11:53:00,PCI_1,gNB-1,99.964,686,1,99.854,190.7,224.8,99.605,99.573,0.103,66,98.234,98.844,98.036,98.652,98.408,73.21,59.08,453.0,158.1,4.58328,99.429,15.57
2026-06-10T11:53:00,PCI_2,gNB-1,99.969,686,2,99.708,192.5,262.0,99.674,99.563,0.115,66,98.438,98.985,99.068,98.342,98.255,74.41,61.2,506.48,153.33,4.94859,98.99,12.61
2026-06-10T11:53:00,PCI_3,gNB-1,99.969,703,1,99.858,192.5,230.6,99.418,99.122,0.067,66,98.646,98.891,99.221,98.231,97.877,67.8,57.83,457.2,160.73,4.6345,99.251,13.77
2026-06-10T11:53:00,PCI_4,gNB-1,99.938,704,1,99.858,180.2,222.7,99.509,99.64,0.183,65,98.726,98.982,99.158,98.002,98.018,70.88,54.09,438.63,156.12,4.46058,99.339,15.72
2026-06-10T11:53:00,PCI_5,gNB-2,99.921,680,1,99.853,190.3,254.2,99.365,99.515,0.145,66,98.739,98.94,98.295,98.153,97.614,80.04,50.17,457.99,143.03,4.50768,99.338,12.57
2026-06-10T11:53:00,PCI_6,gNB-2,99.991,679,1,99.853,203.0,239.6,99.93,99.451,0.192,72,98.515,98.848,98.653,98.361,97.663,69.58,54.04,455.2,153.99,4.56891,99.287,14.09
2026-06-10T11:53:00,PCI_7,gNB-2,99.991,668,1,99.85,190.6,248.2,99.373,99.386,0.032,70,98.384,99.024,98.758,98.337,98.262,76.13,61.93,413.53,143.5,4.1777,99.229,13.94
2026-06-10T11:53:00,PCI_8,gNB-3,99.958,672,0,100.0,185.7,215.4,99.533,99.779,0.165,64,98.576,99.353,98.574,97.964,98.14,73.24,56.37,462.47,161.53,4.68,99.243,17.42
2026-06-10T11:53:00,PCI_9,gNB-3,99.974,684,0,100.0,203.4,237.0,99.733,99.233,0.297,78,98.505,98.567,98.861,98.009,97.918,77.4,56.18,466.68,157.62,4.68226,99.404,14.84
2026-06-10T11:53:00,PCI_10,gNB-3,99.97,684,0,100.0,176.6,235.4,99.494,99.297,0.057,61,98.247,99.109,98.499,98.46,97.94,73.06,52.72,451.62,142.63,4.45687,99.212,11.01
2026-06-10T11:54:00,PCI_1,gNB-1,99.947,688,1,99.855,191.6,265.2,99.693,99.232,0.12,59,98.727,99.376,98.292,98.268,97.987,68.62,54.85,471.44,150.32,4.66327,99.286,12.71
2026-06-10T11:54:00,PCI_2,gNB-1,99.959,706,1,99.858,190.7,262.3,99.59,99.921,0.098,67,98.177,99.037,98.007,97.981,97.56,74.38,55.4,476.12,130.17,4.54716,99.211,12.14
2026-06-10T11:54:00,PCI_3,gNB-1,100.0,698,1,99.857,193.3,266.2,99.502,99.476,0.081,67,98.626,99.075,98.451,98.278,97.809,68.88,59.92,447.91,159.24,4.55361,99.659,13.69
2026-06-10T11:54:00,PCI_4,gNB-1,99.965,690,1,99.855,197.0,257.6,99.549,99.58,0.12,69,98.731,98.831,98.647,98.157,97.472,70.91,52.78,405.85,153.29,4.1935,99.053,13.5
2026-06-10T11:54:00,PCI_5,gNB-2,99.965,700,1,99.857,196.1,227.5,99.681,99.068,0.186,69,98.57,98.848,98.87,98.652,97.57,72.91,53.25,399.72,152.41,4.14094,99.249,13.81
2026-06-10T11:54:00,PCI_6,gNB-2,99.999,692,1,99.855,181.0,229.8,99.592,99.584,0.23,61,98.299,99.362,98.979,98.361,97.96,72.39,54.64,516.62,149.89,4.99882,98.965,13.46
2026-06-10T11:54:00,PCI_7,gNB-2,99.981,684,1,99.854,197.7,259.0,99.73,99.27,0.17,73,98.707,99.29,98.642,98.456,98.06,69.77,61.91,455.41,142.15,4.48165,98.907,15.22
2026-06-10T11:54:00,PCI_8,gNB-3,99.937,679,1,99.853,187.1,234.5,99.674,99.554,0.287,70,98.598,98.85,98.839,98.346,98.643,75.87,55.45,425.6,161.85,4.40586,99.544,13.88
2026-06-10T11:54:00,PCI_9,gNB-3,99.993,681,1,99.853,185.6,223.1,99.43,99.617,0.061,66,98.131,98.552,98.368,98.48,98.513,69.2,49.52,496.27,159.45,4.91796,99.535,11.85
2026-06-10T11:54:00,PCI_10,gNB-3,100.0,672,0,100.0,188.0,218.7,99.435,99.587,0.088,62,98.41,98.93,98.426,98.767,98.384,76.13,49.61,403.39,141.04,4.08323,99.17,13.59
2026-06-10T11:55:00,PCI_1,gNB-1,99.944,686,0,100.0,189.6,233.8,99.5,99.144,0.163,67,98.543,99.141,98.914,98.359,97.892,77.0,55.83,445.79,152.42,4.4866,98.793,13.78
2026-06-10T11:55:00,PCI_2,gNB-1,99.992,684,0,100.0,192.8,249.5,99.744,99.457,0.237,63,98.752,99.398,98.402,98.527,97.692,70.62,58.01,449.99,152.47,4.51842,98.833,12.92
2026-06-10T11:55:00,PCI_3,gNB-1,99.962,688,1,99.855,175.1,242.0,99.836,99.705,0.151,57,98.438,99.296,98.703,98.542,97.534,73.4,59.97,435.53,148.43,4.37967,99.527,13.45
2026-06-10T11:55:00,PCI_4,gNB-1,99.939,684,1,99.854,180.8,209.3,99.838,99.336,0.214,64,98.489,99.19,98.942,98.54,97.825,72.4,60.8,437.43,170.73,4.56121,98.809,12.17
2026-06-10T11:55:00,PCI_5,gNB-2,99.946,696,1,99.856,198.1,230.3,99.514,99.285,0.165,73,98.416,99.085,98.517,98.205,98.203,75.31,54.53,433.34,165.43,4.49078,98.863,14.43
2026-06-10T11:55:00,PCI_6,gNB-2,99.955,698,0,100.0,185.1,214.6,99.442,99.496,0.184,65,98.714,99.065,98.839,98.294,97.085,66.47,58.67,459.73,154.32,4.60544,99.542,13.34
2026-06-10T11:55:00,PCI_7,gNB-2,100.0,682,1,99.853,196.7,268.6,99.739,99.7,0.103,73,98.413,99.091,98.755,98.397,98.008,71.61,54.77,450.25,164.44,4.61013,99.414,12.73
2026-06-10T11:55:00,PCI_8,gNB-3,99.955,687,1,99.854,182.5,230.7,99.718,99.422,0.125,64,98.535,99.436,98.466,98.319,97.951,78.3,53.76,455.33,158.85,4.60637,99.039,13.65
2026-06-10T11:55:00,PCI_9,gNB-3,99.966,710,0,100.0,201.0,251.1,99.415,99.435,0.075,67,98.729,99.166,99.259,98.295,97.927,69.6,61.88,435.62,152.97,4.41443,99.256,11.01
2026-06-10T11:55:00,PCI_10,gNB-3,99.938,692,1,99.855,184.6,231.0,99.229,99.317,0.171,67,98.99,99.178,98.68,98.516,98.591,73.54,61.49,477.99,145.34,4.67494,99.117,13.86
2026-06-10T11:56:00,PCI_1,gNB-1,99.928,686,0,100.0,193.0,234.4,99.553,99.488,0.146,64,98.635,98.665,98.432,98.665,98.007,75.01,57.21,415.49,154.3,4.27338,98.773,17.29
2026-06-10T11:56:00,PCI_2,gNB-1,99.962,697,1,99.857,181.2,217.6,99.567,99.219,0.0,62,99.058,99.353,98.263,98.663,98.091,74.2,62.42,419.4,148.82,4.2617,99.66,13.21
2026-06-10T11:56:00,PCI_3,gNB-1,99.919,670,0,100.0,197.8,274.7,99.721,99.406,0.135,72,98.506,98.941,98.14,98.084,97.946,71.5,57.51,478.11,136.83,4.61206,99.305,13.59
2026-06-10T11:56:00,PCI_4,gNB-1,99.93,695,1,99.856,177.1,242.8,99.669,99.346,0.193,60,98.55,99.009,98.876,97.981,98.857,66.62,63.77,453.81,155.01,4.56612,99.492,12.68
2026-06-10T11:56:00,PCI_5,gNB-2,99.992,707,0,100.0,212.4,266.7,99.237,99.521,0.218,75,98.75,99.272,98.935,98.285,97.565,70.07,60.85,482.1,166.24,4.86261,99.347,12.42
2026-06-10T11:56:00,PCI_6,gNB-2,99.996,675,0,100.0,184.0,257.4,99.721,99.308,0.192,66,98.436,99.075,98.723,97.829,97.883,82.49,60.3,407.41,158.27,4.24256,99.379,14.23
2026-06-10T11:56:00,PCI_7,gNB-2,99.927,708,0,100.0,203.6,255.2,99.364,99.089,0.213,72,98.533,99.386,98.4,97.978,97.78,73.44,53.93,452.95,152.4,4.54009,99.191,13.51
2026-06-10T11:56:00,PCI_8,gNB-3,99.967,701,0,100.0,177.6,217.3,99.681,99.463,0.047,62,98.307,99.348,98.945,98.773,97.773,75.16,55.38,468.19,153.76,4.6646,98.97,12.82
2026-06-10T11:56:00,PCI_9,gNB-3,99.965,703,0,100.0,211.5,295.6,99.642,99.486,0.13,74,98.936,98.673,98.84,98.624,98.49,66.25,59.63,406.97,150.6,4.18179,99.257,13.95
2026-06-10T11:56:00,PCI_10,gNB-3,99.959,700,2,99.714,193.6,266.7,99.56,99.498,0.204,68,98.158,98.9,98.795,97.921,97.939,70.79,61.54,478.39,146.78,4.68872,99.582,16.23
2026-06-10T11:57:00,PCI_1,gNB-1,100.0,689,0,100.0,186.1,241.1,99.21,99.447,0.27,61,98.703,98.856,98.766,98.259,98.199,74.77,60.64,472.02,165.48,4.78125,98.958,13.01
2026-06-10T11:57:00,PCI_2,gNB-1,99.93,678,0,100.0,193.2,244.2,99.652,99.406,0.162,63,98.678,99.055,99.04,98.49,97.704,72.82,60.27,454.06,162.75,4.62604,99.251,14.15
2026-06-10T11:57:00,PCI_3,gNB-1,100.0,703,0,100.0,187.4,218.5,99.576,99.798,0.287,66,98.247,98.861,98.37,98.057,98.233,73.91,56.45,462.95,159.03,4.66485,99.671,12.77
2026-06-10T11:57:00,PCI_4,gNB-1,99.999,710,0,100.0,197.3,229.1,99.804,99.52,0.133,73,98.636,98.837,98.738,98.664,98.156,70.93,57.77,472.22,167.28,4.79627,99.118,14.88
2026-06-10T11:57:00,PCI_5,gNB-2,99.97,709,2,99.718,184.7,256.7,99.671,99.566,0.232,67,98.313,98.765,98.757,98.524,97.554,71.75,59.57,455.85,163.33,4.6438,98.996,14.47
2026-06-10T11:57:00,PCI_6,gNB-2,100.0,723,0,100.0,201.6,243.9,99.694,99.463,0.074,68,98.606,99.254,98.838,97.974,97.882,79.25,57.48,399.3,148.73,4.11023,98.877,11.9
2026-06-10T11:57:00,PCI_7,gNB-2,100.0,683,0,100.0,192.8,240.7,99.528,99.095,0.1,69,98.665,98.883,98.357,98.049,98.183,70.58,57.49,472.97,144.41,4.63035,99.001,12.56
2026-06-10T11:57:00,PCI_8,gNB-3,99.928,686,1,99.854,179.3,214.8,99.635,99.436,0.141,57,98.633,99.291,98.584,98.341,98.245,69.72,58.47,485.67,144.84,4.7288,99.683,15.3
2026-06-10T11:57:00,PCI_9,gNB-3,99.958,671,1,99.851,193.3,236.7,99.815,99.625,0.221,62,98.415,99.556,98.289,98.41,98.227,75.89,56.45,410.29,151.13,4.21063,99.491,15.12
2026-06-10T11:57:00,PCI_10,gNB-3,100.0,700,2,99.714,186.1,258.0,99.593,99.457,0.287,66,98.465,99.359,98.566,98.032,98.034,68.27,48.68,460.11,146.15,4.54698,98.979,13.98
2026-06-10T11:58:00,PCI_1,gNB-1,99.984,694,1,99.856,180.7,241.3,99.616,99.608,0.224,66,98.424,98.799,98.436,98.423,97.587,71.71,60.87,460.46,155.19,4.6174,98.948,14.4
2026-06-10T11:58:00,PCI_2,gNB-1,99.971,702,1,99.858,188.9,221.0,99.398,99.435,0.153,65,98.259,99.383,98.323,98.481,97.868,73.01,58.34,432.73,161.18,4.45429,99.23,13.97
2026-06-10T11:58:00,PCI_3,gNB-1,99.949,680,0,100.0,188.9,236.7,99.958,99.196,0.201,73,98.643,99.12,98.831,97.856,98.305,77.31,58.55,430.73,159.57,4.42729,99.56,14.2
2026-06-10T11:58:00,PCI_4,gNB-1,99.978,696,0,100.0,178.6,246.2,99.493,99.059,0.177,62,98.561,99.207,98.599,98.385,98.178,75.78,54.59,433.39,162.76,4.47117,99.674,14.21
2026-06-10T11:58:00,PCI_5,gNB-2,99.95,667,1,99.85,194.4,256.0,99.698,99.32,0.14,68,98.695,99.495,98.759,98.069,98.138,70.08,54.11,425.6,150.41,4.3201,98.675,13.95
2026-06-10T11:58:00,PCI_6,gNB-2,99.966,707,0,100.0,189.4,246.5,99.583,99.325,0.207,67,98.629,98.812,98.651,98.065,97.747,68.66,55.64,444.06,140.94,4.38751,99.265,13.18
2026-06-10T11:58:00,PCI_7,gNB-2,99.979,714,1,99.86,175.9,233.4,99.556,99.211,0.17,61,98.579,99.115,98.927,98.422,98.081,70.62,59.13,471.54,152.38,4.6794,99.22,14.0
2026-06-10T11:58:00,PCI_8,gNB-3,100.0,670,0,100.0,193.3,264.3,99.603,99.439,0.03,73,98.61,99.31,98.633,98.365,97.683,71.39,57.28,464.58,166.58,4.73371,98.775,13.4
2026-06-10T11:58:00,PCI_9,gNB-3,99.983,688,0,100.0,203.0,269.3,99.735,99.463,0.158,70,98.736,99.256,98.356,98.691,97.886,73.75,57.58,460.92,155.85,4.62578,99.596,13.1
2026-06-10T11:58:00,PCI_10,gNB-3,100.0,707,1,99.859,179.2,243.6,99.779,99.575,0.114,57,98.542,99.105,98.212,98.238,97.924,72.27,63.19,408.11,152.58,4.2052,99.031,14.93
2026-06-10T11:59:00,PCI_1,gNB-1,99.939,717,0,100.0,210.5,256.3,99.967,99.182,0.088,73,98.38,98.514,98.741,97.644,97.763,74.0,52.81,449.55,151.03,4.50437,99.053,14.72
2026-06-10T11:59:00,PCI_2,gNB-1,99.959,708,0,100.0,195.7,238.8,99.613,99.199,0.12,67,98.481,98.967,99.22,98.356,97.548,76.93,61.3,410.57,167.84,4.33812,99.21,14.13
2026-06-10T11:59:00,PCI_3,gNB-1,99.967,688,1,99.855,194.7,252.2,99.722,99.508,0.148,65,98.337,99.237,98.835,98.106,98.003,78.97,60.64,463.36,165.93,4.71965,99.248,11.98
2026-06-10T11:59:00,PCI_4,gNB-1,99.949,688,0,100.0,190.4,237.9,99.601,99.272,0.087,62,98.682,99.023,98.642,98.45,98.14,63.82,56.73,402.29,167.89,4.27637,98.932,15.7
2026-06-10T11:59:00,PCI_5,gNB-2,99.958,685,0,100.0,176.7,239.9,99.355,99.322,0.114,61,98.864,98.556,98.725,98.103,98.085,71.82,55.08,482.78,155.55,4.78745,99.136,13.55
2026-06-10T11:59:00,PCI_6,gNB-2,99.981,699,1,99.857,189.2,225.6,99.307,99.194,0.16,66,98.285,99.385,99.01,98.104,98.295,67.81,59.67,447.85,140.51,4.41268,99.5,11.07
2026-06-10T11:59:00,PCI_7,gNB-2,99.96,690,2,99.71,199.2,231.4,99.143,99.177,0.328,71,98.23,99.298,99.101,98.273,98.174,76.21,65.7,431.88,157.11,4.41747,98.843,14.94
2026-06-10T11:59:00,PCI_8,gNB-3,99.939,658,0,100.0,199.8,247.3,99.65,99.068,0.05,73,98.531,98.71,98.634,98.15,98.445,76.01,53.74,460.74,163.41,4.68111,99.072,13.55
2026-06-10T11:59:00,PCI_9,gNB-3,99.964,702,0,100.0,189.2,223.6,99.55,99.504,0.159,68,98.836,99.285,99.482,98.15,98.443,69.61,55.55,434.99,159.26,4.4569,99.053,13.07
2026-06-10T11:59:00,PCI_10,gNB-3,99.906,691,1,99.855,191.8,239.2,99.61,99.245,0.091,67,98.683,98.895,98.54,98.59,97.426,67.38,58.01,501.47,151.43,4.89677,99.594,13.56
2026-06-10T12:00:00,PCI_1,gNB-1,99.954,717,0,100.0,187.2,235.8,99.8,99.414,0.226,68,98.425,98.938,98.965,98.953,98.09,67.19,59.25,419.43,154.88,4.30736,99.3,13.13
2026-06-10T12:00:00,PCI_2,gNB-1,99.972,685,0,100.0,196.9,264.2,99.548,99.078,0.005,68,98.732,98.549,98.763,98.375,98.273,76.33,58.19,492.3,156.39,4.86516,98.878,13.36
2026-06-10T12:00:00,PCI_3,gNB-1,99.98,708,1,99.859,194.2,245.6,99.552,99.508,0.027,70,98.689,98.863,98.845,98.56,98.286,76.81,55.27,441.13,146.59,4.40792,98.73,14.8
2026-06-10T12:00:00,PCI_4,gNB-1,99.941,673,1,99.851,196.1,252.9,99.069,99.36,0.121,71,98.472,98.841,98.903,98.551,98.453,76.14,52.08,445.94,158.84,4.53584,98.828,12.41
2026-06-10T12:00:00,PCI_5,gNB-2,99.995,699,2,99.714,200.8,251.9,99.786,99.389,0.197,67,98.292,99.087,98.735,98.513,98.18,73.9,49.1,492.15,148.4,4.80412,99.457,12.23
2026-06-10T12:00:00,PCI_6,gNB-2,99.979,707,1,99.859,188.7,226.9,99.528,99.365,0.097,62,97.824,98.862,98.714,98.773,97.658,66.87,57.59,449.49,166.37,4.61893,99.452,14.12
2026-06-10T12:00:00,PCI_7,gNB-2,99.962,693,1,99.856,202.1,244.2,99.543,99.569,0.068,65,98.683,98.72,98.498,98.385,98.466,67.52,61.19,450.08,148.01,4.48566,99.296,12.98
2026-06-10T12:00:00,PCI_8,gNB-3,99.953,724,0,100.0,194.3,240.4,99.314,99.697,0.177,68,98.258,99.223,98.559,98.072,97.473,77.44,54.99,438.84,157.74,4.47435,99.342,16.06
2026-06-10T12:00:00,PCI_9,gNB-3,99.957,675,1,99.852,185.0,239.2,99.445,99.472,0.213,66,97.868,98.518,99.013,97.861,98.3,68.76,56.52,513.5,159.41,5.04683,99.094,16.63
2026-06-10T12:00:00,PCI_10,gNB-3,99.993,683,1,99.854,203.3,248.8,99.855,99.662,0.241,72,98.407,98.826,98.672,98.121,97.909,65.68,50.53,517.21,167.39,5.13451,99.226,15.16
2026-06-10T12:01:00,PCI_1,gNB-1,100.0,693,0,100.0,201.4,253.2,99.433,99.534,0.136,77,97.789,99.122,98.422,98.303,97.365,73.48,57.35,410.88,157.77,4.26484,99.238,12.12
2026-06-10T12:01:00,PCI_2,gNB-1,99.969,690,0,100.0,201.4,236.1,99.613,99.544,0.051,75,98.697,98.782,99.147,98.209,97.791,68.67,60.44,448.5,156.8,4.53974,99.272,13.35
2026-06-10T12:01:00,PCI_3,gNB-1,99.924,690,0,100.0,195.2,235.3,99.52,99.195,0.16,72,98.488,99.39,98.212,98.346,98.374,68.59,57.1,448.39,152.68,4.50801,99.043,19.36
2026-06-10T12:01:00,PCI_4,gNB-1,99.967,698,0,100.0,193.7,222.9,99.639,99.321,0.154,66,98.489,98.913,98.689,98.689,98.316,64.28,56.54,412.77,166.36,4.34347,99.083,16.84
2026-06-10T12:01:00,PCI_5,gNB-2,99.977,680,0,100.0,170.7,206.8,99.572,99.623,0.215,59,98.059,98.69,98.641,97.658,97.957,75.13,52.99,421.43,165.38,4.40106,99.153,13.09
2026-06-10T12:01:00,PCI_6,gNB-2,99.971,670,1,99.851,195.2,259.3,99.678,99.075,0.222,65,98.435,99.234,98.936,98.095,97.461,76.93,58.38,458.84,158.75,4.63191,99.21,16.42
2026-06-10T12:01:00,PCI_7,gNB-2,99.912,711,1,99.859,186.3,227.8,99.563,99.373,0.193,65,98.224,99.344,98.619,98.769,98.12,76.19,58.1,418.88,154.31,4.29891,99.183,13.3
2026-06-10T12:01:00,PCI_8,gNB-3,99.959,698,0,100.0,187.5,241.0,99.731,99.224,0.091,67,98.688,99.139,98.661,98.805,98.033,70.84,53.8,471.22,151.35,4.66921,99.31,15.06
2026-06-10T12:01:00,PCI_9,gNB-3,99.983,708,1,99.859,192.1,224.1,99.377,99.186,0.078,65,98.674,99.068,98.586,98.588,97.948,80.4,57.07,462.97,147.05,4.57515,99.347,14.57
2026-06-10T12:01:00,PCI_10,gNB-3,100.0,702,0,100.0,203.0,268.0,99.458,99.333,0.135,74,98.196,98.77,98.821,98.113,97.909,69.86,64.08,457.33,148.43,4.54325,99.361,14.49
2026-06-10T12:02:00,PCI_1,gNB-1,99.941,692,0,100.0,185.1,248.6,99.413,99.45,0.231,67,98.039,99.027,98.737,98.309,98.21,79.09,60.52,486.8,146.51,4.74981,99.499,15.64
2026-06-10T12:02:00,PCI_2,gNB-1,100.0,687,0,100.0,191.9,240.8,99.88,99.269,0.113,66,98.823,98.976,98.703,98.005,98.202,71.32,55.36,447.41,152.92,4.50251,99.227,15.04
2026-06-10T12:02:00,PCI_3,gNB-1,99.994,730,1,99.863,197.8,230.8,99.497,99.438,0.162,75,98.759,98.749,98.032,98.379,97.54,68.96,53.3,447.12,149.98,4.47826,99.636,13.53
2026-06-10T12:02:00,PCI_4,gNB-1,99.982,666,0,100.0,184.3,212.4,99.57,99.592,0.125,66,98.462,99.075,99.142,98.834,97.762,73.2,59.94,444.0,171.56,4.61668,99.087,13.55
2026-06-10T12:02:00,PCI_5,gNB-2,99.962,708,0,100.0,182.8,210.7,99.749,99.192,0.13,61,98.207,98.973,98.357,98.314,98.308,72.85,61.51,469.91,152.02,4.66449,99.043,13.97
2026-06-10T12:02:00,PCI_6,gNB-2,100.0,686,1,99.854,205.5,265.7,99.984,99.428,0.192,73,97.782,98.905,99.133,98.389,98.335,73.93,60.1,444.19,151.62,4.46858,98.8,11.15
2026-06-10T12:02:00,PCI_7,gNB-2,100.0,684,0,100.0,196.4,247.1,99.641,99.539,0.182,66,99.145,99.266,98.415,98.129,97.563,74.19,56.31,396.91,170.58,4.25619,99.368,13.77
2026-06-10T12:02:00,PCI_8,gNB-3,100.0,693,0,100.0,187.4,261.1,99.412,99.809,0.178,67,98.772,99.003,98.699,98.151,97.94,73.57,60.01,441.65,149.77,4.4357,99.432,11.31
2026-06-10T12:02:00,PCI_9,gNB-3,99.957,687,0,100.0,200.6,274.0,99.506,99.097,0.119,64,98.111,98.498,98.877,98.253,97.959,75.35,59.91,417.4,160.33,4.33301,99.047,11.77
2026-06-10T12:02:00,PCI_10,gNB-3,99.971,675,1,99.852,178.3,231.9,99.561,99.288,0.207,60,98.351,99.202,98.896,98.359,97.948,69.44,52.12,459.37,163.27,4.6698,99.485,17.21
2026-06-10T12:03:00,PCI_1,gNB-1,99.936,699,1,99.857,196.0,265.8,99.483,99.411,0.11,71,98.118,99.403,98.275,98.258,97.309,73.88,60.55,456.65,146.87,4.52638,99.436,13.26
2026-06-10T12:03:00,PCI_2,gNB-1,99.933,700,0,100.0,201.1,275.7,99.49,99.334,0.072,71,98.334,98.924,98.724,98.484,98.454,74.79,53.47,483.78,172.46,4.92183,99.23,13.49
2026-06-10T12:03:00,PCI_3,gNB-1,99.931,690,0,100.0,201.8,244.4,99.503,99.506,0.066,67,98.977,98.473,98.497,98.922,98.292,66.28,54.85,411.99,159.35,4.28505,99.012,12.88
2026-06-10T12:03:00,PCI_4,gNB-1,99.996,708,0,100.0,178.5,217.4,99.378,99.611,0.135,64,98.49,99.028,98.622,98.398,97.374,66.42,60.73,479.38,155.5,4.76166,98.911,13.03
2026-06-10T12:03:00,PCI_5,gNB-2,99.962,702,1,99.858,204.2,284.1,99.483,98.953,0.166,77,98.446,98.876,98.556,98.227,98.15,75.37,58.72,486.19,140.89,4.70306,99.106,13.98
2026-06-10T12:03:00,PCI_6,gNB-2,99.947,720,0,100.0,182.4,216.2,99.741,99.713,0.159,66,98.578,98.956,98.104,98.517,97.611,75.53,60.35,455.16,167.56,4.67041,99.239,15.69
2026-06-10T12:03:00,PCI_7,gNB-2,99.952,693,0,100.0,199.4,258.1,99.712,99.351,0.207,65,98.698,99.083,98.726,97.988,97.951,78.58,63.73,434.88,154.55,4.42079,99.562,15.2
2026-06-10T12:03:00,PCI_8,gNB-3,99.946,710,1,99.859,192.3,236.2,99.693,99.49,0.213,68,98.447,98.774,98.469,98.437,97.831,74.28,51.87,451.61,154.7,4.54735,99.078,13.09
2026-06-10T12:03:00,PCI_9,gNB-3,100.0,670,0,100.0,190.4,233.2,99.88,99.349,0.205,72,98.776,98.921,98.439,98.214,98.4,85.84,55.07,451.75,165.78,4.63147,99.076,15.83
2026-06-10T12:03:00,PCI_10,gNB-3,99.977,690,1,99.855,199.9,266.9,99.553,99.258,0.08,73,98.391,98.973,98.889,98.584,97.982,73.27,62.9,448.39,160.19,4.56431,99.156,14.66
2026-06-10T12:04:00,PCI_1,gNB-1,99.928,714,1,99.86,193.8,268.2,99.343,99.816,0.222,62,99.021,98.686,98.765,98.643,98.697,79.96,59.7,452.2,152.51,4.53534,98.968,12.52
2026-06-10T12:04:00,PCI_2,gNB-1,99.961,704,1,99.858,185.0,223.9,99.256,99.454,0.139,63,97.81,99.125,98.845,98.012,98.38,71.23,60.94,441.41,152.1,4.45131,99.121,14.42
2026-06-10T12:04:00,PCI_3,gNB-1,99.941,719,1,99.861,189.1,264.0,99.345,99.679,0.271,67,98.571,98.754,98.888,98.186,98.256,70.45,69.36,463.44,152.8,4.62178,99.408,13.04
2026-06-10T12:04:00,PCI_4,gNB-1,99.991,696,1,99.856,203.4,251.4,99.81,99.523,0.296,75,98.766,99.329,98.91,98.686,97.55,70.77,68.36,449.36,150.7,4.50045,99.152,13.75
2026-06-10T12:04:00,PCI_5,gNB-2,99.917,703,0,100.0,201.3,248.3,99.841,99.609,0.239,71,98.451,99.023,98.366,98.143,97.891,74.15,58.39,482.35,161.56,4.82934,98.971,13.07
2026-06-10T12:04:00,PCI_6,gNB-2,99.984,712,0,100.0,200.5,244.3,99.459,99.314,0.205,72,98.856,98.906,98.931,98.922,97.303,71.48,58.34,471.72,151.11,4.67125,99.466,11.6
2026-06-10T12:04:00,PCI_7,gNB-2,100.0,698,1,99.857,195.3,260.0,99.55,99.206,0.165,66,98.377,99.368,98.878,98.611,97.222,68.52,54.53,440.24,148.84,4.41805,99.211,15.18
2026-06-10T12:04:00,PCI_8,gNB-3,99.98,694,0,100.0,207.6,284.0,99.714,99.499,0.202,74,98.523,99.288,98.617,98.404,97.389,77.64,58.83,408.3,165.47,4.30329,99.05,14.6
2026-06-10T12:04:00,PCI_9,gNB-3,100.0,694,0,100.0,184.3,224.3,99.93,99.526,0.182,60,98.465,98.991,98.672,98.234,97.966,71.42,53.35,435.74,154.67,4.42814,99.062,14.28
2026-06-10T12:04:00,PCI_10,gNB-3,100.0,695,1,99.856,182.4,254.4,99.544,99.185,0.134,64,98.593,98.624,98.76,98.284,97.856,73.69,56.34,500.34,161.53,4.96409,99.409,13.55
2026-06-10T12:05:00,PCI_1,gNB-1,99.941,698,1,99.857,182.2,239.2,99.593,99.411,0.199,63,98.422,99.067,98.322,98.456,98.087,73.55,60.49,398.8,139.95,4.04062,98.719,15.77
2026-06-10T12:05:00,PCI_2,gNB-1,99.953,696,0,100.0,178.0,249.2,99.488,99.374,0.183,65,98.176,99.134,98.329,98.212,97.833,70.81,62.04,466.59,142.43,4.56763,99.306,15.33
2026-06-10T12:05:00,PCI_3,gNB-1,99.972,693,1,99.856,187.4,225.4,99.47,99.349,0.106,65,98.513,98.638,98.697,98.324,97.794,69.32,59.1,455.5,141.4,4.47675,99.304,16.38
2026-06-10T12:05:00,PCI_4,gNB-1,99.969,702,1,99.858,199.0,267.8,99.622,99.294,0.211,71,98.721,98.782,99.073,98.493,98.686,68.4,58.42,450.11,160.44,4.57914,99.327,13.09
2026-06-10T12:05:00,PCI_5,gNB-2,99.998,670,1,99.851,193.1,253.9,99.565,99.35,0.171,66,98.439,98.641,98.81,98.545,97.973,70.04,58.26,486.05,152.48,4.78896,99.068,13.85
2026-06-10T12:05:00,PCI_6,gNB-2,99.947,704,1,99.858,185.4,230.1,99.663,99.027,0.268,68,98.731,99.169,98.512,98.613,98.393,78.95,57.02,441.51,172.37,4.60416,99.256,11.18
2026-06-10T12:05:00,PCI_7,gNB-2,99.929,700,1,99.857,184.4,226.3,99.497,99.377,0.086,67,98.261,98.947,98.858,98.161,98.036,71.41,64.73,435.94,158.38,4.45738,99.103,13.07
2026-06-10T12:05:00,PCI_8,gNB-3,99.958,698,0,100.0,187.7,234.3,99.597,99.236,0.111,61,98.638,99.202,98.614,98.122,98.736,71.74,62.26,435.04,153.61,4.41492,98.945,13.7
2026-06-10T12:05:00,PCI_9,gNB-3,99.99,699,1,99.857,185.1,251.7,99.489,99.467,0.22,66,98.338,98.846,98.588,97.511,98.283,78.96,62.91,504.85,150.22,4.91297,99.214,13.95
2026-06-10T12:05:00,PCI_10,gNB-3,99.909,692,2,99.711,197.0,273.3,99.399,99.025,0.179,65,98.558,99.093,98.488,97.963,98.045,70.17,59.89,461.87,163.75,4.69209,99.34,14.71
2026-06-10T12:06:00,PCI_1,gNB-1,99.986,687,1,99.854,197.4,269.0,99.552,99.772,0.193,69,98.42,98.966,99.289,97.909,98.118,65.06,63.81,467.68,161.11,4.71595,98.927,12.33
2026-06-10T12:06:00,PCI_2,gNB-1,99.97,698,1,99.857,190.7,252.4,99.506,99.146,0.109,60,98.71,99.019,98.926,98.297,97.232,76.13,63.13,426.32,145.01,4.28494,99.549,12.74
2026-06-10T12:06:00,PCI_3,gNB-1,99.996,680,0,100.0,189.8,247.6,99.651,98.897,0.058,67,98.564,98.63,98.672,98.601,98.174,68.16,60.24,481.37,150.98,4.7426,98.856,15.48
2026-06-10T12:06:00,PCI_4,gNB-1,100.0,693,1,99.856,200.8,263.5,99.745,99.392,0.076,69,98.766,99.0,98.528,98.148,98.454,75.91,59.92,442.51,140.21,4.37043,99.318,10.42
2026-06-10T12:06:00,PCI_5,gNB-2,100.0,721,1,99.861,189.2,230.7,99.5,99.229,0.132,67,99.381,99.075,98.863,97.967,98.12,76.61,62.2,464.98,150.1,4.6131,99.656,14.56
2026-06-10T12:06:00,PCI_6,gNB-2,99.928,708,1,99.859,181.1,217.1,99.667,99.575,0.096,58,98.96,98.783,99.042,98.936,97.873,68.87,58.01,484.22,144.41,4.71474,99.29,12.05
2026-06-10T12:06:00,PCI_7,gNB-2,100.0,680,0,100.0,182.8,227.6,99.423,99.176,0.038,65,98.261,99.007,98.925,98.337,97.926,70.87,53.49,469.79,155.19,4.68737,98.71,12.66
2026-06-10T12:06:00,PCI_8,gNB-3,99.985,704,0,100.0,201.4,237.9,99.538,99.311,0.144,72,98.398,98.652,98.551,98.128,98.803,77.48,63.36,497.73,157.85,4.91688,99.469,14.97
2026-06-10T12:06:00,PCI_9,gNB-3,99.951,682,1,99.853,195.2,230.8,99.735,99.503,0.242,66,97.845,98.639,98.694,98.455,98.661,70.8,58.95,432.7,160.51,4.44909,99.516,15.53
2026-06-10T12:06:00,PCI_10,gNB-3,99.955,683,0,100.0,195.9,261.3,99.834,99.604,0.221,67,98.644,99.453,98.786,98.605,98.18,80.58,57.52,390.99,160.19,4.13389,99.108,11.67
2026-06-10T12:07:00,PCI_1,gNB-1,99.945,687,1,99.854,198.5,245.2,99.456,99.629,0.075,72,98.42,98.757,98.798,98.225,97.019,73.08,52.86,429.48,132.64,4.21593,99.541,14.0
2026-06-10T12:07:00,PCI_2,gNB-1,99.966,707,0,100.0,191.2,254.8,99.571,99.47,0.211,65,98.511,99.153,98.973,98.452,97.851,74.17,58.46,486.75,149.08,4.76875,99.353,14.21
2026-06-10T12:07:00,PCI_3,gNB-1,99.933,704,1,99.858,182.4,233.8,99.408,99.754,0.238,63,98.986,99.255,98.472,98.486,98.018,71.21,57.42,463.46,161.15,4.68458,99.283,13.58
2026-06-10T12:07:00,PCI_4,gNB-1,99.978,690,0,100.0,192.9,226.2,99.539,99.414,0.075,66,98.063,99.444,98.809,98.112,98.038,76.23,66.87,479.73,146.87,4.69951,99.32,15.55
2026-06-10T12:07:00,PCI_5,gNB-2,99.966,675,1,99.852,212.4,289.3,99.457,99.162,0.025,72,98.279,98.79,99.199,98.865,97.865,64.08,52.39,466.51,166.91,4.75068,98.902,13.12
2026-06-10T12:07:00,PCI_6,gNB-2,99.998,714,1,99.86,192.3,223.9,99.72,99.463,0.072,62,99.138,98.521,98.807,98.066,97.729,72.58,64.86,466.11,151.84,4.6346,99.578,11.92
2026-06-10T12:07:00,PCI_7,gNB-2,99.988,715,1,99.86,195.3,229.2,99.876,99.623,0.113,67,98.292,98.682,98.511,98.006,97.637,75.22,59.66,463.56,160.18,4.67805,99.359,13.99
2026-06-10T12:07:00,PCI_8,gNB-3,99.941,676,0,100.0,191.8,237.5,99.597,99.176,0.239,65,98.707,99.174,98.901,98.566,97.715,67.95,57.68,408.05,164.64,4.29518,99.272,13.37
2026-06-10T12:07:00,PCI_9,gNB-3,99.928,674,1,99.852,198.2,233.3,99.469,99.665,0.17,68,98.612,99.018,98.342,98.777,98.351,73.73,51.02,472.89,152.12,4.68756,99.332,14.49
2026-06-10T12:07:00,PCI_10,gNB-3,100.0,705,0,100.0,186.8,257.7,99.569,99.649,0.185,61,98.55,98.77,98.822,98.297,98.415,72.14,53.66,443.69,149.45,4.44856,98.635,12.43
2026-06-10T12:08:00,PCI_1,gNB-1,99.943,677,0,100.0,188.3,241.6,99.619,99.331,0.035,62,98.282,99.467,99.179,97.85,98.017,67.0,56.88,493.62,163.44,4.92799,99.283,11.07
2026-06-10T12:08:00,PCI_2,gNB-1,99.996,683,1,99.854,197.8,253.5,99.784,99.47,0.139,67,98.941,98.967,98.832,98.324,97.726,75.86,54.92,459.82,147.99,4.55854,98.714,15.39
2026-06-10T12:08:00,PCI_3,gNB-1,99.989,701,1,99.857,184.3,231.5,99.38,99.99,0.076,62,98.877,99.232,98.883,98.541,98.348,73.85,56.93,452.86,158.38,4.5843,99.307,15.47
2026-06-10T12:08:00,PCI_4,gNB-1,99.931,715,1,99.86,189.0,243.8,99.575,99.123,0.103,67,98.35,98.717,98.311,98.016,97.669,79.51,64.3,500.82,153.28,4.90578,98.956,12.75
2026-06-10T12:08:00,PCI_5,gNB-2,99.986,701,1,99.857,200.9,278.8,99.625,98.834,0.126,69,98.508,98.865,98.7,98.314,98.025,78.79,57.21,477.62,167.22,4.83634,99.461,14.66
2026-06-10T12:08:00,PCI_6,gNB-2,99.961,719,1,99.861,189.9,236.5,99.834,99.496,0.071,67,98.749,99.143,98.74,98.269,97.915,68.81,60.72,466.28,150.64,4.62696,99.023,12.82
2026-06-10T12:08:00,PCI_7,gNB-2,99.958,727,0,100.0,198.7,235.9,99.628,99.387,0.034,72,98.711,99.158,98.876,98.637,97.875,76.38,69.09,496.2,159.23,4.91572,98.836,10.15
2026-06-10T12:08:00,PCI_8,gNB-3,99.992,710,1,99.859,197.9,248.4,99.757,99.69,0.186,68,98.459,98.828,99.597,98.626,98.319,68.27,54.07,464.99,162.22,4.70407,99.401,16.24
2026-06-10T12:08:00,PCI_9,gNB-3,99.953,698,0,100.0,201.5,279.3,99.827,99.564,0.312,69,98.655,98.848,98.669,98.88,97.623,73.27,58.3,464.01,162.1,4.69584,99.03,13.16
2026-06-10T12:08:00,PCI_10,gNB-3,99.97,685,1,99.854,189.9,260.9,99.457,99.143,0.071,63,98.227,98.66,98.378,98.827,97.585,75.68,70.19,489.03,161.45,4.87861,99.146,17.14
2026-06-10T12:09:00,PCI_1,gNB-1,99.971,703,0,100.0,196.9,242.0,99.351,99.466,0.188,70,98.144,98.916,99.111,98.523,97.564,74.59,51.44,472.47,166.88,4.79519,99.788,13.17
2026-06-10T12:09:00,PCI_2,gNB-1,99.973,699,1,99.857,187.3,222.9,99.518,99.388,0.116,63,98.202,98.898,99.005,98.72,98.71,66.93,53.72,478.4,161.24,4.79735,99.038,14.87
2026-06-10T12:09:00,PCI_3,gNB-1,99.998,678,1,99.853,196.5,244.9,99.652,99.075,0.214,69,98.912,99.078,98.807,98.093,97.585,74.8,54.93,467.3,155.38,4.67007,98.676,14.44
2026-06-10T12:09:00,PCI_4,gNB-1,99.996,688,0,100.0,196.3,259.8,99.592,99.152,0.112,67,98.374,99.331,98.469,97.812,97.589,69.61,60.32,490.71,156.43,4.85356,99.469,12.61
2026-06-10T12:09:00,PCI_5,gNB-2,99.992,699,1,99.857,190.1,237.9,99.753,99.32,0.18,65,98.372,99.0,98.086,98.371,98.112,68.13,57.72,459.55,147.24,4.55091,99.207,14.94
2026-06-10T12:09:00,PCI_6,gNB-2,99.967,702,0,100.0,201.8,234.5,99.617,99.72,0.192,70,98.765,99.044,98.52,98.124,97.88,65.57,57.07,434.31,153.25,4.40672,99.1,14.35
2026-06-10T12:09:00,PCI_7,gNB-2,99.971,696,1,99.856,196.3,264.1,99.517,99.38,0.17,69,98.007,98.821,98.568,97.807,97.964,76.42,54.67,439.57,164.34,4.52934,99.056,13.26
2026-06-10T12:09:00,PCI_8,gNB-3,99.927,698,1,99.857,196.6,229.3,99.695,99.429,0.246,70,98.328,99.272,98.604,98.151,97.982,72.87,56.69,457.21,150.37,4.55683,99.011,16.42
2026-06-10T12:09:00,PCI_9,gNB-3,99.929,716,0,100.0,183.9,249.1,99.317,99.244,0.227,56,98.655,98.986,98.321,98.108,98.411,70.58,58.65,431.61,152.57,4.38135,99.249,14.73
2026-06-10T12:09:00,PCI_10,gNB-3,99.916,710,0,100.0,189.7,262.6,99.475,99.512,0.162,65,98.748,99.217,98.754,98.25,98.298,72.97,67.83,394.69,164.04,4.19048,99.532,13.83
2026-06-10T12:10:00,PCI_1,gNB-1,99.922,710,1,99.859,199.4,265.2,99.593,99.35,0.197,68,98.342,99.044,98.759,98.57,98.436,74.06,55.77,508.25,174.28,5.11903,99.452,11.64
2026-06-10T12:10:00,PCI_2,gNB-1,100.0,704,2,99.716,200.3,277.6,99.709,99.425,0.133,66,97.964,99.398,98.952,97.751,98.093,71.72,61.11,469.12,170.89,4.8001,98.893,12.96
2026-06-10T12:10:00,PCI_3,gNB-1,100.0,695,1,99.856,203.7,274.1,99.573,99.569,0.07,65,98.599,98.695,98.605,98.601,98.361,80.64,60.67,464.35,149.62,4.60475,99.012,9.42
2026-06-10T12:10:00,PCI_4,gNB-1,99.948,692,0,100.0,183.5,235.4,99.543,99.193,0.166,63,98.385,98.491,98.39,98.567,97.775,65.56,53.11,488.72,162.1,4.88111,99.166,14.88
2026-06-10T12:10:00,PCI_5,gNB-2,100.0,708,1,99.859,189.2,237.9,99.616,99.105,0.218,67,97.979,98.627,98.066,97.945,98.008,66.0,54.02,446.67,152.96,4.49724,99.112,12.67
2026-06-10T12:10:00,PCI_6,gNB-2,99.932,689,1,99.855,184.0,255.2,99.843,99.484,0.0,66,98.635,98.82,98.931,98.539,97.802,75.37,58.91,470.29,156.9,4.70397,98.731,14.09
2026-06-10T12:10:00,PCI_7,gNB-2,99.925,682,1,99.853,193.4,242.1,99.167,99.289,0.167,65,98.244,99.031,98.498,97.989,97.489,68.63,58.37,485.92,152.52,4.78834,98.931,13.5
2026-06-10T12:10:00,PCI_8,gNB-3,99.957,690,0,100.0,196.2,262.9,99.634,99.251,0.243,68,98.28,99.018,98.488,98.453,97.739,73.25,65.08,483.06,161.64,4.83529,99.117,12.77
2026-06-10T12:10:00,PCI_9,gNB-3,99.991,711,1,99.859,196.4,261.2,99.438,99.596,0.0,65,98.291,98.843,98.689,99.183,97.853,80.19,55.46,487.86,150.67,4.78896,99.409,14.13
2026-06-10T12:10:00,PCI_10,gNB-3,99.946,701,2,99.715,187.1,232.7,99.712,99.295,0.126,67,98.23,99.028,98.688,98.508,97.376,71.78,64.56,413.81,153.95,4.2582,99.118,12.59
2026-06-10T12:11:00,PCI_1,gNB-1,99.948,687,2,99.709,195.3,234.2,99.502,99.089,0.212,70,98.217,98.706,99.145,98.475,97.949,76.01,65.55,478.67,165.23,4.82923,99.398,13.65
2026-06-10T12:11:00,PCI_2,gNB-1,99.953,729,0,100.0,189.5,218.8,99.5,99.381,0.15,66,98.688,99.344,99.294,98.474,98.078,74.57,56.59,446.43,157.23,4.52748,99.382,15.43
2026-06-10T12:11:00,PCI_3,gNB-1,99.992,709,0,100.0,210.5,245.6,99.767,99.181,0.078,73,98.687,98.65,98.823,98.436,98.193,79.49,53.05,432.12,160.72,4.44635,99.089,14.55
2026-06-10T12:11:00,PCI_4,gNB-1,99.945,675,1,99.852,208.0,276.9,99.522,99.582,0.123,74,98.242,99.324,98.318,98.258,98.082,67.87,59.7,463.53,161.91,4.6908,98.835,15.84
2026-06-10T12:11:00,PCI_5,gNB-2,99.964,690,1,99.855,199.8,263.1,99.564,99.5,0.134,68,98.296,98.919,98.751,98.657,98.027,77.59,61.75,494.28,158.45,4.89545,99.115,10.72
2026-06-10T12:11:00,PCI_6,gNB-2,99.986,709,0,100.0,182.3,230.1,99.473,99.304,0.204,65,98.859,98.633,98.22,98.292,97.749,73.32,58.68,477.49,165.04,4.81897,99.064,14.36
2026-06-10T12:11:00,PCI_7,gNB-2,99.987,723,1,99.862,181.5,227.1,99.553,99.123,0.222,61,98.515,98.862,98.721,98.402,98.169,81.45,66.15,444.25,164.26,4.56386,99.541,15.16
2026-06-10T12:11:00,PCI_8,gNB-3,99.962,704,1,99.858,188.9,226.0,99.692,99.302,0.219,63,98.797,98.797,98.417,98.17,98.605,77.87,53.14,495.61,154.41,4.87515,98.769,16.7
2026-06-10T12:11:00,PCI_9,gNB-3,100.0,690,0,100.0,204.6,260.2,99.724,99.222,0.064,71,98.537,98.88,98.398,98.284,98.454,71.99,63.72,444.32,158.19,4.51883,99.248,12.44
2026-06-10T12:11:00,PCI_10,gNB-3,100.0,709,1,99.859,195.7,268.9,99.73,99.682,0.173,69,98.423,98.749,98.868,97.898,98.359,73.92,54.58,462.41,145.23,4.55735,99.007,10.86
2026-06-10T12:12:00,PCI_1,gNB-1,100.0,698,0,100.0,198.9,268.9,99.487,99.426,0.225,72,98.564,98.839,98.566,98.139,98.073,71.66,54.75,473.03,151.21,4.6818,98.849,15.7
2026-06-10T12:12:00,PCI_2,gNB-1,99.967,679,0,100.0,187.8,254.2,99.562,99.494,0.056,66,99.286,99.377,99.076,98.756,97.918,75.78,59.98,448.65,156.69,4.54001,99.597,15.45
2026-06-10T12:12:00,PCI_3,gNB-1,99.925,718,1,99.861,190.1,230.9,99.52,99.764,0.114,65,98.106,98.943,98.837,98.097,97.738,70.49,64.46,497.99,182.91,5.10671,98.857,15.05
2026-06-10T12:12:00,PCI_4,gNB-1,100.0,696,1,99.856,192.1,238.3,99.874,99.513,0.15,66,98.349,99.393,98.813,98.158,98.495,78.34,63.95,452.4,159.22,4.58716,99.192,16.68
2026-06-10T12:12:00,PCI_5,gNB-2,99.971,732,0,100.0,198.8,264.3,99.387,99.614,0.137,71,98.356,99.102,99.196,98.47,97.542,72.11,60.09,472.64,155.67,4.7123,99.099,15.03
2026-06-10T12:12:00,PCI_6,gNB-2,99.985,701,1,99.857,195.9,251.1,99.441,99.581,0.096,71,98.261,99.127,98.702,98.017,97.381,75.73,56.23,475.46,164.62,4.80064,99.548,13.55
2026-06-10T12:12:00,PCI_7,gNB-2,99.997,687,2,99.709,199.8,239.0,99.497,99.569,0.063,72,98.689,99.33,98.501,98.753,97.446,77.6,62.32,465.14,170.37,4.76635,99.373,10.86
2026-06-10T12:12:00,PCI_8,gNB-3,99.967,716,1,99.86,195.8,250.8,99.723,99.465,0.098,69,98.575,98.691,98.638,98.161,97.893,75.26,50.43,493.68,156.77,4.87837,99.277,11.65
2026-06-10T12:12:00,PCI_9,gNB-3,99.998,693,1,99.856,199.5,267.7,99.487,99.491,0.121,67,98.931,99.086,99.136,98.419,98.116,74.27,58.32,449.75,169.44,4.64388,99.058,13.84
2026-06-10T12:12:00,PCI_10,gNB-3,99.96,728,0,100.0,190.2,224.1,99.626,99.197,0.172,62,98.183,98.855,99.18,97.86,98.461,61.22,59.65,450.04,158.77,4.56605,99.196,12.68
2026-06-10T12:13:00,PCI_1,gNB-1,99.982,696,0,100.0,187.0,226.1,99.576,99.734,0.124,64,98.363,98.871,98.522,98.328,97.993,72.69,51.13,512.62,155.73,5.01265,99.219,14.94
2026-06-10T12:13:00,PCI_2,gNB-1,99.933,662,1,99.849,194.9,235.3,99.794,99.542,0.058,69,98.898,98.981,98.198,98.456,97.842,66.5,55.9,452.47,155.78,4.56188,99.379,14.43
2026-06-10T12:13:00,PCI_3,gNB-1,99.959,702,0,100.0,190.0,261.4,99.559,99.292,0.06,67,98.579,99.135,98.63,98.089,98.144,74.39,57.72,488.02,163.85,4.88903,98.813,13.47
2026-06-10T12:13:00,PCI_4,gNB-1,99.941,724,0,100.0,192.0,244.9,99.898,99.091,0.058,63,97.97,98.624,98.461,98.029,97.929,70.69,52.17,469.72,161.25,4.73222,98.914,15.86
2026-06-10T12:13:00,PCI_5,gNB-2,99.984,707,0,100.0,189.2,248.2,99.611,99.605,0.174,64,98.949,98.8,98.425,98.429,97.913,71.06,58.77,424.66,162.69,4.40513,99.098,13.18
2026-06-10T12:13:00,PCI_6,gNB-2,100.0,676,1,99.852,196.0,233.4,99.761,99.336,0.163,73,98.629,98.875,98.327,98.217,98.329,74.22,61.47,478.76,154.17,4.74698,98.685,11.9
2026-06-10T12:13:00,PCI_7,gNB-2,99.968,689,0,100.0,200.0,233.1,99.387,99.652,0.14,73,98.419,98.713,98.643,98.314,97.982,78.04,60.0,443.73,149.59,4.44987,98.939,15.63
2026-06-10T12:13:00,PCI_8,gNB-3,99.954,720,0,100.0,201.9,282.4,99.476,99.171,0.095,67,98.417,98.799,98.582,98.831,97.839,75.91,53.8,428.71,175.83,4.53401,99.497,14.31
2026-06-10T12:13:00,PCI_9,gNB-3,99.924,687,2,99.709,211.7,249.5,99.446,99.306,0.138,73,98.386,98.798,98.561,99.061,98.254,66.97,64.77,491.99,162.33,4.9074,99.289,16.88
2026-06-10T12:13:00,PCI_10,gNB-3,99.994,701,0,100.0,206.2,274.8,99.637,99.207,0.206,67,98.917,98.908,98.392,97.989,97.772,72.31,59.03,428.06,168.92,4.47738,99.309,12.69
2026-06-10T12:14:00,PCI_1,gNB-1,99.987,722,0,100.0,183.5,222.7,99.543,99.101,0.153,61,98.281,99.106,98.106,98.48,97.613,78.66,56.65,424.65,176.93,4.5119,99.854,10.44
2026-06-10T12:14:00,PCI_2,gNB-1,99.953,665,1,99.85,191.1,255.6,99.601,99.391,0.137,65,98.109,99.039,98.888,98.168,98.468,70.31,61.86,488.71,146.5,4.76403,99.327,12.77
2026-06-10T12:14:00,PCI_3,gNB-1,99.951,743,0,100.0,195.3,258.9,99.649,99.314,0.139,67,99.214,99.178,98.78,98.459,97.634,76.36,59.03,434.27,163.74,4.48508,98.599,13.5
2026-06-10T12:14:00,PCI_4,gNB-1,99.931,685,1,99.854,193.7,236.6,99.746,99.518,0.246,61,98.024,99.054,98.354,98.269,98.207,79.94,61.63,472.59,159.86,4.74342,98.996,13.12
2026-06-10T12:14:00,PCI_5,gNB-2,99.978,703,1,99.858,186.8,259.8,99.475,99.72,0.151,63,98.729,99.364,98.762,98.289,97.637,69.44,53.01,451.92,171.45,4.67531,99.131,11.49
2026-06-10T12:14:00,PCI_6,gNB-2,99.956,704,1,99.858,199.7,270.6,99.626,99.423,0.086,73,98.511,98.857,98.642,98.51,98.422,75.52,58.9,472.52,148.76,4.65961,99.157,13.09
2026-06-10T12:14:00,PCI_7,gNB-2,99.955,735,1,99.864,195.2,248.1,99.743,99.42,0.107,66,98.582,98.497,98.35,98.461,97.788,70.78,54.98,495.51,151.03,4.84906,99.234,14.94
2026-06-10T12:14:00,PCI_8,gNB-3,99.973,692,0,100.0,200.1,239.8,99.514,99.957,0.198,66,98.013,99.291,98.363,98.69,97.377,71.33,64.83,448.47,162.26,4.5805,99.181,15.53
2026-06-10T12:14:00,PCI_9,gNB-3,99.971,704,1,99.858,193.2,238.3,99.989,99.382,0.236,66,98.254,98.958,99.009,98.661,98.213,72.07,61.13,458.03,171.89,4.72438,99.378,14.21
2026-06-10T12:14:00,PCI_10,gNB-3,100.0,698,1,99.857,210.8,248.2,99.679,99.526,0.064,76,98.721,98.624,99.021,98.219,97.83,70.1,59.12,489.37,151.79,4.80867,99.553,17.1
2026-06-10T12:15:00,PCI_1,gNB-1,100.0,692,0,100.0,191.8,249.7,99.64,98.99,0.154,63,98.019,98.903,98.499,98.675,98.424,82.26,59.75,450.76,157.22,4.55985,99.48,13.8
2026-06-10T12:15:00,PCI_2,gNB-1,99.968,700,1,99.857,206.2,254.0,99.695,99.392,0.132,72,98.208,98.934,98.411,98.402,97.641,67.01,56.92,435.81,152.07,4.40912,98.856,17.82
2026-06-10T12:15:00,PCI_3,gNB-1,99.958,730,2,99.726,194.8,247.7,99.741,99.49,0.163,68,98.202,98.728,98.739,98.46,98.607,65.69,60.77,457.75,150.48,4.5617,99.132,14.86
2026-06-10T12:15:00,PCI_4,gNB-1,99.965,702,1,99.858,194.5,271.8,99.953,99.638,0.029,73,98.412,99.086,98.55,98.455,97.624,78.16,61.25,446.82,156.08,4.52175,98.972,13.87
2026-06-10T12:15:00,PCI_5,gNB-2,99.99,697,1,99.857,195.1,241.5,99.589,99.26,0.255,66,98.881,99.029,98.948,97.676,98.667,66.47,57.08,441.61,165.26,4.5515,99.409,12.33
2026-06-10T12:15:00,PCI_6,gNB-2,99.97,718,2,99.721,193.3,241.1,99.596,99.521,0.201,65,98.517,99.072,98.707,97.837,97.586,70.67,57.1,476.7,149.49,4.69646,99.792,12.03
2026-06-10T12:15:00,PCI_7,gNB-2,99.998,704,0,100.0,202.9,273.0,99.517,99.329,0.066,74,98.524,98.805,98.956,97.717,98.14,75.82,58.76,469.95,164.84,4.76098,99.457,12.78
2026-06-10T12:15:00,PCI_8,gNB-3,99.957,698,1,99.857,198.9,276.2,99.708,99.524,0.199,66,98.577,99.222,99.01,98.875,98.398,68.44,58.49,463.46,146.65,4.57577,99.07,12.0
2026-06-10T12:15:00,PCI_9,gNB-3,99.978,727,1,99.862,187.2,249.1,99.511,99.846,0.116,64,99.353,99.124,98.557,98.275,97.603,77.52,58.75,426.47,146.5,4.29732,99.012,12.18
2026-06-10T12:15:00,PCI_10,gNB-3,100.0,673,1,99.851,203.5,256.7,99.42,99.417,0.195,74,98.493,99.033,98.372,98.449,97.706,72.33,56.05,464.11,169.63,4.75305,99.342,12.28
2026-06-10T12:16:00,PCI_1,gNB-1,99.982,721,0,100.0,190.9,257.5,99.513,99.337,0.233,69,98.903,98.791,99.256,97.609,98.132,74.93,55.88,423.47,156.46,4.34953,99.373,12.58
2026-06-10T12:16:00,PCI_2,gNB-1,99.945,710,1,99.859,190.0,236.1,99.458,99.601,0.093,65,98.516,99.334,98.565,98.553,97.798,79.45,55.44,488.13,166.52,4.90985,98.913,15.69
2026-06-10T12:16:00,PCI_3,gNB-1,99.946,695,0,100.0,188.9,242.0,99.717,99.816,0.164,62,98.745,98.616,98.861,98.078,97.756,68.17,62.66,465.35,156.37,4.66292,98.744,12.82
2026-06-10T12:16:00,PCI_4,gNB-1,99.956,722,2,99.723,203.3,275.6,99.783,99.322,0.161,66,98.695,99.166,98.311,98.566,97.915,65.81,58.36,479.75,152.57,4.74238,99.212,14.51
2026-06-10T12:16:00,PCI_5,gNB-2,99.966,696,0,100.0,198.1,265.3,99.859,99.502,0.139,65,97.885,98.871,98.553,98.447,97.999,73.7,63.59,468.16,160.5,4.71495,99.253,14.52
2026-06-10T12:16:00,PCI_6,gNB-2,99.99,729,0,100.0,200.7,253.9,99.558,99.277,0.194,74,99.036,99.005,99.218,98.248,97.972,76.35,58.49,436.96,153.72,4.4301,99.915,14.71
2026-06-10T12:16:00,PCI_7,gNB-2,99.957,689,1,99.855,194.4,242.9,99.702,99.122,0.169,71,98.858,98.287,99.033,98.164,97.74,79.46,65.39,449.19,156.94,4.546,99.025,13.09
2026-06-10T12:16:00,PCI_8,gNB-3,99.983,677,1,99.852,207.4,273.4,99.523,99.353,0.13,72,98.61,99.13,98.77,98.44,98.256,78.72,57.59,429.25,166.37,4.46716,98.94,12.53
2026-06-10T12:16:00,PCI_9,gNB-3,99.978,690,1,99.855,200.8,231.6,99.785,99.49,0.058,74,98.73,98.564,98.507,98.235,98.621,73.47,59.29,483.69,159.11,4.82096,99.114,14.31
2026-06-10T12:16:00,PCI_10,gNB-3,99.969,715,1,99.86,197.0,266.5,99.435,99.133,0.263,60,98.731,98.707,98.852,98.473,97.65,72.66,57.47,454.65,159.67,4.60741,99.31,14.39
2026-06-10T12:17:00,PCI_1,gNB-1,100.0,713,1,99.86,190.3,259.4,99.73,99.407,0.185,67,97.78,98.803,98.335,98.535,98.277,81.41,64.29,484.13,166.0,4.87595,99.177,14.23
2026-06-10T12:17:00,PCI_2,gNB-1,99.951,731,2,99.726,193.6,242.9,99.752,99.296,0.043,66,98.641,99.149,98.782,98.834,97.364,70.45,60.96,494.47,143.2,4.78255,99.764,13.6
2026-06-10T12:17:00,PCI_3,gNB-1,99.97,693,1,99.856,217.7,258.1,99.862,99.328,0.206,78,98.508,98.717,98.633,97.794,97.854,80.88,60.6,446.95,150.07,4.47764,99.046,10.75
2026-06-10T12:17:00,PCI_4,gNB-1,99.986,697,0,100.0,198.1,262.3,99.827,99.35,0.011,72,98.426,98.619,98.888,98.265,98.118,67.52,56.33,451.96,149.84,4.51346,99.212,14.52
2026-06-10T12:17:00,PCI_5,gNB-2,99.966,719,0,100.0,191.4,245.2,99.484,99.329,0.231,65,98.993,98.879,98.477,98.192,97.627,67.59,54.16,484.53,165.84,4.87773,98.661,15.15
2026-06-10T12:17:00,PCI_6,gNB-2,99.984,705,1,99.858,203.0,268.0,99.628,99.145,0.218,65,98.655,98.791,98.202,98.406,97.926,69.25,60.22,443.15,160.05,4.52406,98.9,14.39
2026-06-10T12:17:00,PCI_7,gNB-2,99.981,688,0,100.0,183.8,253.7,99.477,99.269,0.069,63,98.415,98.79,98.81,98.45,97.908,75.41,53.48,465.83,157.96,4.67842,99.862,12.46
2026-06-10T12:17:00,PCI_8,gNB-3,99.949,698,0,100.0,199.2,259.2,99.662,99.062,0.107,69,98.306,98.846,99.454,98.063,98.312,73.94,58.49,498.31,157.33,4.91729,98.893,14.09
2026-06-10T12:17:00,PCI_9,gNB-3,99.951,730,2,99.726,195.2,226.3,99.747,99.225,0.147,67,98.584,98.959,99.103,98.03,98.349,72.11,55.11,460.17,160.14,4.6523,99.084,12.1
2026-06-10T12:17:00,PCI_10,gNB-3,100.0,723,0,100.0,172.0,222.8,99.595,99.35,0.201,60,98.284,98.942,98.453,98.695,98.068,71.21,55.05,451.52,159.78,4.58476,99.302,13.81
2026-06-10T12:18:00,PCI_1,gNB-1,100.0,701,1,99.857,211.5,284.5,99.438,99.539,0.072,73,98.318,98.976,99.07,98.193,98.728,73.79,54.92,467.41,149.39,4.62596,99.212,17.0
2026-06-10T12:18:00,PCI_2,gNB-1,100.0,689,0,100.0,186.8,232.6,99.55,99.462,0.049,64,98.216,98.699,98.967,98.108,98.636,68.87,60.49,468.83,170.06,4.7917,99.813,17.47
2026-06-10T12:18:00,PCI_3,gNB-1,100.0,722,1,99.861,203.8,262.8,99.318,99.213,0.069,73,98.743,98.935,98.496,98.527,98.375,75.35,62.74,437.84,151.2,4.41779,99.539,12.94
2026-06-10T12:18:00,PCI_4,gNB-1,99.976,744,1,99.866,204.9,262.7,99.643,99.365,0.224,72,98.584,98.545,98.622,98.229,97.848,69.31,57.85,499.61,157.65,4.9295,98.823,11.67
2026-06-10T12:18:00,PCI_5,gNB-2,99.964,716,1,99.86,201.1,252.4,99.718,99.488,0.031,74,98.704,98.681,98.742,98.364,97.692,72.09,63.25,449.41,157.92,4.55499,99.146,13.04
2026-06-10T12:18:00,PCI_6,gNB-2,99.968,715,1,99.86,189.9,258.9,99.561,99.14,0.183,70,98.515,99.291,98.985,98.283,98.306,71.97,60.63,432.93,157.79,4.43034,99.266,15.56
2026-06-10T12:18:00,PCI_7,gNB-2,99.977,705,0,100.0,195.6,251.0,99.629,99.076,0.135,71,98.913,99.002,98.993,97.961,97.918,76.1,57.58,454.92,151.34,4.54694,99.555,14.12
2026-06-10T12:18:00,PCI_8,gNB-3,99.983,719,0,100.0,203.5,250.3,99.536,99.583,0.011,66,98.435,99.229,98.917,98.51,97.733,72.72,58.81,479.17,158.92,4.78566,99.096,12.68
2026-06-10T12:18:00,PCI_9,gNB-3,99.982,708,1,99.859,198.1,266.1,99.853,99.203,0.109,69,98.109,98.741,98.299,98.062,97.86,82.28,64.53,425.88,150.11,4.31986,99.49,13.14
2026-06-10T12:18:00,PCI_10,gNB-3,99.966,708,0,100.0,209.4,270.0,99.622,99.455,0.17,73,98.007,98.851,98.255,98.32,98.2,76.26,55.06,483.54,146.98,4.72889,99.284,13.71
2026-06-10T12:19:00,PCI_1,gNB-1,100.0,719,0,100.0,190.5,261.2,99.599,99.517,0.03,62,99.195,99.189,98.723,98.286,97.988,69.68,57.77,458.8,153.15,4.58956,99.04,12.98
2026-06-10T12:19:00,PCI_2,gNB-1,100.0,719,2,99.722,192.8,247.7,99.512,99.516,0.292,60,98.828,99.012,98.302,98.084,97.131,68.74,65.64,433.44,140.67,4.30588,99.288,15.9
2026-06-10T12:19:00,PCI_3,gNB-1,99.976,685,0,100.0,194.5,250.0,99.456,99.53,0.229,67,98.649,99.376,98.622,98.635,97.846,74.11,58.97,454.49,160.97,4.61597,99.278,13.92
2026-06-10T12:19:00,PCI_4,gNB-1,99.979,716,1,99.86,188.5,246.6,99.697,99.222,0.191,64,98.424,99.139,98.705,98.166,98.186,74.43,56.07,399.37,168.1,4.25598,99.044,13.93
2026-06-10T12:19:00,PCI_5,gNB-2,100.0,683,1,99.854,203.7,237.7,99.601,99.827,0.069,67,98.454,98.939,98.399,98.307,97.795,78.47,63.69,503.08,173.03,5.07081,99.151,13.28
2026-06-10T12:19:00,PCI_6,gNB-2,99.93,723,1,99.862,187.6,244.2,99.712,99.26,0.193,64,98.584,99.097,98.545,98.337,97.815,76.13,59.29,519.98,153.91,5.05413,99.146,11.67
2026-06-10T12:19:00,PCI_7,gNB-2,99.975,700,1,99.857,182.1,241.6,99.792,99.726,0.14,66,98.17,99.472,98.743,98.662,98.031,72.9,52.38,452.19,181.27,4.75097,99.381,15.24
2026-06-10T12:19:00,PCI_8,gNB-3,99.99,712,1,99.86,191.4,221.9,99.688,99.512,0.139,68,98.697,98.994,98.769,98.413,97.984,73.98,60.83,424.82,155.83,4.35487,99.256,14.47
2026-06-10T12:19:00,PCI_9,gNB-3,99.903,699,1,99.857,203.9,234.9,99.46,99.335,0.136,74,98.402,99.13,98.496,98.738,97.82,72.68,62.26,467.57,140.98,4.56411,99.181,15.9
2026-06-10T12:19:00,PCI_10,gNB-3,99.944,712,0,100.0,188.5,234.0,99.726,99.579,0.199,74,98.368,98.971,98.961,97.868,98.017,68.36,62.64,484.0,159.49,4.82615,98.967,10.85
2026-06-10T12:20:00,PCI_1,gNB-1,99.937,719,1,99.861,195.9,258.2,99.801,99.184,0.229,65,98.373,99.187,98.622,97.861,97.808,73.76,58.11,477.55,160.32,4.78406,99.196,14.69
2026-06-10T12:20:00,PCI_2,gNB-1,99.949,700,0,100.0,188.3,244.2,99.341,99.398,0.305,70,98.509,99.197,98.436,98.476,97.858,75.7,56.34,485.53,165.91,4.8858,99.537,13.32
2026-06-10T12:20:00,PCI_3,gNB-1,99.97,723,1,99.862,203.1,276.3,99.468,99.484,0.137,70,98.642,99.182,99.174,98.655,98.696,75.71,51.65,467.33,148.54,4.61903,99.223,14.32
2026-06-10T12:20:00,PCI_4,gNB-1,99.985,736,0,100.0,190.7,245.9,99.681,99.589,0.156,67,98.753,99.09,98.842,98.152,97.247,72.98,61.82,436.47,152.6,4.41805,99.538,15.08
2026-06-10T12:20:00,PCI_5,gNB-2,99.97,706,0,100.0,197.9,231.7,99.525,99.76,0.205,66,98.647,99.201,98.558,98.447,97.539,72.05,56.8,497.01,156.05,4.89792,99.068,12.94
2026-06-10T12:20:00,PCI_6,gNB-2,99.93,734,0,100.0,195.7,249.5,99.787,99.028,0.0,67,98.248,98.939,98.8,97.793,98.325,73.48,53.45,466.27,154.28,4.65415,99.375,11.16
2026-06-10T12:20:00,PCI_7,gNB-2,99.942,742,1,99.865,199.0,265.4,99.858,99.628,0.1,71,98.686,99.339,98.991,98.091,97.649,80.0,54.2,477.16,163.46,4.80462,98.894,13.45
2026-06-10T12:20:00,PCI_8,gNB-3,99.949,730,1,99.863,201.0,245.0,99.788,99.516,0.205,70,98.965,98.864,99.003,98.434,98.076,74.35,51.3,486.43,162.35,4.86585,99.636,14.56
2026-06-10T12:20:00,PCI_9,gNB-3,99.962,721,1,99.861,190.4,250.2,99.412,99.678,0.183,65,98.173,99.325,98.717,98.994,97.78,73.36,56.79,435.59,157.75,4.44999,99.181,17.35
2026-06-10T12:20:00,PCI_10,gNB-3,99.931,717,1,99.861,204.8,243.1,99.431,99.316,0.285,74,98.796,98.774,99.169,98.308,97.688,71.37,58.96,470.05,160.68,4.73054,99.551,15.05
2026-06-10T12:21:00,PCI_1,gNB-1,100.0,720,2,99.722,199.7,267.1,99.483,99.652,0.158,70,98.266,99.164,98.508,97.94,97.901,77.4,57.32,510.92,155.96,5.00156,99.475,14.92
2026-06-10T12:21:00,PCI_2,gNB-1,99.984,702,0,100.0,207.1,286.6,99.504,99.057,0.128,69,98.849,98.591,98.381,97.764,97.493,76.91,55.65,450.15,168.51,4.63995,99.414,14.5
2026-06-10T12:21:00,PCI_3,gNB-1,99.991,710,1,99.859,204.8,283.9,99.765,99.674,0.182,72,98.302,99.164,98.547,98.843,97.965,74.48,59.31,422.6,146.59,4.26894,99.465,14.66
2026-06-10T12:21:00,PCI_4,gNB-1,99.967,686,1,99.854,192.1,242.4,99.578,99.334,0.13,68,98.748,98.607,98.568,97.987,97.664,76.33,57.79,394.89,158.88,4.15328,99.343,17.98
2026-06-10T12:21:00,PCI_5,gNB-2,99.969,709,1,99.859,203.3,235.1,99.749,99.39,0.13,67,99.126,99.174,98.648,97.92,97.793,61.02,66.58,436.5,159.6,4.47077,99.337,15.17
2026-06-10T12:21:00,PCI_6,gNB-2,99.979,700,0,100.0,210.8,293.2,99.684,99.524,0.116,75,98.651,98.805,98.711,98.261,97.91,76.42,62.31,506.31,141.4,4.85781,98.969,13.4
2026-06-10T12:21:00,PCI_7,gNB-2,100.0,724,1,99.862,197.8,231.7,99.816,99.439,0.118,66,98.328,98.999,98.691,98.038,97.884,78.84,63.7,450.17,150.05,4.50166,99.024,16.41
2026-06-10T12:21:00,PCI_8,gNB-3,99.976,694,1,99.856,204.7,261.1,99.59,99.073,0.166,74,98.423,98.729,98.863,98.55,97.786,67.69,60.13,434.11,164.71,4.4912,99.333,13.5
2026-06-10T12:21:00,PCI_9,gNB-3,99.978,690,1,99.855,183.2,213.0,99.434,99.228,0.056,64,98.899,99.095,98.663,98.381,98.622,71.01,57.71,455.48,162.64,4.63587,99.094,13.73
2026-06-10T12:21:00,PCI_10,gNB-3,100.0,722,0,100.0,190.8,258.0,99.519,99.481,0.143,68,98.735,98.663,98.861,98.176,98.142,73.67,57.81,475.66,166.38,4.81529,99.081,14.52
2026-06-10T12:22:00,PCI_1,gNB-1,99.948,701,1,99.857,202.2,269.9,99.43,99.287,0.111,74,98.174,99.329,98.409,97.87,97.812,70.19,58.23,467.8,147.94,4.618,99.097,15.4
2026-06-10T12:22:00,PCI_2,gNB-1,99.943,738,1,99.864,189.0,222.3,99.446,99.543,0.229,69,98.439,98.638,98.95,98.301,97.488,75.09,55.53,469.4,156.12,4.69134,99.406,14.43
2026-06-10T12:22:00,PCI_3,gNB-1,99.979,723,0,100.0,215.5,269.2,99.627,99.512,0.14,77,98.461,99.339,98.65,97.977,97.806,82.1,64.03,435.23,158.1,4.44999,99.171,17.41
2026-06-10T12:22:00,PCI_4,gNB-1,99.985,711,2,99.719,204.2,252.5,99.583,99.335,0.129,67,98.691,99.166,98.631,98.473,98.318,77.1,58.86,413.72,142.2,4.16937,99.197,12.43
2026-06-10T12:22:00,PCI_5,gNB-2,99.961,691,0,100.0,206.2,263.0,99.337,99.22,0.208,71,97.875,99.106,98.417,98.649,98.285,79.18,59.59,458.89,147.88,4.55078,98.901,14.57
2026-06-10T12:22:00,PCI_6,gNB-2,99.968,708,0,100.0,180.6,243.1,99.744,99.651,0.212,71,98.412,98.952,98.599,98.259,97.889,70.46,55.81,462.31,151.79,4.60575,99.181,14.31
2026-06-10T12:22:00,PCI_7,gNB-2,99.939,709,0,100.0,184.6,214.3,99.527,99.753,0.193,66,98.548,98.941,98.836,97.742,98.407,67.56,56.61,487.45,150.28,4.78297,99.31,14.56
2026-06-10T12:22:00,PCI_8,gNB-3,99.981,724,1,99.862,197.5,266.9,99.559,99.45,0.118,76,98.882,99.483,98.989,98.302,97.942,77.53,53.44,436.16,147.19,4.37513,99.388,12.54
2026-06-10T12:22:00,PCI_9,gNB-3,99.912,708,0,100.0,195.5,256.8,99.716,99.528,0.032,67,98.956,99.514,98.91,98.643,98.319,69.03,55.38,459.66,154.18,4.60381,99.296,13.11
2026-06-10T12:22:00,PCI_10,gNB-3,99.961,693,1,99.856,216.8,255.0,99.581,99.267,0.225,74,97.885,98.706,98.647,98.188,97.802,68.39,57.02,480.08,159.23,4.79482,99.404,12.24
2026-06-10T12:23:00,PCI_1,gNB-1,99.964,700,0,100.0,206.9,240.5,99.609,99.069,0.187,72,98.645,99.051,98.935,98.485,97.609,74.34,60.3,493.58,149.67,4.82436,99.208,14.11
2026-06-10T12:23:00,PCI_2,gNB-1,99.934,695,1,99.856,204.7,256.6,99.408,99.292,0.037,69,98.359,98.875,98.384,98.288,97.799,72.92,57.29,446.71,160.45,4.55372,99.297,13.88
2026-06-10T12:23:00,PCI_3,gNB-1,99.979,720,1,99.861,207.9,253.7,99.771,99.66,0.0,70,98.754,99.295,98.236,98.078,98.344,72.06,59.71,462.34,165.28,4.70715,99.353,14.83
2026-06-10T12:23:00,PCI_4,gNB-1,99.958,706,2,99.717,191.5,249.0,99.397,99.65,0.056,69,98.037,99.05,98.713,98.106,98.014,81.36,62.96,505.74,165.35,5.0332,99.513,15.31
2026-06-10T12:23:00,PCI_5,gNB-2,99.974,718,1,99.861,198.4,259.9,99.672,99.693,0.067,74,98.271,98.944,98.937,98.065,98.374,75.5,62.29,450.36,151.36,4.51292,99.237,12.86
2026-06-10T12:23:00,PCI_6,gNB-2,99.993,744,1,99.866,197.0,258.5,99.784,99.19,0.0,67,98.524,99.056,98.669,97.939,98.011,82.61,57.98,476.93,149.18,4.69586,99.09,13.65
2026-06-10T12:23:00,PCI_7,gNB-2,100.0,712,0,100.0,200.1,244.6,99.859,99.437,0.154,68,98.655,99.051,98.492,98.2,96.955,73.2,58.72,417.92,152.76,4.28006,99.519,12.95
2026-06-10T12:23:00,PCI_8,gNB-3,99.99,681,0,100.0,189.1,238.3,99.661,99.503,0.029,61,98.674,98.894,98.954,98.352,98.412,78.56,55.04,479.47,158.69,4.78621,99.22,14.52
2026-06-10T12:23:00,PCI_9,gNB-3,99.954,674,1,99.852,194.1,251.4,99.901,99.394,0.138,69,98.335,99.312,98.88,98.231,97.581,78.64,60.55,494.59,143.76,4.78768,99.379,13.53
2026-06-10T12:23:00,PCI_10,gNB-3,99.921,717,0,100.0,193.8,265.7,99.402,99.47,0.097,68,98.795,99.198,98.921,99.062,97.789,70.24,62.87,467.53,145.85,4.60034,99.353,16.74
2026-06-10T12:24:00,PCI_1,gNB-1,99.928,713,1,99.86,208.1,277.0,99.645,99.595,0.078,73,98.377,98.712,99.251,98.119,97.793,70.87,62.1,451.83,163.18,4.61255,99.148,12.69
2026-06-10T12:24:00,PCI_2,gNB-1,99.94,691,2,99.711,191.5,235.1,99.71,99.58,0.084,62,98.549,98.908,98.861,98.275,98.107,70.47,60.97,435.93,172.82,4.56561,99.134,13.5
2026-06-10T12:24:00,PCI_3,gNB-1,99.923,696,0,100.0,208.6,247.1,99.57,99.242,0.13,78,98.252,99.025,98.658,98.446,97.788,67.48,56.74,443.98,153.95,4.48448,98.755,14.24
2026-06-10T12:24:00,PCI_4,gNB-1,99.936,733,1,99.864,217.9,267.7,99.655,99.359,0.255,76,98.581,98.93,98.455,98.293,97.411,65.91,57.97,431.57,155.51,4.40309,98.964,16.24
2026-06-10T12:24:00,PCI_5,gNB-2,99.956,713,0,100.0,178.9,230.8,99.578,99.531,0.219,59,98.286,99.315,98.73,98.076,98.454,71.96,64.51,499.13,161.74,4.95652,99.581,14.25
2026-06-10T12:24:00,PCI_6,gNB-2,99.992,704,0,100.0,198.8,228.6,99.892,99.292,0.126,72,98.356,99.239,99.044,98.032,97.729,73.74,60.39,449.08,151.25,4.50246,98.759,13.53
2026-06-10T12:24:00,PCI_7,gNB-2,99.999,716,0,100.0,210.3,270.1,99.702,99.477,0.131,77,98.609,99.047,98.717,98.612,98.31,77.02,60.45,506.81,163.98,5.03089,99.022,13.34
2026-06-10T12:24:00,PCI_8,gNB-3,99.943,708,0,100.0,202.5,282.0,99.772,99.595,0.15,73,98.46,99.316,98.366,98.351,97.832,72.68,66.14,494.33,157.99,4.89244,99.084,15.23
2026-06-10T12:24:00,PCI_9,gNB-3,99.963,699,1,99.857,199.3,266.9,99.419,99.279,0.159,70,98.748,98.997,98.763,98.18,97.951,79.73,61.25,480.86,153.92,4.76081,98.776,12.66
2026-06-10T12:24:00,PCI_10,gNB-3,99.956,726,1,99.862,194.6,266.6,99.666,99.481,0.22,69,98.273,98.668,98.427,98.58,98.533,72.07,66.27,471.47,158.48,4.72465,99.26,14.71
2026-06-10T12:25:00,PCI_1,gNB-1,99.974,712,1,99.86,177.6,216.7,99.827,99.553,0.114,62,98.694,98.897,98.897,98.243,97.576,73.82,51.7,454.9,148.44,4.52505,99.469,11.31
2026-06-10T12:25:00,PCI_2,gNB-1,99.992,722,0,100.0,187.5,242.8,99.746,99.33,0.119,66,98.416,98.959,98.558,98.208,97.164,71.73,60.5,444.68,154.85,4.49649,99.41,12.72
2026-06-10T12:25:00,PCI_3,gNB-1,99.93,723,0,100.0,202.4,268.5,99.439,99.588,0.162,77,98.861,99.154,98.769,98.279,98.065,73.2,59.23,478.23,161.61,4.79882,99.275,11.92
2026-06-10T12:25:00,PCI_4,gNB-1,100.0,698,0,100.0,188.5,239.6,99.388,99.29,0.104,61,98.47,98.695,98.716,97.907,97.786,76.71,55.47,477.56,171.36,4.86689,99.442,12.0
2026-06-10T12:25:00,PCI_5,gNB-2,99.991,735,1,99.864,210.4,255.1,99.366,99.518,0.185,72,98.422,99.157,99.477,98.259,98.394,71.33,62.04,484.87,148.82,4.75268,98.918,15.5
2026-06-10T12:25:00,PCI_6,gNB-2,100.0,723,1,99.862,196.9,250.0,99.641,99.299,0.135,71,98.332,98.936,99.246,98.25,98.27,78.27,58.99,463.66,153.7,4.63023,98.961,15.18
2026-06-10T12:25:00,PCI_7,gNB-2,99.93,704,1,99.858,199.3,258.3,99.49,99.555,0.017,71,98.682,99.316,98.295,98.637,98.41,70.92,61.73,468.61,148.09,4.62522,99.342,13.86
2026-06-10T12:25:00,PCI_8,gNB-3,99.946,716,0,100.0,202.5,271.7,99.539,99.2,0.232,74,98.277,99.197,98.811,98.323,98.269,74.04,69.55,450.66,161.2,4.58896,98.78,14.53
2026-06-10T12:25:00,PCI_9,gNB-3,99.983,671,0,100.0,201.9,238.0,99.62,99.328,0.159,64,98.633,98.723,98.699,98.29,97.917,77.09,55.62,453.77,176.27,4.72525,99.548,14.79
2026-06-10T12:25:00,PCI_10,gNB-3,100.0,727,2,99.725,188.2,229.3,99.483,99.492,0.066,65,98.492,99.272,98.835,98.266,97.727,81.6,59.67,472.7,158.31,4.7326,99.251,13.2
2026-06-10T12:26:00,PCI_1,gNB-1,100.0,734,1,99.864,206.3,250.2,99.499,99.467,0.269,74,98.175,99.29,98.936,98.407,98.342,71.76,60.78,481.64,155.15,4.77595,99.016,14.91
2026-06-10T12:26:00,PCI_2,gNB-1,99.959,685,1,99.854,184.5,235.9,99.405,99.388,0.076,63,98.182,99.34,98.675,98.343,97.877,74.44,57.01,465.45,148.0,4.60088,99.466,13.65
2026-06-10T12:26:00,PCI_3,gNB-1,99.934,719,1,99.861,205.9,240.7,99.508,99.186,0.001,70,98.076,99.048,98.031,98.403,98.222,68.79,62.1,456.37,160.62,4.62744,99.091,9.57
2026-06-10T12:26:00,PCI_4,gNB-1,99.938,732,0,100.0,193.2,260.9,99.597,99.483,0.166,66,98.801,99.169,98.49,98.244,97.668,74.34,53.1,472.45,179.2,4.88738,99.324,13.53
2026-06-10T12:26:00,PCI_5,gNB-2,99.996,682,1,99.853,189.4,233.1,99.69,99.159,0.1,64,98.692,98.943,98.776,98.475,98.461,74.6,57.72,467.37,165.52,4.7467,99.16,16.26
2026-06-10T12:26:00,PCI_6,gNB-2,100.0,704,1,99.858,193.4,266.6,99.707,99.363,0.211,59,98.462,98.987,98.107,98.194,97.604,71.69,57.99,503.91,151.21,4.91343,98.887,15.23
2026-06-10T12:26:00,PCI_7,gNB-2,99.969,723,1,99.862,198.4,266.0,99.766,99.287,0.18,60,98.207,98.94,98.427,98.47,97.704,73.01,61.25,460.41,137.96,4.48778,99.118,13.77
2026-06-10T12:26:00,PCI_8,gNB-3,99.935,750,1,99.867,204.4,267.4,99.577,99.806,0.112,74,98.297,99.044,98.619,98.548,97.995,79.76,59.76,453.27,158.35,4.58715,99.53,15.1
2026-06-10T12:26:00,PCI_9,gNB-3,100.0,728,1,99.863,201.3,233.8,99.607,99.524,0.156,71,98.487,98.872,98.295,98.075,97.84,73.09,51.85,498.27,167.77,4.99525,99.7,14.22
2026-06-10T12:26:00,PCI_10,gNB-3,99.984,704,1,99.858,198.5,238.2,99.563,99.39,0.079,70,98.569,98.808,98.335,98.617,98.275,73.16,61.72,473.2,150.06,4.67446,99.239,13.56
2026-06-10T12:27:00,PCI_1,gNB-1,99.995,700,2,99.714,189.9,263.1,99.638,99.098,0.197,66,98.887,99.264,98.506,98.562,98.435,77.22,61.62,457.34,159.47,4.62611,99.687,12.62
2026-06-10T12:27:00,PCI_2,gNB-1,100.0,710,2,99.718,203.7,245.0,99.795,99.873,0.241,76,98.54,98.983,98.742,98.351,97.973,74.01,60.17,462.29,149.2,4.58618,98.876,13.69
2026-06-10T12:27:00,PCI_3,gNB-1,100.0,731,0,100.0,198.5,257.6,99.32,99.751,0.005,70,98.166,99.478,98.873,98.69,97.354,73.28,64.47,428.3,171.17,4.49602,99.289,13.89
2026-06-10T12:27:00,PCI_4,gNB-1,99.95,700,0,100.0,195.8,269.7,99.902,99.005,0.159,71,98.016,99.014,98.64,98.194,97.691,83.85,60.22,475.9,134.7,4.57954,98.928,12.12
2026-06-10T12:27:00,PCI_5,gNB-2,100.0,706,1,99.858,194.5,264.0,99.69,100.0,0.115,67,99.171,99.191,98.533,98.411,97.818,77.79,54.12,449.16,143.03,4.44146,99.511,16.2
2026-06-10T12:27:00,PCI_6,gNB-2,99.961,703,0,100.0,199.0,236.3,99.809,99.674,0.0,70,98.43,98.749,98.584,98.344,98.051,71.22,48.62,446.32,147.64,4.45476,99.529,16.56
2026-06-10T12:27:00,PCI_7,gNB-2,100.0,701,2,99.715,195.7,257.0,99.819,99.379,0.066,70,97.889,98.57,98.665,98.202,97.892,77.22,67.53,491.91,163.85,4.91822,99.488,14.77
2026-06-10T12:27:00,PCI_8,gNB-3,99.974,712,2,99.719,208.9,261.5,99.731,99.379,0.172,68,98.489,98.991,98.619,97.801,97.507,71.07,59.67,436.37,151.97,4.41254,99.403,15.42
2026-06-10T12:27:00,PCI_9,gNB-3,99.954,687,1,99.854,193.4,249.7,99.635,99.569,0.16,70,98.561,98.916,98.489,98.596,98.026,76.74,60.5,443.99,184.56,4.71416,99.454,14.87
2026-06-10T12:27:00,PCI_10,gNB-3,99.995,685,1,99.854,209.2,283.7,99.69,99.438,0.059,76,98.516,99.21,99.242,98.784,97.934,77.42,56.43,441.02,146.8,4.40862,99.216,15.92
2026-06-10T12:28:00,PCI_1,gNB-1,99.951,695,0,100.0,200.9,251.0,99.95,99.533,0.196,73,98.66,98.862,98.162,98.215,97.969,66.32,55.76,475.7,154.02,4.72292,98.989,13.69
2026-06-10T12:28:00,PCI_2,gNB-1,99.949,710,1,99.859,201.4,233.8,99.718,99.578,0.118,72,98.754,99.163,99.222,98.504,97.946,78.08,63.37,458.56,146.19,4.5357,99.128,14.93
2026-06-10T12:28:00,PCI_3,gNB-1,99.985,707,1,99.859,188.6,237.8,99.578,99.61,0.218,65,98.459,99.389,98.959,98.109,97.909,74.48,56.77,504.23,166.01,5.02682,99.602,15.27
2026-06-10T12:28:00,PCI_4,gNB-1,99.987,729,0,100.0,202.5,270.8,99.762,99.372,0.106,68,98.381,99.005,98.347,97.866,97.78,71.92,61.13,483.56,165.97,4.87144,98.863,13.76
2026-06-10T12:28:00,PCI_5,gNB-2,100.0,695,1,99.856,189.0,248.4,100.0,99.477,0.043,64,98.583,99.129,98.493,98.418,98.255,74.7,52.74,426.34,155.06,4.36049,99.314,13.42
2026-06-10T12:28:00,PCI_6,gNB-2,99.922,743,0,100.0,195.0,257.5,99.618,99.338,0.194,69,98.362,99.251,98.698,98.062,97.308,71.23,63.4,457.47,166.89,4.68274,98.917,12.98
2026-06-10T12:28:00,PCI_7,gNB-2,99.988,710,1,99.859,191.9,238.7,99.615,99.574,0.255,72,98.208,99.134,98.628,98.237,98.287,71.16,49.69,496.53,169.62,4.99612,98.849,14.03
2026-06-10T12:28:00,PCI_8,gNB-3,99.964,731,0,100.0,196.2,265.1,99.708,99.449,0.202,71,98.749,99.529,98.978,97.713,98.064,76.58,60.17,460.48,155.26,4.61806,99.039,14.25
2026-06-10T12:28:00,PCI_9,gNB-3,99.938,709,1,99.859,196.6,232.5,99.669,99.32,0.051,69,98.428,99.043,98.322,97.848,97.368,70.6,57.58,408.48,149.02,4.18121,99.141,12.67
2026-06-10T12:28:00,PCI_10,gNB-3,99.969,736,0,100.0,194.1,230.7,99.687,99.242,0.009,71,98.44,98.887,99.279,98.47,97.83,75.93,58.69,430.66,180.96,4.58714,98.913,13.11
2026-06-10T12:29:00,PCI_1,gNB-1,99.893,743,1,99.865,199.5,261.8,100.0,99.8,0.117,70,98.361,98.874,98.781,98.796,97.729,64.63,52.3,416.27,154.24,4.27881,99.204,10.8
2026-06-10T12:29:00,PCI_2,gNB-1,99.95,716,0,100.0,189.9,231.3,99.546,99.534,0.218,58,98.159,99.205,98.837,98.084,97.895,72.67,56.0,442.75,148.31,4.43294,98.821,13.34
2026-06-10T12:29:00,PCI_3,gNB-1,99.953,721,1,99.861,179.7,219.0,99.437,99.403,0.134,59,98.054,99.162,98.26,98.372,98.233,70.93,56.05,454.99,155.22,4.57661,99.163,11.84
2026-06-10T12:29:00,PCI_4,gNB-1,99.984,704,0,100.0,199.1,266.0,99.612,99.133,0.059,69,97.621,98.842,98.677,98.31,98.267,75.28,58.45,468.57,155.95,4.68386,99.064,13.89
2026-06-10T12:29:00,PCI_5,gNB-2,99.969,738,1,99.864,201.6,248.9,99.494,99.171,0.122,72,98.762,98.983,98.343,98.371,98.082,73.75,63.06,495.28,169.3,4.98439,99.342,17.09
2026-06-10T12:29:00,PCI_6,gNB-2,99.994,711,0,100.0,188.5,226.8,99.695,99.313,0.114,59,99.019,98.821,98.751,98.612,97.913,77.39,62.14,455.36,165.8,4.65872,99.521,14.21
2026-06-10T12:29:00,PCI_7,gNB-2,99.944,719,2,99.722,198.9,237.5,99.451,99.346,0.234,72,98.336,99.03,98.375,98.112,97.654,67.01,54.26,436.86,151.14,4.40998,99.361,13.5
2026-06-10T12:29:00,PCI_8,gNB-3,99.936,721,0,100.0,184.6,239.5,99.558,99.383,0.132,62,98.562,98.968,98.224,98.515,98.131,67.93,59.4,436.64,163.93,4.50434,98.827,15.58
2026-06-10T12:29:00,PCI_9,gNB-3,100.0,720,0,100.0,213.2,273.8,99.623,99.498,0.237,75,98.688,99.648,99.055,98.332,98.472,76.42,60.98,474.0,147.1,4.65826,99.251,14.13
2026-06-10T12:29:00,PCI_10,gNB-3,99.965,733,1,99.864,194.1,238.9,99.64,99.342,0.208,61,98.657,99.106,98.811,98.655,97.559,69.84,58.23,480.28,164.35,4.83472,99.009,13.88
2026-06-10T12:30:00,PCI_1,gNB-1,99.957,690,1,99.855,205.1,240.7,99.411,99.369,0.118,73,97.991,99.145,98.699,98.639,97.809,75.44,57.45,418.73,153.99,4.2954,99.358,15.32
2026-06-10T12:30:00,PCI_2,gNB-1,99.932,706,1,99.858,198.6,266.7,99.527,99.459,0.316,70,98.83,98.526,98.802,98.067,98.582,77.48,64.22,463.29,161.97,4.68943,98.746,13.9
2026-06-10T12:30:00,PCI_3,gNB-1,99.973,724,1,99.862,180.3,229.8,99.391,99.16,0.18,64,97.997,98.792,99.064,98.336,98.154,76.33,63.61,488.36,179.86,5.01167,98.99,13.49
2026-06-10T12:30:00,PCI_4,gNB-1,99.993,704,0,100.0,193.4,226.9,99.662,99.374,0.192,63,98.653,99.179,98.665,97.655,98.04,73.11,58.95,488.05,157.31,4.84019,99.885,14.92
2026-06-10T12:30:00,PCI_5,gNB-2,99.951,721,78,89.182,189.7,236.6,93.214,91.744,4.164,63,80.917,88.826,86.444,97.967,97.826,99.46,86.73,151.94,59.6,1.58661,99.408,36.1
2026-06-10T12:30:00,PCI_6,gNB-2,99.927,728,0,100.0,191.1,260.3,99.855,99.247,0.077,65,98.841,98.681,98.837,98.139,98.377,69.91,66.82,475.94,161.29,4.7792,99.251,17.1
2026-06-10T12:30:00,PCI_7,gNB-2,99.968,729,0,100.0,189.5,220.0,99.544,99.328,0.162,73,98.383,98.771,99.292,98.3,97.626,79.3,62.38,464.56,157.48,4.66528,99.267,14.46
2026-06-10T12:30:00,PCI_8,gNB-3,99.944,741,0,100.0,195.0,257.4,99.628,99.266,0.283,71,98.871,98.876,98.842,98.211,98.458,72.57,55.42,436.04,159.5,4.46655,99.332,13.29
2026-06-10T12:30:00,PCI_9,gNB-3,99.987,745,1,99.866,206.1,260.2,99.44,99.608,0.139,70,98.245,98.956,98.569,98.696,98.088,76.89,58.72,408.92,162.21,4.28347,99.428,12.98
2026-06-10T12:30:00,PCI_10,gNB-3,99.956,698,0,100.0,201.4,237.7,99.762,99.267,0.094,67,98.883,98.702,98.72,98.214,97.728,74.72,58.69,500.61,162.49,4.97325,99.659,15.43
2026-06-10T12:31:00,PCI_1,gNB-1,99.976,711,0,100.0,196.0,237.0,99.484,99.426,0.167,69,98.413,98.921,98.838,98.6,98.093,81.65,57.46,496.62,162.4,4.94268,99.423,16.7
2026-06-10T12:31:00,PCI_2,gNB-1,99.936,709,1,99.859,194.6,229.3,99.386,99.428,0.078,70,98.493,99.022,99.314,98.2,98.394,77.4,62.69,439.53,153.16,4.44511,99.087,12.33
2026-06-10T12:31:00,PCI_3,gNB-1,99.971,714,0,100.0,203.2,245.7,99.511,99.385,0.068,72,98.589,99.09,99.019,98.054,97.391,83.83,55.38,451.59,148.38,4.49979,99.046,11.42
2026-06-10T12:31:00,PCI_4,gNB-1,99.949,709,1,99.859,191.3,234.1,99.586,99.665,0.251,69,98.935,98.777,98.4,98.302,98.052,66.74,55.89,455.65,155.37,4.58266,99.708,16.02
2026-06-10T12:31:00,PCI_5,gNB-2,99.953,705,81,88.511,181.5,250.9,93.572,90.397,3.621,70,85.663,84.112,86.508,98.243,97.468,94.04,80.3,104.57,54.96,1.19649,99.046,35.55
2026-06-10T12:31:00,PCI_6,gNB-2,99.953,706,0,100.0,210.4,286.0,99.679,99.244,0.157,76,97.855,98.628,98.865,98.032,97.941,75.3,71.52,454.79,155.18,4.57477,99.024,15.45
2026-06-10T12:31:00,PCI_7,gNB-2,99.961,708,1,99.859,196.1,251.1,99.73,99.621,0.077,68,98.475,98.849,98.199,97.914,98.759,76.65,58.74,457.39,141.41,4.491,99.197,13.8
2026-06-10T12:31:00,PCI_8,gNB-3,100.0,698,0,100.0,185.4,217.1,99.663,99.282,0.245,65,98.432,99.466,98.979,98.715,97.956,70.68,55.12,455.52,165.9,4.66064,99.457,12.99
2026-06-10T12:31:00,PCI_9,gNB-3,99.995,710,0,100.0,193.4,222.5,99.407,99.91,0.094,68,98.349,99.016,98.672,98.502,97.805,78.43,64.3,447.63,165.76,4.60041,99.292,11.36
2026-06-10T12:31:00,PCI_10,gNB-3,99.999,709,1,99.859,196.8,270.0,99.721,99.552,0.115,64,98.442,99.071,98.692,98.047,98.135,82.65,50.89,441.47,158.26,4.49797,99.415,15.23
2026-06-10T12:32:00,PCI_1,gNB-1,99.964,735,1,99.864,199.1,273.4,99.327,99.562,0.237,69,98.793,98.923,98.771,98.056,98.717,81.16,53.73,473.84,159.48,4.7499,99.243,15.49
2026-06-10T12:32:00,PCI_2,gNB-1,99.955,724,0,100.0,217.4,252.1,99.443,99.489,0.074,74,98.418,98.997,98.765,98.349,97.989,78.25,59.48,486.17,162.45,4.86466,99.335,11.98
2026-06-10T12:32:00,PCI_3,gNB-1,100.0,725,0,100.0,189.8,233.5,99.701,99.467,0.124,68,98.466,98.915,98.86,98.136,98.256,73.89,61.83,432.69,155.29,4.40983,99.001,11.93
2026-06-10T12:32:00,PCI_4,gNB-1,99.926,707,0,100.0,189.4,249.6,99.88,99.771,0.167,68,98.035,99.19,98.939,98.57,98.105,72.35,55.48,444.72,152.05,4.47583,99.408,16.06
2026-06-10T12:32:00,PCI_5,gNB-2,99.938,705,77,89.078,203.5,278.1,91.119,92.063,4.13,72,85.153,88.996,85.648,98.634,97.91,97.81,78.6,134.87,47.8,1.37003,98.904,39.42
2026-06-10T12:32:00,PCI_6,gNB-2,99.99,724,0,100.0,199.2,275.1,99.512,99.342,0.154,72,98.329,98.76,98.66,98.338,98.343,71.49,59.28,436.99,163.18,4.50127,99.025,15.06
2026-06-10T12:32:00,PCI_7,gNB-2,99.936,711,0,100.0,200.6,270.7,99.386,99.328,0.09,64,98.083,99.128,97.999,98.374,97.554,73.77,60.71,452.91,147.32,4.50171,98.632,15.6
2026-06-10T12:32:00,PCI_8,gNB-3,99.931,700,1,99.857,211.3,253.3,99.456,99.174,0.144,72,98.691,98.82,98.831,98.256,97.486,74.72,63.88,467.96,154.21,4.66628,99.755,12.83
2026-06-10T12:32:00,PCI_9,gNB-3,99.978,714,1,99.86,200.1,245.5,99.821,99.378,0.184,67,98.452,98.828,98.55,98.571,98.345,68.59,56.29,492.29,151.93,4.83162,99.241,13.63
2026-06-10T12:32:00,PCI_10,gNB-3,99.909,700,1,99.857,200.6,239.7,99.587,99.585,0.189,73,99.259,98.872,98.528,98.05,98.069,75.23,52.49,491.85,159.03,4.88156,98.995,14.04
2026-06-10T12:33:00,PCI_1,gNB-1,99.937,705,0,100.0,203.1,272.1,99.474,99.241,0.167,75,98.425,98.74,98.357,98.29,97.225,70.13,56.79,484.7,158.42,4.82338,99.379,15.43
2026-06-10T12:33:00,PCI_2,gNB-1,99.956,720,0,100.0,216.8,286.6,99.577,99.432,0.218,73,98.28,98.766,98.768,98.467,97.933,78.22,54.44,493.48,167.26,4.95556,99.536,11.4
2026-06-10T12:33:00,PCI_3,gNB-1,99.999,733,0,100.0,184.1,212.5,99.567,99.195,0.148,61,98.901,98.601,98.903,98.668,97.563,76.14,51.26,497.95,162.1,4.95037,99.553,13.36
2026-06-10T12:33:00,PCI_4,gNB-1,99.972,733,0,100.0,203.1,271.2,99.349,99.733,0.132,69,98.724,99.244,98.573,98.082,97.473,77.81,63.32,448.17,159.29,4.55592,99.102,14.45
2026-06-10T12:33:00,PCI_5,gNB-2,99.952,706,66,90.652,198.8,237.7,94.432,90.421,5.056,69,83.596,84.767,86.291,97.962,98.224,100.0,78.83,87.94,54.65,1.06942,99.365,30.27
2026-06-10T12:33:00,PCI_6,gNB-2,99.943,707,2,99.717,185.3,243.9,99.57,99.614,0.125,60,98.24,98.941,98.387,97.875,98.92,76.36,59.83,434.12,141.95,4.32052,99.18,12.12
2026-06-10T12:33:00,PCI_7,gNB-2,99.978,735,1,99.864,210.6,253.5,99.573,99.383,0.191,75,98.367,98.72,98.77,98.275,97.376,72.47,62.03,480.19,157.64,4.78378,99.228,13.75
2026-06-10T12:33:00,PCI_8,gNB-3,100.0,724,0,100.0,206.3,240.4,99.551,99.609,0.116,63,98.761,98.651,98.718,98.192,98.11,70.46,62.69,480.89,155.03,4.76936,99.29,14.1
2026-06-10T12:33:00,PCI_9,gNB-3,99.958,726,0,100.0,193.3,228.3,99.652,99.374,0.069,69,98.594,98.984,98.755,98.504,98.275,71.24,56.11,462.77,140.93,4.52775,99.497,12.02
2026-06-10T12:33:00,PCI_10,gNB-3,99.985,714,1,99.86,197.8,254.5,99.594,99.956,0.243,66,98.551,98.949,98.665,98.21,98.805,72.49,58.64,482.16,167.18,4.87001,99.097,16.27
2026-06-10T12:34:00,PCI_1,gNB-1,100.0,703,2,99.716,200.7,234.8,99.387,99.485,0.171,69,98.634,98.849,98.034,98.878,98.131,74.06,59.07,453.71,164.98,4.64016,99.066,14.21
2026-06-10T12:34:00,PCI_2,gNB-1,100.0,706,0,100.0,202.3,276.2,99.583,98.993,0.301,70,98.613,98.984,99.059,98.932,97.819,74.05,61.32,423.35,151.26,4.30957,99.282,13.72
2026-06-10T12:34:00,PCI_3,gNB-1,99.946,712,0,100.0,196.7,275.2,99.382,99.28,0.195,65,97.576,98.813,98.954,98.617,98.587,82.15,56.58,440.58,174.78,4.61519,99.298,15.46
2026-06-10T12:34:00,PCI_4,gNB-1,99.945,722,0,100.0,201.8,273.9,99.862,99.744,0.207,68,98.024,98.846,99.235,98.019,98.441,83.65,55.31,475.25,178.32,4.9018,99.216,13.29
2026-06-10T12:34:00,PCI_5,gNB-2,99.977,724,78,89.227,188.9,219.0,91.987,91.903,4.376,68,81.732,83.553,83.888,99.206,97.875,100.0,76.97,145.67,41.14,1.40105,98.942,31.17
2026-06-10T12:34:00,PCI_6,gNB-2,100.0,726,1,99.862,219.6,298.2,99.598,99.255,0.087,74,99.045,99.075,98.625,98.236,98.757,71.23,57.62,449.8,150.5,4.50223,98.879,15.2
2026-06-10T12:34:00,PCI_7,gNB-2,99.97,724,1,99.862,194.9,231.2,99.745,99.915,0.238,66,98.778,98.431,98.885,98.644,97.805,71.87,66.04,438.92,154.43,4.45007,99.038,14.54
2026-06-10T12:34:00,PCI_8,gNB-3,99.963,725,1,99.862,204.0,240.8,99.492,99.256,0.2,75,98.386,98.747,98.249,97.859,97.839,77.23,55.08,449.3,157.02,4.54743,99.094,12.81
2026-06-10T12:34:00,PCI_9,gNB-3,99.998,697,1,99.857,206.4,281.9,99.659,99.519,0.255,74,98.74,98.786,98.706,97.768,97.917,71.3,64.46,460.97,159.11,4.65063,99.127,14.75
2026-06-10T12:34:00,PCI_10,gNB-3,99.999,708,0,100.0,218.2,302.3,99.463,99.529,0.208,76,98.05,98.771,98.685,98.534,98.521,76.25,61.34,465.89,167.42,4.74983,99.037,12.8
2026-06-10T12:35:00,PCI_1,gNB-1,100.0,683,0,100.0,205.5,240.2,99.456,99.322,0.194,76,98.343,99.421,98.813,98.332,97.761,79.67,61.97,454.18,157.14,4.58493,99.375,12.21
2026-06-10T12:35:00,PCI_2,gNB-1,99.98,713,1,99.86,208.4,242.2,99.509,99.744,0.252,67,98.64,99.329,98.283,98.315,98.051,76.47,53.79,460.93,153.81,4.61057,99.532,13.44
2026-06-10T12:35:00,PCI_3,gNB-1,99.99,719,0,100.0,193.6,258.3,99.43,99.495,0.174,70,98.088,99.012,98.638,98.621,98.467,75.52,63.42,508.09,147.46,4.91663,99.01,14.92
2026-06-10T12:35:00,PCI_4,gNB-1,100.0,722,0,100.0,206.4,240.0,99.488,99.667,0.17,71,98.734,99.53,98.751,98.148,98.145,71.28,56.53,474.99,159.76,4.76065,99.306,14.26
2026-06-10T12:35:00,PCI_5,gNB-2,99.988,722,80,88.92,191.4,242.2,91.761,90.007,3.948,67,81.382,87.963,86.709,98.37,98.53,100.0,77.38,103.63,55.9,1.19646,98.977,38.86
2026-06-10T12:35:00,PCI_6,gNB-2,99.987,708,1,99.859,210.7,292.1,99.738,99.017,0.191,71,98.772,98.846,98.43,98.418,97.682,77.1,60.49,463.7,158.02,4.6629,99.408,14.66
2026-06-10T12:35:00,PCI_7,gNB-2,100.0,710,2,99.718,200.0,252.2,99.463,99.592,0.163,70,98.462,99.035,98.732,98.697,98.263,72.81,58.97,474.37,146.77,4.65853,99.008,13.78
2026-06-10T12:35:00,PCI_8,gNB-3,99.986,685,0,100.0,199.8,276.5,99.397,99.361,0.093,70,98.918,99.214,98.408,98.354,98.357,69.64,59.07,443.12,163.45,4.54928,99.329,13.42
2026-06-10T12:35:00,PCI_9,gNB-3,99.988,711,1,99.859,197.4,258.6,99.554,99.628,0.11,69,98.538,99.177,98.643,98.473,98.113,75.08,65.08,478.82,162.28,4.80827,99.345,13.55
2026-06-10T12:35:00,PCI_10,gNB-3,99.969,705,1,99.858,200.7,248.1,99.715,99.343,0.307,70,98.421,99.012,98.157,98.763,97.007,72.65,54.81,472.47,152.86,4.68997,98.848,13.01
2026-06-10T12:36:00,PCI_1,gNB-1,99.914,729,1,99.863,207.5,277.8,99.783,99.44,0.15,76,98.31,98.931,98.959,98.188,98.021,69.04,64.77,490.12,156.52,4.84977,99.728,15.92
2026-06-10T12:36:00,PCI_2,gNB-1,100.0,721,1,99.861,199.8,272.5,99.834,98.997,0.091,72,98.927,98.956,98.288,98.027,98.625,74.84,58.96,430.94,147.1,4.33527,99.45,12.75
2026-06-10T12:36:00,PCI_3,gNB-1,99.984,720,0,100.0,205.7,250.4,99.662,99.804,0.211,67,98.483,98.291,98.531,98.69,98.565,74.86,57.31,504.65,157.56,4.96661,99.133,14.0
2026-06-10T12:36:00,PCI_4,gNB-1,100.0,702,0,100.0,197.7,264.2,99.674,99.289,0.113,70,98.448,99.234,98.053,98.08,98.506,69.54,60.88,409.8,155.78,4.24185,99.382,16.26
2026-06-10T12:36:00,PCI_5,gNB-2,99.909,685,63,90.803,189.4,243.8,94.443,92.17,4.114,65,83.166,87.79,84.141,98.95,98.149,100.0,76.61,165.73,49.34,1.61299,99.294,37.05
2026-06-10T12:36:00,PCI_6,gNB-2,99.983,710,0,100.0,193.8,250.9,99.364,99.322,0.182,67,98.905,98.899,98.966,98.365,97.755,76.88,61.12,458.73,142.53,4.50939,99.748,15.66
2026-06-10T12:36:00,PCI_7,gNB-2,99.933,734,1,99.864,203.0,249.2,99.696,99.554,0.055,72,98.63,99.385,98.674,98.439,98.193,78.64,60.49,474.49,161.09,4.76687,99.27,14.83
2026-06-10T12:36:00,PCI_8,gNB-3,99.972,713,1,99.86,201.2,238.0,99.361,99.532,0.106,67,98.61,99.212,98.801,98.461,98.152,77.08,59.89,440.54,159.83,4.50277,99.037,14.53
2026-06-10T12:36:00,PCI_9,gNB-3,100.0,710,1,99.859,213.4,278.5,99.448,99.539,0.136,74,98.531,99.139,98.226,98.01,98.242,80.37,61.23,514.28,146.76,4.9578,99.257,14.71
2026-06-10T12:36:00,PCI_10,gNB-3,99.921,691,1,99.855,186.1,246.1,99.505,98.901,0.141,65,98.918,98.642,99.225,98.199,98.163,74.59,59.75,440.23,162.11,4.51756,99.375,15.84
2026-06-10T12:37:00,PCI_1,gNB-1,99.971,702,1,99.858,202.8,241.2,99.444,100.0,0.241,72,98.312,98.576,98.548,98.039,97.708,76.98,58.58,474.62,158.45,4.74806,99.204,14.69
2026-06-10T12:37:00,PCI_2,gNB-1,99.931,713,1,99.86,193.3,251.2,99.575,99.129,0.13,68,98.561,99.145,98.652,98.525,97.616,68.5,56.64,473.97,161.96,4.76945,99.496,15.52
2026-06-10T12:37:00,PCI_3,gNB-1,99.959,719,2,99.722,195.0,232.2,99.645,99.623,0.27,71,98.061,99.344,99.669,98.133,97.894,72.98,58.17,481.24,156.2,4.78075,98.876,13.17
2026-06-10T12:37:00,PCI_4,gNB-1,99.965,714,0,100.0,210.6,275.4,99.698,99.287,0.07,70,98.352,98.303,98.304,98.879,97.477,73.81,57.77,436.86,159.61,4.47348,99.243,14.55
2026-06-10T12:37:00,PCI_5,gNB-2,99.939,705,81,88.511,211.9,296.6,90.741,90.048,3.951,79,81.83,83.655,86.065,98.652,98.106,91.62,83.48,118.55,47.41,1.24471,99.023,32.3
2026-06-10T12:37:00,PCI_6,gNB-2,99.938,733,1,99.864,201.1,264.9,99.754,99.374,0.114,67,98.766,98.855,97.98,98.024,98.014,69.16,63.67,473.77,157.0,4.73075,99.754,13.96
2026-06-10T12:37:00,PCI_7,gNB-2,99.958,717,0,100.0,206.9,239.7,99.609,99.155,0.241,74,98.432,99.264,99.286,98.264,98.554,79.36,59.03,467.4,159.37,4.7008,98.963,13.36
2026-06-10T12:37:00,PCI_8,gNB-3,99.943,713,1,99.86,194.0,252.3,99.757,99.38,0.041,68,98.162,98.852,98.811,98.449,97.717,80.39,59.49,442.71,165.87,4.56435,99.452,12.37
2026-06-10T12:37:00,PCI_9,gNB-3,99.985,701,1,99.857,199.7,239.3,99.175,99.216,0.127,66,98.472,98.66,98.759,98.286,98.196,79.04,57.46,474.77,149.76,4.68395,99.515,11.1
2026-06-10T12:37:00,PCI_10,gNB-3,99.966,701,1,99.857,211.0,277.3,99.798,99.078,0.002,73,98.395,98.801,98.441,98.451,98.018,80.41,57.61,464.97,168.4,4.75027,99.466,14.88
2026-06-10T12:38:00,PCI_1,gNB-1,99.951,705,1,99.858,210.2,247.8,99.627,99.489,0.224,73,98.842,99.043,98.838,98.732,97.699,73.01,60.48,476.55,154.07,4.72963,99.267,13.08
2026-06-10T12:38:00,PCI_2,gNB-1,99.996,714,1,99.86,198.8,259.4,99.712,99.51,0.278,70,98.475,98.886,98.433,98.812,98.213,72.15,63.95,496.72,172.62,5.02007,99.696,15.25
2026-06-10T12:38:00,PCI_3,gNB-1,100.0,721,0,100.0,205.4,287.3,99.603,99.816,0.105,74,98.006,99.081,98.464,98.203,97.713,70.13,65.43,460.18,165.16,4.69007,99.537,15.88
2026-06-10T12:38:00,PCI_4,gNB-1,99.917,718,1,99.861,189.8,221.2,99.928,99.385,0.202,59,98.343,98.442,98.264,97.995,98.095,68.06,63.82,492.32,167.99,4.95233,99.293,11.46
2026-06-10T12:38:00,PCI_5,gNB-2,99.974,693,100,85.57,180.6,216.5,94.459,89.694,4.483,61,82.953,87.339,87.276,98.663,98.339,92.01,79.68,134.83,55.51,1.42754,98.854,32.39
2026-06-10T12:38:00,PCI_6,gNB-2,99.882,690,1,99.855,193.4,232.3,99.628,99.051,0.044,65,98.364,99.304,98.78,97.586,97.583,75.74,68.89,450.17,169.79,4.64969,99.429,15.16
2026-06-10T12:38:00,PCI_7,gNB-2,99.959,710,0,100.0,204.8,280.2,99.695,99.436,0.243,71,98.158,99.305,98.611,97.897,97.925,71.19,58.74,440.7,167.89,4.56448,99.184,13.11
2026-06-10T12:38:00,PCI_8,gNB-3,99.948,698,1,99.857,185.2,238.6,99.584,99.366,0.308,65,98.944,98.636,98.295,98.5,98.607,72.42,63.31,479.11,168.74,4.85886,99.482,13.07
2026-06-10T12:38:00,PCI_9,gNB-3,99.985,687,0,100.0,205.0,267.2,99.826,99.403,0.065,74,98.531,98.585,98.431,98.641,97.906,78.87,58.05,485.65,157.7,4.82506,98.866,13.99
2026-06-10T12:38:00,PCI_10,gNB-3,99.981,705,2,99.716,198.3,251.4,99.678,99.41,0.175,64,98.514,98.853,98.62,97.978,98.397,78.56,56.21,468.23,160.51,4.71549,99.325,13.02
2026-06-10T12:39:00,PCI_1,gNB-1,99.928,756,1,99.868,202.8,262.9,99.499,99.345,0.08,67,98.988,98.796,98.675,98.023,97.864,65.28,61.47,448.09,166.98,4.613,99.346,13.19
2026-06-10T12:39:00,PCI_2,gNB-1,99.994,722,2,99.723,192.4,264.4,99.668,99.173,0.193,67,98.569,99.068,98.202,98.166,98.107,72.37,57.22,512.03,159.31,5.03509,99.454,14.57
2026-06-10T12:39:00,PCI_3,gNB-1,99.944,727,1,99.862,192.1,246.5,99.588,99.054,0.131,64,98.652,99.033,98.136,98.912,97.192,82.54,58.96,550.0,160.17,5.32627,99.41,13.96
2026-06-10T12:39:00,PCI_4,gNB-1,99.979,686,2,99.708,193.8,247.8,99.717,99.494,0.156,70,98.608,99.423,99.393,98.317,98.065,78.64,61.15,475.67,151.28,4.70212,99.067,14.68
2026-06-10T12:39:00,PCI_5,gNB-2,99.966,700,100,85.714,196.4,226.6,94.326,89.861,4.35,68,81.128,87.521,84.806,97.722,98.021,94.01,83.01,162.37,43.93,1.54732,99.711,35.83
2026-06-10T12:39:00,PCI_6,gNB-2,99.971,717,0,100.0,209.3,267.0,99.696,99.578,0.199,72,98.212,98.866,98.609,99.097,97.198,74.94,64.46,419.4,164.22,4.37719,98.95,11.74
2026-06-10T12:39:00,PCI_7,gNB-2,99.997,719,0,100.0,198.8,265.5,99.777,99.442,0.122,70,98.18,98.693,98.433,98.207,97.537,72.71,56.0,453.67,171.21,4.68657,99.091,13.33
2026-06-10T12:39:00,PCI_8,gNB-3,99.972,717,1,99.861,194.3,224.5,99.422,99.421,0.204,66,98.602,99.156,98.108,98.132,98.32,74.71,58.9,467.0,158.65,4.69233,99.034,13.45
2026-06-10T12:39:00,PCI_9,gNB-3,99.967,737,2,99.729,190.8,244.1,99.721,99.487,0.092,67,98.468,99.094,98.978,98.374,97.659,68.41,57.12,486.02,161.05,4.85297,98.843,11.32
2026-06-10T12:39:00,PCI_10,gNB-3,100.0,689,1,99.855,197.9,250.2,99.569,99.217,0.109,70,98.097,99.264,99.099,98.123,98.375,63.22,57.48,418.45,154.08,4.29397,99.74,10.85
2026-06-10T12:40:00,PCI_1,gNB-1,99.976,723,1,99.862,204.1,257.3,99.493,99.629,0.206,66,98.556,98.947,98.669,98.724,98.006,80.7,58.3,485.4,151.54,4.777,99.075,12.35
2026-06-10T12:40:00,PCI_2,gNB-1,99.994,702,1,99.858,196.2,230.0,99.725,98.971,0.082,69,99.018,99.17,98.675,98.386,98.071,73.65,58.89,435.62,166.4,4.51511,99.1,15.56
2026-06-10T12:40:00,PCI_3,gNB-1,99.937,707,0,100.0,196.7,256.7,100.0,99.323,0.168,67,98.771,98.046,99.035,98.532,97.861,69.31,59.06,480.13,144.5,4.68469,99.448,14.3
2026-06-10T12:40:00,PCI_4,gNB-1,99.988,743,1,99.865,204.9,238.4,99.637,99.198,0.0,75,98.672,98.762,98.547,98.282,98.532,76.4,63.25,419.94,149.11,4.26789,99.314,15.55
2026-06-10T12:40:00,PCI_5,gNB-2,99.966,724,83,88.536,173.6,222.6,91.989,90.14,3.44,61,80.268,88.433,85.085,98.227,97.933,100.0,75.18,129.08,59.84,1.41688,99.114,29.15
2026-06-10T12:40:00,PCI_6,gNB-2,100.0,721,0,100.0,213.2,296.4,99.758,99.54,0.0,73,98.117,98.684,98.947,98.464,98.158,73.48,65.4,474.14,150.45,4.68444,98.827,13.58
2026-06-10T12:40:00,PCI_7,gNB-2,100.0,716,0,100.0,193.4,255.3,99.606,99.491,0.196,67,99.091,98.89,98.213,98.535,98.142,77.57,59.36,483.46,153.28,4.77549,99.132,13.22
2026-06-10T12:40:00,PCI_8,gNB-3,100.0,724,1,99.862,207.3,238.4,99.368,99.397,0.011,67,98.309,99.592,98.993,98.634,97.453,76.18,57.5,430.89,150.9,4.36336,99.311,11.85
2026-06-10T12:40:00,PCI_9,gNB-3,99.955,721,2,99.723,194.2,271.4,99.634,99.635,0.193,71,98.402,99.414,98.78,98.372,98.52,70.03,56.16,461.08,163.35,4.68323,98.949,15.35
2026-06-10T12:40:00,PCI_10,gNB-3,99.965,724,0,100.0,193.9,266.1,99.253,99.281,0.162,66,98.241,98.657,98.849,98.453,97.757,74.59,52.91,459.08,167.46,4.69901,99.191,11.49
2026-06-10T12:41:00,PCI_1,gNB-1,99.959,735,1,99.864,178.1,227.9,99.402,99.53,0.103,57,98.755,99.364,98.919,98.447,97.73,78.0,62.21,491.39,163.06,4.90839,99.278,13.39
2026-06-10T12:41:00,PCI_2,gNB-1,99.897,711,2,99.719,190.7,235.0,99.772,99.37,0.177,67,98.333,99.244,98.642,98.916,98.908,69.81,55.49,431.22,163.48,4.46026,99.145,14.73
2026-06-10T12:41:00,PCI_3,gNB-1,99.974,709,1,99.859,195.4,252.1,99.626,99.419,0.246,74,98.702,98.819,99.505,98.599,98.057,70.5,63.15,455.54,150.33,4.54402,99.253,13.21
2026-06-10T12:41:00,PCI_4,gNB-1,99.983,710,0,100.0,202.0,238.5,99.597,99.043,0.218,71,98.33,99.114,98.722,97.872,97.78,72.88,62.56,479.53,162.42,4.81463,99.021,12.32
2026-06-10T12:41:00,PCI_5,gNB-2,99.961,734,87,88.147,205.2,245.8,93.9,90.584,3.811,73,86.098,84.53,87.847,98.388,98.439,100.0,75.89,105.66,49.04,1.16024,99.196,35.68
2026-06-10T12:41:00,PCI_6,gNB-2,100.0,722,1,99.861,193.8,248.2,99.87,99.508,0.134,70,98.402,98.667,98.637,98.361,98.51,70.01,62.73,486.27,157.41,4.82755,98.915,14.97
2026-06-10T12:41:00,PCI_7,gNB-2,99.974,713,2,99.719,210.4,252.8,99.544,99.196,0.202,72,97.702,98.894,98.395,98.492,98.281,73.71,57.14,495.93,156.16,4.89068,99.271,14.96
2026-06-10T12:41:00,PCI_8,gNB-3,99.94,707,2,99.717,189.5,247.1,99.602,99.503,0.066,65,98.307,98.848,99.07,97.95,98.484,75.71,61.05,453.0,141.05,4.45537,98.995,13.37
2026-06-10T12:41:00,PCI_9,gNB-3,99.98,706,1,99.858,221.3,306.7,99.576,99.434,0.127,70,98.668,99.107,98.947,98.207,97.929,76.92,51.06,460.92,136.99,4.48432,98.953,14.29
2026-06-10T12:41:00,PCI_10,gNB-3,99.996,701,1,99.857,186.8,250.7,99.538,99.314,0.147,68,99.089,98.836,98.223,98.324,97.974,75.04,62.49,461.08,167.37,4.71342,99.053,15.09
2026-06-10T12:42:00,PCI_1,gNB-1,99.984,709,1,99.859,204.5,235.9,99.686,99.54,0.224,71,98.687,99.085,98.912,98.284,98.172,72.89,58.08,500.64,171.75,5.04292,98.957,16.22
2026-06-10T12:42:00,PCI_2,gNB-1,99.94,736,0,100.0,205.9,260.1,99.688,99.021,0.0,71,98.684,98.912,99.036,98.552,98.137,75.72,58.77,459.29,162.04,4.65996,98.839,13.45
2026-06-10T12:42:00,PCI_3,gNB-1,99.978,717,0,100.0,212.1,252.7,99.416,99.734,0.132,77,99.084,98.586,98.671,98.186,97.81,71.8,60.37,454.11,164.41,4.63887,99.221,14.04
2026-06-10T12:42:00,PCI_4,gNB-1,99.928,713,0,100.0,197.4,272.1,99.71,99.615,0.239,71,98.39,98.55,98.76,97.551,97.916,72.65,60.29,427.91,157.82,4.39301,99.081,12.02
2026-06-10T12:42:00,PCI_5,gNB-2,100.0,714,100,85.994,204.3,242.0,93.503,89.979,4.317,74,84.213,88.124,87.553,98.712,98.089,99.07,75.81,113.04,62.31,1.31513,99.417,32.35
2026-06-10T12:42:00,PCI_6,gNB-2,100.0,709,0,100.0,208.7,276.4,99.413,99.321,0.13,72,98.282,98.822,98.03,98.394,97.878,83.46,59.99,457.09,168.02,4.68835,99.248,13.04
2026-06-10T12:42:00,PCI_7,gNB-2,99.976,727,1,99.862,204.0,262.1,99.702,99.596,0.182,72,98.639,98.762,98.39,98.555,97.952,65.58,61.54,453.53,152.25,4.54338,99.223,13.84
2026-06-10T12:42:00,PCI_8,gNB-3,99.944,729,1,99.863,199.8,244.0,99.737,99.408,0.119,73,98.033,99.086,98.62,98.924,97.826,81.8,61.24,454.56,154.74,4.56974,98.996,14.8
2026-06-10T12:42:00,PCI_9,gNB-3,99.971,731,1,99.863,192.4,229.8,99.446,99.561,0.179,60,98.482,99.243,98.285,98.302,97.603,72.22,61.65,492.53,169.7,4.96675,99.04,14.17
2026-06-10T12:42:00,PCI_10,gNB-3,99.974,717,1,99.861,203.9,261.7,99.746,99.453,0.112,69,98.03,99.178,98.685,98.574,98.007,75.63,61.73,506.41,157.65,4.98042,99.225,14.82
2026-06-10T12:43:00,PCI_1,gNB-1,99.965,715,1,99.86,196.9,230.6,99.713,99.346,0.212,63,98.472,99.446,98.681,97.789,98.375,79.44,62.99,499.14,162.7,4.96379,99.827,16.42
2026-06-10T12:43:00,PCI_2,gNB-1,99.986,719,1,99.861,192.9,261.1,99.538,99.495,0.02,66,98.85,99.139,98.709,98.418,97.798,74.04,61.2,501.83,154.43,4.92196,99.068,13.28
2026-06-10T12:43:00,PCI_3,gNB-1,99.914,721,2,99.723,197.2,275.9,99.472,99.531,0.041,68,98.894,99.204,98.627,98.204,97.674,77.83,65.84,461.71,153.24,4.61211,99.193,14.97
2026-06-10T12:43:00,PCI_4,gNB-1,99.991,734,0,100.0,197.5,250.9,99.787,99.573,0.074,70,98.703,99.152,98.962,98.59,97.338,77.66,55.25,491.69,157.92,4.87203,99.314,14.49
2026-06-10T12:43:00,PCI_5,gNB-2,99.928,718,64,91.086,187.3,222.6,91.533,90.131,3.476,64,86.265,84.252,84.384,98.404,97.691,100.0,78.4,90.74,42.54,0.9996,99.047,32.72
2026-06-10T12:43:00,PCI_6,gNB-2,99.977,731,1,99.863,212.6,253.3,99.697,99.216,0.116,70,98.782,98.731,98.825,97.92,98.414,75.32,57.81,439.4,155.47,4.46153,99.907,15.48
2026-06-10T12:43:00,PCI_7,gNB-2,99.93,748,2,99.733,196.3,235.8,99.511,99.089,0.116,67,98.739,98.678,98.495,98.415,97.931,71.61,56.04,502.26,154.99,4.92936,99.072,13.47
2026-06-10T12:43:00,PCI_8,gNB-3,99.951,711,1,99.859,196.1,250.2,99.521,99.524,0.186,73,97.751,98.937,98.876,98.069,97.526,76.12,60.65,528.44,161.13,5.17183,99.456,17.33
2026-06-10T12:43:00,PCI_9,gNB-3,99.985,712,1,99.86,213.4,251.0,99.397,99.5,0.11,78,98.551,98.942,98.299,98.648,97.976,74.16,62.64,473.72,158.36,4.74059,99.195,14.56
2026-06-10T12:43:00,PCI_10,gNB-3,100.0,697,1,99.857,185.2,241.7,99.479,99.549,0.112,58,98.565,98.741,98.744,98.459,98.428,77.3,62.44,498.49,155.27,4.90316,99.322,14.29
2026-06-10T12:44:00,PCI_1,gNB-1,99.936,704,0,100.0,193.7,232.0,99.561,99.637,0.093,64,98.628,99.173,98.436,98.654,97.721,75.35,55.8,428.26,154.02,4.3671,99.381,14.31
2026-06-10T12:44:00,PCI_2,gNB-1,99.958,726,1,99.862,197.4,249.1,99.51,99.557,0.065,72,98.812,98.717,98.822,98.486,97.498,69.16,58.36,459.69,160.08,4.64835,99.296,15.36
2026-06-10T12:44:00,PCI_3,gNB-1,99.932,715,0,100.0,220.4,280.2,99.518,99.31,0.158,78,98.197,99.132,98.687,98.855,98.324,69.14,56.27,476.2,152.3,4.71375,98.825,14.22
2026-06-10T12:44:00,PCI_4,gNB-1,99.933,716,0,100.0,208.6,240.5,100.0,99.618,0.205,74,98.575,98.911,98.744,98.519,97.567,75.54,68.11,481.47,164.38,4.84389,99.088,14.33
2026-06-10T12:44:00,PCI_5,gNB-2,99.95,707,67,90.523,194.8,264.8,92.45,93.6,3.092,69,84.185,84.388,86.967,98.014,97.727,88.77,75.07,104.03,65.0,1.26777,99.392,33.53
2026-06-10T12:44:00,PCI_6,gNB-2,99.992,720,0,100.0,205.1,259.4,99.725,99.733,0.203,70,98.267,98.939,99.209,98.137,98.818,71.28,54.81,516.05,147.66,4.97785,99.073,12.73
2026-06-10T12:44:00,PCI_7,gNB-2,99.977,725,1,99.862,196.3,244.6,99.662,99.185,0.126,65,98.012,99.341,98.7,98.062,98.144,67.82,62.35,472.21,158.88,4.73316,99.105,13.37
2026-06-10T12:44:00,PCI_8,gNB-3,99.892,727,0,100.0,203.6,240.3,99.851,99.861,0.107,74,99.217,99.202,99.172,97.926,98.628,72.01,54.44,477.91,150.46,4.71275,99.434,12.78
2026-06-10T12:44:00,PCI_9,gNB-3,99.918,713,0,100.0,198.6,254.3,99.614,99.245,0.123,64,98.297,99.343,99.125,98.052,98.22,73.44,53.81,463.2,143.8,4.55251,99.327,13.7
2026-06-10T12:44:00,PCI_10,gNB-3,99.974,736,1,99.864,200.6,240.7,99.419,99.251,0.066,73,98.417,98.754,98.533,98.316,97.188,79.01,64.4,449.9,163.74,4.60228,99.123,15.16
2026-06-10T12:45:00,PCI_1,gNB-1,99.931,725,0,100.0,203.6,264.6,99.627,99.53,0.15,74,98.584,98.713,98.408,98.723,98.112,75.58,59.25,454.46,147.83,4.51715,99.352,11.93
2026-06-10T12:45:00,PCI_2,gNB-1,99.946,709,0,100.0,189.5,249.0,99.612,99.084,0.116,59,99.245,98.875,98.643,98.166,98.019,76.97,60.68,431.34,166.15,4.48115,99.335,12.46
2026-06-10T12:45:00,PCI_3,gNB-1,100.0,744,1,99.866,200.4,235.7,99.651,99.396,0.18,75,98.624,98.868,98.691,98.21,98.843,80.14,58.0,432.07,158.63,4.43028,99.338,14.86
2026-06-10T12:45:00,PCI_4,gNB-1,99.957,712,0,100.0,209.3,271.5,99.566,99.623,0.193,73,98.239,98.922,99.033,98.185,97.576,77.29,55.06,434.63,158.42,4.44784,99.106,15.98
2026-06-10T12:45:00,PCI_5,gNB-2,99.963,684,69,89.912,192.0,237.9,92.756,91.85,4.095,66,81.369,84.662,87.039,98.125,97.92,92.16,82.32,102.12,47.08,1.11899,99.303,38.09
2026-06-10T12:45:00,PCI_6,gNB-2,99.997,715,1,99.86,193.9,264.8,99.704,99.535,0.079,62,98.783,99.019,98.357,98.464,98.333,77.61,57.87,432.72,163.99,4.47529,99.731,15.07
2026-06-10T12:45:00,PCI_7,gNB-2,100.0,710,0,100.0,188.7,244.7,99.801,99.469,0.073,65,98.508,99.165,98.557,98.319,98.294,75.99,65.03,446.1,150.55,4.47489,99.295,15.23
2026-06-10T12:45:00,PCI_8,gNB-3,99.953,707,1,99.859,200.0,240.7,99.507,99.37,0.168,67,98.634,98.78,98.283,98.307,97.618,71.09,60.5,456.09,160.89,4.62734,99.445,12.67
2026-06-10T12:45:00,PCI_9,gNB-3,99.977,718,1,99.861,198.5,251.8,99.582,99.351,0.109,68,98.281,99.009,98.427,98.35,98.577,68.32,60.93,432.97,158.9,4.43906,98.98,13.04
2026-06-10T12:45:00,PCI_10,gNB-3,100.0,721,0,100.0,199.7,234.4,99.642,99.432,0.178,68,98.834,98.827,98.723,98.54,97.868,76.99,57.47,463.54,137.13,4.50498,99.423,15.55
2026-06-10T12:46:00,PCI_1,gNB-1,99.935,742,1,99.865,196.9,231.5,99.823,99.31,0.039,69,98.955,98.762,99.144,98.49,98.558,73.59,60.44,455.62,158.65,4.60702,99.196,12.96
2026-06-10T12:46:00,PCI_2,gNB-1,100.0,723,0,100.0,193.2,258.2,99.39,99.16,0.189,69,98.397,99.169,98.668,98.513,97.546,72.69,58.73,437.29,166.69,4.52989,99.439,11.27
2026-06-10T12:46:00,PCI_3,gNB-1,99.949,703,1,99.858,196.4,264.8,99.549,99.718,0.112,67,98.807,99.062,98.395,98.202,97.6,74.93,51.73,455.94,159.45,4.61547,99.116,13.71
2026-06-10T12:46:00,PCI_4,gNB-1,99.949,729,1,99.863,212.0,254.1,99.56,99.418,0.295,75,98.422,98.576,98.189,98.624,98.007,69.19,59.2,447.08,152.67,4.49815,98.816,15.23
2026-06-10T12:46:00,PCI_5,gNB-2,99.951,695,84,87.914,180.3,248.6,92.976,92.73,3.302,61,85.227,83.707,87.185,98.449,97.357,97.63,80.37,135.24,58.56,1.45351,98.687,30.99
2026-06-10T12:46:00,PCI_6,gNB-2,99.989,721,1,99.861,194.3,238.7,99.595,99.061,0.133,66,98.976,99.096,98.811,97.941,98.014,77.47,51.75,457.57,148.32,4.54417,99.185,13.72
2026-06-10T12:46:00,PCI_7,gNB-2,100.0,740,1,99.865,196.9,260.7,99.415,99.354,0.077,70,98.543,98.573,98.15,98.608,98.084,74.87,62.44,457.81,158.26,4.62057,99.336,15.1
2026-06-10T12:46:00,PCI_8,gNB-3,99.916,705,1,99.858,193.9,241.1,99.438,99.365,0.294,66,98.832,99.098,98.719,98.662,97.855,72.0,58.3,477.42,164.93,4.81758,99.119,13.56
2026-06-10T12:46:00,PCI_9,gNB-3,100.0,717,1,99.861,201.6,262.0,99.845,99.6,0.159,71,98.491,99.175,98.688,97.765,98.039,81.07,57.32,427.09,159.63,4.40041,99.343,14.87
2026-06-10T12:46:00,PCI_10,gNB-3,100.0,703,2,99.716,203.0,242.8,99.792,99.66,0.188,69,98.748,98.823,99.101,98.237,98.026,73.07,73.72,425.52,160.56,4.39558,99.256,13.66
2026-06-10T12:47:00,PCI_1,gNB-1,100.0,685,0,100.0,200.8,268.3,99.822,99.504,0.14,71,99.057,99.148,98.564,97.871,98.518,73.87,60.18,496.4,166.99,4.97543,99.118,14.8
2026-06-10T12:47:00,PCI_2,gNB-1,99.928,694,0,100.0,200.7,241.2,99.515,99.67,0.175,67,98.672,99.223,98.575,97.882,97.942,72.74,59.42,437.88,162.64,4.50387,99.351,15.84
2026-06-10T12:47:00,PCI_3,gNB-1,99.964,732,1,99.863,210.1,272.7,99.522,99.381,0.038,71,98.594,99.064,98.95,98.645,97.158,76.25,60.57,438.57,157.28,4.46882,99.084,17.26
2026-06-10T12:47:00,PCI_4,gNB-1,99.989,719,1,99.861,197.6,268.8,99.387,99.652,0.103,68,98.05,98.34,98.839,98.317,97.48,75.78,62.85,464.58,157.72,4.66724,99.151,14.96
2026-06-10T12:47:00,PCI_5,gNB-2,99.963,714,87,87.815,190.6,264.9,90.907,89.684,4.417,58,83.365,87.085,88.157,98.284,97.368,100.0,85.51,142.91,45.64,1.41419,99.252,36.06
2026-06-10T12:47:00,PCI_6,gNB-2,99.915,711,0,100.0,211.0,253.8,99.671,99.477,0.109,75,98.802,98.99,98.69,98.948,98.434,74.67,60.32,466.72,154.83,4.66164,99.272,13.95
2026-06-10T12:47:00,PCI_7,gNB-2,99.984,728,1,99.863,199.0,238.0,99.796,99.356,0.197,66,98.387,99.318,98.715,98.353,97.444,75.24,61.74,487.38,145.29,4.74505,99.242,14.77
2026-06-10T12:47:00,PCI_8,gNB-3,100.0,706,1,99.858,203.2,244.1,99.622,99.287,0.337,67,98.576,98.979,98.644,98.398,98.227,79.77,57.09,437.36,157.56,4.4619,98.977,14.79
2026-06-10T12:47:00,PCI_9,gNB-3,99.962,716,1,99.86,195.9,271.3,99.641,99.805,0.031,73,98.147,98.982,98.988,98.232,97.924,72.2,58.3,474.61,168.71,4.82488,99.07,14.26
2026-06-10T12:47:00,PCI_10,gNB-3,99.967,725,1,99.862,180.8,245.1,99.841,99.824,0.096,69,98.647,98.646,98.633,98.684,98.46,75.28,58.67,431.0,157.54,4.41403,98.796,14.16
2026-06-10T12:48:00,PCI_1,gNB-1,100.0,721,0,100.0,193.8,240.7,99.398,99.594,0.062,70,98.255,99.367,98.613,97.998,98.561,80.03,56.41,473.18,157.18,4.72767,99.589,14.41
2026-06-10T12:48:00,PCI_2,gNB-1,99.974,726,0,100.0,200.1,250.4,99.698,99.327,0.198,65,98.57,98.94,98.473,98.694,97.788,76.63,58.92,494.29,171.44,4.99298,99.338,11.64
2026-06-10T12:48:00,PCI_3,gNB-1,99.937,741,1,99.865,199.4,247.8,99.577,99.14,0.067,70,98.783,98.739,98.359,98.202,98.394,79.56,59.41,475.62,154.05,4.72246,99.069,14.91
2026-06-10T12:48:00,PCI_4,gNB-1,99.968,740,1,99.865,202.1,239.1,99.746,99.571,0.115,69,98.798,98.758,98.953,98.342,98.521,72.12,68.87,468.51,150.45,4.6422,99.1,15.63
2026-06-10T12:48:00,PCI_5,gNB-2,99.979,698,104,85.1,185.4,235.4,93.068,91.979,4.047,62,85.861,84.476,85.154,98.818,97.246,97.67,82.43,121.51,36.04,1.18164,98.869,29.69
2026-06-10T12:48:00,PCI_6,gNB-2,99.981,707,1,99.859,190.8,262.1,99.581,98.981,0.229,65,98.621,98.946,98.307,98.078,97.788,70.79,65.99,444.04,165.57,4.57208,98.896,14.18
2026-06-10T12:48:00,PCI_7,gNB-2,99.947,732,1,99.863,197.6,256.4,99.683,99.267,0.145,68,98.685,99.434,98.452,98.659,98.087,75.5,59.58,492.57,158.33,4.88175,98.813,14.65
2026-06-10T12:48:00,PCI_8,gNB-3,99.975,738,1,99.864,204.4,251.8,99.415,99.743,0.202,70,98.309,98.574,98.768,97.924,97.248,74.43,54.12,452.21,161.01,4.59919,99.317,12.52
2026-06-10T12:48:00,PCI_9,gNB-3,99.996,728,1,99.863,193.9,240.1,99.616,99.646,0.17,72,98.192,98.881,98.974,98.16,97.741,75.25,63.39,463.48,170.18,4.75242,98.893,10.94
2026-06-10T12:48:00,PCI_10,gNB-3,99.978,678,1,99.853,212.9,262.5,99.902,98.987,0.098,78,98.269,98.872,98.728,98.039,98.28,77.56,62.66,473.72,156.69,4.72809,99.22,12.77
2026-06-10T12:49:00,PCI_1,gNB-1,100.0,743,1,99.865,204.5,254.4,99.832,99.373,0.216,66,98.972,98.671,98.46,98.72,98.451,74.66,64.97,446.11,172.61,4.64037,99.156,12.89
2026-06-10T12:49:00,PCI_2,gNB-1,99.989,725,1,99.862,196.3,259.1,99.458,99.677,0.24,71,98.745,98.456,98.997,98.598,97.963,77.0,57.94,489.73,164.77,4.90872,99.157,14.87
2026-06-10T12:49:00,PCI_3,gNB-1,100.0,723,1,99.862,205.8,257.9,99.544,99.389,0.216,75,98.112,99.199,98.692,98.284,97.741,73.13,57.26,436.69,156.19,4.44662,99.031,12.53
2026-06-10T12:49:00,PCI_4,gNB-1,99.953,718,1,99.861,194.0,232.1,99.632,99.322,0.187,68,98.719,99.445,98.884,98.278,98.457,73.76,62.22,459.56,167.15,4.70026,99.59,13.71
2026-06-10T12:49:00,PCI_5,gNB-2,99.931,723,64,91.148,191.9,239.8,94.669,90.831,3.339,64,86.598,85.437,88.103,98.214,97.821,99.89,85.9,129.25,48.86,1.33582,99.314,27.24
2026-06-10T12:49:00,PCI_6,gNB-2,99.983,690,1,99.855,199.7,262.6,99.61,99.507,0.226,72,98.463,99.15,98.518,98.17,98.219,77.5,53.06,442.96,165.64,4.56449,99.093,13.43
2026-06-10T12:49:00,PCI_7,gNB-2,99.942,725,1,99.862,192.1,265.9,99.654,99.416,0.03,68,97.641,99.107,98.521,97.97,97.926,75.85,57.3,479.01,162.74,4.81318,99.294,14.0
2026-06-10T12:49:00,PCI_8,gNB-3,99.968,711,0,100.0,192.6,254.9,99.663,99.589,0.094,64,98.329,98.872,98.733,97.945,97.735,79.01,55.99,485.01,162.48,4.8562,99.686,12.2
2026-06-10T12:49:00,PCI_9,gNB-3,100.0,724,0,100.0,196.6,266.7,99.454,99.493,0.048,73,98.466,99.086,99.156,98.839,97.508,71.51,56.79,432.97,164.58,4.48164,99.526,12.0
2026-06-10T12:49:00,PCI_10,gNB-3,99.98,708,0,100.0,209.1,268.2,99.817,99.433,0.143,74,98.667,99.099,99.432,98.408,98.436,72.13,61.03,487.26,156.54,4.82846,99.463,12.51
2026-06-10T12:50:00,PCI_1,gNB-1,99.949,718,1,99.861,195.9,267.8,99.603,99.45,0.176,69,98.227,99.088,99.076,98.099,98.567,76.96,63.12,470.73,155.45,4.69636,99.543,14.28
2026-06-10T12:50:00,PCI_2,gNB-1,99.97,723,0,100.0,193.5,234.6,99.587,99.413,0.041,65,98.196,99.36,98.925,98.154,98.015,74.15,53.76,469.37,159.21,4.7143,99.578,14.41
2026-06-10T12:50:00,PCI_3,gNB-1,99.956,725,0,100.0,189.4,248.9,99.633,99.27,0.156,64,99.475,98.632,98.473,98.012,98.485,69.55,65.78,459.55,152.11,4.5874,99.108,11.13
2026-06-10T12:50:00,PCI_4,gNB-1,99.899,724,0,100.0,190.7,227.5,99.663,99.264,0.219,66,97.961,99.005,98.183,98.272,97.658,75.07,59.45,513.37,149.27,4.9698,99.3,15.28
2026-06-10T12:50:00,PCI_5,gNB-2,99.972,718,83,88.44,210.6,286.5,90.555,92.269,3.367,75,81.272,87.652,87.917,98.033,98.294,100.0,87.31,163.85,55.56,1.6456,98.869,37.66
2026-06-10T12:50:00,PCI_6,gNB-2,99.962,726,1,99.862,196.2,268.5,99.446,99.869,0.1,68,97.753,99.085,98.714,98.018,98.28,79.87,59.49,506.13,167.51,5.05228,99.206,11.9
2026-06-10T12:50:00,PCI_7,gNB-2,99.964,723,0,100.0,188.2,250.0,99.449,99.389,0.249,60,98.166,99.307,98.363,98.607,98.459,78.49,64.75,454.46,154.53,4.56746,99.117,14.43
2026-06-10T12:50:00,PCI_8,gNB-3,100.0,727,1,99.862,198.1,238.5,99.514,99.451,0.053,73,98.467,98.973,97.949,98.051,98.331,70.63,56.6,460.56,170.86,4.73563,99.149,14.29
2026-06-10T12:50:00,PCI_9,gNB-3,99.974,710,1,99.859,190.9,263.8,99.738,99.396,0.113,66,98.46,98.745,99.396,98.201,98.266,71.69,62.17,458.73,181.37,4.80069,99.061,14.06
2026-06-10T12:50:00,PCI_10,gNB-3,100.0,719,1,99.861,206.3,267.4,99.487,99.388,0.176,68,98.578,99.123,98.816,98.36,98.045,75.47,62.08,495.36,161.49,4.92639,99.117,14.64
2026-06-10T12:51:00,PCI_1,gNB-1,99.912,709,2,99.718,210.1,290.4,99.976,99.352,0.207,73,98.552,98.834,98.961,98.367,98.721,73.21,56.22,470.12,163.8,4.75444,99.394,13.12
2026-06-10T12:51:00,PCI_2,gNB-1,99.986,711,0,100.0,198.6,243.2,99.829,99.208,0.16,70,98.333,98.893,98.272,97.876,98.482,76.36,58.26,483.19,155.68,4.79155,99.13,16.96
2026-06-10T12:51:00,PCI_3,gNB-1,99.955,723,1,99.862,199.5,267.8,99.772,99.654,0.276,65,98.176,98.924,98.184,98.423,98.019,75.66,58.8,499.55,155.48,4.91273,99.424,13.54
2026-06-10T12:51:00,PCI_4,gNB-1,99.976,714,1,99.86,202.0,242.6,99.687,99.177,0.133,71,98.349,99.164,98.334,98.19,97.629,77.64,57.18,457.11,162.75,4.64894,99.36,14.06
2026-06-10T12:51:00,PCI_5,gNB-2,99.96,704,78,88.92,205.5,276.1,93.814,90.878,3.677,74,84.74,87.64,87.764,98.75,97.901,100.0,89.44,137.46,45.97,1.37576,98.902,33.4
2026-06-10T12:51:00,PCI_6,gNB-2,99.966,713,1,99.86,196.3,235.1,99.544,99.832,0.067,67,98.054,98.886,98.273,98.096,98.17,76.76,57.21,449.3,171.79,4.65812,98.902,16.3
2026-06-10T12:51:00,PCI_7,gNB-2,99.924,724,1,99.862,203.2,273.6,99.586,99.206,0.227,71,98.592,99.39,98.471,98.341,98.397,78.62,58.64,470.54,145.74,4.6221,99.389,14.52
2026-06-10T12:51:00,PCI_8,gNB-3,99.96,715,1,99.86,215.0,288.9,99.635,99.559,0.128,70,98.212,99.435,99.107,98.685,98.088,73.61,65.21,455.7,167.66,4.67526,99.255,14.08
2026-06-10T12:51:00,PCI_9,gNB-3,99.933,722,0,100.0,199.8,241.7,99.493,99.162,0.073,70,97.873,99.081,98.7,98.377,98.465,74.73,68.14,481.84,156.85,4.79021,99.229,15.31
2026-06-10T12:51:00,PCI_10,gNB-3,99.988,725,0,100.0,201.8,268.9,99.729,99.622,0.145,71,98.704,99.195,98.62,98.577,97.771,73.63,60.27,449.18,151.87,4.50789,99.29,14.68
2026-06-10T12:52:00,PCI_1,gNB-1,99.949,698,1,99.857,188.3,243.0,99.815,99.314,0.232,61,98.683,98.574,98.703,98.144,97.827,73.86,58.95,460.31,163.1,4.67559,99.19,13.67
2026-06-10T12:52:00,PCI_2,gNB-1,99.966,687,1,99.854,211.0,280.2,99.506,99.291,0.163,73,98.849,99.165,98.51,97.887,98.227,78.28,65.28,497.8,160.85,4.93993,99.291,13.01
2026-06-10T12:52:00,PCI_3,gNB-1,99.97,746,1,99.866,189.4,254.1,99.594,99.265,0.071,69,98.351,98.966,98.971,98.449,97.604,70.63,63.87,459.8,170.69,4.72867,99.922,12.5
2026-06-10T12:52:00,PCI_4,gNB-1,99.918,705,0,100.0,199.3,241.4,99.738,99.456,0.068,70,98.602,98.668,98.496,98.742,98.307,70.63,60.73,482.33,158.75,4.80808,99.608,13.64
2026-06-10T12:52:00,PCI_5,gNB-2,100.0,735,96,86.939,199.8,279.6,92.883,92.8,3.235,68,86.425,89.155,88.592,98.19,98.119,100.0,83.24,95.23,60.87,1.17078,99.31,36.8
2026-06-10T12:52:00,PCI_6,gNB-2,99.958,729,0,100.0,203.6,277.8,99.756,99.037,0.199,73,98.272,99.39,99.083,98.83,98.484,82.96,58.07,468.17,155.22,4.67542,99.08,13.79
2026-06-10T12:52:00,PCI_7,gNB-2,99.956,716,1,99.86,196.9,274.5,99.841,99.21,0.0,68,98.381,99.011,98.432,98.386,97.738,66.27,54.17,442.89,155.39,4.48708,98.943,15.35
2026-06-10T12:52:00,PCI_8,gNB-3,99.945,700,1,99.857,205.7,263.5,99.87,99.322,0.109,74,98.404,98.788,98.37,98.636,98.017,75.97,65.78,495.83,162.91,4.94049,98.747,10.58
2026-06-10T12:52:00,PCI_9,gNB-3,99.972,713,1,99.86,193.9,235.8,99.731,99.12,0.133,69,98.203,99.062,98.546,98.439,97.872,73.33,55.63,424.94,157.15,4.3657,98.926,16.17
2026-06-10T12:52:00,PCI_10,gNB-3,99.966,747,0,100.0,207.5,258.6,99.441,99.391,0.042,72,98.812,99.097,99.019,98.721,97.77,76.39,61.41,469.12,142.29,4.58555,99.22,13.77
2026-06-10T12:53:00,PCI_1,gNB-1,99.983,717,2,99.721,212.7,271.2,99.679,99.609,0.115,74,98.478,98.852,98.844,98.634,98.287,72.78,60.17,466.84,168.11,4.76209,99.35,14.34
2026-06-10T12:53:00,PCI_2,gNB-1,99.998,718,1,99.861,211.0,292.5,99.479,99.369,0.201,71,98.985,99.02,98.614,98.589,98.148,70.81,65.69,457.77,174.46,4.74169,99.385,15.98
2026-06-10T12:53:00,PCI_3,gNB-1,99.92,713,0,100.0,203.8,275.5,99.284,99.749,0.0,69,99.093,99.086,98.635,98.424,98.799,74.54,61.65,470.26,172.85,4.82333,99.324,13.28
2026-06-10T12:53:00,PCI_4,gNB-1,99.927,750,1,99.867,206.9,266.4,99.534,99.414,0.156,69,98.822,99.181,98.541,98.112,98.042,72.6,57.96,453.65,141.44,4.46321,98.8,14.96
2026-06-10T12:53:00,PCI_5,gNB-2,99.939,700,58,91.714,192.3,254.9,94.135,91.028,4.08,65,82.854,85.87,88.128,98.354,98.11,100.0,87.91,106.67,67.8,1.30855,99.386,29.49
2026-06-10T12:53:00,PCI_6,gNB-2,99.92,743,1,99.865,191.7,231.5,99.929,99.718,0.21,68,98.148,98.948,98.427,98.25,97.82,68.57,59.93,458.37,151.19,4.57169,98.836,13.08
2026-06-10T12:53:00,PCI_7,gNB-2,99.996,688,1,99.855,198.8,266.6,99.875,99.408,0.232,63,99.28,98.907,99.346,98.579,97.84,73.12,66.85,419.02,164.17,4.37396,98.926,14.93
2026-06-10T12:53:00,PCI_8,gNB-3,99.983,711,1,99.859,210.7,259.5,99.678,99.271,0.029,75,98.212,98.789,99.124,98.523,97.923,77.21,58.65,414.58,150.24,4.23609,99.168,14.29
2026-06-10T12:53:00,PCI_9,gNB-3,99.985,737,1,99.864,214.6,272.7,99.728,99.347,0.085,73,98.106,98.852,98.497,98.565,98.042,80.28,64.42,448.25,168.39,4.62478,99.041,18.04
2026-06-10T12:53:00,PCI_10,gNB-3,99.985,702,0,100.0,192.5,226.5,99.571,99.2,0.135,69,98.635,99.026,98.885,98.327,97.93,76.22,54.31,449.58,158.1,4.55758,99.209,11.48
2026-06-10T12:54:00,PCI_1,gNB-1,100.0,708,0,100.0,188.6,226.4,99.514,99.447,0.185,66,98.691,98.783,98.715,97.892,98.759,76.85,61.8,481.89,153.49,4.76533,99.317,13.69
2026-06-10T12:54:00,PCI_2,gNB-1,99.988,733,1,99.864,197.0,236.5,99.462,99.324,0.167,70,98.208,99.59,97.887,97.475,97.688,76.45,59.65,461.65,157.91,4.64666,99.31,14.85
2026-06-10T12:54:00,PCI_3,gNB-1,99.947,754,1,99.867,198.6,277.3,99.805,99.113,0.042,65,98.924,99.035,98.546,98.21,97.677,76.78,51.99,440.72,166.98,4.55775,99.395,12.01
2026-06-10T12:54:00,PCI_4,gNB-1,99.938,745,0,100.0,197.0,255.0,99.625,99.246,0.242,65,98.244,99.037,98.651,98.241,98.162,73.37,60.79,467.95,159.43,4.70534,99.34,11.83
2026-06-10T12:54:00,PCI_5,gNB-2,100.0,741,68,90.823,190.2,243.4,91.885,91.716,3.846,64,81.853,83.587,84.364,98.212,97.944,97.18,86.59,128.52,39.08,1.25706,99.539,31.48
2026-06-10T12:54:00,PCI_6,gNB-2,99.929,713,0,100.0,196.3,247.2,99.532,99.198,0.031,66,98.66,98.959,98.842,98.519,98.342,76.66,59.27,492.47,145.21,4.78255,99.214,13.39
2026-06-10T12:54:00,PCI_7,gNB-2,99.91,711,1,99.859,196.9,272.6,99.594,99.517,0.181,71,98.607,98.604,98.148,98.267,98.408,74.07,59.74,454.9,151.97,4.55154,99.166,13.3
2026-06-10T12:54:00,PCI_8,gNB-3,99.97,718,1,99.861,189.9,222.8,99.736,99.602,0.208,67,98.466,98.738,98.984,98.522,97.43,77.3,64.1,477.45,156.56,4.75505,99.173,13.13
2026-06-10T12:54:00,PCI_9,gNB-3,99.99,745,0,100.0,200.1,236.2,99.862,99.289,0.124,69,98.529,98.715,98.687,98.156,98.159,73.12,57.76,471.71,168.74,4.80338,99.534,13.83
2026-06-10T12:54:00,PCI_10,gNB-3,99.906,694,1,99.856,201.5,242.2,99.935,99.579,0.112,75,98.537,98.881,98.951,98.695,98.205,75.66,60.46,483.12,144.92,4.71028,99.535,14.45
2026-06-10T12:55:00,PCI_1,gNB-1,99.961,749,1,99.866,198.4,260.2,99.708,99.383,0.143,68,98.709,98.671,98.231,98.503,97.832,73.74,60.84,439.12,150.18,4.41973,98.575,15.64
2026-06-10T12:55:00,PCI_2,gNB-1,99.939,715,0,100.0,205.2,283.3,99.378,99.2,0.16,66,98.312,98.724,98.636,98.452,97.952,76.36,61.8,437.05,150.73,4.40833,98.636,16.49
2026-06-10T12:55:00,PCI_3,gNB-1,100.0,711,0,100.0,209.4,252.0,99.562,99.235,0.073,72,98.056,99.261,98.5,98.304,98.086,78.96,60.33,461.95,173.94,4.76915,99.478,16.25
2026-06-10T12:55:00,PCI_4,gNB-1,99.959,709,1,99.859,197.1,259.2,99.488,99.217,0.178,63,98.418,98.939,98.224,98.913,97.576,72.55,59.94,502.66,157.36,4.95009,99.049,15.55
2026-06-10T12:55:00,PCI_5,gNB-2,100.0,734,97,86.785,208.5,252.6,94.316,89.888,3.253,66,85.32,88.696,88.495,98.456,97.683,98.07,76.27,129.88,49.02,1.34176,99.209,37.75
2026-06-10T12:55:00,PCI_6,gNB-2,99.936,745,1,99.866,199.7,248.2,99.592,99.404,0.146,68,98.579,98.642,99.123,98.091,97.925,73.75,65.07,470.55,168.64,4.79389,99.341,12.75
2026-06-10T12:55:00,PCI_7,gNB-2,99.96,735,1,99.864,202.2,243.9,99.676,99.51,0.108,67,98.468,98.668,98.708,98.347,98.251,76.54,58.71,475.53,151.31,4.70125,99.569,14.08
2026-06-10T12:55:00,PCI_8,gNB-3,100.0,725,1,99.862,201.8,237.3,99.698,99.737,0.135,70,98.029,98.81,98.835,98.343,98.165,79.91,63.19,457.5,175.69,4.7489,99.345,15.26
2026-06-10T12:55:00,PCI_9,gNB-3,99.971,738,1,99.864,197.6,247.0,99.545,99.49,0.19,72,98.348,98.966,98.812,98.484,97.712,73.47,61.88,505.02,141.58,4.84952,99.239,14.02
2026-06-10T12:55:00,PCI_10,gNB-3,99.978,710,0,100.0,199.3,243.8,99.69,99.283,0.138,73,98.682,98.791,98.406,98.293,97.998,80.81,60.85,448.75,167.16,4.61937,99.369,14.02
2026-06-10T12:56:00,PCI_1,gNB-1,99.971,750,1,99.867,199.9,244.8,99.836,98.899,0.147,69,98.331,98.999,98.842,97.964,97.443,79.17,56.84,416.54,157.39,4.30449,99.28,13.9
2026-06-10T12:56:00,PCI_2,gNB-1,99.933,707,2,99.717,194.4,264.5,99.36,99.593,0.127,70,98.636,98.89,98.438,97.979,97.61,73.08,60.19,488.52,147.77,4.77219,99.519,14.9
2026-06-10T12:56:00,PCI_3,gNB-1,99.977,723,1,99.862,209.4,272.0,99.282,99.238,0.155,71,98.931,99.096,98.994,98.344,97.226,74.35,57.64,452.06,184.75,4.77607,98.896,14.01
2026-06-10T12:56:00,PCI_4,gNB-1,99.94,720,1,99.861,205.5,262.4,99.565,99.231,0.104,72,98.058,99.016,98.689,98.19,98.052,75.06,59.86,464.75,159.46,4.6816,99.094,15.82
2026-06-10T12:56:00,PCI_5,gNB-2,99.97,721,78,89.182,221.1,287.9,92.407,90.055,4.398,76,85.511,84.187,87.215,98.701,97.559,98.91,74.14,135.88,39.08,1.31216,99.118,32.66
2026-06-10T12:56:00,PCI_6,gNB-2,99.968,727,1,99.862,193.6,232.8,99.698,99.072,0.142,70,98.351,98.648,98.603,97.404,98.085,77.86,63.78,482.51,164.82,4.85495,99.43,13.64
2026-06-10T12:56:00,PCI_7,gNB-2,99.967,699,0,100.0,194.3,249.9,99.392,99.376,0.118,70,98.796,98.906,98.046,98.229,97.378,80.12,55.07,488.45,159.93,4.86281,99.029,11.75
2026-06-10T12:56:00,PCI_8,gNB-3,99.985,693,1,99.856,201.8,257.1,99.29,99.597,0.132,68,98.658,99.202,98.252,98.547,98.146,75.29,58.6,448.52,140.24,4.41567,99.344,13.9
2026-06-10T12:56:00,PCI_9,gNB-3,99.944,742,1,99.865,200.6,250.5,99.602,99.414,0.073,66,98.493,99.126,98.079,98.201,98.514,82.11,51.79,485.71,157.89,4.82706,99.029,14.7
2026-06-10T12:56:00,PCI_10,gNB-3,99.976,741,1,99.865,182.6,239.6,99.824,99.443,0.009,60,98.093,98.927,98.966,98.34,98.373,77.56,62.14,525.43,157.43,5.12145,98.862,15.12
2026-06-10T12:57:00,PCI_1,gNB-1,99.983,697,0,100.0,192.0,227.4,99.553,99.157,0.063,64,98.927,98.644,98.394,98.374,97.682,74.66,58.36,497.17,160.57,4.93309,99.012,9.97
2026-06-10T12:57:00,PCI_2,gNB-1,99.957,712,1,99.86,204.0,248.6,99.719,99.511,0.04,70,98.54,98.89,98.468,98.264,98.044,75.41,60.24,461.18,162.31,4.67617,99.197,11.9
2026-06-10T12:57:00,PCI_3,gNB-1,99.957,734,1,99.864,204.4,274.7,99.657,99.251,0.147,69,99.031,98.84,98.731,98.271,97.223,64.33,63.06,452.28,166.18,4.63849,98.934,14.98
2026-06-10T12:57:00,PCI_4,gNB-1,99.97,730,1,99.863,206.3,238.2,99.673,99.175,0.149,72,98.987,99.041,98.765,98.109,97.814,74.04,59.3,455.5,155.92,4.58565,99.087,15.88
2026-06-10T12:57:00,PCI_5,gNB-2,100.0,701,63,91.013,210.2,253.2,91.854,89.973,3.391,76,80.791,87.206,84.998,98.462,98.333,98.63,79.2,118.04,49.15,1.25395,99.402,31.47
2026-06-10T12:57:00,PCI_6,gNB-2,99.993,720,1,99.861,211.4,276.9,99.595,99.393,0.103,71,98.696,98.775,98.526,98.508,97.403,80.05,56.92,486.85,151.53,4.78791,99.34,12.59
2026-06-10T12:57:00,PCI_7,gNB-2,99.967,691,1,99.855,198.6,251.3,99.494,99.359,0.152,70,98.094,98.753,98.526,98.475,98.261,74.29,56.45,459.87,143.97,4.5288,99.098,13.53
2026-06-10T12:57:00,PCI_8,gNB-3,99.971,718,1,99.861,198.2,274.2,99.646,99.143,0.17,68,98.664,99.063,98.402,98.22,98.255,74.8,60.62,470.84,162.88,4.75288,98.927,12.84
2026-06-10T12:57:00,PCI_9,gNB-3,99.942,718,0,100.0,196.9,254.8,99.742,99.576,0.12,71,98.38,99.021,98.589,98.505,97.938,73.79,62.0,453.62,162.52,4.62107,99.342,15.17
2026-06-10T12:57:00,PCI_10,gNB-3,99.964,721,1,99.861,202.3,272.6,99.875,99.552,0.235,69,99.073,98.814,98.488,98.651,98.368,78.03,58.34,458.13,150.11,4.56185,99.336,13.41
2026-06-10T12:58:00,PCI_1,gNB-1,99.901,716,1,99.86,195.9,228.7,99.546,99.528,0.284,72,98.268,99.058,98.446,98.407,98.181,70.02,62.5,443.86,158.92,4.52079,98.891,12.7
2026-06-10T12:58:00,PCI_2,gNB-1,99.945,715,0,100.0,203.8,247.4,99.538,99.478,0.112,72,98.354,99.2,98.847,98.213,97.995,72.67,57.47,481.69,164.36,4.8454,98.978,13.91
2026-06-10T12:58:00,PCI_3,gNB-1,99.935,731,2,99.726,198.1,228.8,99.761,99.634,0.084,67,98.38,98.674,98.392,98.275,97.768,75.64,59.8,498.82,163.3,4.96592,99.372,12.71
2026-06-10T12:58:00,PCI_4,gNB-1,99.978,742,0,100.0,194.6,253.5,99.821,99.246,0.169,68,98.603,99.188,98.393,98.24,97.366,74.72,57.29,467.49,155.86,4.67516,99.625,15.13
2026-06-10T12:58:00,PCI_5,gNB-2,100.0,734,109,85.15,197.9,236.0,91.585,91.123,4.62,68,80.208,85.516,87.375,97.866,97.661,100.0,74.42,157.23,45.81,1.5228,99.183,40.23
2026-06-10T12:58:00,PCI_6,gNB-2,99.993,717,1,99.861,206.7,259.6,99.337,99.348,0.131,76,98.583,98.777,99.143,98.585,98.475,81.49,63.53,497.08,163.16,4.95177,99.418,15.62
2026-06-10T12:58:00,PCI_7,gNB-2,99.927,708,0,100.0,210.5,271.1,99.732,99.415,0.214,77,98.574,99.326,98.542,98.286,97.71,74.79,61.39,452.1,172.61,4.68532,99.605,17.58
2026-06-10T12:58:00,PCI_8,gNB-3,100.0,716,1,99.86,206.5,277.9,99.651,99.751,0.162,74,98.757,99.313,98.8,97.873,97.957,77.37,57.75,462.34,170.78,4.7484,99.363,13.24
2026-06-10T12:58:00,PCI_9,gNB-3,99.923,719,0,100.0,197.1,272.7,99.65,99.4,0.16,67,98.026,99.594,98.111,98.448,97.621,65.83,58.35,462.86,158.76,4.66215,98.4,13.87
2026-06-10T12:58:00,PCI_10,gNB-3,100.0,701,0,100.0,204.0,270.2,99.407,99.54,0.101,66,98.848,98.809,98.7,98.242,97.901,75.8,62.89,501.4,150.32,4.88792,99.082,16.0
2026-06-10T12:59:00,PCI_1,gNB-1,99.999,722,1,99.861,210.3,252.6,99.678,99.517,0.21,72,98.435,98.941,98.583,98.289,98.232,82.39,56.44,498.69,159.57,4.93696,99.115,14.29
2026-06-10T12:59:00,PCI_2,gNB-1,99.98,710,0,100.0,215.1,291.0,99.441,99.249,0.155,78,98.699,99.133,98.707,98.703,98.574,69.31,57.21,425.13,162.32,4.40588,99.103,13.93
2026-06-10T12:59:00,PCI_3,gNB-1,99.934,708,1,99.859,199.7,243.0,99.725,99.426,0.232,70,98.789,98.688,98.548,98.622,98.131,77.9,62.14,485.83,166.68,4.89384,99.639,12.88
2026-06-10T12:59:00,PCI_4,gNB-1,99.934,715,0,100.0,184.3,235.8,99.429,99.269,0.134,64,98.406,98.907,98.621,97.804,98.655,76.05,65.59,472.49,162.82,4.76483,99.179,16.53
2026-06-10T12:59:00,PCI_5,gNB-2,99.915,745,63,91.544,188.5,244.5,94.437,90.44,3.213,59,84.544,83.9,87.712,99.097,97.157,99.64,80.07,103.12,42.83,1.09467,98.697,34.87
2026-06-10T12:59:00,PCI_6,gNB-2,99.924,690,1,99.855,218.5,283.6,99.55,99.364,0.129,72,98.437,99.347,98.754,98.175,98.275,75.09,65.44,447.39,172.6,4.64988,98.894,14.33
2026-06-10T12:59:00,PCI_7,gNB-2,99.971,743,1,99.865,196.9,245.7,99.508,99.594,0.151,68,98.317,99.653,98.833,98.296,97.885,71.64,65.09,473.95,161.27,4.76418,99.468,15.02
2026-06-10T12:59:00,PCI_8,gNB-3,99.987,729,1,99.863,211.6,292.0,99.745,99.062,0.075,75,98.163,99.142,98.547,98.27,98.123,70.84,59.84,506.73,150.65,4.9304,99.402,12.84
2026-06-10T12:59:00,PCI_9,gNB-3,99.978,720,0,100.0,220.8,291.6,99.651,99.205,0.22,78,98.179,98.81,98.987,97.97,98.12,75.36,59.6,474.27,158.7,4.74729,99.486,12.19
2026-06-10T12:59:00,PCI_10,gNB-3,99.948,730,1,99.863,186.7,234.2,99.779,99.127,0.009,70,98.281,99.119,98.863,98.257,97.335,71.88,60.48,478.69,151.43,4.72587,99.466,13.54
2026-06-10T13:00:00,PCI_1,gNB-1,100.0,704,1,99.858,187.6,229.3,99.439,99.624,0.108,62,98.227,99.187,98.678,98.502,97.718,77.23,52.48,534.32,150.03,5.1326,99.078,13.72
2026-06-10T13:00:00,PCI_2,gNB-1,99.924,711,1,99.859,199.7,237.0,99.305,99.172,0.179,67,98.116,99.271,98.526,97.803,98.166,71.36,53.66,494.74,156.54,4.88456,99.467,12.98
2026-06-10T13:00:00,PCI_3,gNB-1,99.954,706,1,99.858,193.7,263.3,99.654,99.247,0.121,73,98.623,99.188,98.391,98.322,98.459,80.28,55.16,470.66,162.99,4.75239,99.159,10.7
2026-06-10T13:00:00,PCI_4,gNB-1,99.973,718,1,99.861,202.8,240.1,99.454,99.347,0.126,70,98.369,99.12,98.602,97.853,98.526,77.05,63.7,480.41,173.64,4.90537,99.548,15.62
2026-06-10T13:00:00,PCI_5,gNB-2,99.991,715,86,87.972,194.9,251.0,92.896,92.758,3.422,75,85.998,85.765,87.662,98.179,98.482,100.0,80.36,144.96,53.28,1.48678,99.527,31.18
2026-06-10T13:00:00,PCI_6,gNB-2,99.971,737,1,99.864,195.4,244.3,99.337,99.632,0.103,67,98.194,99.427,98.258,98.338,97.886,79.93,55.01,466.3,147.18,4.60111,98.966,13.61
2026-06-10T13:00:00,PCI_7,gNB-2,100.0,739,0,100.0,214.8,256.3,99.904,99.536,0.233,79,98.825,99.332,98.386,98.236,98.124,66.74,53.81,454.22,160.28,4.60877,99.48,11.69
2026-06-10T13:00:00,PCI_8,gNB-3,99.963,696,0,100.0,196.8,228.3,99.869,99.212,0.226,69,98.372,99.143,98.41,98.751,97.81,73.26,66.25,512.33,156.43,5.0157,99.174,11.41
2026-06-10T13:00:00,PCI_9,gNB-3,99.94,709,0,100.0,196.2,237.0,99.78,99.467,0.066,67,99.061,99.085,98.809,98.339,97.636,75.3,60.35,490.61,164.9,4.91637,99.269,14.74
2026-06-10T13:00:00,PCI_10,gNB-3,100.0,693,0,100.0,190.8,248.6,99.669,98.931,0.157,65,98.556,99.122,99.002,97.922,98.39,72.97,56.9,458.86,165.69,4.68408,99.269,15.36
2026-06-10T13:01:00,PCI_1,gNB-1,99.94,700,1,99.857,191.8,262.0,99.294,99.31,0.16,64,98.695,98.964,98.587,98.614,98.156,72.23,62.46,473.92,164.81,4.79054,99.637,12.69
2026-06-10T13:01:00,PCI_2,gNB-1,99.944,697,1,99.857,206.4,264.8,99.997,99.24,0.141,71,98.307,98.986,99.222,98.04,97.984,75.01,63.59,485.35,170.21,4.91671,99.89,12.85
2026-06-10T13:01:00,PCI_3,gNB-1,99.957,722,0,100.0,204.8,264.0,99.491,99.382,0.181,73,97.894,99.122,98.605,98.029,97.61,81.11,57.61,423.87,152.04,4.31929,99.252,14.74
2026-06-10T13:01:00,PCI_4,gNB-1,99.931,736,2,99.728,180.6,237.2,99.843,99.368,0.125,61,98.1,98.781,98.275,98.583,98.424,85.23,53.91,437.93,162.73,4.50499,99.488,14.23
2026-06-10T13:01:00,PCI_5,gNB-2,99.975,721,96,86.685,218.3,281.9,90.882,90.015,3.478,73,84.981,82.847,86.89,98.525,98.858,100.0,82.59,123.81,60.88,1.38516,99.259,30.38
2026-06-10T13:01:00,PCI_6,gNB-2,99.976,736,1,99.864,207.4,287.4,99.594,99.5,0.157,73,98.719,99.292,98.717,97.857,98.19,71.95,59.97,468.31,150.88,4.64391,99.846,14.78
2026-06-10T13:01:00,PCI_7,gNB-2,99.951,724,1,99.862,191.9,240.4,99.484,99.646,0.04,69,98.621,98.914,99.183,98.298,98.08,71.27,62.79,406.93,175.26,4.36641,99.066,14.42
2026-06-10T13:01:00,PCI_8,gNB-3,99.981,732,0,100.0,187.6,250.2,99.703,99.234,0.058,66,98.614,99.137,98.963,97.737,97.871,73.78,57.01,476.99,164.21,4.80903,98.934,14.59
2026-06-10T13:01:00,PCI_9,gNB-3,99.984,733,0,100.0,184.7,243.7,99.416,99.413,0.164,60,98.235,98.815,98.733,98.661,97.237,74.39,55.67,467.41,160.06,4.70605,99.495,12.57
2026-06-10T13:01:00,PCI_10,gNB-3,99.928,725,0,100.0,191.4,252.6,99.53,99.307,0.139,66,98.977,98.841,98.518,98.045,97.344,73.7,65.82,436.77,156.81,4.45179,99.286,12.97
2026-06-10T13:02:00,PCI_1,gNB-1,99.934,726,1,99.862,208.1,249.6,99.536,99.858,0.104,73,98.533,98.686,98.955,97.886,97.211,77.78,63.84,527.61,154.82,5.11827,99.323,14.82
2026-06-10T13:02:00,PCI_2,gNB-1,99.97,729,0,100.0,201.0,254.9,99.797,99.604,0.192,66,98.532,99.016,99.333,98.441,98.094,86.8,62.99,432.49,174.89,4.55533,98.535,15.26
2026-06-10T13:02:00,PCI_3,gNB-1,99.942,712,0,100.0,202.1,239.0,99.308,99.107,0.054,70,98.635,99.147,99.264,98.635,97.601,68.71,59.41,455.58,152.76,4.5625,99.692,14.93
2026-06-10T13:02:00,PCI_4,gNB-1,99.959,720,0,100.0,191.0,223.1,99.915,99.432,0.133,68,98.285,99.331,99.073,98.772,97.194,80.09,54.07,456.28,162.23,4.63885,99.124,13.63
2026-06-10T13:02:00,PCI_5,gNB-2,99.909,710,62,91.268,201.8,268.9,91.08,91.585,4.361,70,82.981,86.84,82.588,98.383,97.722,100.0,75.41,132.61,56.0,1.41457,99.312,31.09
2026-06-10T13:02:00,PCI_6,gNB-2,99.976,733,0,100.0,192.6,246.6,99.722,99.43,0.083,67,98.989,98.999,98.636,98.064,97.668,79.86,60.43,457.89,164.51,4.66797,98.888,13.2
2026-06-10T13:02:00,PCI_7,gNB-2,99.944,743,1,99.865,199.4,257.1,99.448,99.546,0.083,69,98.284,99.585,98.155,98.483,97.99,80.76,66.05,416.98,155.11,4.29066,99.28,13.71
2026-06-10T13:02:00,PCI_8,gNB-3,99.967,737,1,99.864,199.8,249.1,99.642,99.251,0.274,72,98.872,99.038,98.943,98.088,97.788,75.63,56.29,500.11,170.88,5.0324,98.938,14.03
2026-06-10T13:02:00,PCI_9,gNB-3,99.972,728,1,99.863,191.2,245.9,99.881,99.537,0.149,63,99.246,98.924,98.853,98.556,98.017,76.91,51.19,475.65,146.18,4.66372,99.403,11.62
2026-06-10T13:02:00,PCI_10,gNB-3,99.991,747,0,100.0,206.9,241.3,99.548,99.286,0.118,75,98.628,98.811,98.755,98.282,97.793,73.5,62.06,487.96,165.4,4.90021,99.427,14.36
2026-06-10T13:03:00,PCI_1,gNB-1,99.948,735,1,99.864,203.1,234.2,99.489,99.224,0.199,66,98.463,98.709,99.035,98.387,98.2,76.26,62.27,463.6,170.35,4.75469,98.822,13.66
2026-06-10T13:03:00,PCI_2,gNB-1,99.924,735,1,99.864,198.3,251.0,99.611,99.485,0.247,71,98.694,99.151,98.456,98.363,98.393,81.8,69.05,471.2,164.06,4.7645,99.399,16.21
2026-06-10T13:03:00,PCI_3,gNB-1,99.955,718,1,99.861,202.1,234.7,99.615,99.331,0.229,69,98.518,98.849,98.518,98.34,97.64,76.02,60.72,501.03,162.78,4.97859,99.178,14.97
2026-06-10T13:03:00,PCI_4,gNB-1,99.956,729,0,100.0,201.6,244.4,99.665,99.493,0.113,73,99.165,99.212,98.659,98.37,97.675,76.36,59.63,491.93,150.28,4.81656,99.561,13.48
2026-06-10T13:03:00,PCI_5,gNB-2,99.986,715,57,92.028,177.9,238.6,91.346,89.795,4.425,61,83.388,86.288,88.09,98.347,97.584,90.3,80.71,157.01,61.25,1.63697,99.435,30.88
2026-06-10T13:03:00,PCI_6,gNB-2,100.0,686,1,99.854,204.7,239.7,99.506,99.759,0.201,72,98.47,98.726,98.548,98.346,97.947,68.33,55.69,469.57,162.97,4.74408,99.184,12.34
2026-06-10T13:03:00,PCI_7,gNB-2,99.933,716,1,99.86,187.4,234.2,99.595,98.979,0.014,62,98.884,99.48,98.792,97.944,98.138,81.36,58.69,471.14,168.54,4.79759,99.265,13.58
2026-06-10T13:03:00,PCI_8,gNB-3,99.974,727,1,99.862,207.7,253.1,99.347,99.917,0.071,70,98.709,98.899,98.511,98.234,98.108,72.44,60.63,430.2,175.11,4.53984,99.239,13.39
2026-06-10T13:03:00,PCI_9,gNB-3,99.981,747,0,100.0,204.0,270.4,99.586,99.726,0.199,68,98.618,99.07,98.63,99.071,97.872,71.07,61.07,443.27,160.09,4.52523,98.974,12.72
2026-06-10T13:03:00,PCI_10,gNB-3,99.935,769,0,100.0,194.7,227.8,99.589,99.595,0.111,68,98.709,98.875,98.579,98.088,98.029,70.14,64.75,501.78,156.63,4.93813,98.97,14.06
2026-06-10T13:04:00,PCI_1,gNB-1,99.942,718,1,99.861,195.1,246.6,99.772,99.346,0.286,69,98.251,99.066,99.459,98.341,98.241,80.88,57.43,476.47,154.44,4.73188,99.087,13.83
2026-06-10T13:04:00,PCI_2,gNB-1,99.942,716,0,100.0,203.1,274.1,99.591,99.659,0.178,70,98.445,98.922,98.372,98.392,97.761,73.98,57.48,484.75,151.64,4.77292,99.355,13.59
2026-06-10T13:04:00,PCI_3,gNB-1,99.986,696,2,99.713,194.3,234.7,99.621,99.434,0.175,63,98.658,99.11,98.967,97.916,98.259,77.98,60.83,486.31,152.78,4.79313,99.221,13.16
2026-06-10T13:04:00,PCI_4,gNB-1,99.935,727,1,99.862,194.6,236.6,99.601,99.674,0.271,71,98.309,98.799,98.992,98.395,97.826,77.3,57.2,453.03,182.94,4.76977,98.943,14.58
2026-06-10T13:04:00,PCI_5,gNB-2,100.0,726,58,92.011,198.5,244.1,92.758,90.008,5.1,68,82.14,87.321,86.648,98.246,98.29,100.0,81.43,93.85,44.55,1.03798,99.229,33.1
2026-06-10T13:04:00,PCI_6,gNB-2,99.958,715,1,99.86,203.7,258.9,99.792,99.422,0.078,67,98.579,99.123,98.598,98.129,98.324,70.59,64.52,523.1,166.03,5.16852,98.967,15.8
2026-06-10T13:04:00,PCI_7,gNB-2,100.0,716,1,99.86,198.5,253.6,99.169,99.411,0.236,68,98.296,98.606,98.736,98.223,97.967,75.21,60.45,458.89,159.62,4.63889,99.273,12.09
2026-06-10T13:04:00,PCI_8,gNB-3,100.0,706,1,99.858,201.7,255.5,99.611,99.641,0.252,71,98.624,98.676,98.843,97.83,98.403,73.88,58.78,499.46,164.73,4.98144,98.955,14.45
2026-06-10T13:04:00,PCI_9,gNB-3,99.973,727,0,100.0,210.3,254.5,99.714,99.405,0.073,72,97.992,99.146,98.806,97.895,98.354,72.44,60.55,449.16,166.37,4.61647,99.251,13.91
2026-06-10T13:04:00,PCI_10,gNB-3,99.966,686,0,100.0,212.2,265.7,99.861,99.329,0.105,71,98.187,98.864,98.462,98.177,97.612,74.65,60.6,479.2,155.88,4.76309,99.204,13.22
2026-06-10T13:05:00,PCI_1,gNB-1,100.0,720,0,100.0,217.3,280.3,99.699,99.285,0.173,75,98.863,99.238,99.288,98.366,97.587,76.04,60.66,470.94,154.65,4.69191,99.407,11.73
2026-06-10T13:05:00,PCI_2,gNB-1,99.963,747,1,99.866,198.3,239.9,99.632,99.152,0.015,69,98.677,98.575,99.014,97.569,98.297,73.24,66.94,462.23,167.52,4.72311,98.928,13.34
2026-06-10T13:05:00,PCI_3,gNB-1,99.988,713,1,99.86,181.9,218.7,99.633,99.575,0.134,59,98.54,99.14,98.819,98.273,98.527,80.09,59.75,465.64,155.39,4.65776,99.513,13.18
2026-06-10T13:05:00,PCI_4,gNB-1,99.959,748,0,100.0,197.5,261.9,99.909,99.283,0.125,69,98.462,98.673,99.193,98.361,97.916,78.16,61.58,450.17,162.85,4.59764,98.961,16.42
2026-06-10T13:05:00,PCI_5,gNB-2,99.966,691,94,86.397,198.0,263.6,90.69,89.484,3.667,68,81.445,84.368,87.242,98.242,98.168,100.0,81.24,129.83,60.18,1.42501,99.11,33.92
2026-06-10T13:05:00,PCI_6,gNB-2,99.922,730,1,99.863,207.0,256.3,99.729,99.61,0.129,71,98.513,98.798,98.624,98.016,97.926,80.09,61.13,459.32,162.1,4.66067,98.95,13.31
2026-06-10T13:05:00,PCI_7,gNB-2,100.0,708,1,99.859,213.9,253.4,99.618,99.476,0.171,71,98.713,99.14,98.501,98.229,97.595,78.36,58.43,491.27,152.83,4.83074,99.454,13.51
2026-06-10T13:05:00,PCI_8,gNB-3,99.919,712,0,100.0,211.2,277.2,99.376,99.179,0.222,67,99.343,98.711,99.147,97.661,98.794,80.98,59.04,516.4,152.87,5.01947,99.257,15.74
2026-06-10T13:05:00,PCI_9,gNB-3,99.979,731,2,99.726,205.2,257.7,99.504,98.951,0.137,70,98.64,98.183,98.624,98.096,98.057,75.51,59.33,459.36,158.15,4.63133,99.071,11.73
2026-06-10T13:05:00,PCI_10,gNB-3,99.98,716,0,100.0,208.7,264.5,99.591,99.237,0.2,73,98.652,99.46,98.342,98.947,98.318,73.62,57.09,415.22,161.1,4.32238,99.661,15.35
2026-06-10T13:06:00,PCI_1,gNB-1,99.98,723,1,99.862,200.8,240.4,99.542,99.772,0.049,74,98.188,99.295,98.972,98.388,97.832,70.85,51.55,500.99,147.72,4.8653,99.296,12.04
2026-06-10T13:06:00,PCI_2,gNB-1,99.962,697,1,99.857,192.0,236.0,99.458,99.279,0.147,71,98.467,99.256,98.792,99.096,98.242,70.92,62.59,462.42,158.57,4.65739,99.25,14.8
2026-06-10T13:06:00,PCI_3,gNB-1,99.962,728,1,99.863,201.2,262.0,99.454,99.256,0.218,64,98.268,99.016,98.748,98.574,98.208,78.15,62.65,400.67,167.42,4.26068,99.256,15.05
2026-06-10T13:06:00,PCI_4,gNB-1,99.955,747,1,99.866,192.6,254.7,99.838,99.357,0.264,68,98.403,98.989,99.015,98.048,98.141,68.06,56.3,485.66,166.17,4.8888,99.022,13.27
2026-06-10T13:06:00,PCI_5,gNB-2,100.0,751,105,86.019,209.7,245.6,91.193,90.851,4.701,69,85.269,87.778,85.289,98.557,98.06,97.35,85.7,162.94,43.19,1.54602,99.266,35.1
2026-06-10T13:06:00,PCI_6,gNB-2,99.999,721,1,99.861,200.9,265.1,99.722,99.441,0.231,64,98.631,99.064,98.409,98.578,97.827,70.15,60.17,493.28,157.62,4.88176,99.104,14.0
2026-06-10T13:06:00,PCI_7,gNB-2,99.966,714,1,99.86,208.7,266.3,99.492,99.162,0.014,79,98.849,98.752,98.582,98.316,98.301,73.59,62.33,475.45,168.32,4.82826,99.15,11.14
2026-06-10T13:06:00,PCI_8,gNB-3,99.975,725,2,99.724,201.6,248.3,99.285,99.513,0.238,77,99.189,98.627,98.416,98.476,98.211,71.53,60.46,435.15,169.26,4.53309,99.0,13.47
2026-06-10T13:06:00,PCI_9,gNB-3,100.0,723,0,100.0,214.5,289.5,99.666,99.527,0.186,71,98.236,99.438,98.461,98.227,98.211,74.27,60.46,507.99,161.06,5.01784,98.909,13.91
2026-06-10T13:06:00,PCI_10,gNB-3,99.985,753,1,99.867,210.6,273.9,99.651,99.132,0.177,73,98.623,99.007,98.787,98.466,98.818,72.57,60.64,513.16,149.96,4.97343,99.324,14.2
2026-06-10T13:07:00,PCI_1,gNB-1,99.962,727,0,100.0,201.1,267.5,99.666,99.441,0.265,72,98.719,98.667,97.749,98.788,98.129,74.08,45.98,475.28,154.26,4.72152,98.594,14.96
2026-06-10T13:07:00,PCI_2,gNB-1,99.973,728,2,99.725,211.9,263.5,99.483,99.466,0.126,74,98.427,98.996,98.475,98.618,97.659,67.62,58.51,485.9,161.73,4.8572,98.88,12.1
2026-06-10T13:07:00,PCI_3,gNB-1,99.939,741,0,100.0,199.6,256.1,99.475,99.004,0.243,67,98.711,99.275,98.72,98.212,98.095,72.79,62.28,487.28,155.75,4.82272,99.451,14.99
2026-06-10T13:07:00,PCI_4,gNB-1,99.982,737,2,99.729,211.7,271.5,99.35,99.474,0.016,76,98.378,98.87,98.725,98.108,97.478,73.05,62.08,488.44,157.99,4.84822,98.947,14.34
2026-06-10T13:07:00,PCI_5,gNB-2,99.951,734,87,88.147,205.4,238.2,91.05,93.034,3.378,71,81.39,88.826,83.427,98.925,97.973,94.12,80.56,157.08,48.25,1.53999,99.092,35.3
2026-06-10T13:07:00,PCI_6,gNB-2,99.929,712,0,100.0,193.8,251.3,99.654,99.499,0.084,67,98.333,99.255,98.88,98.635,98.199,77.13,55.3,461.37,151.36,4.59548,99.15,14.61
2026-06-10T13:07:00,PCI_7,gNB-2,99.998,716,2,99.721,195.9,269.2,99.604,99.409,0.255,69,98.794,98.957,98.707,98.312,98.287,80.77,62.48,477.77,170.69,4.86344,99.531,14.97
2026-06-10T13:07:00,PCI_8,gNB-3,99.982,690,1,99.855,200.0,231.1,99.632,99.377,0.084,74,98.282,99.119,98.94,98.492,97.984,81.7,58.13,476.92,158.72,4.76728,99.48,11.75
2026-06-10T13:07:00,PCI_9,gNB-3,99.981,719,0,100.0,204.3,271.7,99.431,99.465,0.183,74,97.783,99.234,97.742,98.095,98.548,81.05,62.58,462.5,161.99,4.68365,99.283,13.25
2026-06-10T13:07:00,PCI_10,gNB-3,99.938,734,1,99.864,202.0,270.8,99.423,99.287,0.226,67,98.766,98.832,98.14,98.391,98.315,75.9,61.59,482.13,163.49,4.84216,98.854,12.46
2026-06-10T13:08:00,PCI_1,gNB-1,100.0,716,1,99.86,202.5,235.5,99.568,99.773,0.121,73,98.444,98.637,98.322,98.463,97.82,76.39,61.44,441.83,148.53,4.42771,98.887,13.19
2026-06-10T13:08:00,PCI_2,gNB-1,100.0,710,0,100.0,197.3,232.8,99.837,99.164,0.185,68,98.152,99.3,98.712,98.831,97.957,78.44,59.47,494.4,169.59,4.97989,98.911,12.96
2026-06-10T13:08:00,PCI_3,gNB-1,99.957,726,0,100.0,203.0,241.6,99.459,99.253,0.199,69,97.962,98.945,98.599,97.906,98.121,77.88,57.33,481.2,161.93,4.8235,99.388,15.51
2026-06-10T13:08:00,PCI_4,gNB-1,99.98,714,1,99.86,209.5,291.3,99.652,99.491,0.129,74,98.644,98.935,98.947,98.453,98.375,76.96,51.2,483.87,169.08,4.89708,99.023,14.84
2026-06-10T13:08:00,PCI_5,gNB-2,100.0,714,85,88.095,190.8,226.6,93.847,92.286,3.191,65,82.93,86.0,87.716,98.298,97.986,100.0,74.01,175.95,55.05,1.73249,99.145,35.04
2026-06-10T13:08:00,PCI_6,gNB-2,99.958,740,0,100.0,202.3,250.5,99.4,99.428,0.11,72,98.468,98.922,98.818,98.641,97.9,79.38,51.22,500.92,164.8,4.99293,99.184,17.27
2026-06-10T13:08:00,PCI_7,gNB-2,99.973,730,0,100.0,201.4,271.7,99.524,99.436,0.078,69,98.054,99.455,98.371,98.224,97.958,83.52,58.64,476.23,165.85,4.81557,99.378,13.43
2026-06-10T13:08:00,PCI_8,gNB-3,99.997,708,0,100.0,203.6,258.5,99.917,99.509,0.216,70,98.43,99.098,98.41,97.702,97.283,77.04,58.83,486.4,162.08,4.86361,99.281,14.21
2026-06-10T13:08:00,PCI_9,gNB-3,99.957,730,1,99.863,212.9,269.8,99.639,99.406,0.239,72,98.55,99.244,98.584,98.114,98.114,72.89,57.51,456.58,153.96,4.57909,99.039,16.51
2026-06-10T13:08:00,PCI_10,gNB-3,99.925,738,0,100.0,200.2,270.1,99.413,99.573,0.0,74,98.414,99.141,98.84,98.125,98.346,75.36,64.53,498.91,166.28,4.98895,98.912,16.66
2026-06-10T13:09:00,PCI_1,gNB-1,99.979,716,1,99.86,188.3,239.6,99.544,99.52,0.066,62,98.441,99.211,98.998,98.556,97.63,80.36,53.85,478.41,152.97,4.73534,99.258,12.71
2026-06-10T13:09:00,PCI_2,gNB-1,99.962,704,1,99.858,209.1,268.5,99.54,99.366,0.104,73,98.757,98.738,98.21,99.055,98.083,72.08,58.4,472.94,158.83,4.73824,98.912,13.58
2026-06-10T13:09:00,PCI_3,gNB-1,99.954,733,0,100.0,208.1,260.2,99.471,99.356,0.0,75,98.937,98.791,98.328,98.073,98.227,74.1,59.28,550.18,158.85,5.31777,98.878,14.0
2026-06-10T13:09:00,PCI_4,gNB-1,99.966,716,0,100.0,209.4,260.8,99.716,99.299,0.124,80,98.334,99.037,98.812,98.105,97.899,81.5,63.26,445.5,164.96,4.57843,99.329,9.28
2026-06-10T13:09:00,PCI_5,gNB-2,99.976,724,66,90.884,210.3,283.3,91.303,90.45,4.358,73,80.884,86.823,83.078,98.543,98.034,100.0,78.55,128.02,40.49,1.26382,99.142,39.15
2026-06-10T13:09:00,PCI_6,gNB-2,100.0,730,0,100.0,198.7,275.7,99.554,99.419,0.068,67,98.252,99.015,98.445,98.532,97.58,77.73,57.92,451.41,157.52,4.56702,99.036,11.91
2026-06-10T13:09:00,PCI_7,gNB-2,99.991,721,1,99.861,203.5,271.6,99.697,99.615,0.114,67,99.066,98.595,98.908,97.863,97.884,78.67,55.26,448.36,150.03,4.48791,99.379,13.81
2026-06-10T13:09:00,PCI_8,gNB-3,99.968,710,2,99.718,202.7,262.6,99.837,98.869,0.178,74,98.355,98.971,98.719,97.598,97.897,74.13,60.9,474.23,142.14,4.62281,99.136,13.74
2026-06-10T13:09:00,PCI_9,gNB-3,99.965,736,1,99.864,191.2,231.9,99.61,99.565,0.188,67,98.375,99.05,98.584,98.475,97.896,72.88,59.87,492.6,159.48,4.89055,99.041,12.84
2026-06-10T13:09:00,PCI_10,gNB-3,99.989,726,1,99.862,212.1,273.9,99.923,99.608,0.14,72,98.424,98.771,98.017,98.935,98.482,78.79,56.3,444.23,174.71,4.64212,98.989,13.18
2026-06-10T13:10:00,PCI_1,gNB-1,100.0,704,0,100.0,187.4,223.7,99.865,99.489,0.228,66,98.177,99.039,98.964,98.392,98.397,75.21,52.27,481.55,160.15,4.81277,99.379,12.78
2026-06-10T13:10:00,PCI_2,gNB-1,99.984,737,1,99.864,192.6,226.5,99.683,99.606,0.209,70,98.396,99.072,98.258,98.006,97.827,72.83,64.31,479.18,163.41,4.81942,98.929,11.14
2026-06-10T13:10:00,PCI_3,gNB-1,99.938,706,2,99.717,198.7,229.8,99.358,99.387,0.13,70,98.571,98.853,98.67,97.891,98.363,79.72,56.82,475.61,166.89,4.81876,99.264,14.63
2026-06-10T13:10:00,PCI_4,gNB-1,99.985,719,0,100.0,191.6,234.6,99.66,99.774,0.204,65,98.693,99.318,98.238,98.304,98.226,77.37,58.31,470.27,157.6,4.70903,99.637,15.12
2026-06-10T13:10:00,PCI_5,gNB-2,99.994,712,92,87.079,181.8,249.5,92.888,90.648,4.706,58,85.73,87.756,86.166,98.026,98.121,89.43,74.91,99.63,40.86,1.0537,99.234,35.6
2026-06-10T13:10:00,PCI_6,gNB-2,99.944,710,0,100.0,203.2,255.6,99.657,99.446,0.111,67,98.96,98.636,98.701,98.557,98.5,79.77,54.65,507.08,164.69,5.03828,98.833,13.22
2026-06-10T13:10:00,PCI_7,gNB-2,100.0,723,0,100.0,188.5,240.2,99.643,99.572,0.0,67,99.04,98.97,98.708,97.542,98.263,86.99,67.14,427.51,167.48,4.46244,99.097,16.97
2026-06-10T13:10:00,PCI_8,gNB-3,100.0,720,1,99.861,190.9,236.5,99.604,98.988,0.13,61,98.366,99.641,98.781,98.79,98.558,70.05,68.85,464.77,154.66,4.6457,99.521,14.54
2026-06-10T13:10:00,PCI_9,gNB-3,99.955,715,1,99.86,194.3,236.8,99.498,99.56,0.173,70,98.564,99.194,98.701,98.728,98.27,79.75,68.05,502.05,166.62,5.01506,98.913,16.27
2026-06-10T13:10:00,PCI_10,gNB-3,99.987,710,0,100.0,193.2,245.5,99.605,99.506,0.082,67,97.868,98.942,98.585,97.927,98.051,72.13,60.42,453.3,158.01,4.5848,98.713,15.61
2026-06-10T13:11:00,PCI_1,gNB-1,99.953,729,1,99.863,211.5,263.5,99.833,99.332,0.013,73,98.568,98.928,98.654,97.638,98.328,74.1,64.36,441.06,165.14,4.5465,99.362,15.95
2026-06-10T13:11:00,PCI_2,gNB-1,99.964,732,1,99.863,186.9,226.4,99.58,99.631,0.211,64,98.75,98.615,98.378,97.839,97.263,76.16,64.46,505.45,163.94,5.02042,99.227,13.97
2026-06-10T13:11:00,PCI_3,gNB-1,99.957,701,1,99.857,187.0,227.4,99.611,99.365,0.075,62,98.958,98.93,98.46,97.68,98.763,72.68,53.59,414.15,169.19,4.37504,99.216,13.12
2026-06-10T13:11:00,PCI_4,gNB-1,100.0,710,1,99.859,201.4,232.1,99.736,99.644,0.202,68,98.45,98.814,98.045,97.646,97.507,78.7,55.48,448.11,153.07,4.50881,98.921,13.65
2026-06-10T13:11:00,PCI_5,gNB-2,99.961,698,88,87.393,206.0,251.1,94.19,92.88,4.093,74,81.865,86.842,85.355,98.299,98.026,100.0,77.59,94.79,47.39,1.06636,99.029,36.88
2026-06-10T13:11:00,PCI_6,gNB-2,99.918,688,0,100.0,188.8,260.8,99.6,99.352,0.125,66,98.615,99.046,98.97,98.153,98.082,76.12,62.01,506.8,161.89,5.01513,99.318,13.49
2026-06-10T13:11:00,PCI_7,gNB-2,99.907,716,2,99.721,193.5,255.2,100.0,99.357,0.041,64,98.608,98.806,98.796,97.957,97.636,71.32,59.14,485.82,155.17,4.80746,99.0,14.91
2026-06-10T13:11:00,PCI_8,gNB-3,100.0,723,1,99.862,199.8,262.7,99.631,99.308,0.132,68,98.819,99.008,98.609,98.455,97.633,73.27,50.91,509.55,161.58,5.03346,99.099,17.02
2026-06-10T13:11:00,PCI_9,gNB-3,99.951,728,1,99.863,216.8,301.3,99.628,99.603,0.228,68,98.833,98.848,98.379,97.95,97.886,71.03,60.54,476.93,162.25,4.79388,98.939,15.31
2026-06-10T13:11:00,PCI_10,gNB-3,99.965,733,1,99.864,195.3,225.8,99.855,99.297,0.232,68,98.357,99.119,98.861,98.68,97.239,85.53,63.54,488.19,166.59,4.9109,98.845,15.59
2026-06-10T13:12:00,PCI_1,gNB-1,99.951,720,1,99.861,194.9,243.5,99.568,99.522,0.212,67,98.417,99.044,98.783,97.833,97.649,84.25,57.71,482.45,169.61,4.89045,99.51,13.54
2026-06-10T13:12:00,PCI_2,gNB-1,99.99,751,0,100.0,203.0,280.7,99.634,99.232,0.209,67,98.498,99.246,98.993,97.812,98.273,82.69,58.7,466.18,178.47,4.83488,99.244,11.01
2026-06-10T13:12:00,PCI_3,gNB-1,99.955,761,1,99.869,190.6,243.5,99.547,99.491,0.106,65,98.398,98.857,98.8,98.026,97.984,72.35,61.48,520.35,152.36,5.04533,99.018,15.05
2026-06-10T13:12:00,PCI_4,gNB-1,99.981,668,0,100.0,189.6,238.4,99.582,99.24,0.0,68,98.762,98.952,98.715,98.335,98.291,77.46,61.67,475.81,159.48,4.76463,99.08,15.57
2026-06-10T13:12:00,PCI_5,gNB-2,99.99,742,93,87.466,204.2,282.3,94.082,92.597,4.629,69,83.367,83.792,83.086,98.102,97.711,100.0,76.53,91.64,60.01,1.13739,98.96,34.17
2026-06-10T13:12:00,PCI_6,gNB-2,99.942,712,0,100.0,206.1,268.8,99.483,99.224,0.225,72,98.268,98.766,98.903,98.698,97.992,79.31,54.86,491.83,157.9,4.87302,99.529,12.52
2026-06-10T13:12:00,PCI_7,gNB-2,99.983,727,1,99.862,193.2,262.9,99.805,99.664,0.216,65,98.351,99.12,98.68,98.432,98.057,76.51,62.27,437.83,161.46,4.49464,99.058,12.59
2026-06-10T13:12:00,PCI_8,gNB-3,99.972,734,1,99.864,198.4,261.2,99.314,99.234,0.147,67,98.764,99.115,98.601,98.163,98.481,69.33,63.67,423.84,171.69,4.46651,99.339,16.29
2026-06-10T13:12:00,PCI_9,gNB-3,99.956,719,1,99.861,209.8,242.9,99.717,99.177,0.141,70,98.382,99.228,98.45,98.836,97.382,81.34,66.39,457.81,162.78,4.65447,99.34,15.71
2026-06-10T13:12:00,PCI_10,gNB-3,100.0,727,1,99.862,193.8,237.3,99.627,99.229,0.162,69,98.826,99.254,98.941,99.152,98.337,76.48,63.3,469.29,165.04,4.75753,99.57,14.7
2026-06-10T13:13:00,PCI_1,gNB-1,100.0,664,1,99.849,198.3,229.6,99.83,99.352,0.242,69,98.444,98.57,98.441,98.663,98.755,75.26,61.59,497.78,170.55,5.01245,99.116,14.66
2026-06-10T13:13:00,PCI_2,gNB-1,99.979,696,0,100.0,192.1,228.4,99.619,99.484,0.156,64,99.034,98.874,98.415,97.685,98.07,75.28,53.02,455.27,172.27,4.70655,99.7,15.58
2026-06-10T13:13:00,PCI_3,gNB-1,99.988,714,1,99.86,192.1,228.0,99.698,99.442,0.192,70,98.604,99.171,98.95,97.743,98.849,79.97,58.83,420.2,152.07,4.29205,99.429,13.72
2026-06-10T13:13:00,PCI_4,gNB-1,100.0,734,1,99.864,186.9,254.7,99.481,99.545,0.136,64,98.422,99.017,98.805,98.163,97.694,71.16,62.99,465.92,159.45,4.69034,99.182,13.13
2026-06-10T13:13:00,PCI_5,gNB-2,99.937,723,100,86.169,207.7,258.1,92.291,92.569,4.302,67,84.252,88.687,84.41,98.461,98.025,100.0,82.83,153.58,47.07,1.50492,99.548,39.12
2026-06-10T13:13:00,PCI_6,gNB-2,99.961,724,1,99.862,201.5,252.5,99.664,99.281,0.235,70,98.63,99.029,98.652,97.867,97.908,78.49,66.95,504.07,159.0,4.97309,98.827,15.67
2026-06-10T13:13:00,PCI_7,gNB-2,100.0,711,1,99.859,193.3,253.4,99.348,99.187,0.274,70,98.567,99.047,98.515,98.495,98.426,76.62,59.55,477.33,166.93,4.83192,99.331,17.35
2026-06-10T13:13:00,PCI_8,gNB-3,99.931,728,1,99.863,194.7,264.0,99.639,99.418,0.169,62,98.759,99.245,98.616,97.843,97.942,79.64,52.65,487.06,153.69,4.80567,99.225,15.36
2026-06-10T13:13:00,PCI_9,gNB-3,99.986,724,0,100.0,200.2,247.3,99.388,99.262,0.261,66,98.271,98.977,98.952,98.645,97.846,73.2,64.1,429.47,139.77,4.26929,99.013,14.43
2026-06-10T13:13:00,PCI_10,gNB-3,100.0,731,1,99.863,200.3,261.7,99.607,99.434,0.208,68,98.122,98.862,98.961,98.262,98.431,72.22,53.74,421.87,177.15,4.49266,98.881,13.24
2026-06-10T13:14:00,PCI_1,gNB-1,100.0,734,1,99.864,213.6,291.0,99.603,99.613,0.255,77,97.81,98.883,98.697,98.494,97.38,80.35,63.55,471.7,161.81,4.75127,99.271,14.72
2026-06-10T13:14:00,PCI_2,gNB-1,99.981,705,1,99.858,190.7,221.7,99.491,99.277,0.139,69,99.097,99.009,98.822,98.001,98.115,68.98,58.83,479.83,153.95,4.75337,99.139,12.23
2026-06-10T13:14:00,PCI_3,gNB-1,99.989,745,2,99.732,215.0,254.2,99.575,99.177,0.162,76,99.233,99.289,98.364,98.31,97.873,76.01,65.61,481.48,162.36,4.82879,98.84,10.95
2026-06-10T13:14:00,PCI_4,gNB-1,99.968,729,0,100.0,199.2,257.6,99.555,99.216,0.181,72,98.09,99.086,99.428,98.218,98.189,74.83,63.21,484.98,160.72,4.84274,98.929,13.32
2026-06-10T13:14:00,PCI_5,gNB-2,99.986,724,66,90.884,209.4,258.4,94.002,89.878,4.147,73,80.402,86.106,88.189,98.227,98.104,97.77,78.7,100.56,44.19,1.0856,99.415,30.57
2026-06-10T13:14:00,PCI_6,gNB-2,99.988,727,1,99.862,200.0,273.7,99.412,99.552,0.094,69,98.3,98.887,98.533,98.164,98.083,76.79,59.11,479.76,152.37,4.74103,98.982,11.99
2026-06-10T13:14:00,PCI_7,gNB-2,99.981,709,1,99.859,193.1,266.6,99.581,99.616,0.081,69,98.287,98.945,99.045,98.488,97.942,78.41,56.72,466.37,151.8,4.63625,98.959,14.85
2026-06-10T13:14:00,PCI_8,gNB-3,99.896,726,1,99.862,216.3,279.2,99.743,99.415,0.126,72,98.135,99.374,98.44,98.11,98.318,73.05,57.4,462.41,147.92,4.57753,99.051,12.92
2026-06-10T13:14:00,PCI_9,gNB-3,99.976,721,0,100.0,196.9,232.4,99.724,99.211,0.035,72,98.237,98.318,98.162,98.131,98.267,72.02,60.37,481.44,164.42,4.84391,99.123,16.0
2026-06-10T13:14:00,PCI_10,gNB-3,100.0,734,0,100.0,189.5,221.4,99.804,99.495,0.208,66,98.408,98.886,98.734,98.473,98.315,71.33,60.41,456.79,164.99,4.66336,99.012,13.54
2026-06-10T13:15:00,PCI_1,gNB-1,99.966,734,0,100.0,200.5,263.0,99.568,99.308,0.275,68,98.152,98.783,98.934,98.943,97.207,71.25,63.3,464.22,158.44,4.66996,98.959,13.04
2026-06-10T13:15:00,PCI_2,gNB-1,99.96,715,0,100.0,200.4,244.6,99.62,99.751,0.067,70,98.298,98.784,99.1,98.411,97.502,73.37,58.9,512.74,153.56,4.99725,99.425,14.9
2026-06-10T13:15:00,PCI_3,gNB-1,99.964,713,1,99.86,200.4,256.9,99.563,99.279,0.148,72,98.904,98.988,99.01,98.701,98.099,77.39,58.25,502.69,165.54,5.01172,99.019,13.11
2026-06-10T13:15:00,PCI_4,gNB-1,99.978,712,0,100.0,193.1,252.9,99.743,99.316,0.226,68,98.46,98.734,98.794,97.983,98.409,77.58,55.58,444.98,152.66,4.48228,99.369,16.69
2026-06-10T13:15:00,PCI_5,gNB-2,99.954,710,68,90.423,187.0,239.8,92.602,90.02,4.553,62,86.381,87.253,84.476,97.733,98.35,100.0,85.54,166.77,54.25,1.65767,99.106,35.46
2026-06-10T13:15:00,PCI_6,gNB-2,99.964,695,1,99.856,210.0,264.8,99.48,99.33,0.125,71,98.895,98.878,98.807,98.159,98.312,75.14,55.62,480.14,165.66,4.84356,98.734,12.23
2026-06-10T13:15:00,PCI_7,gNB-2,99.958,733,1,99.864,200.0,233.0,99.776,99.181,0.181,69,98.442,99.123,98.631,98.649,98.081,78.32,61.85,484.07,161.18,4.83939,99.445,13.81
2026-06-10T13:15:00,PCI_8,gNB-3,99.965,700,1,99.857,216.6,270.5,99.641,99.453,0.182,80,99.239,99.214,98.88,98.12,97.947,80.69,59.24,450.07,154.89,4.53721,99.279,12.0
2026-06-10T13:15:00,PCI_9,gNB-3,99.974,707,1,99.859,198.2,271.6,99.574,99.388,0.2,70,98.828,99.143,98.928,98.667,97.63,71.97,61.51,473.16,157.46,4.72958,98.811,13.71
2026-06-10T13:15:00,PCI_10,gNB-3,100.0,689,1,99.855,220.2,289.5,99.629,99.584,0.078,76,98.188,98.772,98.493,98.491,97.713,81.15,61.12,479.27,156.02,4.76467,98.656,14.25
2026-06-10T13:16:00,PCI_1,gNB-1,99.942,715,1,99.86,208.3,288.2,99.297,99.744,0.205,69,98.297,99.134,98.484,98.339,98.924,78.24,64.42,456.7,150.39,4.5532,99.018,13.77
2026-06-10T13:16:00,PCI_2,gNB-1,99.994,731,1,99.863,192.2,240.8,99.741,99.375,0.2,68,97.983,99.382,98.59,98.476,97.334,73.17,63.42,495.68,154.98,4.87999,99.424,13.28
2026-06-10T13:16:00,PCI_3,gNB-1,99.974,735,2,99.728,206.5,286.4,99.411,99.663,0.197,76,98.91,98.924,98.327,98.392,98.429,75.0,55.36,477.19,170.05,4.85428,99.181,15.15
2026-06-10T13:16:00,PCI_4,gNB-1,100.0,693,1,99.856,187.2,244.4,99.429,99.436,0.135,63,98.63,99.189,98.609,98.735,98.443,75.14,56.34,497.14,151.6,4.86551,99.124,14.54
2026-06-10T13:16:00,PCI_5,gNB-2,99.964,720,73,89.861,208.1,261.5,90.935,91.754,3.287,74,80.499,88.338,88.243,98.499,97.926,97.96,75.19,146.71,66.7,1.60062,98.87,30.48
2026-06-10T13:16:00,PCI_6,gNB-2,99.963,684,0,100.0,199.3,257.3,99.815,99.634,0.114,75,98.628,99.167,98.371,98.213,97.482,71.29,69.85,469.97,157.06,4.70271,99.418,12.4
2026-06-10T13:16:00,PCI_7,gNB-2,99.94,736,0,100.0,198.4,261.1,99.649,99.333,0.005,68,98.202,98.633,98.152,98.471,98.174,73.54,58.31,468.66,154.35,4.67263,99.034,13.84
2026-06-10T13:16:00,PCI_8,gNB-3,99.941,708,1,99.859,195.1,248.4,99.471,99.58,0.071,67,99.066,99.065,98.233,98.41,98.239,72.98,65.77,512.44,162.45,5.06171,99.045,14.1
2026-06-10T13:16:00,PCI_9,gNB-3,99.966,712,1,99.86,196.7,230.7,99.564,99.406,0.072,68,98.285,98.931,98.534,98.672,97.551,75.92,61.29,526.17,170.32,5.22374,99.338,15.08
2026-06-10T13:16:00,PCI_10,gNB-3,99.999,706,0,100.0,210.6,258.7,99.876,99.553,0.126,74,98.589,98.714,98.604,98.296,97.969,74.74,59.09,460.46,160.6,4.65795,98.939,15.44
2026-06-10T13:17:00,PCI_1,gNB-1,99.982,730,1,99.863,190.5,225.5,99.379,99.282,0.165,55,98.887,99.364,98.277,98.086,97.793,74.34,59.32,450.38,158.37,4.56558,99.191,13.2
2026-06-10T13:17:00,PCI_2,gNB-1,99.93,691,1,99.855,204.4,246.0,99.458,99.192,0.153,73,98.984,99.061,98.847,98.459,97.729,65.66,64.44,489.54,154.12,4.8275,99.012,14.17
2026-06-10T13:17:00,PCI_3,gNB-1,99.999,723,2,99.723,203.0,250.1,99.667,99.164,0.071,70,97.943,98.72,98.347,98.42,97.868,70.2,63.96,447.27,156.89,4.5312,98.957,13.69
2026-06-10T13:17:00,PCI_4,gNB-1,100.0,729,1,99.863,201.2,258.8,99.503,99.405,0.145,68,98.406,98.938,98.906,98.579,97.812,73.47,65.71,501.0,162.5,4.97628,99.357,13.2
2026-06-10T13:17:00,PCI_5,gNB-2,100.0,717,94,86.89,188.0,240.8,91.462,93.203,3.585,70,81.378,83.497,84.648,98.376,98.144,94.07,82.98,172.53,62.99,1.76639,99.063,38.79
2026-06-10T13:17:00,PCI_6,gNB-2,100.0,740,1,99.865,189.1,226.6,99.488,99.569,0.124,63,99.173,98.581,98.329,98.263,97.255,68.76,57.9,502.21,159.16,4.96022,98.847,13.59
2026-06-10T13:17:00,PCI_7,gNB-2,100.0,726,1,99.862,210.4,271.6,99.579,98.934,0.233,75,98.331,98.995,98.724,98.497,97.834,72.5,64.44,434.93,158.3,4.44925,98.955,14.49
2026-06-10T13:17:00,PCI_8,gNB-3,99.954,729,2,99.726,191.5,267.0,99.526,99.572,0.104,62,98.565,98.907,98.039,98.432,97.736,69.49,62.4,484.17,162.0,4.84631,99.302,11.96
2026-06-10T13:17:00,PCI_9,gNB-3,99.992,724,1,99.862,182.7,237.3,99.771,99.645,0.082,69,98.226,98.907,98.566,98.236,98.353,84.44,57.78,474.14,146.77,4.65688,99.28,12.37
2026-06-10T13:17:00,PCI_10,gNB-3,99.947,709,1,99.859,210.0,270.1,99.33,99.446,0.106,72,98.62,99.377,99.223,97.977,98.014,83.48,55.44,448.12,148.48,4.47449,99.14,12.29
2026-06-10T13:18:00,PCI_1,gNB-1,99.992,694,0,100.0,198.1,248.2,99.738,99.321,0.243,70,98.317,98.961,98.984,97.842,97.918,77.15,58.43,448.61,177.56,4.69625,98.656,14.89
2026-06-10T13:18:00,PCI_2,gNB-1,99.967,730,0,100.0,211.0,254.1,99.432,99.267,0.139,73,99.016,98.492,98.856,98.594,97.576,74.49,57.33,440.88,178.95,4.64872,98.675,14.91
2026-06-10T13:18:00,PCI_3,gNB-1,99.994,708,1,99.859,199.3,259.6,99.765,99.38,0.154,70,97.859,99.173,98.683,98.16,98.447,78.73,61.74,488.19,159.49,4.85763,99.279,16.43
2026-06-10T13:18:00,PCI_4,gNB-1,99.913,716,0,100.0,201.0,234.3,99.719,99.375,0.139,73,98.704,99.09,98.906,98.239,97.967,70.36,71.7,466.5,164.38,4.73158,99.141,13.93
2026-06-10T13:18:00,PCI_5,gNB-2,99.922,724,89,87.707,210.2,253.9,91.371,90.854,3.907,74,86.449,84.447,84.072,98.65,98.197,100.0,79.02,135.92,54.18,1.42568,99.067,38.26
2026-06-10T13:18:00,PCI_6,gNB-2,99.981,711,0,100.0,192.2,239.6,99.682,99.507,0.123,68,98.674,98.967,98.349,97.833,98.524,73.22,63.24,419.45,151.51,4.28222,98.724,14.74
2026-06-10T13:18:00,PCI_7,gNB-2,99.942,694,1,99.856,209.6,280.4,99.86,99.429,0.077,73,97.687,98.526,99.037,98.653,98.5,79.13,62.16,465.35,159.76,4.68832,99.422,14.07
2026-06-10T13:18:00,PCI_8,gNB-3,100.0,705,0,100.0,210.1,251.1,99.615,99.279,0.265,69,98.643,99.227,98.96,98.646,97.943,76.93,55.51,474.91,161.25,4.7712,99.118,13.39
2026-06-10T13:18:00,PCI_9,gNB-3,99.952,691,1,99.855,182.5,229.1,99.45,99.358,0.182,59,99.03,98.672,98.81,98.622,98.239,76.49,60.44,459.41,157.06,4.62352,99.132,12.28
2026-06-10T13:18:00,PCI_10,gNB-3,99.993,720,0,100.0,197.7,269.0,99.29,99.198,0.118,72,98.435,98.721,98.61,98.341,97.572,67.72,62.07,476.25,152.62,4.71654,99.083,14.99
2026-06-10T13:19:00,PCI_1,gNB-1,99.967,708,0,100.0,191.4,225.8,99.339,99.297,0.121,69,97.555,99.125,99.036,98.431,97.405,67.53,56.92,462.49,153.74,4.6217,99.265,14.31
2026-06-10T13:19:00,PCI_2,gNB-1,99.999,698,1,99.857,190.0,258.1,99.578,99.584,0.189,66,98.115,98.858,98.702,98.092,97.704,77.47,64.52,445.59,168.87,4.60844,99.192,11.23
2026-06-10T13:19:00,PCI_3,gNB-1,99.938,740,0,100.0,200.0,262.6,99.698,99.146,0.087,71,98.489,99.371,99.088,98.456,97.788,72.83,53.04,500.94,143.1,4.83033,98.683,15.43
2026-06-10T13:19:00,PCI_4,gNB-1,99.962,705,1,99.858,198.1,262.6,99.46,99.258,0.083,69,98.752,99.216,99.336,98.727,97.777,73.22,62.34,499.69,164.94,4.98473,99.378,16.59
2026-06-10T13:19:00,PCI_5,gNB-2,99.976,717,68,90.516,187.4,228.8,92.136,89.714,3.626,69,84.759,87.748,83.652,97.803,98.709,95.74,81.56,117.0,66.27,1.3745,99.282,33.05
2026-06-10T13:19:00,PCI_6,gNB-2,99.969,732,0,100.0,219.7,264.5,99.849,99.56,0.234,78,99.357,98.519,99.182,98.405,98.077,69.45,57.65,458.15,172.96,4.73338,99.467,15.11
2026-06-10T13:19:00,PCI_7,gNB-2,99.976,729,0,100.0,200.9,269.7,99.588,99.394,0.342,67,98.986,98.844,98.825,98.387,97.597,72.36,61.39,478.53,152.2,4.73043,99.197,13.98
2026-06-10T13:19:00,PCI_8,gNB-3,99.982,722,1,99.861,182.4,221.9,99.633,99.282,0.18,61,97.786,99.027,99.165,98.126,98.232,72.94,64.76,443.42,153.22,4.47481,99.163,14.76
2026-06-10T13:19:00,PCI_9,gNB-3,99.986,741,1,99.865,183.8,222.9,99.715,99.499,0.105,63,98.629,98.897,99.076,98.575,98.161,77.87,57.56,477.29,163.36,4.80492,99.348,14.45
2026-06-10T13:19:00,PCI_10,gNB-3,99.995,731,1,99.863,203.6,278.5,99.271,99.404,0.281,69,98.032,99.098,98.799,98.23,97.943,77.78,55.73,483.24,150.83,4.75553,99.313,15.8
2026-06-10T13:20:00,PCI_1,gNB-1,99.962,726,1,99.862,199.8,235.5,99.806,99.201,0.109,71,98.863,99.561,98.246,98.146,97.993,76.06,56.86,439.85,158.59,4.48835,99.361,16.01
2026-06-10T13:20:00,PCI_2,gNB-1,100.0,685,0,100.0,206.4,281.2,99.787,99.776,0.1,68,98.261,99.34,98.528,98.152,97.449,70.29,54.52,477.39,151.78,4.71875,99.074,14.78
2026-06-10T13:20:00,PCI_3,gNB-1,99.966,684,0,100.0,202.9,242.3,99.562,99.4,0.176,68,98.768,98.836,98.713,98.399,97.655,74.32,69.19,444.63,151.57,4.47144,99.049,12.22
2026-06-10T13:20:00,PCI_4,gNB-1,99.944,727,0,100.0,203.1,274.4,99.66,99.511,0.218,70,98.136,98.598,98.701,98.469,97.5,67.7,66.57,512.62,160.02,5.04475,99.22,14.55
2026-06-10T13:20:00,PCI_5,gNB-2,99.98,715,66,90.769,196.2,258.9,94.155,92.799,4.672,75,83.125,85.768,86.514,98.163,97.784,100.0,83.05,146.81,58.04,1.53634,98.7,29.93
2026-06-10T13:20:00,PCI_6,gNB-2,99.952,746,0,100.0,193.2,246.1,99.577,99.659,0.219,67,98.118,99.08,98.755,98.529,98.75,77.38,63.81,480.29,165.11,4.84049,99.167,14.7
2026-06-10T13:20:00,PCI_7,gNB-2,99.966,734,2,99.728,215.9,254.1,99.666,99.764,0.088,75,98.152,99.062,99.007,98.377,98.269,78.62,65.62,485.33,162.4,4.85793,99.516,14.23
2026-06-10T13:20:00,PCI_8,gNB-3,99.98,690,0,100.0,208.7,270.2,99.415,99.259,0.104,70,98.131,98.663,98.39,98.381,97.922,72.84,58.49,465.7,163.28,4.71731,99.209,14.15
2026-06-10T13:20:00,PCI_9,gNB-3,99.933,701,1,99.857,196.5,239.9,99.784,99.373,0.136,67,98.36,99.213,98.243,98.138,98.792,70.39,65.31,452.91,150.42,4.525,99.864,11.79
2026-06-10T13:20:00,PCI_10,gNB-3,99.998,751,1,99.867,212.5,254.1,100.0,99.376,0.209,75,98.746,99.231,98.547,97.945,98.121,79.85,65.98,492.29,169.85,4.96606,99.157,13.95
2026-06-10T13:21:00,PCI_1,gNB-1,100.0,696,1,99.856,186.8,240.1,99.577,98.628,0.08,62,98.818,98.96,99.226,98.626,98.023,73.55,58.13,459.59,152.64,4.5917,99.086,14.94
2026-06-10T13:21:00,PCI_2,gNB-1,99.959,743,2,99.731,207.3,259.2,99.41,98.822,0.043,74,98.932,99.691,99.263,98.016,97.787,81.58,59.17,420.65,151.22,4.28904,99.487,12.95
2026-06-10T13:21:00,PCI_3,gNB-1,100.0,726,0,100.0,190.3,241.7,100.0,99.361,0.17,65,98.58,99.026,98.373,98.741,97.855,76.59,56.64,508.61,155.43,4.98028,99.249,13.35
2026-06-10T13:21:00,PCI_4,gNB-1,99.965,733,1,99.864,179.7,222.9,99.49,99.218,0.271,71,98.849,99.235,98.861,98.332,98.314,77.08,58.82,483.44,161.22,4.83489,99.151,13.67
2026-06-10T13:21:00,PCI_5,gNB-2,99.937,714,94,86.835,213.8,255.6,92.987,89.304,3.235,72,81.004,85.736,83.32,98.772,98.166,98.55,76.78,138.24,61.46,1.49773,99.153,31.66
2026-06-10T13:21:00,PCI_6,gNB-2,99.947,732,2,99.727,199.1,275.5,99.644,99.454,0.292,72,98.316,99.149,98.458,97.754,97.886,71.07,56.43,450.66,159.13,4.57347,99.007,13.36
2026-06-10T13:21:00,PCI_7,gNB-2,99.965,715,1,99.86,197.9,253.1,99.677,99.295,0.252,67,98.478,98.718,98.355,97.767,97.606,68.72,55.66,492.76,163.34,4.92073,99.118,16.19
2026-06-10T13:21:00,PCI_8,gNB-3,99.913,714,1,99.86,194.4,253.7,99.823,99.298,0.129,69,99.406,98.88,98.822,98.181,97.812,73.07,62.45,491.72,162.3,4.9052,99.593,14.37
2026-06-10T13:21:00,PCI_9,gNB-3,100.0,726,2,99.725,194.7,247.5,99.802,99.943,0.069,70,98.697,98.723,98.72,97.894,98.245,75.14,61.05,495.19,152.01,4.85394,99.222,14.16
2026-06-10T13:21:00,PCI_10,gNB-3,99.983,688,1,99.855,189.2,264.5,99.695,99.506,0.097,67,98.215,98.976,98.219,98.221,98.29,78.08,59.4,485.11,155.23,4.80255,99.181,15.33
2026-06-10T13:22:00,PCI_1,gNB-1,99.989,694,0,100.0,205.1,246.6,99.737,99.274,0.117,70,98.027,98.616,98.873,98.13,97.61,78.17,58.37,455.0,150.42,4.54065,99.428,12.75
2026-06-10T13:22:00,PCI_2,gNB-1,99.986,716,1,99.86,194.9,265.9,99.723,99.393,0.104,64,98.146,98.954,98.853,98.037,97.963,70.28,69.04,461.38,151.27,4.59487,98.797,16.05
2026-06-10T13:22:00,PCI_3,gNB-1,99.981,732,0,100.0,193.4,248.7,99.549,99.288,0.165,68,98.931,99.184,98.887,98.852,97.836,69.15,58.92,434.57,155.83,4.42804,98.891,16.37
2026-06-10T13:22:00,PCI_4,gNB-1,99.96,720,0,100.0,205.1,242.5,99.741,99.38,0.24,68,98.169,98.838,99.033,98.694,98.087,71.91,55.78,457.46,179.32,4.77586,99.296,13.79
2026-06-10T13:22:00,PCI_5,gNB-2,100.0,736,92,87.5,197.3,245.1,93.328,93.002,3.855,68,83.251,85.728,83.51,98.611,97.634,100.0,74.49,99.46,56.11,1.16671,99.284,30.37
2026-06-10T13:22:00,PCI_6,gNB-2,99.931,717,1,99.861,190.5,265.9,99.691,99.161,0.093,65,98.785,98.724,98.434,98.277,97.918,77.84,65.27,484.11,158.96,4.82302,98.738,15.2
2026-06-10T13:22:00,PCI_7,gNB-2,99.963,701,0,100.0,196.7,244.2,99.474,99.37,0.159,70,98.035,99.121,98.793,98.418,98.14,69.39,59.73,490.5,148.3,4.79103,99.36,13.6
2026-06-10T13:22:00,PCI_8,gNB-3,99.975,705,1,99.858,206.1,251.5,99.595,99.15,0.136,68,98.557,98.919,98.993,97.947,98.365,73.63,59.38,426.0,156.59,4.3694,99.248,11.51
2026-06-10T13:22:00,PCI_9,gNB-3,99.945,719,1,99.861,211.6,278.0,99.512,99.453,0.132,75,98.365,98.787,98.314,98.706,98.079,80.14,60.28,424.2,149.52,4.30292,99.394,13.81
2026-06-10T13:22:00,PCI_10,gNB-3,99.938,709,0,100.0,195.9,228.5,99.621,99.197,0.226,68,98.504,98.865,98.901,98.481,97.444,74.98,59.86,484.47,169.91,4.90781,99.117,12.67
2026-06-10T13:23:00,PCI_1,gNB-1,100.0,721,1,99.861,191.9,237.3,99.482,99.129,0.185,73,98.922,99.383,98.326,98.172,97.684,69.98,59.96,452.88,161.69,4.60929,99.236,15.32
2026-06-10T13:23:00,PCI_2,gNB-1,100.0,732,1,99.863,188.9,240.3,99.583,99.388,0.112,70,98.97,99.079,99.158,98.21,98.207,71.7,63.95,489.32,154.74,4.8304,99.555,15.9
2026-06-10T13:23:00,PCI_3,gNB-1,99.916,695,0,100.0,200.5,267.5,99.566,99.811,0.189,68,98.528,98.826,99.485,98.826,97.989,68.94,57.79,478.6,158.43,4.77765,99.393,11.51
2026-06-10T13:23:00,PCI_4,gNB-1,99.986,719,0,100.0,211.8,245.0,99.441,99.354,0.078,73,98.877,98.93,98.322,98.11,98.236,72.62,61.92,487.94,154.92,4.82144,99.384,15.69
2026-06-10T13:23:00,PCI_5,gNB-2,100.0,725,77,89.379,207.5,268.4,92.387,93.16,3.822,76,81.34,88.777,82.871,98.172,98.077,100.0,84.83,106.83,59.26,1.24567,99.212,32.94
2026-06-10T13:23:00,PCI_6,gNB-2,99.948,721,1,99.861,199.1,241.3,99.549,99.634,0.227,73,98.386,99.118,99.043,98.032,97.821,71.77,65.91,471.97,159.88,4.73887,98.666,15.67
2026-06-10T13:23:00,PCI_7,gNB-2,99.973,716,1,99.86,200.1,242.5,99.625,99.143,0.166,74,98.71,99.17,98.461,98.312,98.221,75.0,65.87,520.52,158.36,5.09155,98.713,10.05
2026-06-10T13:23:00,PCI_8,gNB-3,100.0,709,1,99.859,199.5,229.8,99.653,99.314,0.209,74,98.079,98.917,98.804,98.005,97.904,73.95,61.07,517.89,163.27,5.10867,99.094,15.4
2026-06-10T13:23:00,PCI_9,gNB-3,99.913,734,0,100.0,193.4,222.8,99.517,99.357,0.0,68,98.178,98.757,98.593,98.179,97.94,77.45,60.98,543.05,153.49,5.22409,99.329,14.5
2026-06-10T13:23:00,PCI_10,gNB-3,99.945,732,1,99.863,193.2,242.4,99.592,99.678,0.101,67,98.211,99.036,98.437,97.583,97.613,66.99,62.24,467.55,156.83,4.68292,99.174,14.02
2026-06-10T13:24:00,PCI_1,gNB-1,99.978,718,1,99.861,192.7,231.1,99.797,99.466,0.257,69,98.39,99.403,99.154,97.688,98.177,76.6,60.93,491.21,158.22,4.87072,99.098,14.89
2026-06-10T13:24:00,PCI_2,gNB-1,99.977,687,1,99.854,186.0,241.5,99.475,99.366,0.088,62,99.189,99.03,98.804,98.684,98.288,70.12,56.27,427.2,151.94,4.34355,99.114,15.73
2026-06-10T13:24:00,PCI_3,gNB-1,99.982,725,1,99.862,199.5,259.6,99.524,99.449,0.199,67,98.545,99.421,98.636,98.671,97.922,75.69,62.15,461.08,158.8,4.64912,99.288,14.01
2026-06-10T13:24:00,PCI_4,gNB-1,99.964,713,1,99.86,194.0,257.5,99.75,99.653,0.143,69,98.724,99.18,98.445,98.352,98.112,70.35,66.67,486.34,170.99,4.92999,99.401,15.0
2026-06-10T13:24:00,PCI_5,gNB-2,99.99,703,93,86.771,208.8,287.2,90.919,91.733,3.733,76,82.971,84.621,87.073,98.136,98.422,99.19,82.2,107.58,52.16,1.19805,99.324,36.47
2026-06-10T13:24:00,PCI_6,gNB-2,99.94,702,1,99.858,197.3,245.0,99.526,99.475,0.196,72,98.61,98.952,98.916,98.272,98.288,76.17,62.72,452.66,164.41,4.62803,99.376,13.73
2026-06-10T13:24:00,PCI_7,gNB-2,100.0,692,1,99.855,203.3,234.4,99.634,99.568,0.141,68,98.747,98.487,98.253,98.61,97.609,70.8,58.49,450.43,159.66,4.57563,99.163,9.08
2026-06-10T13:24:00,PCI_8,gNB-3,99.974,721,0,100.0,187.6,219.1,99.573,99.746,0.311,70,99.111,98.894,97.849,98.283,98.488,77.17,54.11,494.4,160.47,4.91159,99.284,13.45
2026-06-10T13:24:00,PCI_9,gNB-3,99.987,698,1,99.857,208.3,264.3,99.462,99.257,0.185,73,99.118,98.972,98.23,98.002,98.537,75.12,60.14,446.47,155.61,4.51562,99.336,13.73
2026-06-10T13:24:00,PCI_10,gNB-3,99.954,703,0,100.0,209.6,265.2,99.584,99.343,0.091,74,98.221,99.268,98.948,98.537,98.734,82.67,64.63,468.99,152.31,4.65974,99.378,13.5
2026-06-10T13:25:00,PCI_1,gNB-1,100.0,706,1,99.858,211.3,271.1,99.689,99.584,0.275,69,98.545,98.846,98.789,98.061,97.633,82.95,60.68,457.19,171.32,4.71382,99.252,11.29
2026-06-10T13:25:00,PCI_2,gNB-1,99.963,710,1,99.859,201.9,250.4,99.868,99.424,0.021,67,98.525,99.011,98.937,98.618,98.33,72.9,58.39,440.6,142.94,4.37652,98.836,13.74
2026-06-10T13:25:00,PCI_3,gNB-1,99.97,750,1,99.867,200.2,276.1,99.523,99.371,0.099,67,98.663,99.419,98.536,98.466,97.74,68.55,59.05,394.6,146.21,4.05609,99.439,16.19
2026-06-10T13:25:00,PCI_4,gNB-1,99.947,704,1,99.858,204.2,244.2,99.6,99.303,0.205,73,98.39,99.307,98.711,98.377,97.378,74.27,56.6,460.87,157.13,4.63502,99.265,12.66
2026-06-10T13:25:00,PCI_5,gNB-2,100.0,723,70,90.318,208.3,242.3,92.348,90.752,3.931,70,86.118,83.986,83.965,98.339,97.761,99.29,89.45,136.84,52.96,1.42345,98.905,32.39
2026-06-10T13:25:00,PCI_6,gNB-2,99.985,697,1,99.857,203.1,280.6,99.571,99.546,0.113,67,98.481,98.968,98.657,98.153,97.687,73.76,59.42,467.1,175.97,4.82296,99.147,13.85
2026-06-10T13:25:00,PCI_7,gNB-2,99.965,708,2,99.718,189.5,227.7,99.622,99.494,0.197,69,98.618,99.286,98.92,98.511,98.091,80.26,69.14,423.84,160.63,4.38348,99.335,13.12
2026-06-10T13:25:00,PCI_8,gNB-3,99.984,705,1,99.858,194.4,251.4,99.534,99.188,0.195,65,98.617,99.457,98.39,98.602,98.411,69.43,66.27,529.54,163.94,5.2011,99.251,15.6
2026-06-10T13:25:00,PCI_9,gNB-3,99.998,726,0,100.0,198.8,237.3,99.835,99.31,0.193,72,98.224,99.103,98.848,98.388,98.506,75.83,57.99,484.52,171.79,4.92229,99.109,12.56
2026-06-10T13:25:00,PCI_10,gNB-3,99.99,725,1,99.862,187.3,244.0,99.568,99.532,0.26,71,98.932,99.028,99.209,98.595,97.66,81.39,57.5,449.65,151.67,4.50987,98.97,14.26
2026-06-10T13:26:00,PCI_1,gNB-1,99.936,703,1,99.858,209.4,251.8,99.674,99.19,0.231,74,98.611,98.71,99.144,98.481,98.998,73.68,57.67,472.98,161.63,4.75957,99.344,13.02
2026-06-10T13:26:00,PCI_2,gNB-1,100.0,714,1,99.86,203.8,243.7,100.0,99.609,0.179,73,98.771,99.061,98.189,98.189,97.954,74.29,57.06,424.46,160.07,4.38402,99.609,13.95
2026-06-10T13:26:00,PCI_3,gNB-1,99.979,702,1,99.858,193.2,238.1,99.692,99.329,0.154,63,98.455,98.822,98.639,98.716,97.965,75.34,60.76,439.38,153.35,4.44545,99.434,14.96
2026-06-10T13:26:00,PCI_4,gNB-1,99.936,710,0,100.0,191.6,226.3,99.575,99.693,0.155,62,98.783,98.368,98.322,97.882,97.342,74.34,58.9,501.6,155.66,4.92949,99.143,13.55
2026-06-10T13:26:00,PCI_5,gNB-2,99.976,702,85,87.892,187.4,240.0,92.266,90.823,3.394,64,80.811,86.835,88.92,98.084,97.316,94.8,69.03,106.91,42.63,1.12148,99.192,28.55
2026-06-10T13:26:00,PCI_6,gNB-2,99.981,748,1,99.866,204.0,235.0,99.956,99.517,0.092,68,98.201,99.303,98.909,98.252,98.329,73.48,58.62,457.81,146.09,4.5293,99.133,13.68
2026-06-10T13:26:00,PCI_7,gNB-2,99.975,704,1,99.858,208.8,281.9,99.548,99.274,0.193,74,98.437,98.728,98.657,98.853,97.791,73.03,63.47,486.51,156.1,4.8196,99.055,15.86
2026-06-10T13:26:00,PCI_8,gNB-3,99.931,709,0,100.0,190.4,224.9,99.686,99.686,0.145,63,98.848,99.034,98.98,98.227,98.233,76.91,55.7,476.08,167.18,4.82447,99.03,13.08
2026-06-10T13:26:00,PCI_9,gNB-3,100.0,713,0,100.0,197.1,228.2,99.956,99.499,0.08,71,98.054,99.209,99.121,97.64,98.213,71.13,58.48,487.36,150.1,4.78096,99.735,12.93
2026-06-10T13:26:00,PCI_10,gNB-3,99.991,734,1,99.864,194.8,245.5,99.612,99.481,0.185,70,97.865,99.064,98.777,98.945,97.968,76.6,52.49,441.2,153.74,4.46203,99.236,11.72
2026-06-10T13:27:00,PCI_1,gNB-1,99.958,712,1,99.86,208.5,268.6,99.787,99.191,0.127,77,98.326,98.425,98.774,98.167,97.577,72.92,64.58,459.37,171.56,4.73193,99.247,15.04
2026-06-10T13:27:00,PCI_2,gNB-1,99.947,707,0,100.0,201.5,264.8,99.581,99.556,0.182,71,98.451,98.925,98.396,97.98,97.776,78.86,65.2,486.41,139.59,4.695,99.03,12.29
2026-06-10T13:27:00,PCI_3,gNB-1,99.968,726,1,99.862,192.7,264.0,99.418,99.534,0.156,71,98.431,98.946,98.887,98.239,97.681,74.84,50.15,460.1,143.75,4.52883,99.154,15.76
2026-06-10T13:27:00,PCI_4,gNB-1,99.958,722,1,99.861,207.8,251.6,99.613,99.53,0.146,74,98.333,99.535,99.412,98.62,98.246,72.94,55.14,474.52,147.35,4.66401,99.159,13.17
2026-06-10T13:27:00,PCI_5,gNB-2,99.988,694,88,87.32,189.8,248.8,93.676,89.511,4.205,69,86.151,83.427,86.636,98.342,98.522,92.27,80.97,120.41,52.59,1.29748,99.313,30.93
2026-06-10T13:27:00,PCI_6,gNB-2,99.993,716,1,99.86,202.7,273.6,99.432,99.549,0.2,73,98.609,99.053,98.162,98.844,97.757,76.61,59.47,456.59,146.24,4.52117,99.391,13.9
2026-06-10T13:27:00,PCI_7,gNB-2,99.988,710,1,99.859,199.9,276.7,99.663,99.483,0.257,64,98.542,99.286,98.548,97.987,97.896,74.07,60.87,481.2,162.66,4.82901,99.26,15.74
2026-06-10T13:27:00,PCI_8,gNB-3,99.928,717,0,100.0,191.0,237.1,99.498,99.358,0.114,67,99.165,99.018,98.849,98.469,97.908,75.29,58.89,418.5,173.0,4.4363,99.283,15.29
2026-06-10T13:27:00,PCI_9,gNB-3,99.938,747,1,99.866,190.7,247.8,99.547,99.438,0.167,68,98.295,99.012,98.815,98.781,97.874,73.43,56.14,458.21,163.61,4.66367,99.579,12.39
2026-06-10T13:27:00,PCI_10,gNB-3,99.928,721,1,99.861,205.1,262.4,99.623,99.451,0.157,74,98.531,99.38,98.884,98.224,97.708,79.99,58.47,467.48,155.53,4.67255,99.639,14.76
2026-06-10T13:28:00,PCI_1,gNB-1,99.951,708,1,99.859,197.4,264.4,99.682,99.289,0.098,67,98.553,98.556,99.071,98.398,97.432,71.15,64.82,516.67,157.06,5.05301,99.24,14.78
2026-06-10T13:28:00,PCI_2,gNB-1,99.931,717,1,99.861,192.8,238.5,99.58,99.778,0.084,62,98.164,99.484,98.449,98.885,97.475,81.59,58.89,454.01,175.8,4.7236,99.245,12.38
2026-06-10T13:28:00,PCI_3,gNB-1,99.9,705,1,99.858,188.2,258.8,99.588,99.138,0.34,65,97.468,99.241,98.853,98.548,98.301,71.99,58.99,471.16,162.54,4.75277,99.058,14.24
2026-06-10T13:28:00,PCI_4,gNB-1,99.962,716,0,100.0,203.6,264.9,99.492,99.474,0.245,70,98.482,99.011,99.199,98.292,97.72,82.14,54.53,400.46,153.72,4.15641,99.266,12.66
2026-06-10T13:28:00,PCI_5,gNB-2,99.994,725,106,85.379,220.1,290.1,93.176,91.888,3.806,75,81.268,84.827,82.912,97.273,97.928,100.0,77.29,143.49,56.58,1.50054,99.661,31.75
2026-06-10T13:28:00,PCI_6,gNB-2,100.0,706,0,100.0,209.6,267.4,99.812,99.18,0.18,70,98.433,98.833,99.205,98.393,97.623,71.48,58.15,477.61,170.51,4.86087,99.35,13.32
2026-06-10T13:28:00,PCI_7,gNB-2,99.967,713,0,100.0,202.7,267.4,99.482,99.38,0.176,73,98.835,99.325,98.851,98.772,97.566,78.88,65.02,488.37,169.47,4.93383,99.071,15.4
2026-06-10T13:28:00,PCI_8,gNB-3,99.985,690,1,99.855,203.8,265.7,99.729,99.588,0.123,68,98.507,98.889,98.588,98.155,97.668,69.25,59.36,494.7,156.72,4.88565,99.242,16.87
2026-06-10T13:28:00,PCI_9,gNB-3,99.958,724,0,100.0,189.2,223.5,99.554,99.513,0.119,72,98.442,98.973,98.73,98.472,97.49,73.32,61.09,464.86,163.32,4.7113,99.32,15.32
2026-06-10T13:28:00,PCI_10,gNB-3,99.934,723,1,99.862,190.7,231.1,99.856,99.3,0.055,66,98.527,98.979,98.621,98.528,99.033,78.49,64.49,437.19,169.6,4.55091,99.666,13.41
2026-06-10T13:29:00,PCI_1,gNB-1,100.0,720,0,100.0,189.1,253.2,99.737,99.421,0.149,66,98.182,99.461,99.135,98.68,97.792,80.14,56.2,477.08,154.55,4.73724,99.091,14.32
2026-06-10T13:29:00,PCI_2,gNB-1,99.908,712,1,99.86,199.8,265.2,99.616,99.394,0.152,74,99.004,98.845,98.73,97.972,97.563,69.47,66.18,435.95,164.03,4.49985,98.959,14.21
2026-06-10T13:29:00,PCI_3,gNB-1,99.975,740,1,99.865,196.7,257.3,99.491,99.302,0.229,67,98.183,99.028,98.93,97.943,97.97,67.67,63.16,472.59,147.57,4.65125,99.486,12.45
2026-06-10T13:29:00,PCI_4,gNB-1,99.974,709,0,100.0,182.0,219.6,99.725,99.512,0.187,64,98.813,99.008,98.474,98.526,98.381,72.45,66.22,407.81,158.79,4.24949,99.124,15.24
2026-06-10T13:29:00,PCI_5,gNB-2,100.0,725,68,90.621,200.9,256.2,94.349,89.87,3.303,74,84.531,86.823,84.677,98.37,97.925,99.7,80.71,139.08,41.2,1.3521,99.211,35.97
2026-06-10T13:29:00,PCI_6,gNB-2,99.962,715,1,99.86,197.4,269.8,99.568,99.164,0.316,67,99.014,98.852,99.109,98.529,98.054,73.05,59.2,452.97,156.13,4.56824,99.121,12.04
2026-06-10T13:29:00,PCI_7,gNB-2,99.987,694,0,100.0,197.5,256.7,99.487,99.426,0.268,67,98.217,98.809,99.294,98.711,98.541,71.38,62.82,498.83,153.41,4.89175,99.039,12.43
2026-06-10T13:29:00,PCI_8,gNB-3,99.969,695,1,99.856,209.4,270.4,99.476,99.345,0.146,69,98.106,99.125,98.335,98.545,98.025,75.77,64.34,469.46,144.73,4.60639,98.661,14.49
2026-06-10T13:29:00,PCI_9,gNB-3,99.969,715,0,100.0,193.2,265.7,99.533,99.137,0.12,70,98.32,98.834,99.372,98.975,97.811,77.1,68.62,460.7,154.66,4.61518,99.329,15.09
2026-06-10T13:29:00,PCI_10,gNB-3,100.0,692,0,100.0,201.4,278.8,99.836,99.188,0.104,74,97.94,98.808,98.76,98.549,98.189,76.22,58.16,487.91,164.57,4.89362,99.354,13.33
2026-06-10T13:30:00,PCI_1,gNB-1,99.991,713,0,100.0,195.4,251.0,99.511,99.297,0.083,65,98.316,98.629,98.603,97.84,97.917,75.16,58.73,500.23,158.7,4.94192,99.221,13.34
2026-06-10T13:30:00,PCI_2,gNB-1,99.99,701,1,99.857,207.0,254.1,99.459,99.75,0.204,69,98.363,98.832,99.011,97.903,98.149,75.6,57.43,435.85,176.41,4.59191,99.232,15.94
2026-06-10T13:30:00,PCI_3,gNB-1,99.91,722,0,100.0,180.8,221.4,99.784,99.806,0.097,65,98.208,99.628,98.005,98.497,98.442,70.52,62.16,503.08,156.88,4.94969,99.645,13.47
2026-06-10T13:30:00,PCI_4,gNB-1,99.968,716,0,100.0,194.5,228.9,99.319,99.254,0.08,66,98.174,98.954,98.678,98.482,97.907,80.62,59.93,523.92,160.23,5.13106,99.156,13.21
2026-06-10T13:30:00,PCI_5,gNB-2,99.941,733,1,99.864,189.5,255.4,99.461,99.547,0.074,62,98.769,98.599,98.307,98.375,97.991,76.18,57.54,507.12,152.74,4.94892,98.746,13.55
2026-06-10T13:30:00,PCI_6,gNB-2,100.0,712,0,100.0,192.9,232.2,99.519,99.91,0.0,66,99.078,98.7,98.284,98.384,98.337,75.47,54.24,510.63,160.79,5.03567,99.47,13.76
2026-06-10T13:30:00,PCI_7,gNB-2,99.987,714,1,99.86,204.2,255.7,99.465,99.218,0.191,71,97.957,98.681,98.78,98.195,98.37,75.2,55.82,498.94,168.25,5.00392,99.269,12.97
2026-06-10T13:30:00,PCI_8,gNB-3,99.939,712,1,99.86,171.3,231.1,99.642,99.379,0.074,62,98.528,98.857,99.319,98.648,97.898,75.27,54.51,420.67,154.55,4.31411,99.298,17.05
2026-06-10T13:30:00,PCI_9,gNB-3,99.98,694,0,100.0,204.4,260.7,99.327,99.47,0.188,67,98.459,99.17,98.976,98.631,98.69,69.61,61.81,483.82,166.76,4.87935,99.405,13.58
2026-06-10T13:30:00,PCI_10,gNB-3,99.962,731,1,99.863,189.5,254.4,99.793,99.397,0.106,63,98.953,98.817,98.572,98.355,97.965,72.54,62.06,486.32,153.98,4.80228,99.337,10.86
2026-06-10T13:31:00,PCI_1,gNB-1,99.958,739,1,99.865,198.6,269.0,99.863,99.754,0.29,73,98.422,99.196,98.79,98.089,97.933,71.72,62.15,483.8,152.95,4.77562,99.047,12.3
2026-06-10T13:31:00,PCI_2,gNB-1,99.968,708,1,99.859,208.3,276.3,99.739,99.396,0.121,77,98.777,98.938,98.399,98.529,97.869,77.46,60.61,434.13,159.28,4.4506,99.262,11.99
2026-06-10T13:31:00,PCI_3,gNB-1,99.945,740,0,100.0,190.7,232.7,99.771,99.353,0.114,66,98.01,98.739,99.317,98.222,98.001,75.8,57.78,460.69,170.48,4.73377,99.08,15.99
2026-06-10T13:31:00,PCI_4,gNB-1,99.978,727,1,99.862,199.3,260.4,99.624,99.493,0.126,68,98.583,98.986,98.995,98.899,98.227,71.09,56.85,471.23,167.94,4.79385,99.366,13.94
2026-06-10T13:31:00,PCI_5,gNB-2,99.959,733,1,99.864,204.2,251.8,99.323,99.324,0.124,69,98.729,98.57,98.679,97.8,97.378,76.72,67.51,447.38,162.94,4.5774,99.156,14.49
2026-06-10T13:31:00,PCI_6,gNB-2,100.0,722,1,99.861,198.2,230.3,99.347,99.392,0.105,72,98.554,99.442,98.411,98.624,98.138,70.84,52.85,447.43,133.37,4.35601,99.258,12.21
2026-06-10T13:31:00,PCI_7,gNB-2,99.994,720,0,100.0,201.5,275.9,99.762,99.615,0.111,67,98.197,98.79,98.738,98.008,98.217,75.53,56.82,440.39,151.63,4.44015,99.327,13.67
2026-06-10T13:31:00,PCI_8,gNB-3,99.947,726,1,99.862,195.5,246.3,99.604,99.49,0.047,70,98.64,99.105,99.083,98.059,98.003,74.6,56.13,464.92,172.71,4.78222,99.343,12.01
2026-06-10T13:31:00,PCI_9,gNB-3,99.951,692,1,99.855,202.0,262.6,99.641,99.262,0.101,66,98.886,99.337,99.095,98.846,97.973,74.29,60.57,464.34,165.72,4.72545,99.299,15.65
2026-06-10T13:31:00,PCI_10,gNB-3,99.947,723,0,100.0,197.2,266.9,99.688,99.539,0.175,67,98.056,99.122,98.81,98.336,97.364,70.07,60.14,480.58,163.11,4.8277,99.453,15.69
2026-06-10T13:32:00,PCI_1,gNB-1,99.898,711,1,99.859,182.6,219.1,99.627,99.535,0.136,58,98.179,98.754,99.083,98.839,98.298,67.51,58.13,483.56,160.76,4.83235,99.004,13.45
2026-06-10T13:32:00,PCI_2,gNB-1,99.941,722,1,99.861,186.3,248.3,99.922,99.173,0.187,63,98.862,99.047,98.645,98.202,97.921,76.0,53.7,478.7,152.84,4.73656,99.089,14.31
2026-06-10T13:32:00,PCI_3,gNB-1,99.988,693,1,99.856,197.2,270.2,99.361,99.304,0.06,63,98.987,99.115,99.239,98.724,97.492,71.89,62.48,483.75,159.28,4.82275,98.976,16.09
2026-06-10T13:32:00,PCI_4,gNB-1,99.978,727,1,99.862,195.7,232.7,99.79,99.689,0.13,70,98.448,99.214,98.618,98.227,97.638,75.74,63.79,468.59,155.69,4.68212,99.348,14.56
2026-06-10T13:32:00,PCI_5,gNB-2,99.946,682,0,100.0,200.4,233.5,99.707,99.103,0.125,71,98.478,99.242,98.99,98.31,98.731,70.65,60.42,443.17,156.77,4.49953,99.408,13.59
2026-06-10T13:32:00,PCI_6,gNB-2,99.947,724,1,99.862,204.0,275.4,99.795,99.37,0.053,72,98.396,99.376,98.427,98.302,97.433,78.48,60.14,460.89,161.22,4.66584,99.125,12.79
2026-06-10T13:32:00,PCI_7,gNB-2,99.966,722,0,100.0,197.8,234.1,99.517,99.33,0.101,72,98.555,99.202,98.718,97.9,97.775,69.58,60.3,471.03,149.04,4.65054,98.745,14.67
2026-06-10T13:32:00,PCI_8,gNB-3,99.944,733,1,99.864,191.8,228.0,99.926,99.406,0.278,62,98.388,99.18,98.924,98.593,97.79,80.25,60.06,448.19,155.29,4.52606,99.222,14.07
2026-06-10T13:32:00,PCI_9,gNB-3,99.975,739,1,99.865,176.5,232.3,99.679,99.531,0.26,61,98.716,98.744,98.957,97.216,97.524,73.28,65.89,462.58,153.99,4.62426,99.253,12.69
2026-06-10T13:32:00,PCI_10,gNB-3,100.0,721,0,100.0,195.4,258.7,99.627,99.324,0.256,76,98.078,99.221,98.941,98.637,97.732,73.85,56.36,445.37,148.12,4.45117,99.233,12.3
2026-06-10T13:33:00,PCI_1,gNB-1,99.931,719,1,99.861,194.4,257.1,99.624,99.4,0.279,66,98.243,99.013,98.926,98.264,97.764,71.44,59.35,472.3,160.03,4.7425,98.927,14.54
2026-06-10T13:33:00,PCI_2,gNB-1,99.94,704,1,99.858,198.6,269.5,99.718,99.617,0.201,73,98.233,99.382,98.836,98.128,97.636,75.07,59.13,446.32,152.2,4.48894,99.222,15.89
2026-06-10T13:33:00,PCI_3,gNB-1,99.97,698,1,99.857,189.8,237.9,99.491,99.263,0.175,66,98.667,98.998,98.834,98.133,97.692,70.8,65.59,452.14,148.74,4.5066,99.636,12.94
2026-06-10T13:33:00,PCI_4,gNB-1,99.926,706,1,99.858,184.1,227.6,99.623,99.586,0.094,70,98.525,98.878,98.617,98.366,97.99,70.81,57.9,482.3,136.51,4.64104,99.247,13.22
2026-06-10T13:33:00,PCI_5,gNB-2,99.916,710,1,99.859,203.8,241.1,99.635,99.564,0.127,71,98.565,99.235,98.443,98.387,98.207,74.41,61.76,468.08,151.07,4.64359,99.114,13.16
2026-06-10T13:33:00,PCI_6,gNB-2,99.988,701,1,99.857,193.4,244.6,99.709,99.349,0.191,61,97.817,99.217,98.648,98.932,98.77,73.62,55.4,460.34,165.1,4.69082,99.683,16.52
2026-06-10T13:33:00,PCI_7,gNB-2,99.945,717,0,100.0,189.6,227.3,99.612,99.307,0.112,61,98.334,99.014,98.547,97.976,97.864,71.66,58.37,405.34,164.59,4.27445,99.183,13.18
2026-06-10T13:33:00,PCI_8,gNB-3,99.975,712,0,100.0,197.3,260.6,99.385,99.553,0.164,71,98.485,99.204,98.379,97.549,97.919,86.09,60.01,473.76,161.41,4.76376,99.336,13.02
2026-06-10T13:33:00,PCI_9,gNB-3,99.93,701,0,100.0,188.5,243.6,99.862,99.358,0.173,66,98.663,99.292,98.155,98.487,98.215,75.39,61.39,480.74,147.59,4.71249,99.068,14.64
2026-06-10T13:33:00,PCI_10,gNB-3,99.96,712,1,99.86,203.4,274.5,99.726,99.438,0.152,74,97.887,99.086,98.627,97.885,97.99,73.24,60.24,468.15,157.8,4.69463,98.893,17.09
2026-06-10T13:34:00,PCI_1,gNB-1,99.971,696,0,100.0,194.4,251.1,99.485,99.239,0.152,68,98.607,98.516,98.169,98.461,98.424,75.23,63.55,444.52,148.92,4.45082,99.529,14.68
2026-06-10T13:34:00,PCI_2,gNB-1,99.938,691,1,99.855,188.7,232.3,99.442,98.915,0.095,68,98.751,98.45,98.961,98.463,97.894,72.46,58.29,418.17,165.31,4.37605,99.409,15.36
2026-06-10T13:34:00,PCI_3,gNB-1,100.0,728,1,99.863,197.9,248.4,99.469,99.352,0.118,67,98.576,99.333,98.405,98.271,97.88,76.0,57.02,462.44,167.87,4.72732,99.379,13.68
2026-06-10T13:34:00,PCI_4,gNB-1,99.918,716,1,99.86,199.1,257.4,99.688,99.202,0.192,70,97.956,98.693,98.637,98.375,97.896,76.51,55.99,467.05,153.32,4.65278,99.14,10.92
2026-06-10T13:34:00,PCI_5,gNB-2,99.897,694,1,99.856,198.4,262.4,99.439,99.487,0.183,69,98.647,99.007,98.614,98.218,98.017,70.43,59.24,432.32,152.62,4.38705,99.222,14.89
2026-06-10T13:34:00,PCI_6,gNB-2,99.953,721,1,99.861,195.3,252.4,99.517,99.466,0.256,65,98.51,99.257,98.783,98.043,97.613,74.01,59.96,445.61,168.44,4.60533,99.59,15.45
2026-06-10T13:34:00,PCI_7,gNB-2,99.995,722,0,100.0,186.4,231.4,99.774,99.291,0.037,68,98.574,99.342,98.778,98.442,98.506,77.58,56.12,462.03,154.79,4.62617,98.747,9.23
2026-06-10T13:34:00,PCI_8,gNB-3,99.973,689,1,99.855,197.8,255.3,99.472,99.561,0.221,70,98.353,99.021,99.174,98.333,98.808,68.98,64.12,502.83,165.46,5.01211,99.472,13.97
2026-06-10T13:34:00,PCI_9,gNB-3,99.924,699,1,99.857,194.0,234.0,99.767,99.422,0.142,66,98.698,98.998,99.323,98.491,97.995,73.39,61.07,461.72,166.21,4.70945,99.544,12.21
2026-06-10T13:34:00,PCI_10,gNB-3,99.934,703,1,99.858,204.5,276.4,99.359,99.218,0.228,72,98.485,98.585,98.997,98.116,98.439,77.2,53.58,475.32,151.34,4.69993,99.285,13.25
2026-06-10T13:35:00,PCI_1,gNB-1,99.968,705,1,99.858,180.4,209.0,99.435,99.494,0.158,66,98.572,99.048,98.4,97.868,97.828,73.94,60.36,424.72,153.52,4.33677,99.204,14.16
2026-06-10T13:35:00,PCI_2,gNB-1,100.0,736,1,99.864,209.6,247.0,99.472,99.47,0.238,66,98.622,98.747,98.531,98.192,98.476,75.78,59.96,442.97,159.03,4.51502,99.226,13.65
2026-06-10T13:35:00,PCI_3,gNB-1,99.99,705,0,100.0,201.3,251.2,99.19,99.465,0.179,68,98.649,99.026,98.593,98.376,98.165,75.1,59.52,497.36,166.79,4.98115,99.458,13.82
2026-06-10T13:35:00,PCI_4,gNB-1,99.958,671,0,100.0,191.8,239.0,99.605,99.312,0.167,66,98.521,99.002,98.955,98.318,97.26,79.5,62.68,484.0,165.66,4.87242,99.02,12.08
2026-06-10T13:35:00,PCI_5,gNB-2,99.966,697,0,100.0,194.8,265.2,99.575,99.488,0.111,69,98.731,98.948,98.512,98.431,97.397,74.21,58.0,447.61,155.86,4.52603,99.717,14.45
2026-06-10T13:35:00,PCI_6,gNB-2,99.954,689,1,99.855,198.6,254.3,99.314,99.306,0.072,75,98.155,98.851,98.854,98.297,97.999,73.38,61.01,425.83,156.05,4.36417,99.233,14.08
2026-06-10T13:35:00,PCI_7,gNB-2,99.944,710,2,99.718,196.1,242.6,99.311,99.684,0.006,69,97.903,99.05,98.95,98.483,98.265,66.83,57.04,445.56,157.42,4.52233,98.783,13.56
2026-06-10T13:35:00,PCI_8,gNB-3,100.0,720,1,99.861,186.3,234.3,99.893,99.052,0.231,62,98.329,98.956,98.648,98.281,97.761,73.97,63.81,429.87,159.3,4.4188,99.179,13.94
2026-06-10T13:35:00,PCI_9,gNB-3,99.951,727,1,99.862,190.0,246.1,99.798,99.279,0.225,60,98.372,98.887,98.164,98.344,98.57,68.26,60.62,491.98,148.72,4.80524,99.375,14.32
2026-06-10T13:35:00,PCI_10,gNB-3,99.966,702,1,99.858,197.8,232.0,99.343,99.4,0.184,73,98.461,98.974,99.149,98.15,98.249,73.18,59.32,457.55,168.29,4.69381,99.243,15.45
2026-06-10T13:36:00,PCI_1,gNB-1,100.0,696,0,100.0,198.2,266.3,99.601,99.791,0.124,66,98.857,98.773,98.793,98.161,98.536,74.13,57.51,474.84,150.18,4.68768,99.192,14.43
2026-06-10T13:36:00,PCI_2,gNB-1,99.97,695,0,100.0,197.0,237.3,99.625,99.27,0.171,68,97.92,98.612,98.704,98.535,98.551,71.79,62.12,474.1,151.7,4.69354,99.566,12.27
2026-06-10T13:36:00,PCI_3,gNB-1,99.989,707,0,100.0,194.6,263.1,99.657,99.414,0.062,66,98.45,99.05,98.521,98.6,98.59,76.57,60.52,427.47,163.17,4.42983,99.202,13.54
2026-06-10T13:36:00,PCI_4,gNB-1,100.0,704,1,99.858,214.5,254.3,99.778,99.301,0.178,72,98.202,98.719,99.28,98.794,98.371,69.86,60.1,474.86,162.44,4.77974,98.984,15.09
2026-06-10T13:36:00,PCI_5,gNB-2,99.981,727,0,100.0,199.1,274.4,99.598,99.746,0.127,70,98.788,99.14,99.101,98.004,98.066,72.39,57.71,458.88,158.64,4.63136,99.368,12.97
2026-06-10T13:36:00,PCI_6,gNB-2,99.975,715,2,99.72,197.4,230.6,99.67,99.013,0.228,68,98.249,98.915,98.699,98.136,98.009,62.74,54.98,464.97,170.12,4.76311,99.631,13.45
2026-06-10T13:36:00,PCI_7,gNB-2,99.967,692,1,99.855,200.9,259.4,99.686,99.47,0.044,71,97.945,98.453,98.827,98.506,97.542,74.12,60.57,470.87,158.79,4.72247,99.56,14.55
2026-06-10T13:36:00,PCI_8,gNB-3,99.988,709,0,100.0,204.3,266.9,99.48,99.382,0.199,70,98.237,99.21,98.994,98.215,97.653,69.38,56.85,477.92,154.71,4.74477,99.024,14.97
2026-06-10T13:36:00,PCI_9,gNB-3,99.923,723,1,99.862,198.1,261.0,99.776,99.371,0.131,64,98.326,98.675,98.488,98.725,97.733,72.83,65.99,495.55,172.02,5.00676,98.766,16.23
2026-06-10T13:36:00,PCI_10,gNB-3,100.0,712,1,99.86,200.0,258.4,99.495,99.448,0.054,62,98.532,98.983,98.669,98.22,98.168,63.57,64.61,481.08,143.34,4.68315,99.485,13.94
2026-06-10T13:37:00,PCI_1,gNB-1,99.982,719,0,100.0,185.2,242.7,99.625,99.334,0.221,64,98.724,98.95,98.127,98.26,97.188,77.98,53.36,475.12,163.06,4.7863,99.224,12.07
2026-06-10T13:37:00,PCI_2,gNB-1,99.997,735,1,99.864,183.6,217.8,99.578,99.625,0.154,63,98.601,99.067,98.842,98.151,97.705,75.15,52.91,412.51,161.01,4.3014,98.865,10.92
2026-06-10T13:37:00,PCI_3,gNB-1,100.0,705,0,100.0,183.1,219.3,99.631,99.151,0.171,72,98.203,99.099,98.592,98.108,98.067,78.77,61.56,475.5,166.06,4.81171,99.224,13.53
2026-06-10T13:37:00,PCI_4,gNB-1,99.96,722,1,99.861,212.0,247.8,99.714,99.64,0.04,75,98.448,99.065,99.004,98.165,97.307,76.87,56.1,462.72,150.86,4.60186,99.07,10.45
2026-06-10T13:37:00,PCI_5,gNB-2,99.927,717,0,100.0,193.9,231.6,99.767,99.227,0.194,63,98.617,99.273,99.07,98.397,97.778,74.05,61.1,471.52,164.34,4.76897,99.198,15.5
2026-06-10T13:37:00,PCI_6,gNB-2,99.975,735,1,99.864,210.2,272.6,99.607,99.042,0.075,73,98.203,98.79,98.672,98.266,97.649,80.87,61.22,490.59,164.46,4.91289,99.474,14.07
2026-06-10T13:37:00,PCI_7,gNB-2,99.965,711,0,100.0,194.4,248.2,99.676,99.054,0.242,64,97.999,99.322,98.647,97.873,98.023,69.06,61.72,466.51,154.38,4.65668,99.018,15.94
2026-06-10T13:37:00,PCI_8,gNB-3,99.971,728,0,100.0,200.6,270.0,99.483,99.433,0.151,69,98.785,98.884,98.376,98.403,97.909,72.29,54.15,476.66,154.58,4.73432,99.322,13.73
2026-06-10T13:37:00,PCI_9,gNB-3,99.962,706,1,99.858,200.1,232.5,99.632,99.044,0.297,64,98.833,99.121,98.779,98.228,97.907,78.28,60.08,469.83,153.12,4.67214,99.143,13.08
2026-06-10T13:37:00,PCI_10,gNB-3,100.0,710,2,99.718,197.1,273.4,99.565,99.559,0.164,71,98.28,99.119,98.841,98.406,98.251,82.2,56.42,431.91,163.25,4.46372,98.967,12.82
2026-06-10T13:38:00,PCI_1,gNB-1,99.934,710,1,99.859,185.0,225.6,99.574,99.57,0.188,63,98.882,99.159,98.8,98.289,97.84,75.19,51.95,422.73,162.39,4.38842,99.739,13.47
2026-06-10T13:38:00,PCI_2,gNB-1,99.922,701,1,99.857,205.8,273.5,99.598,99.518,0.217,72,98.417,99.387,98.871,98.109,98.184,74.4,59.39,434.32,152.59,4.40185,99.163,13.69
2026-06-10T13:38:00,PCI_3,gNB-1,99.999,689,1,99.855,212.4,282.9,99.368,99.156,0.008,73,98.235,99.036,99.138,98.476,98.132,73.34,54.64,449.12,153.72,4.52136,99.138,16.29
2026-06-10T13:38:00,PCI_4,gNB-1,99.958,699,0,100.0,190.8,235.3,99.579,98.957,0.115,63,98.422,98.426,98.836,98.915,98.101,70.87,58.2,480.95,152.49,4.75078,98.996,12.94
2026-06-10T13:38:00,PCI_5,gNB-2,99.933,723,1,99.862,195.7,250.2,99.577,99.348,0.096,65,98.877,98.808,98.591,98.182,97.673,68.69,60.02,453.47,166.07,4.64658,99.422,10.76
2026-06-10T13:38:00,PCI_6,gNB-2,99.952,689,1,99.855,191.3,242.5,99.439,99.479,0.172,72,98.432,99.229,98.389,98.949,98.158,73.9,56.81,456.25,158.58,4.61119,99.11,13.37
2026-06-10T13:38:00,PCI_7,gNB-2,99.973,689,1,99.855,169.7,218.9,99.673,99.406,0.185,67,98.42,99.107,99.117,98.258,97.963,73.19,52.6,468.87,145.82,4.61016,99.131,15.03
2026-06-10T13:38:00,PCI_8,gNB-3,99.962,680,1,99.853,189.8,263.8,99.625,99.844,0.171,69,98.558,99.071,99.307,98.607,97.94,75.77,61.59,457.47,157.17,4.60981,99.706,15.65
2026-06-10T13:38:00,PCI_9,gNB-3,99.983,725,0,100.0,204.5,252.2,99.462,99.69,0.255,75,98.906,98.967,98.887,98.567,98.293,76.16,60.94,492.83,160.32,4.89864,98.801,15.33
2026-06-10T13:38:00,PCI_10,gNB-3,100.0,690,1,99.855,190.2,252.9,99.863,99.622,0.077,70,98.664,99.27,98.747,98.486,98.234,72.21,54.47,478.79,156.29,4.76309,99.078,13.47
2026-06-10T13:39:00,PCI_1,gNB-1,100.0,705,1,99.858,187.6,243.3,99.752,98.942,0.107,59,98.517,99.207,98.759,98.358,97.375,75.56,60.26,469.69,160.26,4.72467,99.413,12.36
2026-06-10T13:39:00,PCI_2,gNB-1,99.979,694,1,99.856,214.1,263.8,99.612,99.446,0.152,74,98.281,99.196,99.024,98.335,97.806,71.18,54.02,452.0,144.12,4.47089,98.674,13.3
2026-06-10T13:39:00,PCI_3,gNB-1,99.982,699,0,100.0,202.1,272.2,99.73,99.503,0.106,71,98.673,98.962,98.969,98.876,97.546,72.89,56.99,498.74,167.35,4.99571,99.223,14.56
2026-06-10T13:39:00,PCI_4,gNB-1,99.989,709,0,100.0,189.5,230.0,99.557,99.546,0.218,65,98.404,98.861,98.612,98.124,97.735,76.66,58.68,494.74,172.84,5.00683,99.216,14.61
2026-06-10T13:39:00,PCI_5,gNB-2,99.969,689,0,100.0,208.0,245.7,99.975,99.606,0.172,75,98.757,98.796,98.291,98.221,98.148,73.94,56.9,440.3,149.75,4.4254,99.156,11.72
2026-06-10T13:39:00,PCI_6,gNB-2,99.96,696,0,100.0,186.1,255.9,99.661,99.298,0.088,67,98.243,98.527,99.295,98.054,97.793,80.3,64.1,482.02,159.26,4.80963,99.337,15.38
2026-06-10T13:39:00,PCI_7,gNB-2,99.952,708,1,99.859,190.3,219.6,99.743,99.299,0.135,65,98.348,98.958,98.026,97.893,98.263,70.03,59.46,456.75,160.68,4.63068,99.396,13.28
2026-06-10T13:39:00,PCI_8,gNB-3,99.945,715,1,99.86,194.4,229.0,99.665,99.585,0.115,69,98.921,99.364,99.247,98.145,97.994,71.83,62.89,469.44,152.59,4.66527,99.135,14.2
2026-06-10T13:39:00,PCI_9,gNB-3,99.885,689,0,100.0,202.3,279.3,99.47,99.634,0.102,65,98.633,99.296,98.235,98.946,98.252,69.18,55.21,437.16,165.77,4.52197,98.783,11.85
2026-06-10T13:39:00,PCI_10,gNB-3,99.942,707,1,99.859,193.8,256.4,99.395,99.458,0.19,69,98.52,99.099,98.667,99.286,98.055,80.18,57.48,422.13,158.77,4.35673,99.335,13.6
2026-06-10T13:40:00,PCI_1,gNB-1,99.98,706,0,100.0,195.1,235.6,99.577,99.616,0.168,72,99.146,99.75,98.873,98.542,97.82,72.74,55.87,467.7,158.13,4.69368,99.379,15.21
2026-06-10T13:40:00,PCI_2,gNB-1,100.0,721,0,100.0,193.2,225.5,99.646,99.262,0.156,66,98.448,99.016,99.012,98.252,98.171,78.36,54.71,442.11,148.35,4.42845,99.227,12.35
2026-06-10T13:40:00,PCI_3,gNB-1,99.988,681,0,100.0,199.4,250.4,99.529,99.129,0.144,69,98.377,99.123,99.026,98.236,98.19,76.44,47.5,417.77,157.38,4.31361,99.578,12.72
2026-06-10T13:40:00,PCI_4,gNB-1,100.0,701,1,99.857,192.4,223.3,99.564,99.261,0.085,63,97.857,99.189,98.726,98.154,98.463,71.21,59.27,476.15,147.25,4.67551,99.135,14.47
2026-06-10T13:40:00,PCI_5,gNB-2,100.0,707,1,99.859,183.2,232.5,99.615,99.348,0.221,57,98.439,98.614,98.219,98.792,97.489,73.72,60.5,451.85,168.17,4.65018,98.637,10.93
2026-06-10T13:40:00,PCI_6,gNB-2,99.988,697,1,99.857,199.5,241.6,99.907,99.412,0.33,71,98.085,98.91,98.904,98.433,98.634,73.21,53.67,413.61,157.99,4.28697,99.136,15.88
2026-06-10T13:40:00,PCI_7,gNB-2,99.986,694,1,99.856,193.8,248.0,99.727,99.647,0.015,67,98.334,99.112,98.928,98.291,97.883,72.4,57.36,477.71,163.63,4.81006,99.133,14.05
2026-06-10T13:40:00,PCI_8,gNB-3,99.945,693,1,99.856,192.8,224.4,99.411,99.192,0.199,72,98.362,98.862,98.228,98.424,97.969,73.95,55.64,481.06,160.94,4.81501,99.747,13.75
2026-06-10T13:40:00,PCI_9,gNB-3,99.957,725,0,100.0,193.1,233.2,99.504,99.345,0.088,71,98.616,99.22,99.242,97.595,97.338,71.83,57.48,459.73,172.1,4.73868,99.307,13.92
2026-06-10T13:40:00,PCI_10,gNB-3,99.954,688,1,99.855,201.7,274.5,99.633,99.642,0.171,67,98.851,98.962,98.212,98.147,98.194,67.23,58.91,466.74,153.52,4.65202,99.415,14.62
2026-06-10T13:41:00,PCI_1,gNB-1,99.928,710,0,100.0,193.3,242.7,99.601,99.535,0.15,67,98.962,98.79,98.26,98.016,98.46,68.47,61.16,483.56,153.94,4.78123,99.114,13.79
2026-06-10T13:41:00,PCI_2,gNB-1,99.95,708,2,99.718,195.6,255.4,99.571,99.513,0.25,67,98.774,99.033,98.684,98.181,98.46,69.49,64.14,446.09,166.13,4.59167,99.381,13.85
2026-06-10T13:41:00,PCI_3,gNB-1,99.931,725,1,99.862,188.5,227.1,99.317,99.348,0.094,63,98.817,98.878,98.71,98.433,98.271,79.98,65.77,476.89,155.33,4.74161,98.862,12.88
2026-06-10T13:41:00,PCI_4,gNB-1,99.908,682,0,100.0,188.5,261.7,99.617,99.309,0.152,60,98.249,99.122,98.748,97.918,98.391,79.06,62.01,465.12,158.71,4.67872,99.174,15.22
2026-06-10T13:41:00,PCI_5,gNB-2,99.953,691,1,99.855,196.7,236.4,99.502,99.323,0.199,70,98.633,98.776,98.799,98.364,97.723,71.57,69.04,456.95,164.24,4.65892,99.294,12.1
2026-06-10T13:41:00,PCI_6,gNB-2,99.992,702,0,100.0,196.3,249.6,99.385,99.133,0.261,66,98.619,98.327,98.896,98.404,98.332,73.91,61.82,520.49,147.9,5.01295,99.168,13.11
2026-06-10T13:41:00,PCI_7,gNB-2,100.0,709,1,99.859,189.9,225.6,99.587,99.567,0.0,67,98.577,99.064,99.018,98.416,97.827,75.02,54.17,470.21,176.46,4.85002,99.137,14.1
2026-06-10T13:41:00,PCI_8,gNB-3,99.977,705,0,100.0,198.2,231.3,99.687,99.154,0.131,68,98.947,98.882,98.288,97.92,98.443,74.35,58.95,484.37,158.51,4.82164,99.033,12.9
2026-06-10T13:41:00,PCI_9,gNB-3,99.897,692,1,99.855,200.4,246.9,99.708,99.519,0.094,67,98.197,98.958,98.897,98.155,97.876,71.26,57.13,456.87,150.37,4.55426,99.091,13.82
2026-06-10T13:41:00,PCI_10,gNB-3,99.982,677,1,99.852,203.1,237.9,99.596,99.547,0.187,73,98.753,98.906,98.824,98.41,97.928,74.98,52.96,449.82,168.92,4.64051,99.587,13.09
2026-06-10T13:42:00,PCI_1,gNB-1,99.971,721,0,100.0,182.2,235.1,99.539,99.395,0.067,61,98.713,98.614,98.321,98.142,97.984,77.0,62.15,475.12,150.1,4.68911,98.999,13.08
2026-06-10T13:42:00,PCI_2,gNB-1,99.945,715,1,99.86,199.1,233.1,99.748,99.618,0.078,65,98.662,99.18,98.794,98.619,98.102,76.83,57.25,481.97,155.08,4.77791,99.257,16.14
2026-06-10T13:42:00,PCI_3,gNB-1,99.962,714,1,99.86,202.3,241.5,99.527,99.648,0.134,72,98.31,99.16,98.558,98.152,97.988,77.56,56.13,500.69,154.4,4.91318,99.454,12.47
2026-06-10T13:42:00,PCI_4,gNB-1,99.977,721,0,100.0,195.8,248.8,99.417,99.194,0.06,76,99.271,99.082,98.156,98.524,98.219,72.45,62.43,454.73,164.91,4.6473,98.914,13.94
2026-06-10T13:42:00,PCI_5,gNB-2,99.909,701,0,100.0,198.3,233.4,99.648,99.444,0.223,73,98.401,98.967,98.562,98.209,97.792,73.1,59.55,431.67,149.29,4.35717,98.996,13.84
2026-06-10T13:42:00,PCI_6,gNB-2,100.0,736,1,99.864,200.1,262.9,99.867,99.44,0.109,70,98.239,99.381,98.628,98.522,97.733,69.4,62.31,463.1,159.96,4.67292,99.09,16.33
2026-06-10T13:42:00,PCI_7,gNB-2,99.916,719,1,99.861,187.1,215.6,99.531,99.217,0.244,65,98.596,98.906,98.412,98.42,97.704,77.76,60.29,440.6,144.98,4.39186,99.203,12.02
2026-06-10T13:42:00,PCI_8,gNB-3,99.98,706,1,99.858,196.0,267.8,99.621,99.514,0.094,70,98.733,98.566,98.461,98.319,98.246,77.05,61.51,459.2,164.34,4.67652,98.969,14.48
2026-06-10T13:42:00,PCI_9,gNB-3,100.0,729,1,99.863,193.1,230.3,99.472,99.322,0.26,69,98.93,99.159,98.353,98.201,98.304,72.66,62.86,460.55,163.45,4.68,99.584,14.55
2026-06-10T13:42:00,PCI_10,gNB-3,99.965,724,2,99.724,183.4,256.6,99.505,99.641,0.124,68,98.173,98.817,98.184,98.303,98.135,79.89,69.37,422.16,160.46,4.36964,99.161,12.96
2026-06-10T13:43:00,PCI_1,gNB-1,99.974,707,0,100.0,193.8,250.6,99.475,99.434,0.14,73,98.36,98.592,98.897,98.768,98.326,70.75,58.76,474.88,155.47,4.72758,99.156,13.18
2026-06-10T13:43:00,PCI_2,gNB-1,99.908,704,1,99.858,179.9,219.8,99.727,99.514,0.111,61,98.708,99.118,98.275,98.184,98.329,75.09,59.97,443.71,157.38,4.50819,98.769,13.16
2026-06-10T13:43:00,PCI_3,gNB-1,99.963,693,1,99.856,213.9,277.4,99.618,99.413,0.105,78,98.617,98.771,98.852,98.273,98.114,77.57,57.03,476.66,150.45,4.70331,98.591,12.5
2026-06-10T13:43:00,PCI_4,gNB-1,100.0,726,1,99.862,205.2,249.9,99.548,99.457,0.192,69,98.192,99.187,98.813,98.879,97.845,73.72,58.31,456.8,158.64,4.6158,99.077,14.44
2026-06-10T13:43:00,PCI_5,gNB-2,99.996,737,0,100.0,195.1,255.7,99.604,99.179,0.173,72,98.499,99.016,98.421,98.079,97.889,72.29,51.0,446.75,150.0,4.47557,99.327,10.38
2026-06-10T13:43:00,PCI_6,gNB-2,99.988,707,0,100.0,194.4,231.3,99.55,99.209,0.092,66,98.555,98.973,98.868,98.501,98.065,71.03,62.27,435.59,165.08,4.50501,99.368,15.79
2026-06-10T13:43:00,PCI_7,gNB-2,99.992,713,1,99.86,177.1,239.0,99.672,99.216,0.225,59,98.438,99.068,98.298,98.361,98.488,68.87,51.33,416.92,152.02,4.26701,99.377,13.82
2026-06-10T13:43:00,PCI_8,gNB-3,99.998,708,2,99.718,179.8,251.4,99.746,99.587,0.172,63,98.499,98.636,98.991,98.34,98.072,70.15,60.3,524.6,165.54,5.17606,99.228,12.49
2026-06-10T13:43:00,PCI_9,gNB-3,99.92,708,1,99.859,194.7,244.3,99.321,99.379,0.147,69,98.716,98.531,98.882,98.546,98.114,76.26,63.86,443.52,152.87,4.47294,99.035,15.81
2026-06-10T13:43:00,PCI_10,gNB-3,99.962,697,0,100.0,186.5,227.6,99.591,99.04,0.253,65,98.421,98.93,98.154,98.386,98.407,81.31,58.2,424.04,145.72,4.27317,99.301,14.17
2026-06-10T13:44:00,PCI_1,gNB-1,99.993,725,1,99.862,194.0,259.9,99.585,99.61,0.191,67,98.469,99.081,98.239,97.792,98.058,75.07,51.08,471.74,146.8,4.63899,98.746,15.86
2026-06-10T13:44:00,PCI_2,gNB-1,99.958,739,2,99.729,195.5,273.3,99.529,99.338,0.089,69,98.72,99.024,98.55,98.654,97.904,74.24,60.33,451.98,165.34,4.62991,98.764,14.2
2026-06-10T13:44:00,PCI_3,gNB-1,99.931,714,0,100.0,191.3,227.6,99.724,99.43,0.092,62,98.845,99.0,98.524,98.566,98.213,76.78,61.75,454.53,159.03,4.60167,98.992,13.92
2026-06-10T13:44:00,PCI_4,gNB-1,100.0,710,0,100.0,196.8,234.5,99.66,99.477,0.176,70,98.642,99.136,99.058,98.496,98.011,75.12,55.06,469.81,168.14,4.78462,99.493,15.01
2026-06-10T13:44:00,PCI_5,gNB-2,99.972,694,0,100.0,178.2,246.0,99.499,99.738,0.231,60,98.462,99.32,98.648,97.992,97.787,74.23,61.38,434.84,153.89,4.41552,99.357,15.45
2026-06-10T13:44:00,PCI_6,gNB-2,100.0,716,0,100.0,203.6,246.7,99.404,99.413,0.111,68,98.596,98.828,98.431,98.103,98.358,71.28,57.95,465.61,164.46,4.72556,99.017,9.85
2026-06-10T13:44:00,PCI_7,gNB-2,99.948,731,1,99.863,200.2,276.6,99.216,99.334,0.105,70,98.901,99.134,99.044,98.147,97.014,81.13,59.39,464.81,164.52,4.71998,99.519,13.94
2026-06-10T13:44:00,PCI_8,gNB-3,99.951,714,1,99.86,185.8,244.4,99.534,99.419,0.113,65,97.918,99.071,98.971,98.343,97.461,68.58,62.57,464.32,160.08,4.68302,99.466,13.57
2026-06-10T13:44:00,PCI_9,gNB-3,99.971,687,1,99.854,192.2,241.8,99.448,99.451,0.119,61,98.899,99.143,98.323,98.754,98.409,80.99,59.52,412.5,154.33,4.25123,98.919,13.56
2026-06-10T13:44:00,PCI_10,gNB-3,99.954,684,1,99.854,192.3,254.2,99.379,99.888,0.062,67,98.576,99.286,98.71,98.956,98.437,76.67,64.98,431.14,161.47,4.44461,99.23,13.04
2026-06-10T13:45:00,PCI_1,gNB-1,100.0,714,1,99.86,193.7,243.2,99.699,99.718,0.126,69,98.417,99.042,98.523,98.292,97.789,69.73,59.19,439.91,147.96,4.40907,98.654,15.76
2026-06-10T13:45:00,PCI_2,gNB-1,99.942,724,2,99.724,191.7,260.7,99.686,99.329,0.088,60,98.235,99.66,98.591,98.089,98.284,72.21,64.31,425.6,143.48,4.26806,99.47,15.18
2026-06-10T13:45:00,PCI_3,gNB-1,99.898,711,1,99.859,197.9,270.5,99.541,99.508,0.185,66,98.105,98.835,99.35,99.025,98.275,65.96,61.56,457.25,154.24,4.5862,99.814,16.32
2026-06-10T13:45:00,PCI_4,gNB-1,99.939,667,0,100.0,195.1,273.0,99.59,99.268,0.095,69,98.286,98.664,98.458,97.827,97.786,79.67,62.33,470.13,150.87,4.65754,99.308,11.73
2026-06-10T13:45:00,PCI_5,gNB-2,99.994,682,0,100.0,192.0,268.3,99.37,99.882,0.215,68,98.347,98.853,98.468,98.632,97.943,72.6,59.26,490.11,149.18,4.79471,99.129,12.41
2026-06-10T13:45:00,PCI_6,gNB-2,99.935,709,1,99.859,188.7,249.9,99.875,99.37,0.151,65,98.735,99.017,98.742,98.705,98.173,72.16,59.88,452.76,162.55,4.61477,99.094,13.2
2026-06-10T13:45:00,PCI_7,gNB-2,99.962,738,1,99.864,188.2,262.3,99.572,99.252,0.159,67,98.265,98.765,98.738,97.515,98.074,77.74,65.44,488.75,165.57,4.90743,98.889,12.97
2026-06-10T13:45:00,PCI_8,gNB-3,99.933,691,1,99.855,201.2,240.9,99.547,99.48,0.316,67,98.254,99.183,98.531,98.369,98.53,73.94,53.36,475.61,151.15,4.70067,99.212,15.04
2026-06-10T13:45:00,PCI_9,gNB-3,100.0,714,1,99.86,195.2,229.6,99.716,99.583,0.187,69,97.917,99.007,98.248,98.891,97.941,77.54,54.5,437.16,162.42,4.49686,98.963,15.01
2026-06-10T13:45:00,PCI_10,gNB-3,99.987,686,0,100.0,199.4,263.8,99.573,99.692,0.053,67,98.045,99.212,98.418,97.89,97.805,70.69,66.28,389.52,171.72,4.2093,99.103,13.31
2026-06-10T13:46:00,PCI_1,gNB-1,99.919,717,1,99.861,188.0,236.2,99.461,99.29,0.067,63,98.436,98.689,98.492,98.225,97.831,68.96,53.55,471.95,155.45,4.7055,99.218,16.24
2026-06-10T13:46:00,PCI_2,gNB-1,99.996,719,1,99.861,203.5,280.6,99.389,99.606,0.215,74,98.611,99.128,98.918,98.919,97.754,77.87,55.39,468.27,159.05,4.70487,99.597,15.04
2026-06-10T13:46:00,PCI_3,gNB-1,99.948,689,1,99.855,190.4,248.9,99.644,99.457,0.13,63,98.144,98.375,98.863,98.17,98.042,73.76,58.18,446.89,162.34,4.56924,99.652,14.12
2026-06-10T13:46:00,PCI_4,gNB-1,100.0,683,1,99.854,191.5,226.0,99.374,99.227,0.198,67,98.267,99.093,98.761,98.326,97.938,69.36,59.36,471.51,166.53,4.78532,99.124,13.15
2026-06-10T13:46:00,PCI_5,gNB-2,99.909,699,0,100.0,208.2,291.4,99.486,99.618,0.264,70,98.827,98.966,99.02,98.554,98.169,77.5,67.36,479.53,161.21,4.80559,98.671,16.41
2026-06-10T13:46:00,PCI_6,gNB-2,99.938,674,1,99.852,195.2,249.8,99.772,99.463,0.017,69,98.661,98.8,99.077,98.042,98.171,69.29,59.21,494.34,164.32,4.93991,99.205,15.36
2026-06-10T13:46:00,PCI_7,gNB-2,99.95,732,1,99.863,191.0,253.6,99.616,99.401,0.067,66,98.845,99.027,98.894,97.998,98.036,79.63,64.86,454.88,150.86,4.54304,99.096,12.17
2026-06-10T13:46:00,PCI_8,gNB-3,99.975,707,0,100.0,206.3,256.6,99.45,99.39,0.15,70,98.43,98.883,98.194,98.407,97.958,71.89,55.37,472.79,145.0,4.63341,98.888,12.47
2026-06-10T13:46:00,PCI_9,gNB-3,99.967,711,0,100.0,193.8,229.3,99.555,99.191,0.293,72,98.32,98.828,99.028,98.437,97.29,75.69,63.71,429.06,161.61,4.43008,99.499,14.66
2026-06-10T13:46:00,PCI_10,gNB-3,99.967,696,1,99.856,204.6,274.8,99.651,99.233,0.203,71,98.244,98.787,98.145,98.04,97.875,76.26,60.46,540.5,162.31,5.27106,98.948,12.33
2026-06-10T13:47:00,PCI_1,gNB-1,99.951,689,1,99.855,200.8,238.1,99.671,99.903,0.139,70,98.519,99.08,98.894,97.856,98.07,71.46,56.9,440.56,159.25,4.49853,99.348,13.47
2026-06-10T13:47:00,PCI_2,gNB-1,100.0,703,0,100.0,197.0,251.2,99.616,99.619,0.162,72,98.564,99.198,98.723,98.539,98.48,72.53,59.2,486.19,151.95,4.78608,99.34,15.95
2026-06-10T13:47:00,PCI_3,gNB-1,99.953,709,1,99.859,212.6,249.2,99.558,99.397,0.108,77,98.147,99.298,98.948,98.485,97.866,75.31,61.01,480.82,152.36,4.74886,99.189,16.07
2026-06-10T13:47:00,PCI_4,gNB-1,99.966,706,1,99.858,205.5,258.3,99.803,99.626,0.167,70,99.242,99.037,98.516,98.371,97.544,68.03,56.48,465.8,142.93,4.56545,99.241,15.7
2026-06-10T13:47:00,PCI_5,gNB-2,99.921,741,0,100.0,207.9,259.4,99.527,99.252,0.127,74,97.803,98.613,99.345,98.153,98.284,69.09,58.25,458.52,158.28,4.62604,98.957,12.94
2026-06-10T13:47:00,PCI_6,gNB-2,99.926,691,1,99.855,181.5,231.9,100.0,99.446,0.2,66,98.742,98.743,98.48,98.601,98.096,69.66,56.42,492.87,164.33,4.92901,99.102,14.12
2026-06-10T13:47:00,PCI_7,gNB-2,99.938,689,1,99.855,193.0,246.9,99.47,99.59,0.171,69,98.413,99.039,98.718,98.744,97.897,77.49,57.85,453.24,161.7,4.61201,98.915,13.27
2026-06-10T13:47:00,PCI_8,gNB-3,99.979,702,1,99.858,199.6,249.8,99.852,99.31,0.163,68,98.55,98.911,98.23,98.471,98.064,84.01,60.1,455.22,166.63,4.66391,99.055,15.72
2026-06-10T13:47:00,PCI_9,gNB-3,99.897,689,0,100.0,183.6,226.5,99.755,99.478,0.204,64,98.386,98.893,97.908,98.259,98.491,75.74,63.65,494.65,162.1,4.92564,99.053,12.32
2026-06-10T13:47:00,PCI_10,gNB-3,100.0,718,1,99.861,202.6,270.6,99.66,99.525,0.132,71,99.073,99.296,98.709,98.331,97.826,68.91,62.78,463.25,151.21,4.60843,98.968,14.27
2026-06-10T13:48:00,PCI_1,gNB-1,99.996,680,1,99.853,194.8,244.7,99.801,99.368,0.061,73,98.506,99.139,98.789,98.199,97.729,72.12,61.92,463.44,151.47,4.61183,98.957,13.59
2026-06-10T13:48:00,PCI_2,gNB-1,99.958,688,1,99.855,199.5,243.8,99.316,99.747,0.213,64,98.353,99.206,99.13,98.176,98.265,70.03,49.26,458.55,145.32,4.52907,99.056,13.88
2026-06-10T13:48:00,PCI_3,gNB-1,99.952,690,1,99.855,209.5,253.2,99.723,99.136,0.229,71,98.364,98.711,98.876,98.23,98.209,75.63,56.65,487.84,156.69,4.83399,99.15,14.3
2026-06-10T13:48:00,PCI_4,gNB-1,99.967,726,1,99.862,205.1,271.4,99.75,99.145,0.259,72,98.448,99.27,98.701,97.989,97.967,75.32,61.42,488.93,166.72,4.91739,99.462,13.99
2026-06-10T13:48:00,PCI_5,gNB-2,99.963,698,1,99.857,200.3,245.2,99.629,99.575,0.152,69,98.04,98.908,98.764,98.461,97.937,72.03,57.14,467.16,152.74,4.64927,99.094,12.73
2026-06-10T13:48:00,PCI_6,gNB-2,99.957,695,1,99.856,208.4,253.8,99.295,99.344,0.147,75,99.052,98.807,98.727,98.208,97.959,75.48,61.92,459.62,155.89,4.61634,99.104,16.48
2026-06-10T13:48:00,PCI_7,gNB-2,99.975,701,1,99.857,199.3,268.9,99.653,99.602,0.191,68,99.232,98.802,98.795,98.279,97.828,74.8,55.77,488.09,160.99,4.8681,98.95,13.27
2026-06-10T13:48:00,PCI_8,gNB-3,99.97,688,0,100.0,200.3,239.0,99.567,99.265,0.114,65,98.636,98.773,98.72,99.169,98.451,74.21,61.68,493.71,149.31,4.82264,99.04,13.69
2026-06-10T13:48:00,PCI_9,gNB-3,99.951,709,1,99.859,187.9,216.2,99.61,99.789,0.125,61,98.817,99.023,98.253,98.158,97.377,71.9,64.58,463.32,165.6,4.71691,99.465,13.43
2026-06-10T13:48:00,PCI_10,gNB-3,99.916,682,1,99.853,192.1,251.6,99.658,99.632,0.255,61,98.389,98.718,98.374,98.043,98.39,72.18,55.64,435.84,158.62,4.45847,99.373,13.43
2026-06-10T13:49:00,PCI_1,gNB-1,99.955,711,0,100.0,197.4,242.9,99.511,99.375,0.142,73,98.976,99.073,98.41,97.864,97.749,65.62,53.7,466.5,162.55,4.71787,99.519,14.73
2026-06-10T13:49:00,PCI_2,gNB-1,99.973,711,1,99.859,194.0,246.7,99.573,99.248,0.107,67,98.334,99.315,98.756,99.142,97.8,77.04,64.15,431.17,175.08,4.5469,99.238,14.09
2026-06-10T13:49:00,PCI_3,gNB-1,99.907,697,0,100.0,176.7,243.7,99.825,99.539,0.041,59,98.361,99.089,98.627,98.055,97.777,66.03,61.39,448.63,162.12,4.58058,98.952,13.78
2026-06-10T13:49:00,PCI_4,gNB-1,99.962,717,0,100.0,198.9,245.1,99.591,99.496,0.042,65,98.092,99.069,98.89,97.877,97.731,74.7,58.65,457.95,157.96,4.61935,99.063,15.16
2026-06-10T13:49:00,PCI_5,gNB-2,99.936,707,1,99.859,214.3,274.5,99.806,99.396,0.064,74,98.49,98.694,98.781,98.523,97.425,85.22,60.16,436.9,167.47,4.53277,99.054,15.97
2026-06-10T13:49:00,PCI_6,gNB-2,99.974,696,1,99.856,194.9,250.1,99.855,99.509,0.144,67,98.795,98.71,99.373,98.567,98.584,74.96,58.46,450.34,171.17,4.6613,98.705,13.44
2026-06-10T13:49:00,PCI_7,gNB-2,99.981,724,2,99.724,194.6,249.0,99.756,99.121,0.269,73,98.331,98.985,98.81,98.234,97.91,74.9,63.54,428.76,162.33,4.43318,99.003,14.39
2026-06-10T13:49:00,PCI_8,gNB-3,99.975,691,0,100.0,195.0,226.0,99.887,99.331,0.11,68,98.661,98.784,98.585,98.389,97.582,70.35,58.73,459.71,156.75,4.62349,98.95,13.81
2026-06-10T13:49:00,PCI_9,gNB-3,99.989,682,1,99.853,195.5,265.1,99.582,99.223,0.069,65,98.271,98.785,99.002,98.291,97.79,75.39,56.44,468.21,156.19,4.68302,99.21,10.84
2026-06-10T13:49:00,PCI_10,gNB-3,99.992,684,0,100.0,196.7,272.5,99.645,99.085,0.115,68,97.977,98.998,98.927,98.333,98.28,72.02,56.08,499.89,165.03,4.98691,99.286,10.84
2026-06-10T13:50:00,PCI_1,gNB-1,100.0,713,0,100.0,195.6,242.8,99.72,99.535,0.118,67,98.62,99.073,98.412,98.598,98.219,70.41,56.98,434.02,157.21,4.43422,98.863,13.56
2026-06-10T13:50:00,PCI_2,gNB-1,99.903,726,0,100.0,196.7,247.9,99.684,99.407,0.242,67,98.888,99.245,99.093,98.813,97.942,72.83,59.13,453.23,162.29,4.61639,99.238,12.43
2026-06-10T13:50:00,PCI_3,gNB-1,99.963,691,1,99.855,185.2,213.2,99.595,99.437,0.253,64,98.441,99.02,99.113,98.461,98.227,65.44,54.81,463.21,147.35,4.57919,99.39,13.02
2026-06-10T13:50:00,PCI_4,gNB-1,99.944,702,0,100.0,202.0,242.7,99.355,99.175,0.12,74,98.704,98.729,98.434,98.93,98.177,69.05,54.38,480.19,150.03,4.72662,99.152,13.54
2026-06-10T13:50:00,PCI_5,gNB-2,99.971,708,1,99.859,195.0,232.0,99.608,99.529,0.027,74,98.861,99.02,98.557,98.375,98.283,68.77,56.12,501.96,154.02,4.91986,99.225,13.11
2026-06-10T13:50:00,PCI_6,gNB-2,99.994,692,1,99.855,198.2,248.4,99.517,99.516,0.195,73,98.626,99.009,98.673,98.395,97.724,66.59,63.14,449.46,151.65,4.50826,99.61,11.89
2026-06-10T13:50:00,PCI_7,gNB-2,99.955,686,0,100.0,195.4,260.3,99.408,99.314,0.194,69,98.339,99.028,98.785,97.683,97.661,76.2,60.13,460.95,158.67,4.64712,98.717,14.32
2026-06-10T13:50:00,PCI_8,gNB-3,99.987,729,1,99.863,195.1,253.3,99.525,99.196,0.088,67,98.347,98.677,99.202,98.6,98.272,71.02,65.26,505.98,142.18,4.86123,99.633,11.68
2026-06-10T13:50:00,PCI_9,gNB-3,99.991,702,1,99.858,199.6,278.2,99.606,99.241,0.186,65,98.971,99.358,98.698,98.571,98.648,78.2,61.49,433.99,155.17,4.41874,99.693,14.28
2026-06-10T13:50:00,PCI_10,gNB-3,99.968,700,1,99.857,211.2,260.2,99.732,99.551,0.201,72,98.545,99.513,98.152,98.084,98.316,74.13,51.13,474.24,154.67,4.71689,98.666,12.57
2026-06-10T13:51:00,PCI_1,gNB-1,99.964,687,2,99.709,194.7,240.6,99.755,99.505,0.103,65,99.134,99.076,98.51,98.613,98.28,71.85,59.54,496.99,142.42,4.79558,99.053,13.24
2026-06-10T13:51:00,PCI_2,gNB-1,99.98,669,0,100.0,198.0,258.6,99.669,99.36,0.112,67,98.582,98.929,99.311,98.597,97.957,73.66,50.94,450.96,166.04,4.62753,99.09,16.75
2026-06-10T13:51:00,PCI_3,gNB-1,99.976,689,1,99.855,201.3,270.2,99.482,99.389,0.136,62,99.063,98.96,98.709,97.668,97.542,75.96,62.45,469.72,163.76,4.7511,99.064,12.85
2026-06-10T13:51:00,PCI_4,gNB-1,99.96,702,0,100.0,193.7,259.9,99.681,99.11,0.144,63,98.875,98.831,98.835,98.22,98.414,70.9,57.23,485.04,153.21,4.78688,99.184,12.02
2026-06-10T13:51:00,PCI_5,gNB-2,99.939,708,2,99.718,202.9,255.2,99.279,99.315,0.175,75,98.776,98.829,98.701,98.58,98.463,70.66,63.98,488.92,153.64,4.8192,99.277,11.8
2026-06-10T13:51:00,PCI_6,gNB-2,100.0,702,0,100.0,195.0,227.1,99.779,99.504,0.141,69,97.888,98.89,98.491,98.245,98.035,77.98,57.58,420.29,155.99,4.32212,98.971,15.69
2026-06-10T13:51:00,PCI_7,gNB-2,99.97,714,0,100.0,202.3,269.2,99.673,99.379,0.0,70,98.986,98.749,99.535,97.74,97.936,73.68,57.13,486.84,169.65,4.9237,99.044,11.54
2026-06-10T13:51:00,PCI_8,gNB-3,99.945,690,0,100.0,195.0,256.4,99.635,99.761,0.124,64,98.203,98.736,99.308,98.316,97.57,69.64,54.27,440.76,164.02,4.53583,99.398,14.77
2026-06-10T13:51:00,PCI_9,gNB-3,100.0,714,1,99.86,198.1,253.1,99.966,99.117,0.145,70,99.054,99.326,98.643,97.889,98.27,69.94,56.64,473.85,157.59,4.73579,99.541,14.19
2026-06-10T13:51:00,PCI_10,gNB-3,99.942,712,2,99.719,197.1,264.6,99.66,99.295,0.13,68,98.462,99.104,98.604,98.275,98.416,72.57,56.21,471.52,148.34,4.64901,99.799,14.98
2026-06-10T13:52:00,PCI_1,gNB-1,100.0,697,1,99.857,200.0,252.0,99.561,99.324,0.201,64,98.527,99.381,98.866,98.465,98.361,69.25,53.82,468.98,159.86,4.71633,99.619,12.08
2026-06-10T13:52:00,PCI_2,gNB-1,99.893,687,0,100.0,199.0,273.7,99.453,99.414,0.208,72,98.337,99.15,98.942,98.056,97.497,82.75,64.28,460.81,154.12,4.61196,99.634,14.74
2026-06-10T13:52:00,PCI_3,gNB-1,99.971,703,1,99.858,202.4,280.2,99.656,99.495,0.0,74,98.401,98.966,98.509,98.088,98.197,76.95,58.3,435.15,151.8,4.40216,99.202,13.42
2026-06-10T13:52:00,PCI_4,gNB-1,99.912,702,2,99.715,210.6,257.8,99.829,99.545,0.067,74,98.629,98.958,98.564,98.445,97.845,76.76,55.86,420.58,151.9,4.2936,99.158,11.74
2026-06-10T13:52:00,PCI_5,gNB-2,99.975,702,1,99.858,196.8,254.2,99.529,99.488,0.166,72,98.316,98.566,98.139,98.579,97.863,74.51,56.78,455.56,162.86,4.63816,99.147,13.4
2026-06-10T13:52:00,PCI_6,gNB-2,99.949,718,1,99.861,186.8,257.9,99.487,99.353,0.094,63,98.492,98.926,98.644,98.365,97.619,65.88,62.82,434.08,172.7,4.55088,99.537,15.89
2026-06-10T13:52:00,PCI_7,gNB-2,99.971,720,0,100.0,189.0,246.1,99.741,99.323,0.158,66,98.41,99.099,98.7,98.16,97.867,68.07,56.46,426.71,157.57,4.38214,99.217,13.35
2026-06-10T13:52:00,PCI_8,gNB-3,100.0,696,0,100.0,194.9,226.0,99.758,99.226,0.15,65,98.713,98.736,98.65,98.027,98.069,73.02,62.07,468.43,152.43,4.65639,98.915,15.13
2026-06-10T13:52:00,PCI_9,gNB-3,99.985,701,1,99.857,184.7,247.4,99.756,99.062,0.082,69,98.416,98.952,98.557,98.611,97.905,73.45,53.11,452.41,158.85,4.58449,99.211,12.18
2026-06-10T13:52:00,PCI_10,gNB-3,99.958,688,1,99.855,193.4,268.9,99.705,99.734,0.139,65,98.08,98.682,98.438,97.805,97.758,68.37,63.57,467.78,143.96,4.58806,99.161,14.05
2026-06-10T13:53:00,PCI_1,gNB-1,99.936,694,0,100.0,198.0,261.9,99.447,99.266,0.068,71,98.471,98.505,98.667,98.494,97.4,66.09,64.3,482.48,154.94,4.78064,99.243,11.11
2026-06-10T13:53:00,PCI_2,gNB-1,99.972,678,1,99.853,200.5,235.7,99.635,99.127,0.161,68,98.507,99.255,98.783,98.245,97.929,68.74,65.99,458.78,175.5,4.75712,98.995,14.76
2026-06-10T13:53:00,PCI_3,gNB-1,99.978,701,0,100.0,202.7,239.8,99.477,99.028,0.126,72,98.619,98.76,98.145,98.411,97.937,76.48,61.18,484.45,160.0,4.83334,99.332,14.84
2026-06-10T13:53:00,PCI_4,gNB-1,99.964,698,1,99.857,196.5,263.8,99.561,99.136,0.162,69,98.043,98.781,98.229,97.927,97.781,78.86,53.95,418.51,158.81,4.32994,99.411,14.0
2026-06-10T13:53:00,PCI_5,gNB-2,99.905,706,1,99.858,190.8,241.0,99.678,99.233,0.18,67,98.371,98.705,98.787,98.159,97.908,72.54,59.15,441.87,141.53,4.37548,99.181,10.19
2026-06-10T13:53:00,PCI_6,gNB-2,99.962,693,1,99.856,197.3,247.5,99.503,99.912,0.177,71,97.97,99.085,99.18,98.758,97.324,78.15,51.55,510.19,161.94,5.041,99.149,14.31
2026-06-10T13:53:00,PCI_7,gNB-2,99.985,714,2,99.72,196.1,234.5,99.668,99.5,0.226,74,98.72,98.684,98.665,97.809,97.84,70.89,57.25,424.84,154.06,4.34176,99.441,16.62
2026-06-10T13:53:00,PCI_8,gNB-3,99.946,720,0,100.0,181.9,217.0,99.851,99.479,0.15,66,98.545,99.009,99.005,98.368,97.443,75.34,56.18,438.42,148.11,4.39899,99.136,15.01
2026-06-10T13:53:00,PCI_9,gNB-3,99.963,712,1,99.86,202.3,236.9,99.459,99.215,0.258,71,97.968,99.087,98.87,97.951,98.322,73.16,53.2,417.1,166.62,4.37794,98.981,11.84
2026-06-10T13:53:00,PCI_10,gNB-3,99.954,734,0,100.0,185.5,259.1,99.821,99.773,0.176,68,98.87,99.154,98.344,98.804,98.119,73.68,52.16,476.57,159.29,4.76896,99.272,13.17
2026-06-10T13:54:00,PCI_1,gNB-1,99.97,699,1,99.857,189.7,239.7,99.382,99.347,0.139,60,98.732,99.234,98.718,98.096,98.263,71.39,48.67,465.36,148.19,4.6017,99.251,12.47
2026-06-10T13:54:00,PCI_2,gNB-1,99.904,674,1,99.852,203.4,279.4,99.49,99.396,0.046,71,98.455,99.28,98.685,98.485,97.476,69.62,56.06,492.57,157.15,4.87292,98.971,12.78
2026-06-10T13:54:00,PCI_3,gNB-1,99.99,712,0,100.0,190.6,239.6,99.516,99.349,0.26,65,98.466,99.173,99.092,97.895,97.999,73.41,58.94,435.06,151.23,4.39715,99.082,16.3
2026-06-10T13:54:00,PCI_4,gNB-1,99.935,688,1,99.855,191.2,244.8,99.801,99.557,0.271,66,98.375,99.028,98.74,97.896,98.062,80.99,60.61,462.3,163.02,4.68994,98.98,11.47
2026-06-10T13:54:00,PCI_5,gNB-2,99.947,713,1,99.86,196.9,257.3,99.542,99.244,0.103,69,98.173,98.575,98.576,98.112,97.743,74.4,58.78,452.43,152.45,4.53663,99.211,12.87
2026-06-10T13:54:00,PCI_6,gNB-2,99.96,702,1,99.858,185.7,216.2,99.585,99.214,0.111,68,98.757,98.319,98.68,97.666,98.145,74.65,53.49,448.9,154.58,4.52612,98.979,12.64
2026-06-10T13:54:00,PCI_7,gNB-2,99.937,704,0,100.0,196.2,241.0,99.653,99.252,0.186,74,98.102,99.078,98.991,98.421,98.458,74.2,52.55,455.9,160.8,4.62523,99.464,16.18
2026-06-10T13:54:00,PCI_8,gNB-3,99.974,725,0,100.0,188.6,256.8,99.585,99.186,0.076,67,98.971,98.633,98.741,98.762,97.772,73.5,55.87,454.17,148.79,4.52217,99.213,15.02
2026-06-10T13:54:00,PCI_9,gNB-3,100.0,692,1,99.855,206.1,268.9,99.842,99.282,0.145,72,98.532,98.852,98.558,98.237,97.723,74.31,62.69,429.15,151.43,4.35437,98.905,15.23
2026-06-10T13:54:00,PCI_10,gNB-3,100.0,679,0,100.0,186.7,245.6,99.418,99.447,0.251,68,98.526,99.064,98.59,98.416,98.631,76.74,65.52,452.64,167.83,4.65352,98.949,11.83
2026-06-10T13:55:00,PCI_1,gNB-1,99.972,682,2,99.707,184.3,214.9,99.612,99.39,0.22,60,98.454,98.453,98.289,98.041,98.163,72.8,54.31,450.36,154.53,4.53668,98.978,12.83
2026-06-10T13:55:00,PCI_2,gNB-1,99.993,673,1,99.851,185.8,260.1,99.419,99.294,0.162,65,99.285,98.78,98.526,98.36,98.005,80.84,55.0,471.78,175.62,4.85549,99.571,12.8
2026-06-10T13:55:00,PCI_3,gNB-1,99.964,702,0,100.0,200.3,230.8,99.238,99.426,0.085,70,98.643,99.345,98.761,98.059,97.628,70.5,59.31,487.75,166.26,4.90508,98.662,15.81
2026-06-10T13:55:00,PCI_4,gNB-1,99.958,683,1,99.854,195.8,269.4,99.572,99.368,0.038,71,97.744,99.061,98.569,98.75,97.914,77.41,60.14,433.91,149.35,4.37444,99.087,13.78
2026-06-10T13:55:00,PCI_5,gNB-2,99.944,668,0,100.0,185.5,231.2,99.622,99.209,0.185,63,98.273,99.154,98.591,98.316,98.153,65.22,58.36,459.9,153.51,4.60062,99.053,13.86
2026-06-10T13:55:00,PCI_6,gNB-2,99.98,700,1,99.857,191.9,264.8,99.555,99.182,0.177,71,97.979,99.31,98.552,98.055,98.244,67.82,57.81,461.65,154.15,4.61846,99.679,12.99
2026-06-10T13:55:00,PCI_7,gNB-2,99.924,673,0,100.0,185.8,218.1,99.7,99.39,0.137,61,98.632,98.801,98.549,98.313,97.774,71.11,57.39,454.93,147.53,4.51846,99.09,14.47
2026-06-10T13:55:00,PCI_8,gNB-3,99.989,683,1,99.854,191.2,254.9,99.481,99.72,0.116,69,98.164,98.97,98.937,98.412,97.91,72.78,55.1,479.12,166.14,4.83943,99.42,14.77
2026-06-10T13:55:00,PCI_9,gNB-3,99.946,698,1,99.857,201.4,279.6,99.462,99.362,0.233,68,98.819,99.026,98.874,98.573,98.086,82.22,60.38,448.76,160.86,4.57213,99.652,14.54
2026-06-10T13:55:00,PCI_10,gNB-3,99.987,699,1,99.857,193.1,256.6,99.411,99.571,0.278,70,98.319,98.796,99.141,98.844,98.217,66.25,59.3,463.13,152.35,4.61608,99.057,16.33
2026-06-10T13:56:00,PCI_1,gNB-1,100.0,699,1,99.857,189.4,233.7,99.828,99.452,0.173,68,98.025,98.922,98.88,98.247,97.592,73.95,61.05,454.64,150.69,4.54002,99.432,13.46
2026-06-10T13:56:00,PCI_2,gNB-1,99.995,699,0,100.0,191.3,246.1,99.597,99.498,0.107,70,98.758,98.922,98.352,98.399,98.213,67.23,62.61,505.85,161.74,5.00694,99.593,12.97
2026-06-10T13:56:00,PCI_3,gNB-1,99.977,666,0,100.0,203.3,275.2,99.499,99.623,0.118,69,98.261,99.154,98.468,97.73,97.984,69.95,59.81,514.92,168.99,5.12935,99.002,11.22
2026-06-10T13:56:00,PCI_4,gNB-1,99.947,702,1,99.858,199.4,262.2,99.667,99.857,0.155,70,98.43,98.787,98.433,98.424,97.934,66.07,59.63,456.93,160.31,4.6293,99.026,13.95
2026-06-10T13:56:00,PCI_5,gNB-2,99.971,705,0,100.0,191.8,227.0,99.62,99.12,0.193,67,98.281,98.709,98.189,98.519,98.562,75.43,57.83,439.51,154.06,4.45183,99.157,14.42
2026-06-10T13:56:00,PCI_6,gNB-2,99.97,698,0,100.0,191.2,252.6,99.775,99.246,0.111,64,98.742,99.095,98.661,98.822,98.626,66.03,57.96,487.8,147.8,4.76704,98.89,11.76
2026-06-10T13:56:00,PCI_7,gNB-2,99.985,710,0,100.0,194.1,265.3,99.491,99.692,0.164,62,98.397,98.916,98.755,98.957,97.878,75.51,57.9,449.43,162.48,4.58939,99.453,12.99
2026-06-10T13:56:00,PCI_8,gNB-3,99.993,695,1,99.856,195.2,250.7,99.576,99.478,0.051,71,98.13,98.853,99.027,98.453,97.966,71.15,54.78,409.59,153.49,4.22305,99.164,12.11
2026-06-10T13:56:00,PCI_9,gNB-3,99.987,693,0,100.0,177.5,243.2,99.407,99.095,0.303,59,98.543,99.46,98.864,97.858,98.334,74.19,51.05,441.84,157.85,4.4977,99.177,14.16
2026-06-10T13:56:00,PCI_10,gNB-3,99.948,672,1,99.851,182.7,212.8,99.59,99.257,0.13,61,98.574,99.438,98.397,98.015,98.127,75.21,64.55,454.84,163.44,4.6371,99.871,14.96
2026-06-10T13:57:00,PCI_1,gNB-1,99.986,688,0,100.0,182.4,229.4,99.573,99.432,0.273,62,98.034,99.041,99.185,98.408,97.857,71.85,67.37,440.48,152.31,4.44593,98.843,14.1
2026-06-10T13:57:00,PCI_2,gNB-1,99.959,694,0,100.0,197.1,227.2,99.429,99.622,0.196,74,99.119,99.353,98.753,98.775,97.713,71.94,57.86,411.02,146.25,4.17951,98.752,15.77
2026-06-10T13:57:00,PCI_3,gNB-1,99.98,711,0,100.0,201.3,240.9,99.658,99.587,0.151,68,98.764,98.842,98.65,98.12,98.18,71.81,53.83,437.48,166.79,4.53199,99.068,13.48
2026-06-10T13:57:00,PCI_4,gNB-1,99.965,703,0,100.0,196.7,233.3,99.463,98.988,0.135,66,98.235,98.917,98.717,97.723,98.033,67.63,60.68,418.82,166.59,4.39056,99.748,14.07
2026-06-10T13:57:00,PCI_5,gNB-2,99.935,689,0,100.0,197.7,263.9,99.533,99.282,0.149,66,99.045,98.935,98.881,98.118,97.698,74.84,50.74,435.41,157.83,4.44929,99.359,10.72
2026-06-10T13:57:00,PCI_6,gNB-2,100.0,703,0,100.0,183.5,235.0,99.742,99.072,0.122,63,98.142,98.933,98.698,98.979,98.127,76.19,58.93,407.98,141.07,4.1179,99.326,15.03
2026-06-10T13:57:00,PCI_7,gNB-2,99.983,686,0,100.0,199.8,239.3,99.701,99.358,0.042,65,98.476,99.526,98.481,97.55,97.967,74.44,57.95,416.81,145.02,4.21376,99.203,14.07
2026-06-10T13:57:00,PCI_8,gNB-3,100.0,684,1,99.854,190.8,243.7,99.661,99.376,0.18,67,98.402,98.718,98.509,98.279,98.699,74.49,63.36,430.6,160.85,4.43586,99.091,12.05
2026-06-10T13:57:00,PCI_9,gNB-3,99.963,695,1,99.856,175.4,241.4,99.745,99.456,0.21,63,98.04,98.886,98.302,98.526,97.716,79.12,61.86,506.79,148.43,4.91415,99.62,12.74
2026-06-10T13:57:00,PCI_10,gNB-3,99.916,686,1,99.854,192.2,245.2,99.674,99.665,0.114,68,97.854,99.198,98.791,98.284,97.564,74.97,54.33,434.36,148.48,4.37135,99.679,12.44
2026-06-10T13:58:00,PCI_1,gNB-1,100.0,679,1,99.853,195.8,271.2,99.938,99.082,0.092,71,98.421,98.906,98.683,97.877,98.041,66.45,51.72,464.33,157.05,4.66032,98.873,15.47
2026-06-10T13:58:00,PCI_2,gNB-1,99.948,694,1,99.856,185.5,255.5,99.644,99.275,0.0,66,98.797,99.096,99.248,98.19,98.407,70.62,57.19,454.03,145.61,4.49733,99.186,10.28
2026-06-10T13:58:00,PCI_3,gNB-1,99.95,687,0,100.0,194.4,268.7,99.588,99.371,0.181,67,98.607,98.953,98.808,98.832,97.906,71.79,53.86,467.94,153.94,4.66409,98.856,15.51
2026-06-10T13:58:00,PCI_4,gNB-1,99.946,697,1,99.857,210.6,267.5,99.66,99.341,0.262,73,98.68,99.448,98.884,98.946,97.491,64.64,57.46,444.31,137.85,4.36621,99.367,13.33
2026-06-10T13:58:00,PCI_5,gNB-2,99.948,714,1,99.86,185.9,260.1,99.31,99.402,0.193,67,98.786,99.0,98.855,98.344,97.688,71.45,53.35,485.09,160.8,4.84416,99.312,10.62
2026-06-10T13:58:00,PCI_6,gNB-2,99.975,675,1,99.852,184.3,224.5,99.819,99.315,0.12,65,98.823,99.11,98.416,97.791,97.356,62.92,68.37,437.5,162.01,4.49631,99.397,15.83
2026-06-10T13:58:00,PCI_7,gNB-2,99.973,703,1,99.858,216.7,275.0,99.682,99.65,0.122,77,99.037,99.341,98.562,98.23,98.189,69.64,56.25,467.52,146.77,4.60715,99.294,13.84
2026-06-10T13:58:00,PCI_8,gNB-3,99.949,688,1,99.855,184.5,216.0,99.448,99.579,0.064,69,98.345,99.25,98.246,97.726,97.905,70.02,57.41,438.85,161.06,4.49935,99.337,16.96
2026-06-10T13:58:00,PCI_9,gNB-3,100.0,684,1,99.854,203.6,277.8,99.634,99.351,0.109,69,98.866,99.041,98.373,98.201,98.386,75.11,65.08,472.29,155.05,4.70504,99.279,12.26
2026-06-10T13:58:00,PCI_10,gNB-3,99.978,704,2,99.716,193.1,238.0,99.805,99.156,0.115,65,98.549,99.24,98.628,98.217,98.371,72.87,53.54,447.83,147.38,4.46403,99.402,13.8
2026-06-10T13:59:00,PCI_1,gNB-1,99.967,695,2,99.712,188.8,244.9,99.445,99.867,0.182,63,98.403,98.743,98.857,98.629,97.985,72.01,55.5,455.67,155.5,4.58377,99.128,12.71
2026-06-10T13:59:00,PCI_2,gNB-1,99.951,713,0,100.0,193.4,248.5,99.521,99.363,0.22,67,98.206,98.767,98.417,98.616,97.669,76.01,56.69,457.77,155.45,4.59919,99.191,15.04
2026-06-10T13:59:00,PCI_3,gNB-1,100.0,697,1,99.857,189.6,264.9,99.47,99.554,0.188,67,98.518,98.62,99.05,98.805,97.233,73.33,54.45,470.85,156.82,4.70749,98.913,14.27
2026-06-10T13:59:00,PCI_4,gNB-1,99.941,699,1,99.857,193.8,240.9,99.7,98.876,0.215,65,98.88,99.341,99.017,98.276,97.894,72.88,59.5,473.19,159.23,4.74319,99.609,13.14
2026-06-10T13:59:00,PCI_5,gNB-2,99.997,694,0,100.0,194.7,244.6,99.825,99.013,0.211,71,98.75,98.88,98.645,97.575,97.917,78.39,56.86,434.28,158.34,4.44465,99.335,10.89
2026-06-10T13:59:00,PCI_6,gNB-2,99.954,710,1,99.859,184.1,213.2,99.609,99.539,0.164,59,98.685,99.371,98.531,97.981,98.039,71.2,59.45,427.97,142.33,4.27721,99.149,13.26
2026-06-10T13:59:00,PCI_7,gNB-2,100.0,702,1,99.858,181.7,212.0,99.43,99.765,0.193,56,98.389,99.042,99.263,98.086,98.024,78.09,59.78,417.13,146.98,4.23082,99.06,15.13
2026-06-10T13:59:00,PCI_8,gNB-3,99.924,699,1,99.857,186.4,233.3,99.542,99.631,0.04,64,98.62,99.048,98.737,98.325,97.727,77.2,50.72,434.17,137.82,4.28995,99.133,12.77
2026-06-10T13:59:00,PCI_9,gNB-3,99.961,710,0,100.0,194.2,230.9,99.651,99.779,0.161,69,98.763,99.081,98.277,98.177,98.1,73.05,58.11,455.59,141.39,4.47734,99.17,14.92
2026-06-10T13:59:00,PCI_10,gNB-3,99.971,711,1,99.859,183.2,245.0,99.467,99.796,0.174,61,98.102,99.348,99.121,98.323,98.211,72.55,59.96,468.84,159.52,4.7127,99.403,15.17
2026-06-10T14:00:00,PCI_1,gNB-1,100.0,686,1,99.854,185.5,227.6,99.666,99.391,0.143,61,98.99,98.865,98.815,98.358,98.049,72.14,48.83,460.86,150.79,4.58739,99.207,14.25
2026-06-10T14:00:00,PCI_2,gNB-1,99.981,696,1,99.856,180.9,245.0,99.34,99.568,0.201,67,98.515,99.163,98.676,97.89,97.347,77.45,58.21,433.34,158.21,4.43661,98.851,12.03
2026-06-10T14:00:00,PCI_3,gNB-1,99.987,689,1,99.855,195.8,246.2,99.525,99.396,0.308,70,98.515,99.485,99.097,98.305,97.961,64.92,54.8,463.89,140.44,4.53248,99.185,17.74
2026-06-10T14:00:00,PCI_4,gNB-1,99.95,720,0,100.0,177.4,232.2,99.611,99.162,0.266,60,98.512,98.724,98.795,98.099,97.492,76.88,57.1,483.03,161.74,4.83583,98.802,15.27
2026-06-10T14:00:00,PCI_5,gNB-2,99.986,681,1,99.853,186.0,236.3,99.497,99.383,0.123,64,98.654,99.123,98.587,98.411,98.543,65.88,54.17,449.62,140.71,4.42748,99.15,13.99
2026-06-10T14:00:00,PCI_6,gNB-2,99.979,689,1,99.855,199.6,254.6,99.323,99.39,0.152,64,98.599,99.05,98.356,97.659,98.22,72.39,49.81,422.45,150.4,4.29643,99.474,15.64
2026-06-10T14:00:00,PCI_7,gNB-2,99.903,661,1,99.849,195.7,270.4,99.477,99.53,0.189,72,97.916,98.98,98.724,98.214,97.445,68.86,62.36,505.95,157.42,4.97526,99.289,13.71
2026-06-10T14:00:00,PCI_8,gNB-3,99.973,695,1,99.856,201.1,231.6,99.535,99.458,0.165,70,98.952,99.322,98.356,98.308,97.439,73.18,61.15,430.7,166.79,4.4812,99.142,16.28
2026-06-10T14:00:00,PCI_9,gNB-3,100.0,688,1,99.855,189.1,264.3,99.692,99.381,0.066,64,98.503,98.956,98.916,98.671,97.545,77.63,55.97,420.61,157.26,4.33399,99.339,13.44
2026-06-10T14:00:00,PCI_10,gNB-3,99.955,714,2,99.72,195.8,266.8,99.92,99.294,0.099,71,98.027,98.954,99.224,98.233,98.202,68.64,54.87,398.73,166.67,4.24051,99.507,14.56
2026-06-10T14:01:00,PCI_1,gNB-1,99.971,694,1,99.856,183.2,252.0,99.577,99.072,0.193,60,98.292,98.962,98.586,98.283,98.78,74.61,58.84,490.45,157.54,4.85994,99.214,11.67
2026-06-10T14:01:00,PCI_2,gNB-1,99.913,696,0,100.0,191.4,250.2,99.763,99.323,0.219,71,98.531,99.038,98.654,98.36,97.537,77.32,52.37,456.8,147.28,4.53066,99.204,16.18
2026-06-10T14:01:00,PCI_3,gNB-1,99.939,690,0,100.0,182.7,250.0,99.486,99.536,0.2,62,98.913,99.271,98.793,98.246,97.812,70.1,58.87,432.4,165.89,4.48716,99.264,15.61
2026-06-10T14:01:00,PCI_4,gNB-1,99.953,687,1,99.854,205.1,275.7,99.615,99.434,0.108,74,98.796,99.048,98.686,98.151,98.306,69.69,55.64,431.27,149.46,4.35542,99.54,13.12
2026-06-10T14:01:00,PCI_5,gNB-2,99.975,692,1,99.855,175.5,210.1,99.708,99.47,0.182,63,98.412,98.455,98.669,98.736,97.834,73.36,56.43,430.9,159.59,4.42869,98.889,14.26
2026-06-10T14:01:00,PCI_6,gNB-2,100.0,709,0,100.0,192.4,224.6,99.559,99.312,0.156,64,98.481,98.958,98.678,98.138,97.683,76.37,52.86,458.39,162.9,4.65973,99.185,12.43
2026-06-10T14:01:00,PCI_7,gNB-2,99.99,709,0,100.0,188.5,218.0,99.559,99.634,0.188,63,98.138,98.569,98.954,98.185,97.807,74.2,57.73,452.64,164.45,4.62811,99.187,11.89
2026-06-10T14:01:00,PCI_8,gNB-3,99.966,702,1,99.858,192.2,268.8,99.537,99.56,0.186,67,99.168,98.867,98.798,98.907,98.324,77.71,58.11,466.36,161.63,4.70995,99.655,13.25
2026-06-10T14:01:00,PCI_9,gNB-3,99.941,699,1,99.857,188.3,227.6,99.386,99.149,0.198,61,98.248,99.281,98.609,98.377,98.492,69.33,62.62,440.07,148.64,4.41537,99.203,16.44
2026-06-10T14:01:00,PCI_10,gNB-3,99.902,697,0,100.0,185.2,242.6,99.517,99.386,0.191,65,98.568,98.554,98.353,98.006,97.84,73.09,52.78,438.53,145.84,4.38275,99.247,11.76
2026-06-10T14:02:00,PCI_1,gNB-1,99.957,706,1,99.858,206.2,253.4,99.426,99.582,0.172,74,98.957,98.405,98.88,98.28,98.597,75.97,51.14,416.55,158.49,4.31279,99.324,13.67
2026-06-10T14:02:00,PCI_2,gNB-1,99.975,655,1,99.847,182.2,217.5,99.507,99.601,0.166,65,98.581,98.811,98.88,98.321,98.381,73.05,63.5,433.87,156.64,4.4288,99.391,10.48
2026-06-10T14:02:00,PCI_3,gNB-1,99.983,697,2,99.713,200.6,235.1,99.461,99.328,0.151,66,98.488,99.058,98.443,98.481,97.361,68.34,57.91,481.15,142.34,4.67612,99.376,12.89
2026-06-10T14:02:00,PCI_4,gNB-1,99.946,650,0,100.0,197.1,231.8,99.762,99.188,0.189,69,97.932,99.137,98.438,98.954,97.56,80.35,49.02,449.11,153.77,4.52159,99.257,13.65
2026-06-10T14:02:00,PCI_5,gNB-2,99.97,673,1,99.851,187.0,227.5,99.577,99.302,0.187,60,99.032,99.103,98.49,98.459,97.865,78.7,54.38,465.32,150.15,4.61603,99.554,13.06
2026-06-10T14:02:00,PCI_6,gNB-2,100.0,667,1,99.85,193.3,241.6,99.648,99.635,0.235,65,98.779,99.222,98.982,98.311,97.789,73.82,52.99,440.15,160.82,4.50734,98.775,14.91
2026-06-10T14:02:00,PCI_7,gNB-2,99.945,717,0,100.0,173.2,204.5,99.682,99.484,0.07,64,98.653,98.813,98.604,98.299,97.635,76.45,56.06,432.02,151.42,4.37578,99.426,15.93
2026-06-10T14:02:00,PCI_8,gNB-3,100.0,699,1,99.857,198.0,257.2,99.634,99.015,0.116,69,98.618,99.287,98.274,98.202,98.236,73.05,59.02,413.16,157.97,4.2835,99.599,13.42
2026-06-10T14:02:00,PCI_9,gNB-3,99.946,692,0,100.0,194.5,242.3,99.855,99.258,0.213,72,98.523,98.885,98.623,98.485,98.908,76.84,60.01,454.33,162.09,4.62312,99.072,13.27
2026-06-10T14:02:00,PCI_10,gNB-3,99.94,700,1,99.857,194.5,233.0,99.578,99.259,0.11,70,98.124,98.604,98.088,98.041,97.882,74.54,68.13,467.13,154.49,4.6621,99.039,13.24
2026-06-10T14:03:00,PCI_1,gNB-1,99.998,695,0,100.0,182.8,214.6,99.529,99.645,0.128,64,97.991,99.073,98.575,98.13,98.014,72.09,56.02,395.36,151.89,4.10443,99.176,13.78
2026-06-10T14:03:00,PCI_2,gNB-1,99.944,665,1,99.85,212.0,283.8,99.656,99.329,0.238,78,98.387,98.925,98.713,98.739,97.289,79.59,57.41,438.85,156.96,4.46855,99.448,12.38
2026-06-10T14:03:00,PCI_3,gNB-1,99.983,713,0,100.0,195.9,239.9,99.598,99.605,0.186,64,98.262,98.55,98.54,98.087,98.228,74.01,58.13,440.25,142.56,4.37104,98.922,12.21
2026-06-10T14:03:00,PCI_4,gNB-1,99.993,700,1,99.857,196.6,264.8,99.526,99.683,0.164,74,97.702,99.217,99.065,98.186,97.767,71.41,56.85,454.24,147.88,4.51592,99.279,16.07
2026-06-10T14:03:00,PCI_5,gNB-2,99.944,685,1,99.854,184.4,234.7,99.521,99.255,0.175,66,98.595,98.972,98.556,98.033,98.216,77.72,54.94,468.81,148.79,4.632,98.915,15.39
2026-06-10T14:03:00,PCI_6,gNB-2,99.964,715,0,100.0,194.2,253.1,99.68,99.209,0.128,64,98.015,98.746,99.187,98.089,97.555,70.29,59.55,438.66,158.47,4.47847,99.602,13.85
2026-06-10T14:03:00,PCI_7,gNB-2,100.0,695,0,100.0,198.0,250.0,99.67,99.191,0.237,69,98.563,99.085,98.713,98.701,98.057,65.95,56.21,449.11,166.45,4.61664,98.964,14.28
2026-06-10T14:03:00,PCI_8,gNB-3,99.972,696,1,99.856,189.2,235.3,99.891,99.274,0.06,64,97.661,99.112,98.514,98.308,97.937,67.49,64.58,419.11,156.0,4.31329,99.153,14.43
2026-06-10T14:03:00,PCI_9,gNB-3,99.995,700,1,99.857,190.4,265.6,99.622,99.113,0.163,64,98.484,99.515,99.101,98.369,98.203,67.16,60.64,411.88,156.23,4.26077,99.167,12.52
2026-06-10T14:03:00,PCI_10,gNB-3,99.964,689,1,99.855,186.9,219.6,99.641,99.056,0.214,64,98.654,99.101,98.448,98.318,97.714,75.02,60.16,425.96,166.04,4.43999,99.419,14.87
2026-06-10T14:04:00,PCI_1,gNB-1,99.909,671,1,99.851,182.0,215.5,99.634,99.575,0.157,61,98.136,98.938,98.641,98.356,97.958,74.92,53.62,447.22,170.2,4.63067,99.526,12.74
2026-06-10T14:04:00,PCI_2,gNB-1,99.949,705,0,100.0,184.3,251.6,99.868,99.405,0.097,68,98.636,99.394,98.83,98.664,98.252,78.52,51.63,464.85,163.41,4.71193,99.545,13.51
2026-06-10T14:04:00,PCI_3,gNB-1,99.931,694,0,100.0,196.9,239.2,99.591,99.514,0.014,70,98.299,99.275,99.099,98.198,97.807,75.13,55.31,499.06,167.38,4.99829,99.24,13.05
2026-06-10T14:04:00,PCI_4,gNB-1,99.996,682,1,99.853,183.5,234.6,99.434,99.316,0.063,61,98.604,98.837,98.875,98.187,98.07,72.71,53.34,453.1,157.68,4.58084,98.826,11.93
2026-06-10T14:04:00,PCI_5,gNB-2,99.989,710,0,100.0,197.0,275.7,99.59,99.45,0.131,65,98.744,98.404,98.959,98.203,98.059,73.77,53.38,469.75,152.07,4.66368,99.108,11.32
2026-06-10T14:04:00,PCI_6,gNB-2,99.999,702,1,99.858,170.4,211.6,99.621,99.39,0.185,55,98.435,99.262,98.817,98.103,98.387,75.91,55.37,456.9,152.3,4.56899,98.894,13.95
2026-06-10T14:04:00,PCI_7,gNB-2,99.921,677,1,99.852,193.3,248.5,99.627,99.515,0.236,63,98.385,99.165,98.892,98.393,98.1,80.64,60.43,430.33,151.16,4.36111,99.145,15.43
2026-06-10T14:04:00,PCI_8,gNB-3,99.963,685,1,99.854,195.6,236.0,99.393,99.351,0.205,73,98.793,99.194,98.425,98.285,98.042,68.28,60.97,407.94,148.06,4.17002,98.872,15.26
2026-06-10T14:04:00,PCI_9,gNB-3,99.948,710,1,99.859,184.3,250.5,99.88,99.129,0.162,71,98.475,99.305,98.842,98.217,98.01,74.27,60.63,451.42,149.17,4.50438,98.923,14.91
2026-06-10T14:04:00,PCI_10,gNB-3,99.961,701,1,99.857,194.3,260.3,99.66,99.764,0.05,61,97.94,99.159,98.403,97.961,98.081,65.49,57.2,471.04,148.29,4.64496,98.978,15.52
2026-06-10T14:05:00,PCI_1,gNB-1,99.948,680,1,99.853,191.5,225.0,99.685,99.303,0.186,64,98.46,99.258,99.322,98.254,98.589,76.02,58.17,441.92,158.17,4.5007,99.304,13.24
2026-06-10T14:05:00,PCI_2,gNB-1,99.958,706,1,99.858,192.3,242.4,99.46,99.227,0.199,63,98.346,98.897,98.793,97.898,98.772,68.39,54.22,461.75,146.68,4.56323,99.036,14.71
2026-06-10T14:05:00,PCI_3,gNB-1,99.981,701,1,99.857,190.1,237.2,99.614,99.66,0.175,66,98.258,98.531,98.718,98.428,98.064,72.35,50.76,457.95,139.43,4.4803,99.393,15.73
2026-06-10T14:05:00,PCI_4,gNB-1,99.911,671,1,99.851,183.8,235.9,99.454,99.388,0.271,61,98.754,99.263,98.877,98.255,97.962,67.7,55.86,430.24,152.67,4.37183,99.218,14.3
2026-06-10T14:05:00,PCI_5,gNB-2,100.0,697,0,100.0,188.2,258.3,99.606,99.481,0.16,64,98.266,99.153,98.84,98.342,97.802,68.92,63.91,475.58,153.99,4.72176,99.694,15.98
2026-06-10T14:05:00,PCI_6,gNB-2,99.989,688,1,99.855,193.4,234.0,99.391,99.35,0.258,68,98.538,99.36,98.568,98.047,98.392,68.63,58.88,453.58,140.47,4.45537,99.008,13.37
2026-06-10T14:05:00,PCI_7,gNB-2,99.937,671,1,99.851,192.2,260.8,99.282,99.416,0.176,65,98.85,99.342,98.898,98.31,98.291,68.31,56.02,446.72,160.58,4.55473,98.801,14.45
2026-06-10T14:05:00,PCI_8,gNB-3,100.0,696,1,99.856,190.8,225.3,99.642,99.123,0.15,69,98.412,98.904,98.385,98.445,97.696,77.34,54.5,433.07,160.76,4.4537,98.781,14.71
2026-06-10T14:05:00,PCI_9,gNB-3,99.938,700,0,100.0,196.2,274.7,99.595,98.943,0.105,65,98.268,98.694,98.707,98.64,98.453,77.0,54.17,449.41,162.92,4.59245,99.363,12.81
2026-06-10T14:05:00,PCI_10,gNB-3,100.0,688,0,100.0,195.1,236.2,99.624,99.132,0.169,62,99.062,98.962,98.572,98.061,97.804,73.58,58.81,455.19,154.5,4.5727,99.224,13.05
2026-06-10T14:06:00,PCI_1,gNB-1,99.961,685,0,100.0,203.5,243.9,99.343,99.519,0.175,70,98.873,99.547,98.708,98.434,97.914,70.28,63.36,461.01,152.92,4.60453,99.114,14.41
2026-06-10T14:06:00,PCI_2,gNB-1,99.945,697,1,99.857,209.5,282.6,99.43,99.508,0.095,77,98.711,99.153,98.115,98.576,97.787,78.2,52.63,464.92,155.74,4.65494,99.49,13.6
2026-06-10T14:06:00,PCI_3,gNB-1,99.975,687,0,100.0,190.7,226.9,99.533,99.402,0.141,67,98.829,99.323,98.569,98.156,98.33,75.01,60.57,463.92,164.45,4.71273,99.098,13.45
2026-06-10T14:06:00,PCI_4,gNB-1,99.967,645,1,99.845,190.1,265.6,99.48,99.685,0.02,72,98.472,98.677,99.027,97.959,98.29,71.9,62.18,461.53,153.49,4.61264,98.84,12.08
2026-06-10T14:06:00,PCI_5,gNB-2,100.0,669,1,99.851,188.6,223.7,99.364,99.63,0.278,64,98.128,99.189,98.768,98.544,98.241,68.0,61.63,426.41,139.89,4.24727,99.36,12.13
2026-06-10T14:06:00,PCI_6,gNB-2,99.952,680,1,99.853,185.7,242.1,99.319,99.441,0.184,65,98.219,98.944,98.602,98.383,97.948,73.04,55.6,443.08,156.17,4.49433,99.126,13.5
2026-06-10T14:06:00,PCI_7,gNB-2,100.0,676,1,99.852,183.9,253.6,99.638,99.54,0.164,66,98.744,99.451,98.565,98.558,97.948,68.59,63.06,491.25,157.98,4.86922,99.631,13.23
2026-06-10T14:06:00,PCI_8,gNB-3,100.0,688,1,99.855,189.9,246.3,99.394,99.332,0.18,66,98.353,99.027,98.666,98.075,98.429,83.19,51.53,432.83,157.94,4.43078,98.812,12.9
2026-06-10T14:06:00,PCI_9,gNB-3,99.967,707,0,100.0,184.2,224.4,99.488,99.764,0.258,62,98.566,99.231,98.847,98.021,98.108,72.22,57.62,434.75,157.55,4.44222,99.223,12.3
2026-06-10T14:06:00,PCI_10,gNB-3,100.0,655,1,99.847,189.3,243.8,99.519,99.673,0.223,62,98.488,98.769,99.468,98.539,97.634,70.38,62.85,385.18,146.88,3.99042,99.483,13.9
2026-06-10T14:07:00,PCI_1,gNB-1,99.994,675,0,100.0,196.3,252.3,99.623,99.316,0.256,67,98.291,98.572,98.681,98.349,97.863,75.85,58.68,433.04,148.44,4.36107,99.45,14.49
2026-06-10T14:07:00,PCI_2,gNB-1,99.994,703,1,99.858,181.1,240.9,99.639,99.62,0.117,66,98.196,98.97,98.538,98.47,97.95,67.94,57.68,429.58,150.88,4.35344,99.291,12.35
2026-06-10T14:07:00,PCI_3,gNB-1,99.94,687,1,99.854,191.3,224.5,99.25,99.398,0.263,63,98.336,99.496,98.506,98.257,98.278,73.53,54.92,482.56,152.72,4.76465,98.892,16.52
2026-06-10T14:07:00,PCI_4,gNB-1,99.955,713,0,100.0,187.7,255.6,99.481,99.276,0.117,65,98.342,98.868,98.548,98.16,97.603,67.91,60.25,452.74,145.83,4.48922,98.996,14.19
2026-06-10T14:07:00,PCI_5,gNB-2,99.926,682,1,99.853,187.8,254.5,99.585,99.248,0.032,69,98.038,98.882,99.256,98.623,98.021,77.62,61.74,484.72,152.49,4.77911,99.233,17.0
2026-06-10T14:07:00,PCI_6,gNB-2,100.0,705,1,99.858,183.2,245.2,99.51,99.15,0.183,64,98.302,99.297,98.77,98.938,97.667,74.6,49.33,466.05,155.68,4.663,99.54,12.27
2026-06-10T14:07:00,PCI_7,gNB-2,99.951,700,1,99.857,186.0,238.9,99.407,99.167,0.257,64,98.447,99.329,99.007,98.412,98.265,68.45,48.43,453.37,159.03,4.59304,99.785,12.56
2026-06-10T14:07:00,PCI_8,gNB-3,100.0,672,0,100.0,187.0,234.6,99.522,99.121,0.065,66,98.566,99.04,98.933,98.38,98.028,76.47,59.54,424.88,138.55,4.22571,99.537,14.02
2026-06-10T14:07:00,PCI_9,gNB-3,99.92,685,0,100.0,182.6,242.0,99.515,99.357,0.02,63,98.786,98.911,98.608,98.182,97.993,73.86,52.94,446.74,144.8,4.43654,99.469,10.58
2026-06-10T14:07:00,PCI_10,gNB-3,99.967,692,0,100.0,195.3,242.8,99.557,99.45,0.138,70,98.311,99.281,98.776,98.665,97.805,73.51,60.76,417.75,158.58,4.32251,99.495,12.51
2026-06-10T14:08:00,PCI_1,gNB-1,99.933,661,1,99.849,190.4,244.4,99.549,99.374,0.238,61,98.141,99.218,99.042,97.589,98.085,72.24,64.84,454.78,148.78,4.52672,99.021,12.75
2026-06-10T14:08:00,PCI_2,gNB-1,100.0,680,1,99.853,190.9,261.6,99.397,99.415,0.282,67,98.513,99.703,98.876,98.072,97.924,72.38,56.33,447.28,156.69,4.52978,99.462,15.7
2026-06-10T14:08:00,PCI_3,gNB-1,99.991,693,0,100.0,188.3,259.1,99.653,99.326,0.193,62,98.481,99.373,98.46,97.935,98.463,74.33,54.09,498.98,177.7,5.07515,99.108,12.14
2026-06-10T14:08:00,PCI_4,gNB-1,99.974,699,1,99.857,180.1,234.3,99.43,99.514,0.066,59,98.434,98.906,98.349,98.093,97.457,74.41,61.48,453.32,169.22,4.66902,99.014,13.88
2026-06-10T14:08:00,PCI_5,gNB-2,99.98,653,0,100.0,187.5,239.7,99.558,99.343,0.233,62,98.463,98.976,99.141,98.075,97.73,71.25,52.29,437.57,162.89,4.50348,99.497,12.64
2026-06-10T14:08:00,PCI_6,gNB-2,100.0,690,0,100.0,190.1,252.9,99.606,99.253,0.138,65,98.803,99.126,98.731,98.449,98.037,73.28,63.41,420.63,167.71,4.41252,99.054,16.29
2026-06-10T14:08:00,PCI_7,gNB-2,99.947,683,0,100.0,188.2,253.7,99.407,99.666,0.102,68,99.002,98.931,98.911,98.267,97.779,71.59,60.99,468.0,147.9,4.61923,99.534,12.91
2026-06-10T14:08:00,PCI_8,gNB-3,100.0,691,0,100.0,196.0,238.4,99.455,99.419,0.023,68,98.774,99.061,98.065,97.759,97.464,79.73,60.65,412.36,159.94,4.29225,98.999,15.63
2026-06-10T14:08:00,PCI_9,gNB-3,99.994,696,1,99.856,189.5,232.3,99.503,99.385,0.058,67,98.028,98.886,98.654,98.021,98.05,69.14,59.63,428.06,136.67,4.23546,99.414,13.96
2026-06-10T14:08:00,PCI_10,gNB-3,99.962,717,1,99.861,189.7,233.2,99.389,99.623,0.16,70,98.83,98.809,98.813,98.234,97.353,67.1,58.33,465.85,163.58,4.72077,99.225,14.36
2026-06-10T14:09:00,PCI_1,gNB-1,99.966,688,1,99.855,175.9,244.1,99.449,99.455,0.217,62,98.528,99.577,98.443,98.151,97.442,71.57,59.36,481.84,140.38,4.66661,99.069,10.32
2026-06-10T14:09:00,PCI_2,gNB-1,99.97,690,1,99.855,195.2,272.5,99.646,99.547,0.209,70,97.876,99.037,98.467,98.253,98.011,70.71,53.06,396.65,139.76,4.02308,99.353,13.39
2026-06-10T14:09:00,PCI_3,gNB-1,99.945,673,0,100.0,171.8,221.6,99.439,99.486,0.243,55,98.501,99.268,99.139,98.875,97.976,68.62,55.5,489.84,159.23,4.86799,99.395,12.79
2026-06-10T14:09:00,PCI_4,gNB-1,99.974,693,1,99.856,205.1,241.4,99.333,99.563,0.084,71,98.146,98.924,98.405,98.405,98.033,81.8,54.75,440.08,152.42,4.44373,99.178,15.71
2026-06-10T14:09:00,PCI_5,gNB-2,99.971,676,0,100.0,192.1,230.8,99.84,99.427,0.137,63,98.395,98.937,98.673,97.955,98.397,70.43,56.53,418.76,152.46,4.28419,98.848,12.06
2026-06-10T14:09:00,PCI_6,gNB-2,99.96,677,0,100.0,190.4,236.7,99.728,99.574,0.163,67,98.097,99.677,99.283,98.838,97.805,63.31,58.78,440.31,174.03,4.60757,99.045,14.8
2026-06-10T14:09:00,PCI_7,gNB-2,99.956,698,1,99.857,194.5,247.5,99.31,99.414,0.038,69,97.898,98.522,98.395,97.78,98.582,69.67,61.26,431.03,166.23,4.47948,99.659,13.69
2026-06-10T14:09:00,PCI_8,gNB-3,99.934,691,1,99.855,207.5,267.6,99.482,99.284,0.239,71,98.371,99.158,98.851,98.131,98.57,72.42,61.85,465.11,149.29,4.60805,99.311,14.83
2026-06-10T14:09:00,PCI_9,gNB-3,99.938,699,2,99.714,201.4,270.8,99.704,99.441,0.231,72,98.468,99.219,98.681,97.962,98.189,72.6,61.46,432.67,172.84,4.54133,99.004,15.51
2026-06-10T14:09:00,PCI_10,gNB-3,99.93,668,1,99.85,186.4,236.8,99.676,98.995,0.155,63,98.71,98.56,98.583,98.67,97.698,74.51,57.57,448.76,163.62,4.59284,99.466,12.61
2026-06-10T14:10:00,PCI_1,gNB-1,100.0,666,0,100.0,184.3,233.5,99.576,98.97,0.065,64,98.481,99.202,98.965,98.386,98.386,76.54,53.31,419.46,150.16,4.27215,99.208,12.31
2026-06-10T14:10:00,PCI_2,gNB-1,99.938,679,1,99.853,183.7,223.0,99.502,99.286,0.106,63,98.394,98.862,98.485,98.513,98.186,69.78,54.6,431.05,141.47,4.29395,98.977,13.37
2026-06-10T14:10:00,PCI_3,gNB-1,100.0,694,0,100.0,174.4,231.2,99.624,99.261,0.106,66,98.541,99.052,98.006,98.231,98.261,67.34,60.67,401.24,154.23,4.16602,99.181,13.02
2026-06-10T14:10:00,PCI_4,gNB-1,100.0,707,1,99.859,186.9,222.9,99.593,99.836,0.122,66,98.149,98.655,98.821,98.31,98.37,75.07,60.13,465.72,156.53,4.66694,99.077,12.25
2026-06-10T14:10:00,PCI_5,gNB-2,100.0,685,0,100.0,175.9,225.6,99.259,99.306,0.06,58,98.508,98.556,98.706,98.485,98.08,73.45,51.28,476.13,157.5,4.75217,99.092,15.32
2026-06-10T14:10:00,PCI_6,gNB-2,100.0,679,0,100.0,193.3,258.9,99.807,99.433,0.212,67,98.977,98.806,98.739,98.166,98.108,70.68,53.97,432.03,156.75,4.41585,99.192,13.26
2026-06-10T14:10:00,PCI_7,gNB-2,100.0,676,0,100.0,197.3,228.2,99.498,99.46,0.032,61,98.245,99.133,98.865,97.973,97.346,70.55,60.11,474.57,147.95,4.66886,99.016,14.43
2026-06-10T14:10:00,PCI_8,gNB-3,100.0,682,0,100.0,194.0,242.9,99.357,99.132,0.175,65,98.933,99.222,98.616,98.074,97.754,84.33,59.54,465.55,139.02,4.5343,99.425,14.87
2026-06-10T14:10:00,PCI_9,gNB-3,99.878,681,1,99.853,184.5,241.5,99.577,99.329,0.118,67,98.476,98.69,98.292,98.296,98.587,66.05,61.64,436.39,160.2,4.47445,98.977,13.71
2026-06-10T14:10:00,PCI_10,gNB-3,99.98,678,0,100.0,195.0,230.1,99.605,99.38,0.098,71,98.334,98.765,98.893,97.931,98.731,75.74,65.94,466.84,158.62,4.69095,99.02,10.56
2026-06-10T14:11:00,PCI_1,gNB-1,99.961,701,1,99.857,194.6,254.1,99.772,99.373,0.109,66,98.506,99.126,98.169,98.711,97.766,71.3,60.48,449.6,173.97,4.67674,99.281,13.13
2026-06-10T14:11:00,PCI_2,gNB-1,99.977,693,2,99.711,192.4,224.8,99.691,99.656,0.0,64,98.371,99.185,98.539,98.38,97.799,71.74,52.54,415.67,157.86,4.30151,99.377,13.39
2026-06-10T14:11:00,PCI_3,gNB-1,100.0,675,0,100.0,194.6,266.6,99.293,99.304,0.167,73,98.809,99.337,98.728,98.212,97.752,69.64,52.81,436.09,132.16,4.26185,99.334,11.83
2026-06-10T14:11:00,PCI_4,gNB-1,100.0,681,1,99.853,184.6,238.9,99.86,99.399,0.165,61,98.424,99.318,98.962,98.185,97.713,73.82,67.09,432.6,164.98,4.48185,98.551,14.84
2026-06-10T14:11:00,PCI_5,gNB-2,100.0,685,1,99.854,190.4,238.4,99.672,99.263,0.149,64,98.792,99.243,98.465,98.017,97.037,74.73,54.42,436.69,151.52,4.41158,98.84,15.87
2026-06-10T14:11:00,PCI_6,gNB-2,99.964,698,1,99.857,201.8,270.9,99.617,99.591,0.159,69,98.383,98.643,98.017,98.705,98.635,76.5,60.99,448.25,149.28,4.48142,99.089,10.11
2026-06-10T14:11:00,PCI_7,gNB-2,99.98,668,1,99.85,179.0,218.7,99.776,99.562,0.066,63,98.544,98.714,98.394,98.063,98.15,72.58,57.97,439.42,153.79,4.4491,98.854,12.64
2026-06-10T14:11:00,PCI_8,gNB-3,99.989,688,1,99.855,189.1,225.3,99.671,99.179,0.125,72,98.336,99.283,98.507,98.299,97.79,77.9,58.57,457.77,136.83,4.45944,98.936,11.98
2026-06-10T14:11:00,PCI_9,gNB-3,99.981,663,0,100.0,184.1,216.5,99.775,99.509,0.198,64,98.448,99.049,98.374,98.41,97.916,74.25,52.59,456.84,170.49,4.70499,99.256,10.67
2026-06-10T14:11:00,PCI_10,gNB-3,99.969,705,1,99.858,198.7,269.0,99.821,99.464,0.164,67,98.452,99.057,98.31,98.918,98.076,71.16,49.5,403.93,162.49,4.24811,98.939,14.4
2026-06-10T14:12:00,PCI_1,gNB-1,99.98,692,1,99.855,188.1,227.5,99.577,99.629,0.124,65,98.144,99.009,98.233,98.171,97.702,71.21,58.81,469.73,169.03,4.79067,99.008,13.21
2026-06-10T14:12:00,PCI_2,gNB-1,100.0,669,1,99.851,181.2,226.6,99.739,99.361,0.206,60,98.58,99.065,98.655,99.058,97.852,78.01,57.77,445.7,156.07,4.51326,99.116,14.31
2026-06-10T14:12:00,PCI_3,gNB-1,99.982,668,1,99.85,184.6,241.7,99.593,99.607,0.034,64,98.646,99.204,98.565,98.365,97.899,66.74,56.17,446.88,152.1,4.49235,99.059,13.22
2026-06-10T14:12:00,PCI_4,gNB-1,99.948,684,1,99.854,195.2,230.1,99.621,99.288,0.187,65,98.325,98.585,99.203,98.361,98.06,73.41,62.31,461.34,148.18,4.57139,99.108,16.0
2026-06-10T14:12:00,PCI_5,gNB-2,99.936,702,1,99.858,188.1,244.0,99.586,99.481,0.181,66,98.45,98.589,98.641,98.427,98.658,76.75,62.47,450.41,136.69,4.40328,98.815,15.64
2026-06-10T14:12:00,PCI_6,gNB-2,100.0,699,2,99.714,185.6,223.0,99.79,99.067,0.17,65,98.616,99.065,98.855,98.086,98.007,74.48,66.13,493.76,155.15,4.86686,99.21,14.18
2026-06-10T14:12:00,PCI_7,gNB-2,99.965,663,1,99.849,193.0,233.6,99.325,99.237,0.268,67,97.952,98.674,98.366,98.587,97.589,67.57,62.46,391.25,142.49,4.00301,99.517,14.4
2026-06-10T14:12:00,PCI_8,gNB-3,99.962,683,0,100.0,188.7,250.0,99.688,99.079,0.185,63,97.838,99.027,98.379,98.237,97.859,70.5,59.36,389.78,137.52,3.95478,99.481,14.25
2026-06-10T14:12:00,PCI_9,gNB-3,99.976,690,0,100.0,191.9,268.2,99.509,99.576,0.12,63,98.579,98.62,99.184,98.424,97.622,72.01,60.1,465.06,155.9,4.65719,99.194,15.77
2026-06-10T14:12:00,PCI_10,gNB-3,99.996,680,1,99.853,191.9,267.5,99.66,99.735,0.207,68,98.34,98.778,98.776,98.417,98.175,68.51,54.76,463.74,165.8,4.72156,99.492,14.72
2026-06-10T14:13:00,PCI_1,gNB-1,99.974,672,0,100.0,189.0,248.0,99.767,99.374,0.085,62,98.397,99.501,98.666,98.96,97.42,77.3,59.39,488.56,154.16,4.8204,99.337,12.91
2026-06-10T14:13:00,PCI_2,gNB-1,99.979,687,0,100.0,185.0,250.2,99.51,99.225,0.168,66,98.942,99.389,98.585,98.364,98.133,67.33,58.03,429.54,143.77,4.29982,99.488,13.39
2026-06-10T14:13:00,PCI_3,gNB-1,100.0,692,0,100.0,183.2,253.1,99.796,99.054,0.148,66,98.198,99.414,98.733,98.385,98.767,77.27,61.74,459.29,165.79,4.68813,99.451,12.17
2026-06-10T14:13:00,PCI_4,gNB-1,99.967,720,0,100.0,192.7,264.2,99.333,99.434,0.128,64,98.555,98.647,98.919,99.102,98.064,79.98,50.51,427.32,159.47,4.40096,99.405,15.57
2026-06-10T14:13:00,PCI_5,gNB-2,99.976,668,0,100.0,184.1,230.6,99.709,99.447,0.198,62,98.408,99.104,99.229,97.97,98.532,73.45,62.73,467.86,151.26,4.64333,99.397,15.84
2026-06-10T14:13:00,PCI_6,gNB-2,99.954,692,0,100.0,187.1,219.9,99.668,99.469,0.173,64,98.571,99.045,99.08,98.626,97.861,72.86,57.78,464.62,155.47,4.6507,99.226,13.47
2026-06-10T14:13:00,PCI_7,gNB-2,99.911,704,0,100.0,190.1,264.7,99.639,99.51,0.199,67,99.133,98.866,98.532,98.014,97.797,77.51,58.85,447.17,134.13,4.35975,99.014,11.88
2026-06-10T14:13:00,PCI_8,gNB-3,99.98,685,1,99.854,197.7,231.7,99.537,99.446,0.167,67,98.763,98.584,98.795,98.694,97.728,71.63,51.77,429.86,147.24,4.32828,99.38,15.47
2026-06-10T14:13:00,PCI_9,gNB-3,100.0,690,1,99.855,184.7,247.4,99.665,99.56,0.135,60,98.737,98.939,98.465,98.297,97.911,72.3,53.42,441.47,155.1,4.47427,99.309,13.09
2026-06-10T14:13:00,PCI_10,gNB-3,99.962,678,1,99.853,186.2,222.1,99.805,98.992,0.072,60,98.207,99.027,98.893,98.073,97.99,71.96,56.88,441.1,160.87,4.51477,99.258,16.98
2026-06-10T14:14:00,PCI_1,gNB-1,99.978,697,1,99.857,192.3,256.4,99.491,99.256,0.032,63,98.263,99.214,98.541,98.376,98.004,70.78,53.76,458.36,151.24,4.57196,99.35,15.22
2026-06-10T14:14:00,PCI_2,gNB-1,99.953,704,1,99.858,185.7,233.6,99.658,99.398,0.247,66,98.332,99.002,98.078,97.816,98.021,73.79,53.11,447.9,145.39,4.44968,99.625,16.43
2026-06-10T14:14:00,PCI_3,gNB-1,99.878,695,1,99.856,181.9,216.7,99.723,99.431,0.082,64,98.728,98.965,98.828,98.366,97.819,80.41,58.68,438.89,162.15,4.50779,99.069,15.03
2026-06-10T14:14:00,PCI_4,gNB-1,99.908,693,1,99.856,181.8,227.1,99.897,99.434,0.238,66,98.111,99.0,98.27,97.842,98.014,74.81,51.91,424.26,175.92,4.50135,99.06,12.42
2026-06-10T14:14:00,PCI_5,gNB-2,100.0,712,1,99.86,194.8,237.1,99.397,99.525,0.101,62,98.584,98.93,98.523,98.193,97.995,76.36,52.15,481.01,154.14,4.76367,99.222,12.19
2026-06-10T14:14:00,PCI_6,gNB-2,99.93,681,1,99.853,193.1,226.6,99.64,99.146,0.059,71,97.963,98.968,98.627,99.039,97.973,75.53,57.42,460.4,163.71,4.68083,99.22,13.91
2026-06-10T14:14:00,PCI_7,gNB-2,99.968,648,0,100.0,181.8,229.4,99.648,99.267,0.161,62,98.36,99.378,99.09,98.334,98.409,75.05,61.56,449.04,141.12,4.42617,99.187,11.03
2026-06-10T14:14:00,PCI_8,gNB-3,99.953,658,1,99.848,178.6,227.5,99.628,99.547,0.083,59,98.535,98.631,98.78,98.256,98.184,73.68,59.95,437.97,159.83,4.48352,98.987,14.76
2026-06-10T14:14:00,PCI_9,gNB-3,99.996,687,0,100.0,193.6,269.5,99.582,99.804,0.106,68,98.432,99.029,98.428,98.694,98.266,71.48,59.69,461.08,156.34,4.6306,98.842,11.89
2026-06-10T14:14:00,PCI_10,gNB-3,100.0,690,1,99.855,183.6,221.2,99.557,99.704,0.075,64,98.922,99.224,98.355,98.323,97.391,72.34,59.05,467.02,162.67,4.72268,99.269,14.93
2026-06-10T14:15:00,PCI_1,gNB-1,99.94,669,0,100.0,174.0,237.8,99.515,99.458,0.23,62,98.637,98.853,99.126,98.016,97.825,69.21,54.59,437.34,160.82,4.48616,98.942,15.41
2026-06-10T14:15:00,PCI_2,gNB-1,99.997,689,1,99.855,189.4,241.7,99.575,99.475,0.275,65,98.636,99.067,98.276,97.862,97.676,67.87,56.62,395.09,159.08,4.15631,98.805,12.13
2026-06-10T14:15:00,PCI_3,gNB-1,99.958,680,1,99.853,194.3,256.0,99.469,99.287,0.123,68,98.708,99.477,98.56,98.523,97.685,69.43,59.16,426.82,151.28,4.33576,99.046,15.47
2026-06-10T14:15:00,PCI_4,gNB-1,99.985,688,0,100.0,188.2,260.3,99.444,99.325,0.012,66,98.171,98.839,98.542,97.696,97.688,65.38,56.68,469.89,156.33,4.69667,99.448,15.46
2026-06-10T14:15:00,PCI_5,gNB-2,99.985,658,0,100.0,170.2,204.6,99.646,99.672,0.005,62,98.264,99.2,98.786,98.17,98.142,70.14,57.76,433.62,140.54,4.30619,99.131,12.23
2026-06-10T14:15:00,PCI_6,gNB-2,99.992,700,1,99.857,192.5,243.9,99.594,99.344,0.061,71,98.107,98.795,98.805,98.465,98.216,74.27,57.23,453.09,141.18,4.45706,99.226,11.36
2026-06-10T14:15:00,PCI_7,gNB-2,99.928,663,1,99.849,195.9,259.8,99.743,99.498,0.117,62,99.181,98.718,98.38,97.745,98.791,67.15,51.22,434.03,144.78,4.34111,99.17,13.83
2026-06-10T14:15:00,PCI_8,gNB-3,99.963,716,0,100.0,194.5,239.3,99.451,98.725,0.25,62,98.486,99.163,98.775,98.549,98.358,69.41,52.79,455.9,134.43,4.42748,99.829,13.43
2026-06-10T14:15:00,PCI_9,gNB-3,99.99,660,1,99.848,185.4,239.9,99.532,99.546,0.175,66,98.891,99.281,98.435,98.738,98.392,72.79,54.42,480.69,143.28,4.67975,99.473,14.2
2026-06-10T14:15:00,PCI_10,gNB-3,99.986,679,0,100.0,195.8,235.6,99.557,99.615,0.038,68,98.41,98.878,98.897,98.363,97.24,67.28,60.23,438.09,154.73,4.44613,99.446,16.62
2026-06-10T14:16:00,PCI_1,gNB-1,100.0,669,1,99.851,187.2,230.7,99.217,99.161,0.182,63,98.431,99.248,98.808,98.083,97.72,72.0,56.6,449.52,145.82,4.46505,99.38,11.52
2026-06-10T14:16:00,PCI_2,gNB-1,99.946,657,1,99.848,176.5,232.3,99.516,99.505,0.257,63,98.936,98.24,98.624,98.352,98.546,80.59,50.83,444.04,134.42,4.33844,99.053,13.57
2026-06-10T14:16:00,PCI_3,gNB-1,99.984,670,0,100.0,179.4,221.5,99.8,99.833,0.132,63,98.536,99.091,98.719,97.71,98.093,72.38,52.95,455.21,155.9,4.58335,98.969,12.24
2026-06-10T14:16:00,PCI_4,gNB-1,99.951,661,1,99.849,185.0,258.9,99.584,99.589,0.095,59,98.905,99.06,98.474,98.41,98.126,67.76,52.78,467.34,150.41,4.63319,99.114,13.07
2026-06-10T14:16:00,PCI_5,gNB-2,99.947,686,0,100.0,192.6,242.9,99.604,99.213,0.006,65,98.326,98.867,98.256,98.869,97.57,74.84,58.47,412.71,148.9,4.21206,99.433,15.51
2026-06-10T14:16:00,PCI_6,gNB-2,99.979,695,2,99.712,184.3,235.3,99.516,99.369,0.171,66,99.036,98.836,99.118,98.352,98.087,72.92,55.92,433.84,146.05,4.34917,98.758,12.54
2026-06-10T14:16:00,PCI_7,gNB-2,99.932,670,1,99.851,187.3,225.0,99.618,99.193,0.32,66,98.654,98.788,98.354,98.857,98.272,68.51,57.86,493.45,159.74,4.8989,99.336,11.53
2026-06-10T14:16:00,PCI_8,gNB-3,99.951,645,1,99.845,186.5,233.3,99.52,99.043,0.127,68,98.158,98.929,98.922,98.065,97.993,64.54,54.03,433.31,158.49,4.43847,99.985,12.66
2026-06-10T14:16:00,PCI_9,gNB-3,99.983,674,0,100.0,177.4,240.6,99.623,99.585,0.064,66,98.274,99.292,99.444,98.54,97.383,67.99,51.26,460.58,149.93,4.57882,99.056,14.74
2026-06-10T14:16:00,PCI_10,gNB-3,99.939,700,0,100.0,176.6,235.2,99.304,99.453,0.299,66,99.166,98.761,98.943,98.709,97.952,71.24,49.41,444.4,171.86,4.62199,99.363,15.73
2026-06-10T14:17:00,PCI_1,gNB-1,100.0,683,1,99.854,190.6,242.7,99.85,99.741,0.183,70,98.047,98.926,98.682,97.773,97.644,71.82,55.89,428.16,152.33,4.35371,99.629,14.35
2026-06-10T14:17:00,PCI_2,gNB-1,100.0,655,0,100.0,194.5,225.1,99.43,99.386,0.19,70,98.314,98.738,98.37,97.509,97.84,73.55,53.77,395.27,155.26,4.129,99.158,13.28
2026-06-10T14:17:00,PCI_3,gNB-1,99.946,682,1,99.853,192.7,254.4,99.465,99.193,0.146,66,98.469,99.368,98.862,98.196,97.751,74.89,50.79,441.04,155.84,4.47662,98.933,10.99
2026-06-10T14:17:00,PCI_4,gNB-1,99.999,699,0,100.0,175.6,219.2,99.326,99.89,0.155,64,98.524,99.191,98.795,98.638,98.583,73.42,50.77,415.38,158.63,4.30504,99.124,16.08
2026-06-10T14:17:00,PCI_5,gNB-2,99.949,703,1,99.858,194.2,229.9,99.488,99.519,0.183,68,98.495,99.302,98.412,98.051,98.035,69.32,54.88,411.64,142.75,4.15795,99.339,13.59
2026-06-10T14:17:00,PCI_6,gNB-2,99.989,690,1,99.855,192.9,249.8,99.699,99.435,0.093,67,98.872,98.798,98.867,98.271,97.731,69.2,60.98,377.7,146.34,3.93032,98.879,12.15
2026-06-10T14:17:00,PCI_7,gNB-2,99.982,673,0,100.0,191.2,257.8,99.518,99.191,0.178,63,99.038,98.663,99.596,98.266,98.394,68.54,57.54,422.76,153.95,4.32532,99.706,13.29
2026-06-10T14:17:00,PCI_8,gNB-3,99.916,699,0,100.0,185.1,250.6,99.314,99.306,0.303,70,98.635,98.942,98.759,98.567,98.496,65.27,53.9,446.84,136.84,4.37753,98.942,13.94
2026-06-10T14:17:00,PCI_9,gNB-3,99.932,678,1,99.853,180.7,216.3,99.651,99.378,0.063,64,98.179,99.451,98.431,97.844,98.168,66.24,64.86,415.58,150.29,4.24407,99.245,13.51
2026-06-10T14:17:00,PCI_10,gNB-3,99.973,696,0,100.0,186.1,244.4,99.56,99.246,0.308,65,98.677,98.551,98.573,98.505,98.268,69.07,55.99,463.53,157.61,4.65858,99.157,12.15
2026-06-10T14:18:00,PCI_1,gNB-1,99.993,684,0,100.0,193.0,260.2,99.458,99.348,0.256,63,98.57,99.372,98.967,99.199,97.175,73.09,52.54,437.79,156.58,4.45777,99.475,13.19
2026-06-10T14:18:00,PCI_2,gNB-1,99.924,630,0,100.0,191.6,251.1,99.488,99.034,0.185,62,98.646,98.755,98.916,98.215,98.498,70.29,59.49,454.64,154.75,4.5704,98.873,14.8
2026-06-10T14:18:00,PCI_3,gNB-1,99.95,674,0,100.0,191.1,260.3,99.692,99.473,0.083,67,97.835,98.596,99.077,97.84,98.311,61.18,61.3,431.65,134.97,4.24964,99.262,14.06
2026-06-10T14:18:00,PCI_4,gNB-1,99.985,683,0,100.0,208.7,250.0,99.665,99.219,0.222,77,98.152,98.8,98.971,98.578,98.037,81.09,54.55,447.39,148.55,4.46959,98.722,12.83
2026-06-10T14:18:00,PCI_5,gNB-2,100.0,644,1,99.845,189.8,264.4,99.698,99.406,0.224,68,98.384,98.904,98.78,98.204,97.63,72.7,64.76,432.11,147.2,4.34481,99.073,14.03
2026-06-10T14:18:00,PCI_6,gNB-2,99.985,680,1,99.853,181.4,245.4,99.63,99.252,0.123,63,98.03,99.03,98.573,98.371,97.844,68.99,63.07,429.28,146.01,4.31468,99.056,12.1
2026-06-10T14:18:00,PCI_7,gNB-2,99.976,674,0,100.0,183.0,234.0,99.725,99.386,0.112,58,98.298,98.857,98.405,98.323,97.648,78.43,58.77,485.48,151.84,4.77985,99.215,16.57
2026-06-10T14:18:00,PCI_8,gNB-3,99.96,691,1,99.855,185.8,219.1,99.527,99.037,0.088,65,98.353,99.193,98.625,98.509,98.169,59.27,61.05,404.48,164.18,4.26495,99.531,12.44
2026-06-10T14:18:00,PCI_9,gNB-3,99.996,689,0,100.0,190.9,230.2,99.561,99.473,0.184,64,98.56,99.148,98.48,98.161,97.938,71.09,57.92,405.87,163.38,4.26935,99.169,12.33
2026-06-10T14:18:00,PCI_10,gNB-3,99.981,643,0,100.0,178.9,238.7,99.885,99.64,0.1,67,98.841,98.981,98.751,98.279,97.282,67.53,59.07,496.9,162.0,4.94178,99.062,14.12
2026-06-10T14:19:00,PCI_1,gNB-1,99.952,704,1,99.858,191.1,258.7,99.611,99.707,0.186,67,98.217,99.272,98.289,98.713,98.016,66.23,61.36,426.98,149.89,4.32648,98.938,13.08
2026-06-10T14:19:00,PCI_2,gNB-1,99.963,669,1,99.851,189.4,251.6,99.567,99.636,0.139,67,98.09,99.178,99.023,98.607,98.337,62.23,52.23,498.54,143.88,4.81815,98.858,14.42
2026-06-10T14:19:00,PCI_3,gNB-1,99.972,685,1,99.854,184.2,247.2,99.29,99.479,0.154,62,98.577,99.101,98.998,98.666,98.313,73.45,59.57,443.68,149.71,4.45038,99.704,13.27
2026-06-10T14:19:00,PCI_4,gNB-1,99.972,689,0,100.0,186.5,258.6,99.301,99.339,0.042,67,98.311,98.816,98.299,97.666,97.727,64.53,59.53,461.14,141.26,4.51801,99.004,13.57
2026-06-10T14:19:00,PCI_5,gNB-2,99.926,670,2,99.701,189.6,236.6,99.768,99.632,0.111,65,98.092,99.341,98.796,97.973,98.221,72.16,53.56,430.66,148.73,4.34542,99.167,15.47
2026-06-10T14:19:00,PCI_6,gNB-2,99.966,694,0,100.0,181.3,248.3,99.612,99.403,0.114,62,98.542,98.848,98.48,98.279,98.699,67.29,57.4,433.58,154.29,4.40907,98.776,11.0
2026-06-10T14:19:00,PCI_7,gNB-2,99.992,709,1,99.859,181.6,221.4,99.569,99.283,0.208,66,98.437,99.208,98.581,98.142,98.607,76.05,59.12,441.05,139.38,4.35325,99.205,11.89
2026-06-10T14:19:00,PCI_8,gNB-3,99.973,661,1,99.849,197.3,234.9,99.44,99.386,0.076,73,98.531,98.98,98.772,98.973,98.038,65.27,65.03,463.12,152.77,4.61921,99.362,12.33
2026-06-10T14:19:00,PCI_9,gNB-3,99.925,671,0,100.0,191.2,266.9,99.633,99.605,0.286,67,98.521,99.026,99.247,98.319,98.084,72.43,57.43,408.2,139.66,4.10901,98.546,14.31
2026-06-10T14:19:00,PCI_10,gNB-3,100.0,668,1,99.85,180.2,221.9,99.451,99.345,0.081,65,98.926,99.341,98.912,98.376,98.251,70.34,56.04,411.58,145.91,4.18119,99.001,12.43
2026-06-10T14:20:00,PCI_1,gNB-1,99.95,666,0,100.0,191.8,255.7,99.472,99.461,0.1,65,98.475,99.242,98.964,98.764,97.696,72.37,55.78,468.03,154.81,4.67135,99.479,10.71
2026-06-10T14:20:00,PCI_2,gNB-1,99.944,667,0,100.0,173.3,220.3,99.439,99.557,0.284,58,98.493,99.331,98.449,98.104,98.458,75.53,56.87,485.91,141.51,4.70568,99.344,13.49
2026-06-10T14:20:00,PCI_3,gNB-1,99.961,685,1,99.854,170.2,237.7,99.556,99.052,0.0,61,98.472,98.839,98.272,97.882,97.784,74.36,52.66,430.73,142.15,4.29664,99.767,12.41
2026-06-10T14:20:00,PCI_4,gNB-1,99.955,669,1,99.851,190.2,224.2,99.671,99.734,0.105,69,98.077,98.334,98.375,98.438,98.184,68.62,52.41,390.52,148.46,4.04239,99.398,14.45
2026-06-10T14:20:00,PCI_5,gNB-2,100.0,646,1,99.845,179.9,236.9,99.535,99.247,0.089,66,99.101,99.325,98.818,98.084,97.487,71.55,52.97,372.89,143.94,3.87622,99.068,13.66
2026-06-10T14:20:00,PCI_6,gNB-2,99.959,659,0,100.0,185.2,250.1,99.54,99.188,0.214,64,98.431,99.305,99.18,98.592,98.035,69.73,60.71,467.78,159.85,4.70721,99.563,13.44
2026-06-10T14:20:00,PCI_7,gNB-2,99.996,669,1,99.851,176.0,220.7,99.615,99.472,0.106,63,98.012,98.444,99.454,98.039,97.712,66.61,53.51,463.84,143.16,4.55251,99.038,12.78
2026-06-10T14:20:00,PCI_8,gNB-3,99.982,673,0,100.0,177.9,222.3,99.78,99.373,0.104,64,98.38,99.198,98.49,98.364,97.604,72.01,56.39,396.12,140.68,4.02598,99.226,13.76
2026-06-10T14:20:00,PCI_9,gNB-3,99.94,676,0,100.0,187.6,231.0,99.492,99.041,0.133,70,98.497,98.847,98.932,99.011,98.279,70.8,55.03,447.45,154.44,4.51422,99.259,12.88
2026-06-10T14:20:00,PCI_10,gNB-3,99.969,668,1,99.85,190.5,255.1,99.418,99.21,0.155,72,98.748,98.666,98.888,98.428,97.895,62.25,62.24,414.63,152.93,4.25674,99.012,10.89
2026-06-10T14:21:00,PCI_1,gNB-1,99.976,674,1,99.852,192.7,245.8,99.786,99.332,0.145,69,98.068,98.961,99.011,98.076,98.089,69.33,49.66,457.14,160.94,4.63555,99.221,14.23
2026-06-10T14:21:00,PCI_2,gNB-1,99.957,705,0,100.0,190.9,239.5,99.38,99.247,0.152,64,98.115,98.558,98.412,98.067,98.407,73.62,55.52,410.88,155.87,4.2506,98.866,13.22
2026-06-10T14:21:00,PCI_3,gNB-1,99.942,668,1,99.85,191.0,224.1,99.683,99.332,0.137,66,98.693,99.244,98.895,98.507,97.59,70.67,55.55,409.07,152.75,4.21365,99.204,13.76
2026-06-10T14:21:00,PCI_4,gNB-1,99.96,668,0,100.0,183.3,230.5,99.667,99.224,0.064,68,98.448,99.084,98.261,98.185,98.211,72.25,51.87,483.2,146.19,4.72036,99.029,13.93
2026-06-10T14:21:00,PCI_5,gNB-2,99.949,682,1,99.853,192.0,234.5,99.749,99.226,0.134,67,98.208,99.328,99.326,98.329,97.387,67.64,57.49,417.41,164.34,4.36313,99.25,11.64
2026-06-10T14:21:00,PCI_6,gNB-2,99.97,677,1,99.852,178.4,217.8,99.376,99.169,0.046,63,98.964,98.931,98.634,98.441,97.9,65.78,60.45,472.57,144.19,4.62571,99.434,12.36
2026-06-10T14:21:00,PCI_7,gNB-2,99.987,670,1,99.851,189.3,252.1,99.616,99.518,0.148,67,99.077,98.905,98.274,98.319,98.249,64.77,54.64,412.54,141.41,4.15461,99.592,10.82
2026-06-10T14:21:00,PCI_8,gNB-3,99.985,681,1,99.853,177.7,214.7,99.197,99.104,0.141,57,98.45,98.742,98.524,98.417,97.854,73.47,51.14,426.22,136.96,4.22383,99.073,11.03
2026-06-10T14:21:00,PCI_9,gNB-3,99.95,644,1,99.845,184.0,256.4,99.653,99.309,0.066,66,99.067,99.152,98.991,98.135,97.59,71.86,60.38,430.12,150.41,4.35396,99.311,14.75
2026-06-10T14:21:00,PCI_10,gNB-3,100.0,674,0,100.0,189.0,239.1,99.743,99.42,0.136,68,98.95,98.852,98.959,98.388,98.545,71.01,55.99,412.35,155.53,4.25913,99.319,16.5
2026-06-10T14:22:00,PCI_1,gNB-1,100.0,677,0,100.0,183.9,217.2,99.549,99.652,0.16,63,99.009,99.049,98.7,98.664,98.333,71.72,57.4,419.85,150.9,4.28066,98.923,9.38
2026-06-10T14:22:00,PCI_2,gNB-1,99.945,658,1,99.848,194.1,245.3,99.439,99.523,0.238,66,98.664,98.662,98.737,98.216,98.389,72.57,51.83,426.12,145.32,4.28578,99.127,14.32
2026-06-10T14:22:00,PCI_3,gNB-1,99.969,620,0,100.0,196.4,269.9,99.518,99.546,0.218,67,98.755,98.679,99.193,98.351,97.297,76.72,54.12,410.12,142.78,4.14676,99.492,11.71
2026-06-10T14:22:00,PCI_4,gNB-1,99.993,662,0,100.0,185.9,255.7,99.632,99.561,0.163,66,98.642,99.029,98.796,98.445,97.696,67.68,58.89,456.2,160.09,4.62222,98.814,13.99
2026-06-10T14:22:00,PCI_5,gNB-2,99.995,674,0,100.0,192.0,264.9,99.522,99.54,0.209,66,98.341,98.793,98.679,98.688,97.831,66.63,64.66,402.87,163.52,4.24786,99.355,13.4
2026-06-10T14:22:00,PCI_6,gNB-2,99.927,640,1,99.844,173.1,214.1,99.622,99.194,0.208,60,98.626,98.776,98.29,98.399,97.736,70.3,52.0,416.38,159.48,4.31892,99.221,11.79
2026-06-10T14:22:00,PCI_7,gNB-2,99.924,685,1,99.854,196.3,247.5,99.717,99.614,0.209,75,98.517,99.279,98.227,97.85,98.058,70.1,58.95,398.36,157.77,4.17096,99.47,14.27
2026-06-10T14:22:00,PCI_8,gNB-3,99.987,679,0,100.0,179.8,228.4,99.425,99.708,0.169,65,98.189,99.173,98.514,98.19,97.863,71.87,52.82,438.92,162.48,4.51046,98.899,13.71
2026-06-10T14:22:00,PCI_9,gNB-3,100.0,664,0,100.0,179.7,230.3,99.706,99.342,0.22,63,98.781,98.788,98.759,98.347,97.638,79.81,61.52,397.59,139.97,4.03173,99.641,15.16
2026-06-10T14:22:00,PCI_10,gNB-3,100.0,670,0,100.0,187.0,223.6,99.703,99.502,0.274,65,98.321,99.159,99.04,98.667,97.988,67.25,61.7,410.27,146.34,4.17456,99.62,12.8
2026-06-10T14:23:00,PCI_1,gNB-1,99.954,647,0,100.0,179.9,207.0,99.186,99.401,0.165,67,98.253,98.488,98.923,98.769,97.469,70.28,55.95,459.47,138.22,4.48269,98.921,16.4
2026-06-10T14:23:00,PCI_2,gNB-1,99.992,680,1,99.853,191.2,248.1,99.646,99.357,0.236,66,98.52,99.252,98.557,98.483,97.698,66.62,58.34,448.74,162.77,4.58638,98.98,10.71
2026-06-10T14:23:00,PCI_3,gNB-1,100.0,693,1,99.856,193.3,230.3,99.494,99.599,0.083,67,98.579,98.74,98.687,98.017,98.324,72.22,61.71,457.81,155.11,4.59694,99.713,14.27
2026-06-10T14:23:00,PCI_4,gNB-1,99.957,711,2,99.719,181.3,208.6,99.474,99.378,0.206,63,98.329,99.146,98.729,98.009,97.703,76.04,49.22,454.45,150.87,4.53993,99.048,15.96
2026-06-10T14:23:00,PCI_5,gNB-2,100.0,687,1,99.854,172.9,202.0,99.478,99.345,0.216,59,98.18,98.695,98.895,98.772,97.77,70.66,59.83,421.8,136.85,4.18993,99.315,12.86
2026-06-10T14:23:00,PCI_6,gNB-2,100.0,664,1,99.849,192.3,242.8,99.795,99.458,0.168,67,97.998,98.861,98.576,98.68,98.777,74.3,62.13,478.33,148.6,4.70196,99.104,15.96
2026-06-10T14:23:00,PCI_7,gNB-2,99.911,659,0,100.0,180.6,236.2,99.662,99.486,0.178,63,98.667,99.047,98.843,98.315,97.34,70.63,63.84,405.33,157.34,4.22001,98.869,17.06
2026-06-10T14:23:00,PCI_8,gNB-3,99.963,648,1,99.846,196.6,228.5,99.697,99.319,0.197,69,98.877,98.821,98.446,98.231,98.203,62.46,54.89,426.37,156.18,4.36908,99.082,14.66
2026-06-10T14:23:00,PCI_9,gNB-3,100.0,662,0,100.0,176.8,234.1,99.508,99.673,0.194,63,98.329,98.397,98.731,97.842,98.107,68.44,53.35,431.65,144.64,4.32216,98.914,12.34
2026-06-10T14:23:00,PCI_10,gNB-3,99.964,679,1,99.853,190.1,231.6,99.457,98.898,0.173,68,98.413,99.131,98.659,98.329,97.869,70.9,57.24,425.85,148.1,4.30459,99.388,12.46
2026-06-10T14:24:00,PCI_1,gNB-1,99.977,671,0,100.0,174.9,222.9,99.598,99.579,0.132,65,98.189,99.278,98.846,98.121,98.162,71.18,55.24,400.73,153.76,4.15865,99.168,14.75
2026-06-10T14:24:00,PCI_2,gNB-1,99.926,678,0,100.0,186.7,219.5,99.404,99.556,0.11,64,98.852,98.755,98.03,98.422,97.91,76.12,58.8,421.81,154.75,4.32419,98.856,12.27
2026-06-10T14:24:00,PCI_3,gNB-1,99.965,670,1,99.851,188.2,229.5,99.491,99.45,0.167,65,98.27,99.053,98.719,98.184,98.288,73.27,59.93,411.44,163.97,4.31559,99.265,13.75
2026-06-10T14:24:00,PCI_4,gNB-1,99.997,666,1,99.85,192.3,224.8,99.457,99.418,0.124,62,98.423,99.042,98.732,97.939,97.962,67.58,61.43,451.19,154.78,4.54476,99.02,14.87
2026-06-10T14:24:00,PCI_5,gNB-2,99.947,676,1,99.852,179.4,219.5,99.651,99.506,0.174,56,98.697,98.973,98.274,98.11,97.982,73.18,57.78,450.03,150.5,4.504,98.861,13.55
2026-06-10T14:24:00,PCI_6,gNB-2,99.985,682,0,100.0,189.1,246.0,99.517,99.363,0.264,63,97.714,99.253,98.872,98.601,97.964,67.67,60.13,429.45,148.37,4.33362,99.543,9.61
2026-06-10T14:24:00,PCI_7,gNB-2,99.958,687,1,99.854,183.4,250.1,99.709,99.571,0.152,59,98.528,99.079,98.838,98.226,98.038,66.67,51.74,435.92,143.35,4.3445,99.073,15.74
2026-06-10T14:24:00,PCI_8,gNB-3,99.987,670,0,100.0,188.9,249.8,99.654,99.43,0.266,69,98.396,98.966,99.144,98.136,98.179,72.68,52.5,420.76,147.67,4.26324,99.063,16.33
2026-06-10T14:24:00,PCI_9,gNB-3,99.995,666,1,99.85,198.2,258.2,99.408,99.701,0.047,66,98.677,98.452,98.311,98.585,97.729,68.87,57.36,391.14,152.45,4.07696,99.213,15.04
2026-06-10T14:24:00,PCI_10,gNB-3,99.933,675,0,100.0,175.8,212.8,99.671,99.313,0.047,61,98.642,99.212,98.649,98.374,98.105,77.22,52.16,453.95,154.15,4.56078,99.345,14.65
2026-06-10T14:25:00,PCI_1,gNB-1,99.945,655,1,99.847,187.2,251.1,99.76,99.209,0.198,71,98.566,98.737,98.641,97.872,98.185,75.43,58.65,427.98,147.79,4.31825,99.247,13.32
2026-06-10T14:25:00,PCI_2,gNB-1,99.999,668,1,99.85,191.1,259.8,99.631,99.493,0.232,64,98.811,98.43,98.684,98.216,98.415,68.36,56.82,404.14,147.86,4.13997,98.588,14.68
2026-06-10T14:25:00,PCI_3,gNB-1,100.0,669,1,99.851,189.3,234.2,99.89,99.418,0.198,66,98.655,99.104,98.6,98.699,98.226,71.75,53.8,363.25,151.61,3.86147,99.631,13.2
2026-06-10T14:25:00,PCI_4,gNB-1,100.0,662,0,100.0,173.4,223.7,99.495,99.096,0.061,57,98.927,99.054,98.639,98.257,97.714,71.15,55.99,484.18,141.63,4.69357,99.231,14.92
2026-06-10T14:25:00,PCI_5,gNB-2,99.939,672,1,99.851,180.4,235.5,99.803,99.214,0.226,60,98.271,99.185,98.862,97.955,98.069,73.01,59.15,445.13,167.38,4.59378,98.958,11.61
2026-06-10T14:25:00,PCI_6,gNB-2,99.956,643,1,99.844,190.1,219.6,99.503,99.732,0.144,66,98.498,99.028,98.538,98.339,97.474,75.29,60.41,433.49,157.59,4.43309,99.005,15.08
2026-06-10T14:25:00,PCI_7,gNB-2,100.0,684,1,99.854,185.7,219.6,99.883,99.484,0.181,67,98.311,99.241,98.377,98.365,97.815,71.27,58.3,408.71,160.38,4.26815,99.165,12.73
2026-06-10T14:25:00,PCI_8,gNB-3,100.0,657,0,100.0,184.1,215.4,99.374,99.327,0.21,66,98.393,98.86,98.415,98.161,98.422,68.32,61.02,448.18,151.83,4.50007,98.817,15.37
2026-06-10T14:25:00,PCI_9,gNB-3,99.989,656,1,99.848,178.2,245.2,99.635,99.741,0.174,63,98.436,99.056,98.914,98.217,97.981,72.88,61.29,453.4,149.51,4.52182,99.397,11.98
2026-06-10T14:25:00,PCI_10,gNB-3,99.976,676,1,99.852,183.0,226.6,99.707,99.296,0.147,63,98.748,99.207,98.569,98.236,98.306,74.3,54.47,436.04,151.41,4.40587,99.116,14.23
2026-06-10T14:26:00,PCI_1,gNB-1,99.921,638,0,100.0,183.6,255.1,99.635,98.85,0.185,62,98.474,98.935,98.909,98.021,97.362,70.7,56.24,444.47,139.95,4.38315,99.582,16.19
2026-06-10T14:26:00,PCI_2,gNB-1,99.945,659,0,100.0,199.4,277.6,99.463,99.538,0.093,71,98.767,98.579,98.051,98.434,97.993,69.16,58.13,449.85,145.11,4.46221,98.866,15.44
2026-06-10T14:26:00,PCI_3,gNB-1,99.966,664,0,100.0,187.8,226.9,99.52,99.428,0.097,66,98.327,99.379,99.134,98.089,97.949,74.94,52.84,411.15,148.62,4.19829,99.15,11.36
2026-06-10T14:26:00,PCI_4,gNB-1,99.949,669,0,100.0,186.9,217.2,99.516,99.253,0.091,63,98.248,99.189,98.413,98.322,98.386,63.52,52.13,485.79,158.53,4.83242,99.156,15.27
2026-06-10T14:26:00,PCI_5,gNB-2,99.929,657,1,99.848,178.5,211.1,99.629,99.443,0.123,63,98.773,98.671,99.184,98.338,97.619,68.55,53.69,410.1,134.83,4.08693,99.324,12.37
2026-06-10T14:26:00,PCI_6,gNB-2,100.0,644,0,100.0,170.6,218.4,99.549,99.156,0.214,57,98.749,98.686,98.73,98.111,98.205,74.33,51.06,410.69,157.15,4.25884,98.558,14.29
2026-06-10T14:26:00,PCI_7,gNB-2,99.983,667,0,100.0,181.7,252.1,99.472,99.681,0.115,63,98.639,99.176,98.718,98.328,97.756,76.25,56.4,475.11,159.14,4.75687,99.266,12.33
2026-06-10T14:26:00,PCI_8,gNB-3,99.987,661,0,100.0,188.7,222.3,99.649,99.443,0.096,67,98.636,99.262,99.199,98.266,97.773,79.05,58.52,443.28,160.6,4.52909,98.643,13.06
2026-06-10T14:26:00,PCI_9,gNB-3,100.0,669,0,100.0,184.9,215.5,99.733,99.164,0.227,64,98.1,98.95,99.069,98.054,97.816,70.71,55.01,414.77,144.74,4.19627,98.991,14.19
2026-06-10T14:26:00,PCI_10,gNB-3,99.972,669,0,100.0,165.2,200.3,99.494,99.665,0.169,58,98.795,99.225,98.583,98.402,98.271,71.82,56.2,412.5,152.03,4.23392,98.97,10.92
2026-06-10T14:27:00,PCI_1,gNB-1,99.988,666,0,100.0,190.7,231.3,99.773,99.282,0.159,65,97.963,98.876,98.438,98.652,97.772,69.64,56.51,438.28,148.23,4.39888,99.182,13.79
2026-06-10T14:27:00,PCI_2,gNB-1,99.978,645,1,99.845,162.4,196.2,99.71,99.653,0.263,59,98.582,98.894,98.532,98.378,98.483,69.14,56.18,442.75,147.38,4.42599,98.884,12.14
2026-06-10T14:27:00,PCI_3,gNB-1,99.916,649,0,100.0,178.4,213.6,99.802,99.521,0.141,60,98.941,98.9,98.296,98.303,97.99,76.14,56.38,424.88,156.08,4.35724,99.41,13.55
2026-06-10T14:27:00,PCI_4,gNB-1,99.96,677,1,99.852,185.2,213.4,99.314,99.518,0.122,64,98.363,98.677,98.427,98.56,97.566,67.19,49.48,439.88,152.25,4.44096,99.598,12.67
2026-06-10T14:27:00,PCI_5,gNB-2,99.95,655,1,99.847,178.9,229.8,99.584,99.366,0.157,58,98.559,98.888,98.654,98.376,97.847,73.57,60.72,422.53,140.41,4.22199,98.728,13.84
2026-06-10T14:27:00,PCI_6,gNB-2,99.991,663,1,99.849,182.5,247.0,99.27,99.335,0.219,66,97.9,98.783,98.767,98.44,97.325,68.39,54.15,458.98,146.18,4.53872,99.151,15.01
2026-06-10T14:27:00,PCI_7,gNB-2,99.99,644,0,100.0,183.5,216.6,99.78,99.231,0.269,62,98.97,99.172,98.486,98.049,97.98,73.42,50.66,414.97,162.36,4.32997,99.418,14.75
2026-06-10T14:27:00,PCI_8,gNB-3,99.938,674,0,100.0,186.5,237.2,99.575,99.503,0.16,66,98.412,99.283,98.58,98.953,98.008,72.55,61.35,439.62,137.54,4.3287,99.198,12.98
2026-06-10T14:27:00,PCI_9,gNB-3,99.979,662,0,100.0,183.4,216.6,99.685,99.313,0.234,59,98.405,98.858,98.511,97.938,97.182,74.34,64.75,427.38,148.98,4.3227,99.473,12.53
2026-06-10T14:27:00,PCI_10,gNB-3,99.978,688,0,100.0,183.1,237.7,99.783,99.116,0.061,67,98.363,98.435,98.925,98.36,97.928,66.59,52.72,429.29,164.97,4.45698,99.218,16.83
2026-06-10T14:28:00,PCI_1,gNB-1,99.959,677,1,99.852,189.1,228.7,99.704,99.147,0.1,64,98.079,98.818,98.505,98.394,98.19,71.75,47.96,430.24,152.03,4.36702,98.888,13.14
2026-06-10T14:28:00,PCI_2,gNB-1,99.955,699,1,99.857,180.0,222.6,99.297,99.468,0.095,63,98.428,98.759,98.318,98.799,98.163,67.36,53.13,383.08,138.93,3.91511,98.804,10.62
2026-06-10T14:28:00,PCI_3,gNB-1,99.952,661,0,100.0,187.0,252.8,99.675,99.132,0.055,64,98.713,99.337,98.798,98.577,98.075,72.36,53.83,453.07,142.96,4.47025,99.043,15.86
2026-06-10T14:28:00,PCI_4,gNB-1,100.0,658,1,99.848,178.1,210.1,99.539,99.515,0.142,61,98.643,99.038,98.93,97.504,98.376,72.35,54.22,414.69,151.4,4.2457,99.054,11.67
2026-06-10T14:28:00,PCI_5,gNB-2,99.985,661,0,100.0,187.3,242.0,99.226,99.382,0.193,64,98.486,98.602,98.576,98.544,98.013,64.02,59.38,450.01,145.03,4.46283,99.236,13.83
2026-06-10T14:28:00,PCI_6,gNB-2,99.924,658,1,99.848,185.8,231.9,99.652,99.736,0.182,64,98.213,99.123,98.658,97.895,98.172,80.73,61.41,428.97,140.04,4.26759,99.109,11.55
2026-06-10T14:28:00,PCI_7,gNB-2,99.971,651,0,100.0,200.9,246.3,99.911,99.53,0.069,70,98.804,99.145,98.965,98.485,97.92,70.53,53.05,402.96,144.36,4.10494,98.976,13.97
2026-06-10T14:28:00,PCI_8,gNB-3,99.984,653,0,100.0,181.5,244.0,99.729,99.566,0.164,62,98.101,99.124,98.87,98.509,97.871,72.02,57.24,440.09,145.66,4.39313,99.539,13.56
2026-06-10T14:28:00,PCI_9,gNB-3,99.94,677,0,100.0,188.6,237.7,99.749,99.404,0.175,66,98.683,98.542,98.24,98.371,98.158,66.76,60.21,420.27,145.82,4.24571,99.059,12.55
2026-06-10T14:28:00,PCI_10,gNB-3,99.954,652,1,99.847,180.4,238.6,99.715,99.293,0.224,65,98.458,98.971,98.319,98.963,97.954,74.75,61.08,420.85,154.32,4.31377,99.042,12.03
2026-06-10T14:29:00,PCI_1,gNB-1,99.971,666,0,100.0,183.9,220.5,99.373,99.429,0.404,67,98.475,98.992,99.02,98.125,97.526,72.37,57.68,484.7,147.58,4.74211,99.422,13.71
2026-06-10T14:29:00,PCI_2,gNB-1,100.0,664,1,99.849,180.3,241.0,99.658,99.306,0.116,64,98.375,98.986,98.786,98.136,97.678,67.44,60.81,413.56,155.75,4.26979,99.369,14.11
2026-06-10T14:29:00,PCI_3,gNB-1,99.974,687,0,100.0,194.6,268.3,99.582,99.673,0.15,62,98.361,98.642,98.565,98.172,98.27,68.48,53.92,404.11,152.83,4.17707,99.157,12.21
2026-06-10T14:29:00,PCI_4,gNB-1,99.936,684,1,99.854,181.7,229.6,99.469,99.301,0.086,64,98.642,99.185,99.029,98.019,98.444,62.15,58.53,412.24,138.48,4.1304,99.437,14.32
2026-06-10T14:29:00,PCI_5,gNB-2,99.982,651,1,99.846,190.0,224.3,99.491,99.312,0.108,70,98.436,98.948,98.446,97.681,97.955,68.09,57.62,373.05,144.19,3.87931,99.07,13.49
2026-06-10T14:29:00,PCI_6,gNB-2,100.0,655,0,100.0,160.3,202.2,99.638,99.334,0.078,56,98.475,99.195,98.509,97.936,98.554,74.17,54.31,435.35,143.75,4.34327,99.132,10.9
2026-06-10T14:29:00,PCI_7,gNB-2,100.0,655,1,99.847,185.9,237.3,99.562,99.656,0.024,65,98.436,98.945,98.914,98.108,97.944,70.75,59.72,446.64,144.26,4.43178,99.535,12.94
2026-06-10T14:29:00,PCI_8,gNB-3,99.996,659,1,99.848,184.0,250.3,99.487,99.599,0.112,64,98.942,99.004,98.607,97.873,98.247,77.97,55.95,403.68,160.12,4.22844,99.314,12.86
2026-06-10T14:29:00,PCI_9,gNB-3,99.978,694,1,99.856,163.9,193.2,99.668,99.477,0.0,53,98.38,98.432,98.934,98.325,97.736,63.49,53.48,415.37,150.46,4.24373,98.985,14.46
2026-06-10T14:29:00,PCI_10,gNB-3,99.989,638,1,99.843,184.2,252.0,99.649,99.032,0.072,66,97.98,99.162,98.785,98.093,98.148,69.99,58.34,435.42,152.51,4.40945,98.944,12.29
2026-06-10T14:30:00,PCI_1,gNB-1,100.0,657,1,99.848,184.2,240.4,99.793,99.29,0.182,63,98.759,98.891,98.849,98.388,97.972,68.31,50.32,412.39,141.27,4.15242,99.058,14.03
2026-06-10T14:30:00,PCI_2,gNB-1,100.0,678,0,100.0,190.8,241.8,99.576,99.355,0.099,67,98.564,99.016,98.485,97.975,97.832,67.87,55.35,426.33,139.02,4.24017,98.911,12.48
2026-06-10T14:30:00,PCI_3,gNB-1,100.0,644,1,99.845,180.7,226.4,99.295,99.115,0.007,62,99.287,98.913,98.453,98.788,97.751,70.21,50.16,388.04,147.04,4.01307,99.211,16.26
2026-06-10T14:30:00,PCI_4,gNB-1,99.98,662,1,99.849,190.5,221.5,99.396,99.638,0.0,71,98.676,99.045,98.864,98.173,98.222,74.42,53.77,441.24,156.04,4.47958,99.393,13.16
2026-06-10T14:30:00,PCI_5,gNB-2,100.0,633,1,99.842,183.3,233.2,99.468,99.058,0.161,68,98.789,98.574,98.69,98.311,97.576,72.72,51.0,382.17,149.09,3.98442,98.759,10.35
2026-06-10T14:30:00,PCI_6,gNB-2,99.938,659,1,99.848,185.3,231.7,99.817,99.298,0.035,60,98.497,99.115,98.766,98.581,97.347,71.16,56.68,423.14,154.12,4.32949,99.223,14.81
2026-06-10T14:30:00,PCI_7,gNB-2,99.924,667,0,100.0,175.1,235.0,99.602,99.845,0.304,63,98.847,98.899,98.773,98.654,98.733,67.89,53.96,420.22,156.72,4.32704,99.146,13.11
2026-06-10T14:30:00,PCI_8,gNB-3,99.969,655,1,99.847,185.7,219.8,99.301,99.425,0.157,68,98.366,98.553,97.969,98.387,97.676,66.54,55.47,408.81,142.12,4.13197,99.185,14.01
2026-06-10T14:30:00,PCI_9,gNB-3,99.955,658,1,99.848,186.2,225.7,99.583,99.473,0.068,69,98.351,98.947,98.975,98.169,98.293,68.45,57.51,403.95,139.04,4.07241,99.148,12.56
2026-06-10T14:30:00,PCI_10,gNB-3,99.971,648,1,99.846,187.8,232.3,99.613,99.739,0.132,69,98.453,98.763,98.331,98.116,98.471,73.66,56.78,402.52,151.31,4.15372,99.573,12.69
2026-06-10T14:31:00,PCI_1,gNB-1,99.947,647,1,99.845,162.2,218.6,99.643,99.267,0.086,55,98.827,99.791,98.782,98.254,98.405,75.28,49.79,405.37,157.69,4.22288,98.815,13.83
2026-06-10T14:31:00,PCI_2,gNB-1,99.987,639,0,100.0,182.8,227.6,99.744,99.194,0.198,61,98.06,98.997,99.106,98.457,97.823,66.86,52.0,434.34,155.56,4.42422,98.894,13.83
2026-06-10T14:31:00,PCI_3,gNB-1,100.0,677,1,99.852,183.4,212.4,99.516,99.329,0.157,55,98.549,98.882,99.171,97.971,97.74,65.53,57.23,465.13,145.06,4.57644,99.021,13.47
2026-06-10T14:31:00,PCI_4,gNB-1,99.958,654,1,99.847,178.5,213.9,99.957,99.452,0.112,61,98.413,98.877,98.915,98.23,97.954,71.74,49.99,398.84,143.36,4.06647,99.112,14.71
2026-06-10T14:31:00,PCI_5,gNB-2,99.986,653,0,100.0,179.1,224.4,99.585,99.639,0.078,66,98.605,99.304,98.801,98.763,98.306,72.43,53.36,416.26,152.18,4.26334,98.668,14.07
2026-06-10T14:31:00,PCI_6,gNB-2,99.99,675,1,99.852,174.6,230.3,99.778,99.569,0.241,61,98.579,98.758,98.712,98.003,97.833,64.13,52.84,466.42,146.48,4.59679,98.981,13.55
2026-06-10T14:31:00,PCI_7,gNB-2,99.907,677,0,100.0,178.7,247.6,99.669,99.266,0.103,60,98.42,99.105,98.649,98.749,97.906,64.32,54.2,440.2,132.54,4.29556,99.65,12.4
2026-06-10T14:31:00,PCI_8,gNB-3,99.975,673,0,100.0,163.4,202.6,99.575,99.522,0.164,60,98.592,98.581,98.529,98.086,98.053,68.27,57.54,411.87,136.42,4.11217,99.283,14.64
2026-06-10T14:31:00,PCI_9,gNB-3,99.973,680,1,99.853,191.0,230.2,99.481,99.859,0.137,68,97.993,98.911,98.344,98.218,97.629,69.91,57.01,455.06,137.29,4.44259,99.464,14.95
2026-06-10T14:31:00,PCI_10,gNB-3,99.988,661,1,99.849,185.7,221.8,99.615,99.711,0.099,64,98.846,98.866,99.114,98.204,97.732,63.71,58.24,407.74,140.61,4.11259,99.111,14.02
2026-06-10T14:32:00,PCI_1,gNB-1,99.97,668,0,100.0,188.1,221.0,99.793,99.261,0.135,61,97.947,98.668,98.195,97.998,97.796,64.4,64.18,428.51,138.11,4.24965,99.289,14.22
2026-06-10T14:32:00,PCI_2,gNB-1,99.969,655,0,100.0,187.0,251.7,99.653,99.489,0.123,64,98.288,99.08,98.829,98.418,98.239,72.31,55.36,414.45,139.62,4.15547,99.617,14.67
2026-06-10T14:32:00,PCI_3,gNB-1,99.987,658,1,99.848,188.2,222.5,99.731,99.481,0.125,62,98.407,98.926,98.457,98.0,98.545,65.84,57.73,392.96,141.1,4.0054,98.739,12.97
2026-06-10T14:32:00,PCI_4,gNB-1,99.995,646,0,100.0,170.4,209.3,99.728,99.713,0.095,56,97.95,98.637,98.964,98.14,97.558,71.72,53.53,414.66,151.34,4.24498,99.127,15.22
2026-06-10T14:32:00,PCI_5,gNB-2,99.968,635,0,100.0,170.8,232.1,99.693,99.386,0.14,62,98.688,98.373,99.286,98.116,98.098,75.34,58.9,417.58,145.2,4.22084,99.13,15.73
2026-06-10T14:32:00,PCI_6,gNB-2,99.996,637,1,99.843,189.6,257.2,99.662,99.661,0.184,66,98.865,98.997,98.492,98.33,97.285,68.37,54.88,446.0,139.01,4.38755,99.762,13.39
2026-06-10T14:32:00,PCI_7,gNB-2,99.913,650,1,99.846,180.7,220.4,99.552,99.353,0.166,62,98.328,99.242,98.212,98.443,98.618,65.45,57.68,436.57,156.01,4.44434,99.538,12.58
2026-06-10T14:32:00,PCI_8,gNB-3,99.955,662,1,99.849,192.2,266.7,99.463,99.298,0.112,63,98.318,98.672,98.598,97.983,98.132,70.52,54.31,404.53,151.43,4.16967,99.1,13.47
2026-06-10T14:32:00,PCI_9,gNB-3,99.962,657,1,99.848,188.2,220.5,99.596,99.073,0.225,67,98.556,99.313,98.721,98.668,98.124,72.75,56.33,448.71,144.46,4.44875,99.473,14.09
2026-06-10T14:32:00,PCI_10,gNB-3,99.919,644,1,99.845,188.8,232.4,99.95,99.136,0.063,68,98.378,98.895,98.422,98.088,97.288,70.17,60.7,454.7,149.78,4.53358,99.178,13.03
2026-06-10T14:33:00,PCI_1,gNB-1,99.921,659,1,99.848,181.8,239.4,99.544,99.182,0.241,65,98.534,99.091,98.126,98.179,97.631,74.61,55.92,439.59,142.03,4.36215,99.113,13.11
2026-06-10T14:33:00,PCI_2,gNB-1,99.962,672,0,100.0,168.5,215.3,99.846,99.283,0.137,58,98.945,99.0,99.05,97.891,98.216,70.2,50.89,418.11,146.79,4.23674,98.972,14.15
2026-06-10T14:33:00,PCI_3,gNB-1,99.946,634,1,99.842,188.6,257.0,99.748,99.478,0.226,67,97.727,98.527,99.092,98.548,98.123,81.16,57.45,435.52,152.21,4.40796,98.982,12.31
2026-06-10T14:33:00,PCI_4,gNB-1,99.988,634,1,99.842,171.2,205.8,99.743,99.091,0.126,60,98.596,98.723,98.435,99.001,97.922,74.58,59.37,462.55,149.74,4.59221,99.345,13.63
2026-06-10T14:33:00,PCI_5,gNB-2,99.993,658,0,100.0,179.4,227.8,99.829,99.471,0.3,63,98.405,99.126,99.122,98.182,97.058,78.15,54.07,409.12,152.33,4.21093,99.084,14.95
2026-06-10T14:33:00,PCI_6,gNB-2,100.0,671,0,100.0,170.8,227.9,99.871,99.487,0.138,55,98.382,98.866,98.47,98.253,98.559,69.87,56.15,455.01,146.13,4.50857,99.205,13.26
2026-06-10T14:33:00,PCI_7,gNB-2,99.896,656,0,100.0,182.1,241.5,99.533,99.812,0.202,64,98.181,99.169,98.627,98.158,98.364,66.69,53.76,445.03,154.68,4.49786,99.273,14.92
2026-06-10T14:33:00,PCI_8,gNB-3,99.95,663,1,99.849,178.9,228.6,99.436,99.348,0.128,64,98.867,98.978,98.466,98.293,98.167,62.94,57.09,407.27,157.94,4.23908,99.209,14.94
2026-06-10T14:33:00,PCI_9,gNB-3,99.925,651,0,100.0,177.8,248.1,99.64,98.919,0.102,59,98.483,98.996,98.523,98.045,97.956,72.31,56.12,426.28,150.58,4.32644,99.266,13.05
2026-06-10T14:33:00,PCI_10,gNB-3,99.947,649,1,99.846,179.1,237.1,99.538,99.603,0.141,67,98.41,98.858,98.634,97.971,97.444,67.69,54.01,403.52,145.07,4.11442,99.211,11.63
2026-06-10T14:34:00,PCI_1,gNB-1,99.978,658,0,100.0,170.4,213.4,99.518,99.689,0.142,67,98.291,98.731,98.706,98.48,97.624,65.18,51.79,378.06,151.05,3.96831,99.106,12.53
2026-06-10T14:34:00,PCI_2,gNB-1,99.938,652,1,99.847,177.5,208.7,99.379,99.42,0.077,57,98.812,99.123,98.159,98.605,97.684,71.41,58.28,431.56,133.98,4.24157,99.052,14.16
2026-06-10T14:34:00,PCI_3,gNB-1,99.975,630,0,100.0,185.9,215.8,99.458,99.081,0.136,68,98.39,99.489,98.727,98.255,97.836,68.42,49.1,463.96,140.75,4.53533,99.128,13.79
2026-06-10T14:34:00,PCI_4,gNB-1,99.977,640,1,99.844,179.8,219.6,99.681,99.781,0.216,66,98.255,98.472,98.233,98.355,97.341,69.93,48.08,406.02,139.37,4.09045,99.3,11.92
2026-06-10T14:34:00,PCI_5,gNB-2,100.0,661,1,99.849,175.8,209.1,99.584,99.249,0.092,59,98.011,98.955,98.805,97.988,97.929,72.36,53.42,414.36,138.9,4.14944,99.446,12.96
2026-06-10T14:34:00,PCI_6,gNB-2,99.95,668,0,100.0,170.4,228.8,99.678,99.255,0.054,56,98.404,99.532,98.838,98.183,97.213,74.85,52.01,417.16,143.04,4.20151,99.539,14.36
2026-06-10T14:34:00,PCI_7,gNB-2,100.0,698,1,99.857,181.0,217.8,99.51,99.212,0.203,65,98.22,98.819,98.889,98.961,97.77,72.71,59.75,440.53,137.47,4.33499,98.613,13.88
2026-06-10T14:34:00,PCI_8,gNB-3,99.948,652,1,99.847,188.1,253.0,99.524,99.099,0.105,62,98.719,98.744,98.887,98.556,97.975,71.13,60.07,430.81,157.17,4.40984,99.155,13.87
2026-06-10T14:34:00,PCI_9,gNB-3,99.956,662,0,100.0,172.8,222.0,99.508,99.428,0.075,58,97.663,99.107,98.242,98.24,98.156,71.18,58.42,419.4,143.18,4.21935,99.374,12.52
2026-06-10T14:34:00,PCI_10,gNB-3,100.0,656,1,99.848,182.0,210.4,99.673,99.522,0.206,56,98.186,98.75,99.147,98.36,97.61,64.72,53.04,416.77,161.77,4.33908,99.571,12.24
2026-06-10T14:35:00,PCI_1,gNB-1,99.952,662,1,99.849,177.7,248.5,99.466,99.647,0.11,66,98.788,98.831,98.815,98.996,98.388,68.18,62.47,420.96,144.3,4.23939,99.315,14.37
2026-06-10T14:35:00,PCI_2,gNB-1,100.0,644,1,99.845,173.4,240.8,99.457,99.342,0.122,64,98.356,99.4,98.633,98.496,98.001,58.5,54.83,446.17,155.18,4.51017,99.347,14.19
2026-06-10T14:35:00,PCI_3,gNB-1,99.989,641,0,100.0,185.1,214.2,99.773,99.393,0.089,63,98.382,98.778,98.067,98.079,97.642,71.56,51.59,459.16,137.12,4.47213,99.165,11.36
2026-06-10T14:35:00,PCI_4,gNB-1,99.936,658,1,99.848,186.6,253.9,99.421,99.451,0.115,64,98.612,99.047,98.049,98.144,98.579,70.49,59.02,406.73,140.94,4.10751,99.271,14.95
2026-06-10T14:35:00,PCI_5,gNB-2,100.0,657,0,100.0,189.6,228.2,99.572,99.091,0.065,67,98.333,98.795,98.166,98.34,98.163,69.53,44.5,461.44,134.62,4.47041,99.175,13.18
2026-06-10T14:35:00,PCI_6,gNB-2,99.919,666,0,100.0,197.4,245.4,99.537,99.06,0.105,68,99.018,99.018,98.573,98.019,98.327,70.07,51.77,455.81,157.32,4.59849,98.949,14.04
2026-06-10T14:35:00,PCI_7,gNB-2,99.922,670,1,99.851,188.4,225.0,99.634,99.671,0.19,64,98.683,98.713,98.763,98.004,98.149,64.91,55.85,398.81,157.85,4.17496,99.2,13.85
2026-06-10T14:35:00,PCI_8,gNB-3,99.973,653,0,100.0,182.4,242.1,99.638,99.302,0.148,60,98.363,98.974,99.148,97.76,97.717,65.52,57.62,441.9,141.23,4.37346,99.326,17.0
2026-06-10T14:35:00,PCI_9,gNB-3,100.0,662,1,99.849,184.3,247.3,99.699,99.157,0.139,61,98.817,99.153,98.545,98.104,98.058,60.38,51.2,417.53,147.02,4.23417,99.297,12.53
2026-06-10T14:35:00,PCI_10,gNB-3,99.938,663,1,99.849,172.1,217.5,99.564,99.605,0.188,63,98.05,98.846,98.456,98.597,97.552,62.71,56.42,430.92,151.95,4.37155,98.916,14.27
2026-06-10T14:36:00,PCI_1,gNB-1,99.971,661,0,100.0,174.2,221.5,99.623,99.441,0.057,59,98.024,98.772,98.806,98.312,97.999,66.0,60.01,417.14,140.94,4.18559,98.735,10.79
2026-06-10T14:36:00,PCI_2,gNB-1,99.909,643,0,100.0,183.6,242.7,99.188,99.127,0.225,65,98.318,99.017,98.511,98.599,98.674,60.12,60.19,421.51,136.53,4.18526,99.796,12.99
2026-06-10T14:36:00,PCI_3,gNB-1,99.879,642,0,100.0,189.1,248.0,99.914,99.634,0.209,62,98.275,99.128,98.89,98.724,97.815,67.69,63.53,425.0,137.79,4.22099,99.335,13.69
2026-06-10T14:36:00,PCI_4,gNB-1,99.974,663,0,100.0,186.5,251.9,99.474,99.467,0.155,67,98.36,98.832,98.226,98.558,97.792,69.32,57.47,387.71,153.63,4.06001,98.876,14.59
2026-06-10T14:36:00,PCI_5,gNB-2,99.914,679,1,99.853,177.6,212.6,99.484,99.252,0.044,54,98.024,98.94,98.558,98.034,98.462,63.89,54.63,444.47,130.89,4.31523,99.224,14.22
2026-06-10T14:36:00,PCI_6,gNB-2,99.963,646,0,100.0,174.2,216.7,99.753,99.446,0.152,58,98.949,98.895,98.774,98.371,97.792,68.22,55.38,421.45,147.08,4.26396,99.209,12.18
2026-06-10T14:36:00,PCI_7,gNB-2,99.967,642,1,99.844,179.2,227.8,99.757,99.412,0.169,66,98.655,98.631,98.953,98.497,97.515,63.38,56.41,412.33,147.91,4.20179,99.071,13.84
2026-06-10T14:36:00,PCI_8,gNB-3,99.982,656,1,99.848,175.4,210.3,99.368,99.339,0.279,61,98.467,99.161,98.591,98.383,97.461,71.94,53.01,410.63,145.91,4.17406,99.194,12.98
2026-06-10T14:36:00,PCI_9,gNB-3,99.932,643,1,99.844,179.5,250.6,99.708,99.201,0.161,62,98.589,99.486,98.477,98.27,97.06,77.17,60.06,443.2,142.95,4.39615,98.861,14.19
2026-06-10T14:36:00,PCI_10,gNB-3,99.972,650,1,99.846,183.6,253.9,99.506,99.551,0.124,67,98.486,98.856,98.31,98.224,98.657,71.25,52.14,474.7,136.41,4.58337,99.127,14.42
2026-06-10T14:37:00,PCI_1,gNB-1,100.0,664,1,99.849,177.5,248.2,99.678,99.3,0.168,60,98.546,99.054,98.617,98.211,97.615,70.65,49.86,437.26,150.94,4.41152,99.165,13.12
2026-06-10T14:37:00,PCI_2,gNB-1,99.955,644,1,99.845,183.1,248.4,99.608,99.265,0.2,60,97.962,98.904,98.889,98.575,97.754,69.02,55.37,396.33,153.08,4.12052,98.962,14.61
2026-06-10T14:37:00,PCI_3,gNB-1,99.985,667,0,100.0,180.3,225.9,99.672,99.516,0.156,64,98.956,98.753,98.686,98.388,98.414,61.92,55.75,460.27,137.2,4.481,99.533,13.33
2026-06-10T14:37:00,PCI_4,gNB-1,99.971,669,1,99.851,182.0,247.6,99.839,99.335,0.333,61,98.592,99.073,98.087,98.627,97.802,68.36,63.25,453.96,148.33,4.5172,99.137,12.63
2026-06-10T14:37:00,PCI_5,gNB-2,99.93,688,1,99.855,185.0,227.1,99.697,99.334,0.099,59,98.744,99.313,98.392,98.454,97.895,66.48,60.5,438.97,149.98,4.41707,98.866,14.87
2026-06-10T14:37:00,PCI_6,gNB-2,100.0,661,0,100.0,189.8,221.2,99.9,99.525,0.134,67,98.06,99.171,98.203,98.286,98.084,69.92,53.54,467.59,145.62,4.59907,99.848,13.62
2026-06-10T14:37:00,PCI_7,gNB-2,99.998,662,1,99.849,195.7,244.9,99.726,99.168,0.219,69,98.296,99.222,98.464,98.765,97.387,71.65,52.36,429.58,156.73,4.39726,99.311,10.34
2026-06-10T14:37:00,PCI_8,gNB-3,99.957,637,1,99.843,184.2,214.0,99.838,99.409,0.173,62,99.216,98.769,98.496,98.346,98.05,64.47,56.45,402.65,152.24,4.16166,99.267,13.37
2026-06-10T14:37:00,PCI_9,gNB-3,99.976,674,1,99.852,191.6,254.1,99.642,99.222,0.237,67,98.454,98.977,98.412,98.086,98.037,71.15,48.08,407.77,137.16,4.08698,98.615,14.76
2026-06-10T14:37:00,PCI_10,gNB-3,99.975,626,1,99.84,193.5,242.4,99.747,99.67,0.11,63,98.302,98.939,98.75,98.182,98.149,65.81,53.9,434.56,143.9,4.33846,99.398,14.3
2026-06-10T14:38:00,PCI_1,gNB-1,99.937,644,1,99.845,187.4,257.6,99.555,99.648,0.094,67,97.933,99.146,98.521,98.157,97.836,71.24,56.96,422.82,124.05,4.10153,98.806,12.71
2026-06-10T14:38:00,PCI_2,gNB-1,99.977,674,1,99.852,184.1,248.5,99.37,99.159,0.156,64,98.527,98.642,99.214,98.472,98.279,58.03,56.75,427.64,147.65,4.31473,98.349,12.36
2026-06-10T14:38:00,PCI_3,gNB-1,100.0,641,0,100.0,178.2,229.0,99.632,99.63,0.231,56,98.781,99.074,99.107,98.497,97.851,61.97,59.57,443.13,154.22,4.48011,99.302,10.64
2026-06-10T14:38:00,PCI_4,gNB-1,100.0,640,1,99.844,169.6,223.1,99.366,99.601,0.041,59,98.226,99.127,98.637,98.566,98.269,63.65,55.27,431.76,144.55,4.32237,99.002,13.31
2026-06-10T14:38:00,PCI_5,gNB-2,99.939,641,0,100.0,184.5,251.9,99.618,99.168,0.295,57,98.269,98.777,98.498,97.757,97.377,60.41,50.82,444.23,141.4,4.39224,99.627,13.88
2026-06-10T14:38:00,PCI_6,gNB-2,99.945,661,1,99.849,191.5,267.0,99.523,99.455,0.216,66,98.698,99.049,98.551,98.248,97.533,70.35,50.3,394.0,148.33,4.0675,98.815,13.58
2026-06-10T14:38:00,PCI_7,gNB-2,99.938,657,1,99.848,190.3,233.4,99.377,99.541,0.216,63,98.283,98.574,98.808,98.402,97.988,74.36,62.57,406.7,135.48,4.06634,99.187,11.06
2026-06-10T14:38:00,PCI_8,gNB-3,100.0,657,1,99.848,179.1,210.6,99.574,99.53,0.159,66,98.796,98.921,99.14,98.682,98.458,66.29,47.69,423.04,157.69,4.3555,98.957,12.98
2026-06-10T14:38:00,PCI_9,gNB-3,99.994,609,1,99.836,186.2,235.6,99.653,99.234,0.0,61,97.831,98.752,98.849,98.742,97.543,68.55,50.0,402.6,131.65,4.00687,99.434,14.65
2026-06-10T14:38:00,PCI_10,gNB-3,99.95,646,1,99.845,168.2,206.9,99.439,99.272,0.207,58,98.508,98.639,98.897,98.734,97.91,66.15,57.28,353.58,163.87,3.88093,99.56,14.92
2026-06-10T14:39:00,PCI_1,gNB-1,99.964,655,0,100.0,182.5,244.7,99.616,99.417,0.167,67,98.245,98.943,98.767,98.72,98.131,68.61,51.88,471.55,149.59,4.65852,99.267,13.66
2026-06-10T14:39:00,PCI_2,gNB-1,100.0,652,0,100.0,176.8,223.7,99.649,99.159,0.166,61,98.3,99.039,99.081,98.056,97.893,60.79,63.24,428.18,147.7,4.31909,98.937,14.45
2026-06-10T14:39:00,PCI_3,gNB-1,99.944,653,1,99.847,190.8,240.4,99.375,99.332,0.216,65,98.3,99.687,98.456,98.308,98.32,66.81,50.13,415.3,141.89,4.17893,99.266,13.69
2026-06-10T14:39:00,PCI_4,gNB-1,99.944,643,0,100.0,184.0,211.9,99.636,99.729,0.0,65,98.221,99.441,98.199,98.313,98.09,66.56,54.78,455.73,136.37,4.44076,99.307,14.36
2026-06-10T14:39:00,PCI_5,gNB-2,99.986,668,1,99.85,178.4,227.3,99.566,99.333,0.136,62,98.592,99.03,98.177,98.258,98.034,67.93,45.18,439.13,148.29,4.40565,99.502,16.38
2026-06-10T14:39:00,PCI_6,gNB-2,99.977,672,1,99.851,179.2,209.8,99.553,99.356,0.044,62,98.502,98.519,98.726,98.093,97.815,70.52,52.0,417.22,145.88,4.22331,99.267,11.3
2026-06-10T14:39:00,PCI_7,gNB-2,100.0,653,1,99.847,186.0,223.8,99.621,99.303,0.072,62,98.687,99.398,98.849,98.828,97.863,69.12,53.85,420.13,140.14,4.20205,99.616,12.53
2026-06-10T14:39:00,PCI_8,gNB-3,99.971,625,1,99.84,177.5,226.8,99.765,99.472,0.072,65,98.626,99.433,99.022,98.715,98.121,69.5,51.75,401.62,148.27,4.12414,99.526,11.91
2026-06-10T14:39:00,PCI_9,gNB-3,99.969,653,0,100.0,179.8,211.5,99.444,99.395,0.107,65,99.163,98.759,99.052,98.548,97.185,66.74,53.78,453.46,148.1,4.51171,99.819,13.84
2026-06-10T14:39:00,PCI_10,gNB-3,99.978,656,1,99.848,171.9,233.9,99.678,99.433,0.094,57,98.621,98.843,98.496,98.471,97.795,67.65,54.25,357.31,130.76,3.66052,99.075,13.77
2026-06-10T14:40:00,PCI_1,gNB-1,99.915,642,1,99.844,179.8,239.8,99.699,99.69,0.164,61,98.378,98.969,98.925,98.228,98.082,69.46,47.91,386.93,154.72,4.06244,98.755,11.6
2026-06-10T14:40:00,PCI_2,gNB-1,99.953,664,1,99.849,166.9,199.7,99.663,99.535,0.121,56,98.488,99.016,98.76,98.259,98.299,67.0,51.89,420.54,140.71,4.20943,98.683,11.6
2026-06-10T14:40:00,PCI_3,gNB-1,99.963,703,1,99.858,177.8,232.3,99.376,99.202,0.355,62,98.305,98.889,98.065,97.971,98.339,64.54,49.75,422.98,145.78,4.26568,98.596,13.29
2026-06-10T14:40:00,PCI_4,gNB-1,99.968,653,0,100.0,173.6,202.6,99.404,99.563,0.194,66,98.291,98.811,99.025,98.332,97.643,67.4,52.29,423.58,152.07,4.31739,98.89,14.72
2026-06-10T14:40:00,PCI_5,gNB-2,99.89,660,1,99.848,169.9,234.1,99.361,99.361,0.088,58,98.567,98.995,98.417,98.409,97.675,68.67,56.84,417.19,155.45,4.29483,99.414,14.66
2026-06-10T14:40:00,PCI_6,gNB-2,99.948,665,1,99.85,192.9,269.4,99.527,99.353,0.068,68,98.279,98.971,99.297,98.556,98.251,70.58,57.9,421.58,135.84,4.18061,99.156,11.31
2026-06-10T14:40:00,PCI_7,gNB-2,99.953,644,1,99.845,182.0,220.0,99.502,99.348,0.117,65,98.201,98.799,98.608,98.527,98.13,70.76,51.23,440.63,140.82,4.36083,99.056,13.23
2026-06-10T14:40:00,PCI_8,gNB-3,99.992,677,1,99.852,178.3,225.2,99.475,99.702,0.201,59,98.514,98.928,98.563,98.514,98.424,72.78,48.71,389.44,141.02,3.97846,99.1,15.23
2026-06-10T14:40:00,PCI_9,gNB-3,99.99,646,1,99.845,166.0,224.9,99.605,99.373,0.301,63,98.886,99.288,98.461,98.325,97.583,67.11,53.87,373.25,147.12,3.90279,99.392,12.51
2026-06-10T14:40:00,PCI_10,gNB-3,99.999,657,1,99.848,174.9,221.6,99.699,99.574,0.167,63,98.428,99.047,99.216,98.041,98.038,73.35,56.79,368.26,152.89,3.90858,99.053,12.36
2026-06-10T14:41:00,PCI_1,gNB-1,99.991,634,1,99.842,172.1,211.0,99.554,99.401,0.239,61,98.553,98.833,99.294,98.215,97.758,71.68,57.61,420.12,142.92,4.22282,99.698,15.61
2026-06-10T14:41:00,PCI_2,gNB-1,99.958,643,1,99.844,181.7,210.4,99.581,99.395,0.181,62,98.724,99.272,99.446,98.22,97.505,71.24,56.16,450.51,146.36,4.47658,98.638,13.32
2026-06-10T14:41:00,PCI_3,gNB-1,99.977,648,1,99.846,185.0,253.1,99.913,99.133,0.138,66,98.831,98.954,98.729,98.973,98.298,64.52,56.62,419.74,150.05,4.27339,99.376,13.03
2026-06-10T14:41:00,PCI_4,gNB-1,99.947,639,0,100.0,163.8,199.4,99.372,99.758,0.018,55,98.408,98.893,98.74,98.414,97.566,70.31,61.5,432.25,155.07,4.40489,99.28,15.31
2026-06-10T14:41:00,PCI_5,gNB-2,99.981,637,0,100.0,167.7,205.0,99.351,99.085,0.164,64,98.612,99.446,98.761,97.937,98.071,72.96,55.46,418.53,149.99,4.2639,98.888,11.37
2026-06-10T14:41:00,PCI_6,gNB-2,99.95,651,0,100.0,167.8,221.3,99.888,99.241,0.215,58,98.817,99.099,98.642,98.388,97.008,69.29,56.48,446.73,138.44,4.38872,99.395,13.04
2026-06-10T14:41:00,PCI_7,gNB-2,99.964,629,0,100.0,202.7,250.4,99.495,99.257,0.0,69,98.156,98.954,98.021,97.827,98.534,69.96,50.4,422.2,145.17,4.25531,99.139,13.58
2026-06-10T14:41:00,PCI_8,gNB-3,99.952,619,1,99.838,194.6,270.0,99.93,99.31,0.087,69,98.263,98.982,99.037,98.555,98.714,60.08,55.61,477.01,152.73,4.72307,99.231,11.33
2026-06-10T14:41:00,PCI_9,gNB-3,99.926,639,0,100.0,179.1,218.4,99.62,99.201,0.081,62,98.892,99.327,98.539,98.8,98.012,67.74,53.73,365.64,156.96,3.91956,99.561,13.12
2026-06-10T14:41:00,PCI_10,gNB-3,99.993,665,0,100.0,177.4,204.3,99.769,99.312,0.107,62,98.659,98.607,98.328,98.248,97.618,69.74,61.33,393.66,144.57,4.03674,98.952,15.95
2026-06-10T14:42:00,PCI_1,gNB-1,99.954,644,1,99.845,177.9,238.2,99.546,99.169,0.154,66,98.332,99.284,98.674,98.156,97.873,67.76,53.52,442.67,161.51,4.5313,99.152,15.11
2026-06-10T14:42:00,PCI_2,gNB-1,99.975,642,1,99.844,172.8,235.8,99.822,98.866,0.191,60,98.229,99.202,98.586,98.347,97.876,64.59,54.08,422.65,143.29,4.24454,98.589,13.2
2026-06-10T14:42:00,PCI_3,gNB-1,99.913,683,1,99.854,158.0,215.5,99.592,99.709,0.098,49,98.624,98.869,99.441,98.687,97.674,69.12,46.65,372.19,149.26,3.91088,99.114,14.28
2026-06-10T14:42:00,PCI_4,gNB-1,99.995,652,1,99.847,171.5,210.4,99.674,99.694,0.193,62,98.288,99.129,98.697,98.724,98.243,65.54,53.01,450.92,151.56,4.51854,99.354,15.18
2026-06-10T14:42:00,PCI_5,gNB-2,99.963,650,1,99.846,177.5,218.9,99.519,99.513,0.276,64,98.73,99.239,98.874,98.433,98.29,62.21,51.41,484.38,133.33,4.63283,98.763,12.19
2026-06-10T14:42:00,PCI_6,gNB-2,99.995,640,1,99.844,171.2,214.6,99.716,99.631,0.121,62,98.303,99.206,98.452,98.302,98.141,63.77,51.55,398.6,154.95,4.15164,98.946,12.36
2026-06-10T14:42:00,PCI_7,gNB-2,99.925,635,1,99.843,182.4,225.8,99.568,99.14,0.186,68,98.837,98.883,98.888,98.205,97.256,70.75,53.18,428.58,142.14,4.28041,99.163,15.31
2026-06-10T14:42:00,PCI_8,gNB-3,99.95,655,0,100.0,165.4,190.3,99.374,99.569,0.105,55,98.226,99.377,98.245,98.234,98.683,69.23,57.81,417.24,152.95,4.27641,98.891,14.75
2026-06-10T14:42:00,PCI_9,gNB-3,99.954,665,1,99.85,184.4,256.9,99.339,99.031,0.085,70,98.147,98.501,98.793,98.554,98.126,71.46,53.01,437.08,136.88,4.30473,98.924,12.83
2026-06-10T14:42:00,PCI_10,gNB-3,99.993,652,1,99.847,178.2,246.3,99.508,99.233,0.218,63,98.511,99.397,98.389,98.024,99.108,68.49,59.51,388.95,151.3,4.05186,99.116,11.3
2026-06-10T14:43:00,PCI_1,gNB-1,99.974,623,1,99.839,186.1,245.2,99.475,99.509,0.091,63,98.775,99.552,99.022,98.195,98.048,70.76,56.16,418.86,142.33,4.20891,98.641,13.4
2026-06-10T14:43:00,PCI_2,gNB-1,99.976,660,0,100.0,183.0,242.8,99.603,99.774,0.155,63,98.798,99.205,99.022,98.285,98.57,66.26,57.27,436.69,154.38,4.43302,99.225,14.59
2026-06-10T14:43:00,PCI_3,gNB-1,99.929,654,1,99.847,187.7,258.7,99.495,99.475,0.206,70,98.771,98.886,98.82,98.317,97.899,60.88,50.13,445.8,136.01,4.36353,98.607,13.56
2026-06-10T14:43:00,PCI_4,gNB-1,99.993,660,1,99.848,170.0,218.9,99.836,99.195,0.174,57,98.282,99.058,98.567,98.475,98.81,75.05,53.45,404.24,142.55,4.10095,99.389,13.45
2026-06-10T14:43:00,PCI_5,gNB-2,99.949,654,1,99.847,190.1,252.0,99.594,99.692,0.079,64,98.66,98.958,98.335,97.966,98.029,72.24,52.4,416.92,139.18,4.17077,99.338,15.61
2026-06-10T14:43:00,PCI_6,gNB-2,100.0,678,1,99.853,190.6,232.9,99.613,99.929,0.17,69,98.65,98.721,98.842,98.268,97.204,73.47,61.04,443.84,134.45,4.33715,99.16,13.4
2026-06-10T14:43:00,PCI_7,gNB-2,99.964,664,0,100.0,187.3,247.5,99.699,99.416,0.141,60,98.662,99.492,98.56,97.949,98.129,67.14,55.77,418.0,126.98,4.08734,99.306,12.43
2026-06-10T14:43:00,PCI_8,gNB-3,99.958,647,1,99.845,179.8,230.4,99.755,99.757,0.097,62,98.562,99.262,98.793,99.065,98.541,65.56,55.29,421.16,137.6,4.19068,98.941,10.82
2026-06-10T14:43:00,PCI_9,gNB-3,99.962,656,1,99.848,185.9,225.2,99.669,99.579,0.197,66,98.492,99.004,99.02,97.883,98.502,72.46,55.23,408.58,149.79,4.18772,99.508,13.31
2026-06-10T14:43:00,PCI_10,gNB-3,99.985,658,0,100.0,180.0,224.0,99.529,99.512,0.043,52,98.814,99.406,98.455,98.34,98.302,72.24,56.13,409.44,142.52,4.13972,99.475,13.23
2026-06-10T14:44:00,PCI_1,gNB-1,99.933,623,0,100.0,170.5,219.9,99.681,99.376,0.118,59,97.99,98.988,98.666,97.95,97.7,72.19,58.21,431.0,138.25,4.26942,99.238,12.3
2026-06-10T14:44:00,PCI_2,gNB-1,99.996,649,1,99.846,177.6,229.3,99.826,99.925,0.12,65,98.89,98.862,98.83,98.244,98.349,62.67,57.41,422.89,147.88,4.28078,99.598,13.94
2026-06-10T14:44:00,PCI_3,gNB-1,99.974,619,0,100.0,170.7,211.1,99.579,99.279,0.194,59,98.465,99.255,98.595,98.572,98.095,68.87,54.02,430.2,139.34,4.27153,99.323,14.42
2026-06-10T14:44:00,PCI_4,gNB-1,99.97,628,1,99.841,178.1,225.2,99.722,99.756,0.219,67,98.903,99.335,98.112,98.278,98.745,65.33,48.23,375.59,137.97,3.85168,99.19,13.06
2026-06-10T14:44:00,PCI_5,gNB-2,99.98,633,1,99.842,180.7,249.4,99.59,99.267,0.137,66,98.034,99.068,98.475,98.265,98.592,73.78,49.41,446.65,140.74,4.40537,99.67,11.66
2026-06-10T14:44:00,PCI_6,gNB-2,100.0,635,1,99.843,173.8,212.9,99.477,99.137,0.17,63,98.777,99.281,98.817,97.92,97.765,65.29,58.65,415.4,144.74,4.20104,99.262,14.2
2026-06-10T14:44:00,PCI_7,gNB-2,100.0,630,1,99.841,180.1,249.6,99.642,99.58,0.15,68,98.222,99.148,99.569,98.29,98.118,69.49,52.11,394.51,144.7,4.04409,99.431,15.98
2026-06-10T14:44:00,PCI_8,gNB-3,100.0,628,0,100.0,171.0,214.6,99.845,99.392,0.133,58,98.606,98.966,98.781,98.366,98.267,67.9,50.22,406.96,146.61,4.15179,99.514,11.84
2026-06-10T14:44:00,PCI_9,gNB-3,99.984,646,1,99.845,177.3,206.7,99.307,99.204,0.172,60,98.523,99.059,98.664,98.319,97.578,76.33,54.87,415.63,136.37,4.14,99.076,13.92
2026-06-10T14:44:00,PCI_10,gNB-3,99.958,620,0,100.0,183.3,234.7,99.712,99.323,0.222,59,98.577,98.738,98.682,98.556,98.048,71.68,53.27,436.31,163.17,4.49614,98.939,15.16
2026-06-10T14:45:00,PCI_1,gNB-1,99.96,649,1,99.846,165.9,228.1,99.619,99.601,0.174,56,97.631,98.938,98.559,98.291,97.947,73.99,56.54,416.28,148.27,4.23414,98.939,11.26
2026-06-10T14:45:00,PCI_2,gNB-1,99.999,641,1,99.844,174.4,207.2,99.729,99.329,0.126,61,98.559,98.983,98.852,98.222,97.878,60.96,46.9,417.14,150.33,4.25601,98.879,12.9
2026-06-10T14:45:00,PCI_3,gNB-1,100.0,638,1,99.843,179.5,237.5,99.997,99.15,0.164,64,98.611,99.524,98.417,98.368,98.282,64.02,51.83,372.82,136.89,3.82284,99.464,13.39
2026-06-10T14:45:00,PCI_4,gNB-1,99.939,651,0,100.0,184.7,215.2,99.565,99.114,0.291,68,98.464,99.062,98.242,98.701,97.839,75.19,49.69,400.42,154.14,4.15922,99.542,11.88
2026-06-10T14:45:00,PCI_5,gNB-2,99.979,624,1,99.84,180.2,240.0,99.562,99.311,0.142,63,98.647,99.159,99.038,98.543,97.837,62.83,58.69,441.88,148.58,4.42845,99.174,12.99
2026-06-10T14:45:00,PCI_6,gNB-2,99.984,630,1,99.841,161.7,193.6,99.586,98.992,0.176,52,98.507,98.835,98.57,97.782,98.315,75.14,53.33,414.12,139.28,4.15049,99.168,13.84
2026-06-10T14:45:00,PCI_7,gNB-2,100.0,620,1,99.839,171.5,220.5,99.669,100.0,0.098,65,98.618,99.347,98.838,98.169,97.99,66.75,58.33,397.44,147.89,4.09,99.4,13.07
2026-06-10T14:45:00,PCI_8,gNB-3,99.961,650,1,99.846,174.5,233.7,99.72,99.506,0.086,60,98.386,99.026,98.918,98.124,97.794,67.96,57.33,400.72,132.48,3.99901,99.174,12.6
2026-06-10T14:45:00,PCI_9,gNB-3,100.0,648,1,99.846,182.0,220.3,99.425,99.313,0.312,61,98.647,99.522,99.168,98.439,97.907,67.25,58.31,367.69,151.27,3.89224,98.891,14.18
2026-06-10T14:45:00,PCI_10,gNB-3,99.959,649,1,99.846,191.1,227.4,99.626,99.606,0.184,68,98.188,98.967,98.692,98.28,97.9,63.77,55.36,374.93,151.92,3.95139,99.399,11.52
2026-06-10T14:46:00,PCI_1,gNB-1,99.965,646,1,99.845,182.7,251.2,99.855,99.382,0.168,64,98.599,98.751,98.817,98.546,97.949,63.12,49.13,392.82,149.64,4.06842,99.489,13.2
2026-06-10T14:46:00,PCI_2,gNB-1,99.906,662,1,99.849,176.5,243.7,99.654,99.538,0.197,63,98.318,99.384,98.954,98.901,97.664,62.2,58.07,458.23,146.98,4.53906,98.99,13.76
2026-06-10T14:46:00,PCI_3,gNB-1,100.0,652,1,99.847,175.5,210.1,99.565,99.552,0.148,59,98.192,98.698,98.809,97.744,97.958,68.39,55.81,396.58,150.19,4.10078,99.123,11.75
2026-06-10T14:46:00,PCI_4,gNB-1,99.938,668,2,99.701,171.8,220.3,99.511,99.324,0.206,58,98.257,98.788,98.982,97.981,97.829,65.31,55.39,434.12,154.6,4.41541,99.358,11.96
2026-06-10T14:46:00,PCI_5,gNB-2,99.986,656,1,99.848,177.9,233.5,99.717,99.527,0.14,63,98.938,99.419,98.856,97.924,97.935,66.58,55.49,393.89,150.95,4.08635,98.976,12.38
2026-06-10T14:46:00,PCI_6,gNB-2,99.92,642,1,99.844,145.5,189.4,99.605,99.124,0.148,51,98.774,98.728,98.993,98.785,98.356,65.74,53.67,417.36,147.71,4.23799,99.221,11.39
2026-06-10T14:46:00,PCI_7,gNB-2,99.979,632,1,99.842,175.4,244.6,99.434,99.274,0.0,58,98.556,99.282,98.898,98.428,98.17,69.35,54.81,418.72,136.86,4.16685,99.108,12.73
2026-06-10T14:46:00,PCI_8,gNB-3,99.932,646,0,100.0,187.8,261.4,99.736,99.337,0.186,62,98.746,99.322,98.582,98.485,97.754,66.62,55.3,445.86,158.69,4.53414,99.614,13.94
2026-06-10T14:46:00,PCI_9,gNB-3,99.93,635,1,99.843,179.0,223.4,99.686,99.422,0.087,58,98.547,98.723,98.032,98.205,97.766,68.2,49.86,436.08,135.91,4.2899,98.38,13.38
2026-06-10T14:46:00,PCI_10,gNB-3,99.977,639,1,99.844,158.0,197.6,99.442,99.532,0.187,62,98.683,99.061,98.736,98.349,98.62,67.92,57.56,392.52,138.77,3.98472,98.825,13.53
2026-06-10T14:47:00,PCI_1,gNB-1,99.982,624,1,99.84,180.9,246.7,99.561,99.363,0.137,62,98.718,99.152,98.657,98.067,98.331,70.43,60.6,427.82,135.73,4.2266,99.126,12.17
2026-06-10T14:47:00,PCI_2,gNB-1,100.0,629,0,100.0,156.2,202.1,99.453,99.553,0.145,51,97.986,99.059,98.766,97.596,97.909,69.46,49.78,431.9,143.91,4.31857,99.317,13.13
2026-06-10T14:47:00,PCI_3,gNB-1,99.967,635,1,99.843,160.1,206.9,99.639,99.194,0.187,59,98.447,99.208,98.125,98.104,98.307,63.09,58.52,378.19,153.53,3.98795,99.205,14.58
2026-06-10T14:47:00,PCI_4,gNB-1,99.962,642,0,100.0,185.7,243.3,99.848,99.565,0.18,63,98.576,98.891,98.974,98.046,98.73,75.52,47.55,400.54,144.08,4.08466,98.872,12.87
2026-06-10T14:47:00,PCI_5,gNB-2,99.959,628,1,99.841,160.0,219.4,99.794,99.386,0.101,61,98.241,98.855,98.862,98.198,98.618,65.98,54.18,393.75,150.31,4.08042,98.693,14.89
2026-06-10T14:47:00,PCI_6,gNB-2,99.965,636,1,99.843,183.9,254.0,99.765,99.622,0.111,60,98.432,99.083,98.432,98.465,97.482,71.91,47.42,402.25,135.95,4.03652,99.323,13.24
2026-06-10T14:47:00,PCI_7,gNB-2,100.0,621,1,99.839,173.1,226.9,99.836,99.271,0.18,60,98.953,99.073,98.924,98.407,98.82,71.98,54.51,417.1,155.46,4.29426,99.06,15.2
2026-06-10T14:47:00,PCI_8,gNB-3,99.999,641,1,99.844,165.0,196.6,99.517,99.077,0.156,61,97.949,99.522,98.548,98.217,98.701,70.24,62.01,363.28,135.32,3.73948,99.16,11.98
2026-06-10T14:47:00,PCI_9,gNB-3,99.945,641,1,99.844,164.0,201.8,99.68,99.295,0.077,57,99.01,99.334,98.328,98.499,98.341,67.44,51.13,396.48,149.46,4.09459,98.796,13.69
2026-06-10T14:47:00,PCI_10,gNB-3,100.0,659,0,100.0,173.0,222.1,99.541,99.127,0.108,61,98.971,99.367,98.701,97.554,97.83,65.32,52.34,408.6,135.59,4.0814,98.852,10.6
2026-06-10T14:48:00,PCI_1,gNB-1,99.887,664,1,99.849,171.4,213.8,99.555,99.52,0.124,59,98.6,98.895,98.866,98.693,97.879,71.35,58.17,449.54,135.83,4.39032,99.132,13.7
2026-06-10T14:48:00,PCI_2,gNB-1,99.975,641,0,100.0,169.4,201.1,99.549,99.441,0.178,57,98.248,99.114,98.965,98.738,97.869,67.66,53.68,434.32,143.22,4.33156,98.648,13.19
2026-06-10T14:48:00,PCI_3,gNB-1,99.957,615,1,99.837,189.1,242.9,99.74,98.961,0.14,58,98.034,99.129,98.66,98.336,98.126,68.71,59.05,433.42,142.79,4.32153,99.33,15.67
2026-06-10T14:48:00,PCI_4,gNB-1,99.974,644,0,100.0,160.5,207.1,99.494,99.386,0.191,59,98.858,99.176,99.055,97.992,98.55,63.22,50.46,391.46,144.46,4.01946,99.142,13.64
2026-06-10T14:48:00,PCI_5,gNB-2,99.967,640,1,99.844,182.5,243.1,99.749,99.883,0.183,60,98.387,98.627,98.169,98.344,97.775,62.42,56.66,363.41,147.9,3.83477,99.072,13.17
2026-06-10T14:48:00,PCI_6,gNB-2,99.963,629,1,99.841,176.0,241.0,99.601,99.41,0.226,64,98.037,99.372,98.57,98.037,98.051,65.15,48.78,403.42,142.39,4.09356,99.246,15.82
2026-06-10T14:48:00,PCI_7,gNB-2,99.986,634,0,100.0,187.1,236.5,99.577,99.6,0.229,65,98.19,98.982,98.373,98.41,98.098,70.55,55.45,421.57,149.6,4.28372,99.34,12.1
2026-06-10T14:48:00,PCI_8,gNB-3,99.981,644,1,99.845,170.8,214.6,99.569,99.737,0.126,57,98.596,99.163,98.597,98.627,97.647,71.51,50.88,408.46,132.39,4.05637,99.626,13.67
2026-06-10T14:48:00,PCI_9,gNB-3,100.0,619,0,100.0,165.1,222.7,99.701,99.746,0.07,62,98.507,98.685,98.563,98.128,98.058,65.73,53.98,428.42,138.5,4.25188,99.029,12.59
2026-06-10T14:48:00,PCI_10,gNB-3,99.978,611,1,99.836,161.9,200.3,99.597,100.0,0.197,60,98.531,99.045,98.687,98.273,97.918,63.88,54.32,441.51,134.13,4.31734,99.33,14.58
2026-06-10T14:49:00,PCI_1,gNB-1,99.99,636,0,100.0,168.3,230.0,99.69,99.656,0.179,58,98.677,99.11,98.699,98.098,98.478,72.0,56.27,480.84,143.96,4.68597,98.982,14.58
2026-06-10T14:49:00,PCI_2,gNB-1,99.983,634,1,99.842,174.3,231.4,99.467,99.398,0.098,63,98.382,99.227,98.615,98.291,98.207,68.63,49.66,392.32,145.64,4.0347,99.111,14.21
2026-06-10T14:49:00,PCI_3,gNB-1,99.996,625,0,100.0,172.3,223.5,99.607,99.04,0.071,60,98.232,98.901,98.327,98.365,97.78,72.04,52.85,429.37,137.72,4.25314,99.402,12.42
2026-06-10T14:49:00,PCI_4,gNB-1,99.983,616,0,100.0,174.5,238.9,99.642,99.519,0.118,64,98.68,98.961,98.405,98.581,98.24,67.61,53.43,372.31,138.4,3.83035,99.266,11.57
2026-06-10T14:49:00,PCI_5,gNB-2,99.942,653,1,99.847,176.4,243.3,99.602,99.344,0.131,64,98.776,99.059,98.187,98.293,97.545,69.01,58.69,419.79,145.13,4.2369,99.123,13.54
2026-06-10T14:49:00,PCI_6,gNB-2,99.99,638,1,99.843,185.6,233.9,99.653,98.93,0.198,63,98.634,98.917,97.824,98.17,97.988,66.7,55.05,380.93,153.19,4.00595,99.333,14.82
2026-06-10T14:49:00,PCI_7,gNB-2,99.976,647,1,99.845,164.0,222.6,99.379,99.862,0.17,58,98.464,98.707,98.771,98.012,97.693,63.14,47.86,454.54,158.28,4.59617,98.732,13.54
2026-06-10T14:49:00,PCI_8,gNB-3,99.927,663,1,99.849,170.6,233.5,99.566,99.442,0.186,54,98.924,99.108,98.235,98.237,98.052,70.69,56.71,398.34,163.63,4.21477,99.232,13.27
2026-06-10T14:49:00,PCI_9,gNB-3,99.937,628,1,99.841,177.3,243.6,99.712,99.549,0.104,65,98.097,99.519,98.658,97.863,98.16,65.78,53.3,459.79,133.17,4.4472,98.847,11.84
2026-06-10T14:49:00,PCI_10,gNB-3,99.98,618,1,99.838,174.1,216.0,99.612,99.439,0.022,54,98.504,98.787,98.194,98.443,97.79,68.62,52.33,366.18,143.66,3.82381,99.299,11.13
2026-06-10T14:50:00,PCI_1,gNB-1,100.0,622,1,99.839,171.2,234.0,99.9,99.552,0.261,59,98.495,98.828,98.966,98.443,97.621,63.83,53.92,414.02,148.5,4.21889,99.211,13.27
2026-06-10T14:50:00,PCI_2,gNB-1,99.968,663,0,100.0,171.3,214.5,99.494,98.863,0.13,63,98.525,98.702,98.88,98.064,97.595,66.93,55.68,410.72,149.29,4.20009,98.986,12.12
2026-06-10T14:50:00,PCI_3,gNB-1,99.989,623,0,100.0,159.5,190.9,99.525,99.217,0.066,57,97.732,98.685,99.177,98.603,97.906,67.24,54.72,411.54,149.65,4.20898,99.358,11.17
2026-06-10T14:50:00,PCI_4,gNB-1,99.97,638,0,100.0,161.0,221.7,99.59,99.608,0.13,51,98.134,98.77,98.714,98.549,98.062,67.5,51.53,437.0,147.0,4.38001,99.482,12.49
2026-06-10T14:50:00,PCI_5,gNB-2,99.952,628,1,99.841,185.2,222.0,99.84,99.509,0.186,61,98.37,98.758,98.183,98.659,98.028,63.48,52.55,397.64,153.38,4.13264,98.989,13.69
2026-06-10T14:50:00,PCI_6,gNB-2,99.96,620,1,99.839,168.9,198.3,99.405,99.221,0.126,58,98.548,98.645,98.969,98.259,98.167,68.06,50.3,434.5,139.04,4.30157,99.587,9.62
2026-06-10T14:50:00,PCI_7,gNB-2,99.995,620,1,99.839,169.5,215.8,99.706,99.262,0.074,54,98.631,98.77,98.859,98.147,97.72,63.32,56.62,421.41,145.47,4.25155,99.2,11.14
2026-06-10T14:50:00,PCI_8,gNB-3,99.919,643,0,100.0,185.7,244.4,99.525,99.639,0.22,62,98.756,99.343,98.395,98.663,98.414,68.61,56.04,402.77,144.72,4.10614,99.021,12.9
2026-06-10T14:50:00,PCI_9,gNB-3,99.981,640,1,99.844,171.1,211.6,99.358,99.594,0.17,60,99.495,98.863,98.888,98.055,97.99,73.77,58.02,379.38,129.12,3.81374,98.935,13.51
2026-06-10T14:50:00,PCI_10,gNB-3,99.986,619,1,99.838,174.5,242.4,99.751,99.385,0.202,62,98.615,99.052,98.186,98.4,98.616,64.3,50.42,401.1,140.39,4.0612,99.391,14.04
2026-06-10T14:51:00,PCI_1,gNB-1,99.94,655,1,99.847,189.7,232.0,99.655,99.399,0.194,65,98.45,99.357,99.33,98.336,98.216,66.66,58.95,419.52,144.21,4.22797,99.192,12.31
2026-06-10T14:51:00,PCI_2,gNB-1,99.972,623,0,100.0,166.8,200.0,99.576,99.304,0.096,59,98.355,99.323,99.402,98.991,97.457,62.18,52.81,428.43,136.31,4.23551,99.342,13.52
2026-06-10T14:51:00,PCI_3,gNB-1,99.989,635,1,99.843,176.2,224.1,99.467,99.131,0.17,64,98.278,98.969,98.39,98.675,97.717,68.68,52.27,461.02,139.98,4.50752,99.4,14.28
2026-06-10T14:51:00,PCI_4,gNB-1,99.999,645,1,99.845,171.7,239.8,99.414,99.426,0.247,55,98.248,99.004,98.899,98.63,98.101,72.36,48.67,453.78,137.07,4.43134,99.163,13.47
2026-06-10T14:51:00,PCI_5,gNB-2,99.996,651,1,99.846,180.9,237.4,99.686,99.15,0.134,68,98.825,99.192,99.051,98.532,98.404,67.1,59.43,389.86,156.8,4.09998,99.486,12.56
2026-06-10T14:51:00,PCI_6,gNB-2,99.937,615,0,100.0,161.8,216.3,99.442,99.617,0.195,53,98.739,99.18,98.658,98.744,98.33,64.42,50.88,402.16,151.81,4.15481,99.316,11.88
2026-06-10T14:51:00,PCI_7,gNB-2,99.978,647,1,99.845,183.6,224.0,99.404,99.339,0.299,65,98.464,99.338,99.004,97.961,97.044,65.09,54.32,445.06,145.93,4.43242,98.581,14.18
2026-06-10T14:51:00,PCI_8,gNB-3,99.957,651,1,99.846,160.5,214.5,99.466,99.484,0.145,56,98.809,99.133,98.046,98.5,97.849,64.88,52.03,414.78,128.6,4.07539,99.572,11.82
2026-06-10T14:51:00,PCI_9,gNB-3,99.973,642,1,99.844,174.0,219.4,99.479,99.597,0.062,61,98.855,99.199,98.748,98.159,97.529,69.88,54.04,412.74,148.93,4.21254,99.386,16.4
2026-06-10T14:51:00,PCI_10,gNB-3,99.969,620,1,99.839,188.6,226.6,99.624,99.354,0.103,67,98.819,98.817,99.274,98.537,97.825,66.68,55.75,424.03,140.36,4.23293,99.015,14.31
2026-06-10T14:52:00,PCI_1,gNB-1,99.931,632,1,99.842,171.6,237.3,99.714,98.761,0.087,55,98.783,98.417,98.863,98.223,97.674,57.97,45.35,436.83,133.85,4.28007,99.16,11.66
2026-06-10T14:52:00,PCI_2,gNB-1,99.974,637,1,99.843,171.0,203.3,99.702,99.25,0.155,53,98.541,98.876,99.037,98.2,98.367,66.72,55.01,402.86,136.37,4.04421,99.277,12.62
2026-06-10T14:52:00,PCI_3,gNB-1,100.0,636,1,99.843,162.3,214.7,99.445,99.703,0.153,59,99.182,98.805,98.885,97.781,98.004,64.06,55.98,427.07,131.75,4.19115,99.072,11.05
2026-06-10T14:52:00,PCI_4,gNB-1,99.991,625,0,100.0,163.2,209.5,99.208,99.572,0.093,55,98.553,98.911,98.594,98.241,97.481,62.13,57.84,383.84,136.19,3.90022,98.982,12.43
2026-06-10T14:52:00,PCI_5,gNB-2,99.996,654,1,99.847,166.9,225.2,99.528,99.479,0.117,58,98.572,99.206,99.05,98.24,97.416,65.4,58.2,409.88,149.88,4.19826,99.111,14.34
2026-06-10T14:52:00,PCI_6,gNB-2,99.947,636,0,100.0,185.1,224.3,99.715,99.462,0.015,67,98.779,98.912,98.331,98.201,97.918,62.89,53.74,403.74,143.38,4.10339,99.195,15.17
2026-06-10T14:52:00,PCI_7,gNB-2,99.949,647,0,100.0,162.7,225.1,99.654,99.102,0.232,53,98.186,98.789,98.369,98.923,98.175,64.84,43.23,392.05,154.79,4.10132,98.897,13.29
2026-06-10T14:52:00,PCI_8,gNB-3,99.97,644,1,99.845,174.8,209.3,99.773,99.485,0.191,64,99.03,99.293,98.373,98.135,97.856,64.27,57.63,391.6,138.26,3.97396,98.978,12.89
2026-06-10T14:52:00,PCI_9,gNB-3,99.91,640,0,100.0,186.0,235.2,99.661,99.533,0.085,67,98.455,98.818,98.827,98.744,97.535,68.75,50.58,414.05,147.72,4.21334,99.709,12.49
2026-06-10T14:52:00,PCI_10,gNB-3,99.974,648,0,100.0,170.9,203.4,99.76,99.32,0.127,65,98.062,98.965,98.897,98.262,98.096,68.98,57.22,451.01,142.58,4.45195,99.032,11.8
2026-06-10T14:53:00,PCI_1,gNB-1,99.963,629,1,99.841,166.6,217.2,99.618,99.342,0.0,54,98.518,98.437,98.319,97.938,98.35,66.06,55.47,379.17,150.68,3.97388,98.527,13.58
2026-06-10T14:53:00,PCI_2,gNB-1,99.98,619,0,100.0,174.6,201.3,99.781,99.412,0.069,57,98.485,99.129,98.693,98.638,97.78,60.54,51.89,403.07,137.84,4.05685,99.287,12.93
2026-06-10T14:53:00,PCI_3,gNB-1,99.991,634,0,100.0,175.5,230.4,99.455,99.104,0.07,68,98.052,98.9,98.091,98.082,98.103,65.98,54.48,451.45,144.48,4.46948,99.075,12.55
2026-06-10T14:53:00,PCI_4,gNB-1,99.98,656,0,100.0,170.5,207.9,99.663,99.395,0.238,60,98.545,99.353,98.44,98.246,98.119,74.45,64.39,424.87,152.28,4.3286,99.271,12.65
2026-06-10T14:53:00,PCI_5,gNB-2,99.946,630,1,99.841,164.2,189.2,99.551,99.637,0.108,51,98.481,99.28,98.683,98.219,98.661,70.61,52.62,438.79,136.91,4.31773,99.169,17.4
2026-06-10T14:53:00,PCI_6,gNB-2,100.0,621,1,99.839,178.4,230.6,99.521,99.504,0.195,67,99.161,98.536,98.684,98.674,98.041,67.85,58.14,427.81,142.33,4.27607,99.405,14.38
2026-06-10T14:53:00,PCI_7,gNB-2,99.944,643,1,99.844,187.1,248.2,99.538,99.499,0.219,63,98.577,99.092,98.587,98.773,97.702,70.58,57.49,415.57,140.08,4.16739,99.021,14.69
2026-06-10T14:53:00,PCI_8,gNB-3,99.991,605,1,99.835,191.0,232.0,99.603,99.394,0.117,66,99.141,98.674,98.7,98.523,97.61,67.83,52.3,422.79,138.06,4.20638,99.149,13.78
2026-06-10T14:53:00,PCI_9,gNB-3,99.943,613,1,99.837,163.9,217.1,99.793,99.613,0.265,52,98.116,98.63,99.23,98.336,98.543,68.29,56.53,380.73,143.66,3.93293,99.256,10.95
2026-06-10T14:53:00,PCI_10,gNB-3,99.948,620,1,99.839,173.9,231.2,99.577,99.571,0.012,61,98.149,98.419,98.84,98.08,97.922,60.65,52.67,422.16,140.66,4.22115,99.408,11.86
2026-06-10T14:54:00,PCI_1,gNB-1,100.0,631,1,99.842,172.7,208.9,99.703,99.32,0.157,56,98.722,98.837,98.828,98.445,97.64,78.15,55.77,386.73,141.91,3.96477,99.053,12.51
2026-06-10T14:54:00,PCI_2,gNB-1,99.973,626,1,99.84,169.8,217.0,99.5,99.586,0.018,58,98.421,98.915,98.96,98.218,97.753,68.06,54.24,381.32,144.03,3.94014,98.613,12.92
2026-06-10T14:54:00,PCI_3,gNB-1,99.961,637,1,99.843,179.2,229.4,99.677,99.285,0.137,57,99.004,99.209,98.015,98.478,97.822,58.6,53.41,421.72,136.21,4.18455,99.061,13.12
2026-06-10T14:54:00,PCI_4,gNB-1,99.962,611,0,100.0,173.1,241.7,99.467,99.612,0.077,64,98.271,99.143,98.752,98.182,98.113,69.01,45.46,423.59,139.05,4.21977,99.321,14.29
2026-06-10T14:54:00,PCI_5,gNB-2,99.951,628,0,100.0,181.6,253.1,99.595,99.089,0.138,56,98.829,99.322,98.472,98.66,98.098,71.99,52.97,387.84,144.54,3.99285,99.18,11.4
2026-06-10T14:54:00,PCI_6,gNB-2,99.981,636,0,100.0,175.5,228.6,99.486,99.442,0.241,56,98.387,98.503,98.691,98.315,98.112,65.37,51.55,402.04,129.63,3.98752,98.687,14.34
2026-06-10T14:54:00,PCI_7,gNB-2,99.962,628,0,100.0,174.1,206.8,99.688,99.22,0.241,58,98.854,99.565,98.903,98.203,97.695,64.34,52.1,399.27,143.51,4.07083,99.529,11.79
2026-06-10T14:54:00,PCI_8,gNB-3,99.926,621,0,100.0,169.7,204.3,99.835,99.403,0.184,58,98.139,98.607,98.412,97.883,97.88,64.62,53.95,382.23,148.75,3.98235,99.092,15.08
2026-06-10T14:54:00,PCI_9,gNB-3,99.952,609,0,100.0,163.3,197.5,99.712,99.552,0.208,60,97.968,98.891,98.988,98.357,97.622,71.06,50.08,420.46,134.5,4.16217,99.382,14.45
2026-06-10T14:54:00,PCI_10,gNB-3,99.995,644,1,99.845,169.7,225.3,99.377,98.932,0.084,58,98.364,98.94,98.888,98.495,97.718,65.31,48.96,372.85,154.7,3.95664,99.155,15.48
2026-06-10T14:55:00,PCI_1,gNB-1,99.993,618,0,100.0,167.8,199.8,99.579,99.466,0.217,54,98.69,98.925,98.31,98.058,97.516,66.49,50.51,392.12,148.6,4.05536,98.947,12.32
2026-06-10T14:55:00,PCI_2,gNB-1,99.961,611,0,100.0,175.5,220.8,99.759,99.208,0.148,56,98.649,99.445,98.369,98.187,97.685,63.69,50.74,389.09,150.98,4.05053,99.068,12.3
2026-06-10T14:55:00,PCI_3,gNB-1,99.968,631,1,99.842,185.0,222.9,99.712,99.329,0.124,64,98.321,98.722,98.869,98.151,98.013,67.88,52.33,406.9,138.93,4.0937,99.053,14.54
2026-06-10T14:55:00,PCI_4,gNB-1,99.98,630,0,100.0,173.0,212.8,99.738,99.298,0.166,59,98.466,99.369,98.084,98.076,98.07,66.15,48.24,419.31,153.94,4.2994,98.926,12.04
2026-06-10T14:55:00,PCI_5,gNB-2,99.969,648,1,99.846,166.5,226.1,99.705,99.091,0.097,64,98.108,98.603,98.578,97.987,97.286,64.76,63.9,432.35,151.05,4.37552,99.564,13.66
2026-06-10T14:55:00,PCI_6,gNB-2,100.0,631,0,100.0,177.0,220.1,99.483,99.305,0.176,62,98.644,98.679,98.737,98.746,97.686,66.04,44.74,394.96,143.37,4.03753,98.749,14.61
2026-06-10T14:55:00,PCI_7,gNB-2,99.974,631,0,100.0,179.0,239.3,99.454,99.514,0.149,57,98.516,99.192,98.859,97.66,97.737,58.17,48.15,422.16,135.51,4.1825,99.48,14.26
2026-06-10T14:55:00,PCI_8,gNB-3,99.942,634,0,100.0,165.4,196.4,99.495,99.346,0.191,56,98.779,99.605,99.322,98.356,97.776,58.15,52.12,402.3,131.97,4.00704,99.644,14.37
2026-06-10T14:55:00,PCI_9,gNB-3,99.956,602,0,100.0,163.6,193.3,99.669,99.634,0.149,63,98.535,99.367,98.748,98.261,98.471,68.66,50.61,429.57,156.06,4.39228,98.574,11.26
2026-06-10T14:55:00,PCI_10,gNB-3,99.941,616,0,100.0,164.0,214.0,99.584,99.739,0.185,57,98.248,98.856,99.045,98.152,98.315,66.17,55.11,416.48,141.98,4.18849,98.965,14.72
2026-06-10T14:56:00,PCI_1,gNB-1,100.0,625,1,99.84,172.5,217.8,99.679,99.439,0.131,58,99.05,99.072,98.887,97.978,98.21,63.13,61.17,438.11,141.74,4.34882,99.09,12.23
2026-06-10T14:56:00,PCI_2,gNB-1,99.997,632,1,99.842,176.6,212.3,99.563,99.66,0.182,62,98.271,98.885,98.373,98.161,98.156,63.02,50.57,383.8,134.32,3.8859,99.049,14.17
2026-06-10T14:56:00,PCI_3,gNB-1,99.979,627,0,100.0,178.6,240.5,99.823,99.187,0.118,58,97.784,99.087,98.906,98.718,97.989,69.8,54.56,367.65,155.05,3.92024,99.2,12.76
2026-06-10T14:56:00,PCI_4,gNB-1,99.955,600,0,100.0,159.6,193.0,99.628,99.5,0.255,53,98.18,98.64,98.527,98.877,98.882,66.37,47.32,425.38,145.4,4.28088,99.354,9.78
2026-06-10T14:56:00,PCI_5,gNB-2,99.979,616,1,99.838,184.7,225.6,99.62,99.61,0.12,64,98.866,99.202,98.735,97.853,97.499,60.38,47.43,389.2,141.87,3.98305,99.328,12.29
2026-06-10T14:56:00,PCI_6,gNB-2,99.913,637,1,99.843,162.9,206.2,99.573,99.478,0.212,59,98.48,98.922,98.679,98.196,97.89,65.51,55.04,438.46,142.97,4.3607,98.892,13.14
2026-06-10T14:56:00,PCI_7,gNB-2,99.911,622,0,100.0,178.6,223.7,99.673,99.544,0.122,59,98.684,99.528,98.251,98.445,98.225,59.77,49.38,401.1,144.21,4.08982,98.858,7.25
2026-06-10T14:56:00,PCI_8,gNB-3,99.946,626,1,99.84,167.1,233.7,99.679,99.458,0.162,64,98.471,99.178,98.512,98.178,97.917,62.59,51.94,413.22,137.77,4.13247,99.221,14.48
2026-06-10T14:56:00,PCI_9,gNB-3,99.966,653,0,100.0,166.8,193.1,99.852,99.345,0.248,63,98.248,98.817,98.693,98.302,98.164,66.63,54.02,361.86,139.99,3.76388,99.432,11.32
2026-06-10T14:56:00,PCI_10,gNB-3,99.92,624,1,99.84,186.0,243.4,99.484,99.578,0.075,64,98.382,99.296,98.681,98.0,98.043,63.88,57.01,404.76,147.93,4.14523,99.084,10.15
2026-06-10T14:57:00,PCI_1,gNB-1,99.983,614,0,100.0,161.2,221.7,99.727,99.266,0.292,51,98.862,99.017,98.539,98.315,97.355,65.26,49.24,420.54,148.61,4.26862,99.532,12.37
2026-06-10T14:57:00,PCI_2,gNB-1,99.98,605,1,99.835,177.9,227.9,99.574,99.211,0.142,60,98.507,99.212,98.631,97.903,98.458,72.01,54.86,416.38,120.37,4.02558,99.228,12.28
2026-06-10T14:57:00,PCI_3,gNB-1,99.995,603,0,100.0,167.3,197.5,99.786,99.315,0.174,53,98.733,99.113,98.889,98.225,98.788,59.99,53.63,382.59,143.15,3.94301,98.962,14.05
2026-06-10T14:57:00,PCI_4,gNB-1,99.978,616,0,100.0,180.9,214.0,99.942,99.436,0.131,65,98.589,98.978,98.782,98.501,98.028,66.59,49.25,389.17,143.1,3.99208,99.092,13.76
2026-06-10T14:57:00,PCI_5,gNB-2,99.971,615,0,100.0,170.0,200.0,99.53,99.329,0.163,60,98.566,99.018,98.516,98.064,97.711,65.1,51.13,422.94,147.89,4.28121,99.414,13.58
2026-06-10T14:57:00,PCI_6,gNB-2,99.958,614,0,100.0,168.3,232.6,99.62,99.418,0.073,55,98.202,99.252,98.226,98.706,97.789,74.23,54.64,449.14,137.04,4.39631,98.867,13.99
2026-06-10T14:57:00,PCI_7,gNB-2,99.975,608,0,100.0,180.7,221.8,99.642,99.297,0.051,66,98.838,99.084,98.884,98.193,98.348,64.24,53.9,425.85,132.2,4.18534,99.266,11.28
2026-06-10T14:57:00,PCI_8,gNB-3,99.998,617,0,100.0,165.2,206.3,99.762,99.684,0.15,58,98.434,98.763,98.933,98.562,97.614,67.36,49.88,378.93,136.26,3.8639,99.254,13.32
2026-06-10T14:57:00,PCI_9,gNB-3,99.999,621,1,99.839,173.6,224.5,99.83,99.128,0.217,63,98.34,99.049,98.527,98.494,97.78,65.71,55.32,404.57,136.48,4.05787,99.378,13.48
2026-06-10T14:57:00,PCI_10,gNB-3,99.968,630,0,100.0,165.2,225.8,99.658,99.288,0.128,58,98.172,98.901,99.111,98.041,98.633,63.47,52.96,386.35,138.24,3.93443,99.4,11.97
2026-06-10T14:58:00,PCI_1,gNB-1,100.0,626,0,100.0,167.3,199.8,99.533,99.311,0.153,60,98.809,99.015,98.548,98.799,97.634,75.81,50.53,399.22,144.81,4.0802,99.008,13.56
2026-06-10T14:58:00,PCI_2,gNB-1,99.923,623,0,100.0,170.3,208.2,99.76,99.573,0.246,55,98.654,98.459,98.717,98.528,98.092,68.54,56.61,399.29,144.74,4.08023,99.56,13.36
2026-06-10T14:58:00,PCI_3,gNB-1,99.934,592,0,100.0,172.9,223.9,99.601,99.377,0.159,56,98.325,98.957,98.271,97.598,97.428,64.14,46.65,447.62,137.57,4.38893,99.101,11.65
2026-06-10T14:58:00,PCI_4,gNB-1,99.984,595,0,100.0,168.3,234.5,99.501,99.699,0.096,53,98.481,98.501,98.873,98.693,97.505,69.36,51.89,386.52,137.04,3.92673,99.405,14.11
2026-06-10T14:58:00,PCI_5,gNB-2,99.962,632,0,100.0,175.3,244.0,99.475,99.312,0.059,61,98.477,98.889,98.824,98.497,97.788,64.62,53.95,415.62,139.23,4.1614,99.203,10.88
2026-06-10T14:58:00,PCI_6,gNB-2,99.981,615,1,99.837,177.1,210.7,99.795,99.056,0.172,59,98.605,99.58,98.608,97.926,98.16,64.95,55.37,383.17,146.31,3.9711,99.181,12.9
2026-06-10T14:58:00,PCI_7,gNB-2,99.91,622,1,99.839,177.5,243.0,99.807,99.779,0.018,66,99.096,98.788,98.632,98.36,97.845,59.35,54.73,401.51,134.34,4.01892,99.33,12.54
2026-06-10T14:58:00,PCI_8,gNB-3,99.968,613,1,99.837,168.9,207.5,99.925,99.007,0.173,63,98.518,98.774,98.328,98.487,97.269,68.44,53.26,448.89,138.97,4.40892,99.352,11.43
2026-06-10T14:58:00,PCI_9,gNB-3,99.935,604,1,99.834,170.9,216.9,99.611,99.606,0.147,58,99.102,98.834,98.348,98.591,98.704,63.3,57.08,400.67,136.57,4.02932,99.58,13.17
2026-06-10T14:58:00,PCI_10,gNB-3,99.948,601,0,100.0,174.6,238.1,99.594,99.354,0.098,60,98.537,98.699,98.853,98.132,97.783,63.76,50.72,360.82,139.13,3.74959,99.002,13.99
2026-06-10T14:59:00,PCI_1,gNB-1,100.0,599,1,99.833,165.2,222.6,99.624,99.462,0.168,64,98.832,99.228,98.336,98.013,98.185,71.76,49.01,394.79,147.05,4.06375,99.381,14.71
2026-06-10T14:59:00,PCI_2,gNB-1,100.0,608,0,100.0,160.5,185.9,99.757,99.358,0.201,57,98.584,98.993,98.891,98.141,98.473,65.35,51.11,420.43,146.73,4.25372,99.096,12.73
2026-06-10T14:59:00,PCI_3,gNB-1,99.913,627,1,99.841,170.7,206.0,99.603,99.321,0.253,61,98.73,98.873,99.036,98.042,98.479,71.68,53.7,401.74,148.0,4.12305,99.435,12.38
2026-06-10T14:59:00,PCI_4,gNB-1,99.954,605,0,100.0,166.5,211.3,99.538,99.595,0.142,49,98.642,98.71,98.503,98.291,97.139,65.83,53.09,407.8,138.66,4.09841,99.175,13.41
2026-06-10T14:59:00,PCI_5,gNB-2,99.908,612,0,100.0,158.8,216.2,99.647,99.415,0.09,51,98.914,98.749,98.769,98.407,97.877,69.93,54.35,398.21,152.6,4.13104,98.944,14.03
2026-06-10T14:59:00,PCI_6,gNB-2,99.965,609,0,100.0,170.1,206.0,99.462,99.558,0.297,57,98.079,99.535,98.971,98.295,97.747,70.12,50.05,397.37,143.63,4.05749,99.264,12.26
2026-06-10T14:59:00,PCI_7,gNB-2,99.933,612,1,99.837,166.4,200.6,99.735,99.282,0.104,62,98.637,98.353,98.222,98.188,98.09,66.94,49.98,396.5,140.19,4.02517,99.417,9.73
2026-06-10T14:59:00,PCI_8,gNB-3,99.985,617,1,99.838,173.0,225.7,99.521,99.509,0.216,58,98.684,99.04,98.625,98.319,97.904,62.58,47.75,414.02,139.52,4.15156,98.788,14.09
2026-06-10T14:59:00,PCI_9,gNB-3,99.978,643,1,99.844,177.9,209.3,99.546,99.315,0.088,67,98.374,99.561,99.176,98.71,97.67,63.65,49.13,417.19,150.29,4.25609,99.116,13.12
2026-06-10T14:59:00,PCI_10,gNB-3,99.957,599,0,100.0,176.6,209.0,99.527,99.446,0.171,56,98.561,99.472,98.705,98.327,97.821,67.73,54.08,413.86,139.74,4.15202,99.26,12.77
2026-06-10T15:00:00,PCI_1,gNB-1,99.946,629,1,99.841,175.4,227.1,99.595,99.493,0.175,59,98.686,99.052,98.871,98.347,97.882,65.97,52.26,444.86,130.99,4.31887,98.921,15.23
2026-06-10T15:00:00,PCI_2,gNB-1,100.0,625,0,100.0,187.7,217.7,99.387,99.479,0.063,62,99.051,98.682,98.682,98.154,97.812,57.22,50.88,362.55,132.23,3.7109,99.33,12.41
2026-06-10T15:00:00,PCI_3,gNB-1,99.966,613,1,99.837,183.0,223.4,99.584,99.795,0.151,67,98.332,99.363,98.387,97.844,97.653,66.61,48.64,374.57,130.07,3.78481,99.219,12.53
2026-06-10T15:00:00,PCI_4,gNB-1,99.995,619,0,100.0,168.7,199.6,99.319,99.846,0.078,63,98.155,98.893,98.709,98.043,97.555,64.78,50.8,433.77,140.52,4.30717,99.268,11.12
2026-06-10T15:00:00,PCI_5,gNB-2,100.0,591,1,99.831,182.8,237.1,99.83,99.598,0.146,60,98.79,99.303,98.44,98.488,98.059,67.48,49.97,417.29,138.67,4.16964,99.561,12.4
2026-06-10T15:00:00,PCI_6,gNB-2,100.0,615,1,99.837,167.9,193.6,99.835,99.344,0.183,52,98.481,99.099,98.411,97.625,98.095,66.56,50.34,439.35,115.61,4.16222,99.332,13.33
2026-06-10T15:00:00,PCI_7,gNB-2,99.995,649,1,99.846,171.9,202.5,99.51,99.447,0.0,56,98.312,98.857,98.023,98.167,97.814,68.06,47.06,406.68,130.71,4.03044,98.939,13.35
2026-06-10T15:00:00,PCI_8,gNB-3,61.399,615,1,99.837,176.5,241.3,99.421,99.348,29.61,67,46.082,98.773,98.193,56.818,52.904,2.5,4.07,3.44,0.31,0.02814,59.852,14.14
2026-06-10T15:00:00,PCI_9,gNB-3,99.949,636,1,99.843,176.3,235.7,99.72,99.326,0.223,70,98.309,99.049,98.736,97.955,98.412,67.08,57.05,421.83,119.82,4.06232,98.628,15.07
2026-06-10T15:00:00,PCI_10,gNB-3,99.949,633,1,99.842,167.3,201.2,99.588,99.403,0.258,59,98.415,99.246,99.321,98.628,98.72,63.08,56.76,387.97,145.64,4.00205,99.427,11.77
2026-06-10T15:01:00,PCI_1,gNB-1,99.94,606,1,99.835,178.0,231.0,99.652,99.381,0.1,63,98.92,98.722,99.041,98.456,98.002,62.76,50.18,413.48,130.69,4.08128,99.339,11.74
2026-06-10T15:01:00,PCI_2,gNB-1,99.968,622,1,99.839,164.2,205.8,99.591,99.245,0.151,56,98.333,99.12,98.622,98.295,97.918,62.98,50.23,414.91,143.06,4.18478,99.388,11.63
2026-06-10T15:01:00,PCI_3,gNB-1,99.932,623,0,100.0,166.8,205.8,99.582,99.45,0.076,58,98.079,98.816,98.869,98.443,97.726,58.18,50.85,382.52,156.3,4.04119,99.069,10.72
2026-06-10T15:01:00,PCI_4,gNB-1,99.929,619,1,99.838,174.6,237.8,99.706,99.513,0.186,57,98.219,99.278,98.511,98.447,98.422,64.59,50.47,392.84,143.16,4.01999,98.518,11.59
2026-06-10T15:01:00,PCI_5,gNB-2,99.985,599,0,100.0,187.3,260.9,99.713,99.184,0.252,70,98.11,98.931,98.199,97.883,97.913,65.74,51.09,412.09,129.48,4.06178,98.914,12.51
2026-06-10T15:01:00,PCI_6,gNB-2,100.0,624,1,99.84,179.2,210.9,99.536,99.677,0.118,57,98.817,98.941,98.725,98.275,97.665,62.6,53.71,371.1,158.19,3.96968,99.145,14.7
2026-06-10T15:01:00,PCI_7,gNB-2,99.946,616,1,99.838,165.2,230.0,99.505,99.551,0.228,61,98.367,99.013,98.735,98.912,97.604,67.6,54.27,422.65,146.24,4.2667,99.587,15.93
2026-06-10T15:01:00,PCI_8,gNB-3,64.923,618,1,99.838,178.5,218.4,99.571,99.184,28.092,58,41.334,98.944,98.744,51.616,58.096,2.11,3.39,1.42,0.9,0.01742,68.885,13.25
2026-06-10T15:01:00,PCI_9,gNB-3,99.981,610,0,100.0,174.1,209.3,99.386,99.283,0.109,59,98.442,98.637,98.725,98.328,98.365,63.67,55.03,340.19,146.63,3.65113,99.649,14.7
2026-06-10T15:01:00,PCI_10,gNB-3,100.0,611,0,100.0,173.1,233.7,99.602,99.33,0.19,61,98.637,99.361,98.031,98.306,97.691,60.07,54.72,399.23,145.92,4.08863,99.329,14.28
2026-06-10T15:02:00,PCI_1,gNB-1,100.0,643,0,100.0,174.8,235.0,99.687,99.338,0.193,66,98.342,99.006,98.986,98.094,97.794,66.01,54.56,385.88,136.45,3.91746,99.574,13.91
2026-06-10T15:02:00,PCI_2,gNB-1,99.962,646,1,99.845,145.8,190.9,99.659,99.792,0.284,51,98.561,98.767,99.041,98.334,98.034,69.86,49.83,410.75,147.21,4.18474,99.336,14.57
2026-06-10T15:02:00,PCI_3,gNB-1,99.95,606,0,100.0,180.3,224.3,99.441,99.603,0.181,67,98.449,99.117,98.581,98.414,97.614,65.11,54.94,343.07,137.35,3.60314,99.48,13.27
2026-06-10T15:02:00,PCI_4,gNB-1,99.97,613,1,99.837,140.6,186.8,99.797,99.378,0.143,50,98.273,98.866,98.697,98.122,98.149,69.55,51.83,421.14,133.79,4.16196,98.989,12.8
2026-06-10T15:02:00,PCI_5,gNB-2,99.927,609,1,99.836,169.7,195.9,99.66,99.239,0.024,60,98.957,98.965,98.92,97.628,98.229,68.71,57.3,394.28,139.36,4.00229,98.992,12.34
2026-06-10T15:02:00,PCI_6,gNB-2,100.0,652,0,100.0,163.7,204.0,99.741,99.386,0.26,59,98.843,99.091,98.488,98.047,98.416,70.26,48.54,336.23,138.94,3.56378,98.918,12.23
2026-06-10T15:02:00,PCI_7,gNB-2,100.0,621,1,99.839,150.8,183.2,99.445,99.475,0.199,52,98.582,99.07,98.86,97.991,98.432,67.18,54.88,370.6,144.47,3.86307,99.428,14.62
2026-06-10T15:02:00,PCI_8,gNB-3,73.56,601,1,99.834,187.0,231.6,99.474,99.261,21.72,64,42.797,98.536,98.767,43.366,43.727,0.08,1.66,1.98,0.75,0.02047,73.391,11.73
2026-06-10T15:02:00,PCI_9,gNB-3,99.944,612,0,100.0,169.5,224.1,99.903,99.439,0.171,58,98.751,98.513,98.723,98.572,97.915,66.91,51.34,341.31,151.07,3.69285,99.604,13.25
2026-06-10T15:02:00,PCI_10,gNB-3,99.974,621,1,99.839,160.8,216.6,99.298,99.313,0.169,54,98.292,99.357,98.667,98.516,98.009,66.04,53.25,344.12,142.59,3.65035,99.193,14.47
2026-06-10T15:03:00,PCI_1,gNB-1,99.974,594,0,100.0,166.8,228.7,99.598,99.525,0.073,54,98.204,99.175,98.726,98.152,98.425,68.24,55.02,398.45,134.01,3.99344,99.166,12.5
2026-06-10T15:03:00,PCI_2,gNB-1,99.989,632,0,100.0,160.0,221.5,99.627,99.6,0.129,57,98.562,98.727,98.917,98.434,97.769,59.55,53.13,371.27,139.39,3.82996,99.041,13.08
2026-06-10T15:03:00,PCI_3,gNB-1,99.924,611,0,100.0,180.7,223.9,99.733,99.539,0.264,66,98.305,99.098,98.665,97.87,98.611,65.99,55.05,375.93,133.81,3.82304,99.501,11.78
2026-06-10T15:03:00,PCI_4,gNB-1,99.999,615,0,100.0,172.4,205.7,100.0,99.452,0.118,66,98.29,98.752,98.086,97.678,97.668,68.27,49.09,408.0,130.19,4.03648,99.396,12.11
2026-06-10T15:03:00,PCI_5,gNB-2,99.954,597,1,99.832,174.3,229.3,99.495,99.368,0.237,58,98.686,99.414,98.742,98.763,97.409,59.13,50.93,365.71,133.63,3.74505,99.351,13.99
2026-06-10T15:03:00,PCI_6,gNB-2,99.988,620,0,100.0,167.9,198.0,99.774,99.823,0.077,59,98.328,99.231,98.604,98.242,98.315,63.88,47.47,413.16,128.86,4.06512,99.06,11.99
2026-06-10T15:03:00,PCI_7,gNB-2,99.942,627,1,99.841,169.3,215.1,99.6,99.504,0.11,53,98.788,99.211,98.468,98.436,98.062,60.55,49.51,360.45,152.41,3.84643,99.356,13.84
2026-06-10T15:03:00,PCI_8,gNB-3,68.921,618,0,100.0,162.1,190.6,99.638,99.319,21.616,56,49.288,99.017,98.532,55.606,45.36,3.97,4.65,2.25,0.97,0.02414,64.913,13.03
2026-06-10T15:03:00,PCI_9,gNB-3,99.935,612,0,100.0,170.0,205.6,99.615,99.258,0.204,58,99.001,99.035,98.187,98.186,97.825,60.29,49.99,379.36,141.78,3.90853,99.024,12.23
2026-06-10T15:03:00,PCI_10,gNB-3,99.976,624,0,100.0,172.0,232.5,99.808,99.455,0.227,58,98.424,99.232,99.328,97.987,98.068,63.31,50.34,437.25,148.02,4.38955,98.962,14.19
2026-06-10T15:04:00,PCI_1,gNB-1,99.973,626,1,99.84,168.5,228.0,99.707,99.878,0.179,60,98.79,98.837,99.027,97.797,97.045,73.84,65.63,370.51,133.37,3.77906,98.944,11.78
2026-06-10T15:04:00,PCI_2,gNB-1,99.947,591,1,99.831,161.4,196.2,99.418,99.59,0.124,57,98.56,98.722,98.804,98.154,98.213,61.25,57.17,405.23,132.66,4.03415,99.242,11.92
2026-06-10T15:04:00,PCI_3,gNB-1,100.0,605,1,99.835,172.1,207.9,99.719,99.228,0.085,61,98.65,98.876,98.23,98.167,98.29,64.44,57.32,367.86,133.7,3.76173,99.271,10.74
2026-06-10T15:04:00,PCI_4,gNB-1,99.957,602,0,100.0,154.4,188.4,99.814,99.454,0.27,51,98.305,98.885,97.549,98.076,97.509,65.86,53.03,386.48,141.67,3.96114,99.23,13.33
2026-06-10T15:04:00,PCI_5,gNB-2,99.934,615,1,99.837,172.2,231.1,99.546,99.361,0.077,59,98.487,99.05,99.034,98.327,98.198,66.82,48.07,374.65,125.87,3.75394,99.182,12.69
2026-06-10T15:04:00,PCI_6,gNB-2,99.988,620,0,100.0,149.8,207.6,99.672,99.396,0.17,55,98.84,99.038,99.09,97.997,98.127,66.1,53.55,381.68,138.44,3.90088,98.773,12.15
2026-06-10T15:04:00,PCI_7,gNB-2,99.976,621,1,99.839,180.9,243.4,99.735,99.273,0.097,64,98.636,99.362,98.719,98.501,97.795,62.38,48.29,425.54,138.97,4.23382,99.254,14.35
2026-06-10T15:04:00,PCI_8,gNB-3,58.339,605,0,100.0,172.8,239.3,99.813,99.439,24.52,59,44.566,99.374,98.628,50.214,51.695,4.33,3.59,0.92,0.51,0.01076,62.508,13.03
2026-06-10T15:04:00,PCI_9,gNB-3,99.949,621,0,100.0,173.5,206.1,99.708,99.367,0.192,60,98.165,99.235,98.354,98.427,97.92,71.35,55.69,389.03,137.31,3.94758,99.195,13.75
2026-06-10T15:04:00,PCI_10,gNB-3,99.926,634,0,100.0,170.5,212.3,99.615,99.139,0.175,64,98.992,98.684,98.707,98.47,97.951,61.87,46.96,441.43,134.3,4.31797,99.323,12.32
2026-06-10T15:05:00,PCI_1,gNB-1,99.979,579,1,99.827,165.0,221.2,99.91,99.68,0.043,57,98.688,99.31,98.838,98.503,97.603,61.07,58.58,370.18,120.76,3.68203,98.216,12.97
2026-06-10T15:05:00,PCI_2,gNB-1,99.94,619,1,99.838,169.3,213.4,99.559,99.25,0.039,60,98.227,99.02,98.702,98.165,97.703,62.0,52.3,394.0,146.15,4.05112,99.75,12.62
2026-06-10T15:05:00,PCI_3,gNB-1,99.933,611,1,99.836,172.8,201.9,99.725,99.331,0.036,64,98.782,98.923,98.694,98.294,98.429,58.14,49.02,381.22,147.28,3.9637,99.077,11.03
2026-06-10T15:05:00,PCI_4,gNB-1,99.94,602,0,100.0,158.9,211.1,99.779,99.512,0.229,57,97.965,98.797,99.081,98.354,98.132,63.16,50.42,373.77,140.06,3.85378,98.823,12.91
2026-06-10T15:05:00,PCI_5,gNB-2,100.0,587,0,100.0,172.3,210.2,99.526,99.495,0.139,54,98.626,99.158,98.807,98.127,98.271,63.07,52.9,366.16,138.52,3.78515,98.991,11.42
2026-06-10T15:05:00,PCI_6,gNB-2,99.96,609,1,99.836,154.7,189.1,99.48,99.415,0.116,54,98.463,98.67,98.861,98.915,97.653,68.95,53.25,388.78,143.99,3.99576,99.216,12.31
2026-06-10T15:05:00,PCI_7,gNB-2,99.967,646,1,99.845,159.9,193.3,99.354,99.167,0.067,59,98.452,98.964,99.34,98.457,98.293,64.71,47.62,390.3,133.09,3.92544,98.964,10.84
2026-06-10T15:05:00,PCI_8,gNB-3,71.814,601,1,99.834,157.5,209.1,99.593,99.368,28.083,56,47.361,98.831,98.73,50.264,41.105,2.87,1.02,2.61,0.38,0.0224,65.521,11.79
2026-06-10T15:05:00,PCI_9,gNB-3,100.0,621,0,100.0,169.4,228.9,99.53,99.608,0.189,59,98.451,98.795,98.726,98.593,97.821,68.78,51.69,380.59,141.7,3.91714,99.495,13.82
2026-06-10T15:05:00,PCI_10,gNB-3,100.0,610,1,99.836,168.6,234.2,99.606,99.548,0.102,55,98.954,98.858,98.671,98.196,97.849,68.27,51.21,407.46,134.88,4.06756,99.045,12.86
2026-06-10T15:06:00,PCI_1,gNB-1,99.963,614,1,99.837,140.4,173.1,99.538,99.392,0.0,46,97.871,99.48,98.699,98.465,98.496,68.08,51.58,369.27,127.79,3.72796,99.541,13.77
2026-06-10T15:06:00,PCI_2,gNB-1,99.975,605,0,100.0,163.8,197.1,99.437,99.617,0.087,58,98.446,98.913,98.479,98.454,97.961,71.09,49.02,422.07,144.07,4.24603,98.869,12.98
2026-06-10T15:06:00,PCI_3,gNB-1,99.975,648,0,100.0,165.4,211.6,99.241,99.206,0.187,62,98.338,98.858,98.464,98.81,97.857,70.19,48.25,370.7,133.45,3.78114,99.544,12.54
2026-06-10T15:06:00,PCI_4,gNB-1,99.985,605,1,99.835,161.2,189.1,99.654,99.265,0.213,58,98.277,98.855,98.864,97.87,97.913,62.64,58.75,384.31,128.55,3.84641,99.255,12.53
2026-06-10T15:06:00,PCI_5,gNB-2,99.93,598,1,99.833,156.3,194.6,99.698,99.549,0.259,57,98.89,98.766,98.242,97.982,97.404,73.59,53.95,389.93,133.32,3.92433,99.374,8.56
2026-06-10T15:06:00,PCI_6,gNB-2,99.968,588,0,100.0,179.8,243.1,99.758,99.363,0.077,64,98.928,98.892,98.568,97.788,97.698,60.72,43.22,401.71,142.44,4.08106,99.084,11.91
2026-06-10T15:06:00,PCI_7,gNB-2,99.934,620,0,100.0,166.8,228.9,99.531,99.566,0.138,62,98.606,98.73,99.136,98.258,97.846,71.29,43.47,405.2,139.16,4.08268,99.301,11.59
2026-06-10T15:06:00,PCI_8,gNB-3,70.433,590,1,99.831,172.6,225.8,99.634,99.59,26.203,60,39.749,98.673,98.542,51.227,45.165,2.21,4.37,2.9,0.39,0.02468,73.266,13.6
2026-06-10T15:06:00,PCI_9,gNB-3,99.961,600,1,99.833,160.9,218.6,99.805,99.172,0.184,49,98.275,99.278,98.641,98.595,98.138,57.91,59.77,411.13,142.93,4.15543,99.319,12.69
2026-06-10T15:06:00,PCI_10,gNB-3,99.958,592,1,99.831,173.7,210.1,99.876,99.438,0.15,60,98.888,99.217,98.777,97.791,98.255,62.22,52.64,383.39,116.92,3.75229,98.976,10.71
2026-06-10T15:07:00,PCI_1,gNB-1,99.964,577,0,100.0,173.1,218.3,99.451,99.346,0.024,56,97.784,99.595,98.849,98.223,98.043,67.16,49.71,375.68,142.98,3.88995,99.112,12.28
2026-06-10T15:07:00,PCI_2,gNB-1,100.0,634,0,100.0,161.4,187.8,99.567,99.16,0.133,56,98.739,98.798,98.894,98.043,98.192,55.88,51.77,364.84,133.88,3.7404,99.773,11.44
2026-06-10T15:07:00,PCI_3,gNB-1,99.954,598,0,100.0,159.2,188.8,99.375,99.173,0.168,57,98.498,98.912,98.823,98.886,97.574,69.96,47.63,432.3,127.18,4.19611,98.998,11.73
2026-06-10T15:07:00,PCI_4,gNB-1,99.984,613,1,99.837,166.0,225.6,99.737,99.564,0.133,55,98.428,99.053,98.7,98.834,98.166,63.33,47.78,392.73,137.53,3.97698,99.226,14.08
2026-06-10T15:07:00,PCI_5,gNB-2,100.0,606,0,100.0,155.0,193.5,99.875,99.517,0.097,57,98.525,98.858,98.079,98.74,98.413,64.03,54.05,395.48,134.68,3.97617,99.223,10.64
2026-06-10T15:07:00,PCI_6,gNB-2,99.979,593,1,99.831,170.6,205.5,99.632,99.214,0.161,57,98.308,98.815,99.016,98.805,97.66,68.35,50.87,378.88,124.56,3.7758,99.186,13.6
2026-06-10T15:07:00,PCI_7,gNB-2,99.942,610,0,100.0,169.7,217.9,99.666,99.413,0.005,54,98.474,99.397,98.826,98.433,97.899,64.13,52.02,365.24,143.25,3.81366,98.746,12.6
2026-06-10T15:07:00,PCI_8,gNB-3,59.393,603,0,100.0,177.3,208.5,99.695,99.474,24.707,61,49.615,98.716,99.143,41.043,48.483,2.4,1.74,1.32,0.62,0.0145,70.682,13.85
2026-06-10T15:07:00,PCI_9,gNB-3,100.0,618,0,100.0,166.1,192.9,99.477,99.215,0.07,59,98.34,99.254,99.254,98.624,97.683,60.83,44.12,405.24,140.64,4.09412,99.142,13.58
2026-06-10T15:07:00,PCI_10,gNB-3,99.981,611,0,100.0,165.3,195.7,99.876,99.276,0.265,57,99.136,98.821,99.005,98.228,98.454,67.86,48.35,424.55,136.71,4.20944,99.126,11.92
2026-06-10T15:08:00,PCI_1,gNB-1,99.967,595,0,100.0,170.5,230.4,99.382,99.399,0.06,62,98.676,98.636,98.464,98.077,98.359,59.56,46.92,370.57,135.23,3.79349,99.733,12.94
2026-06-10T15:08:00,PCI_2,gNB-1,99.975,592,1,99.831,168.6,216.9,99.447,99.147,0.27,61,98.718,99.029,98.734,98.456,97.926,62.93,54.03,356.87,146.82,3.77773,99.168,13.25
2026-06-10T15:08:00,PCI_3,gNB-1,100.0,617,0,100.0,153.2,186.2,99.44,99.22,0.098,47,98.127,99.085,98.488,98.104,97.821,65.88,54.15,392.55,141.66,4.00656,99.315,10.97
2026-06-10T15:08:00,PCI_4,gNB-1,99.932,614,1,99.837,155.5,182.5,99.545,99.216,0.06,56,98.592,99.016,98.566,98.183,97.682,67.48,57.7,380.75,139.84,3.90443,99.581,12.17
2026-06-10T15:08:00,PCI_5,gNB-2,99.962,603,1,99.834,149.6,176.6,99.656,99.067,0.131,54,98.528,99.108,98.174,98.696,97.459,62.8,58.69,365.53,129.69,3.71414,99.192,15.11
2026-06-10T15:08:00,PCI_6,gNB-2,99.937,636,1,99.843,167.2,229.3,99.511,99.596,0.136,58,99.054,99.135,98.745,97.539,97.851,64.67,53.06,362.82,135.94,3.74067,99.365,14.8
2026-06-10T15:08:00,PCI_7,gNB-2,99.98,610,0,100.0,157.0,185.2,99.608,99.426,0.211,55,99.211,99.094,98.585,98.05,98.402,61.93,46.89,385.83,138.84,3.93501,99.118,14.66
2026-06-10T15:08:00,PCI_8,gNB-3,64.154,587,1,99.83,168.0,212.1,99.497,99.047,22.279,58,58.063,98.751,98.061,43.327,43.635,0.83,2.7,4.88,0.29,0.03877,72.511,12.76
2026-06-10T15:08:00,PCI_9,gNB-3,99.923,606,1,99.835,163.2,205.2,99.72,99.893,0.173,58,98.943,98.916,98.859,98.237,98.244,62.2,55.97,390.56,122.18,3.84555,99.552,12.32
2026-06-10T15:08:00,PCI_10,gNB-3,99.967,616,0,100.0,170.5,235.2,99.575,99.356,0.192,61,98.455,98.885,98.466,97.938,97.903,59.27,52.49,345.03,122.18,3.50412,98.931,11.99
2026-06-10T15:09:00,PCI_1,gNB-1,99.973,608,1,99.836,163.0,209.0,99.543,99.43,0.132,56,98.066,98.854,98.569,98.795,98.467,65.66,53.35,420.99,141.58,4.21928,98.687,12.48
2026-06-10T15:09:00,PCI_2,gNB-1,99.918,566,0,100.0,168.1,207.8,99.581,99.84,0.113,56,98.165,99.369,98.917,98.314,97.891,63.0,48.79,413.9,143.55,4.18091,99.311,11.8
2026-06-10T15:09:00,PCI_3,gNB-1,99.984,598,0,100.0,162.4,198.6,99.647,99.67,0.174,57,98.095,98.898,98.494,98.18,98.353,68.73,43.73,366.26,121.09,3.65512,99.667,15.04
2026-06-10T15:09:00,PCI_4,gNB-1,99.95,617,1,99.838,162.0,213.4,99.595,99.013,0.196,61,98.705,98.83,98.894,98.256,97.89,67.14,49.61,379.11,137.52,3.87476,98.863,12.85
2026-06-10T15:09:00,PCI_5,gNB-2,99.959,622,1,99.839,179.4,224.6,99.589,99.743,0.167,66,98.426,98.737,98.877,98.538,98.682,60.86,53.29,397.02,127.58,3.93451,98.979,11.5
2026-06-10T15:09:00,PCI_6,gNB-2,99.962,615,1,99.837,169.7,222.5,99.779,99.073,0.163,54,98.678,99.176,99.105,98.343,97.631,59.88,49.24,391.76,142.24,4.00502,98.739,14.82
2026-06-10T15:09:00,PCI_7,gNB-2,99.984,614,0,100.0,155.9,199.8,99.652,99.296,0.163,55,98.679,99.329,98.632,98.399,98.126,64.94,52.38,375.66,148.24,3.92927,99.34,13.27
2026-06-10T15:09:00,PCI_8,gNB-3,69.166,607,0,100.0,157.7,185.8,99.729,99.366,25.695,52,53.799,98.994,99.172,58.658,49.527,4.99,0.89,2.85,0.58,0.02572,65.911,13.25
2026-06-10T15:09:00,PCI_9,gNB-3,99.942,596,0,100.0,143.9,167.5,99.55,99.567,0.201,49,98.144,98.972,98.827,98.451,98.023,61.86,48.86,392.54,151.42,4.07973,99.598,13.49
2026-06-10T15:09:00,PCI_10,gNB-3,99.951,595,1,99.832,161.5,218.5,99.55,99.442,0.082,57,98.385,98.998,98.392,98.264,97.868,58.45,51.68,361.2,143.97,3.78877,99.135,12.31
2026-06-10T15:10:00,PCI_1,gNB-1,99.945,584,0,100.0,160.9,197.8,99.695,99.647,0.258,55,98.421,99.267,98.729,98.258,98.01,63.8,50.38,397.13,137.11,4.0068,99.301,13.95
2026-06-10T15:10:00,PCI_2,gNB-1,99.955,614,1,99.837,168.0,196.5,99.464,99.507,0.213,52,98.14,98.971,98.784,98.393,97.967,63.74,51.26,406.82,134.85,4.06257,98.641,12.25
2026-06-10T15:10:00,PCI_3,gNB-1,99.887,608,0,100.0,159.9,211.8,99.525,99.595,0.185,57,98.691,99.719,99.01,98.373,97.927,61.97,45.65,390.64,131.27,3.91434,99.485,14.12
2026-06-10T15:10:00,PCI_4,gNB-1,100.0,570,0,100.0,156.4,195.9,99.534,99.461,0.122,52,98.248,99.213,98.466,98.444,97.737,63.43,50.58,410.11,128.51,4.03964,99.073,14.22
2026-06-10T15:10:00,PCI_5,gNB-2,99.963,599,0,100.0,165.8,192.0,99.719,99.616,0.16,55,98.92,99.364,98.673,98.451,97.906,58.38,49.62,388.54,132.84,3.91035,99.715,12.8
2026-06-10T15:10:00,PCI_6,gNB-2,99.935,594,1,99.832,153.4,178.2,99.621,99.345,0.156,52,98.181,99.005,98.568,98.684,97.709,69.54,49.8,404.53,133.97,4.0388,99.03,13.13
2026-06-10T15:10:00,PCI_7,gNB-2,99.973,599,0,100.0,155.2,200.4,99.378,99.371,0.149,48,98.794,98.777,98.777,98.099,98.284,67.51,57.27,393.39,119.23,3.84468,99.495,12.12
2026-06-10T15:10:00,PCI_8,gNB-3,74.655,595,0,100.0,164.9,198.5,99.324,99.332,26.403,62,54.622,99.269,98.995,48.55,52.944,4.51,2.76,2.75,0.44,0.02389,67.452,13.58
2026-06-10T15:10:00,PCI_9,gNB-3,99.951,587,1,99.83,153.1,209.2,99.367,99.35,0.211,56,98.525,98.889,98.815,98.157,97.277,61.47,46.8,404.35,128.97,3.9999,99.439,14.95
2026-06-10T15:10:00,PCI_10,gNB-3,100.0,597,0,100.0,156.6,210.6,99.593,99.298,0.218,54,98.371,98.506,98.361,98.081,97.415,69.17,56.9,360.52,146.75,3.80452,99.075,12.57
2026-06-10T15:11:00,PCI_1,gNB-1,99.966,586,0,100.0,182.1,232.5,99.587,99.211,0.147,66,98.031,98.852,99.297,98.55,98.082,63.88,53.03,364.91,134.48,3.74539,99.522,10.66
2026-06-10T15:11:00,PCI_2,gNB-1,99.975,626,0,100.0,170.6,234.8,99.528,99.573,0.151,56,98.353,99.019,98.708,98.25,97.519,59.0,49.75,420.76,122.67,4.07578,99.123,11.7
2026-06-10T15:11:00,PCI_3,gNB-1,99.989,588,1,99.83,159.8,187.2,99.591,99.383,0.136,55,98.549,98.851,98.834,98.215,97.522,56.62,55.28,337.11,130.17,3.50463,98.908,11.34
2026-06-10T15:11:00,PCI_4,gNB-1,99.963,611,0,100.0,162.1,209.8,99.56,99.644,0.188,48,97.926,98.907,98.693,98.822,97.45,61.25,54.43,363.74,134.06,3.73347,99.432,12.64
2026-06-10T15:11:00,PCI_5,gNB-2,99.938,589,1,99.83,168.6,234.9,99.729,99.72,0.061,57,98.226,99.163,98.538,98.263,97.797,65.94,56.15,376.18,133.67,3.82391,99.109,12.95
2026-06-10T15:11:00,PCI_6,gNB-2,99.96,579,1,99.827,169.9,222.1,99.673,99.221,0.172,60,98.936,99.228,98.327,98.17,97.366,65.33,42.74,395.73,139.38,4.01339,99.219,9.21
2026-06-10T15:11:00,PCI_7,gNB-2,99.971,588,1,99.83,157.0,213.5,99.534,99.457,0.185,54,98.34,98.682,99.168,98.504,98.019,61.11,49.91,410.38,129.3,4.04764,98.904,12.46
2026-06-10T15:11:00,PCI_8,gNB-3,67.783,586,1,99.829,165.0,208.4,99.615,99.506,27.422,54,47.535,98.793,98.21,47.813,47.208,4.58,3.64,3.31,1.01,0.03239,70.441,11.15
2026-06-10T15:11:00,PCI_9,gNB-3,99.986,597,0,100.0,164.0,225.6,99.524,99.297,0.149,59,98.932,98.942,98.201,98.26,98.49,61.56,43.48,412.05,136.52,4.11428,98.919,12.91
2026-06-10T15:11:00,PCI_10,gNB-3,99.945,595,1,99.832,142.3,174.2,99.515,99.218,0.02,51,98.755,99.23,98.694,98.316,97.178,59.24,52.46,407.56,146.55,4.15587,99.198,14.9
2026-06-10T15:12:00,PCI_1,gNB-1,99.962,603,1,99.834,162.8,199.7,99.49,99.477,0.195,58,97.925,98.494,98.53,98.012,97.966,66.96,53.85,371.17,135.83,3.80246,99.401,14.08
2026-06-10T15:12:00,PCI_2,gNB-1,99.957,614,1,99.837,174.5,226.8,99.329,99.362,0.185,60,98.614,98.694,99.111,98.852,98.34,65.68,63.36,373.69,139.88,3.85177,99.218,13.28
2026-06-10T15:12:00,PCI_3,gNB-1,99.998,610,0,100.0,165.8,203.5,99.849,99.342,0.185,60,98.56,99.452,98.96,98.099,97.747,60.13,58.31,411.97,141.41,4.15035,99.186,11.52
2026-06-10T15:12:00,PCI_4,gNB-1,100.0,599,0,100.0,166.7,225.6,99.816,98.94,0.19,62,98.188,99.252,98.58,98.536,98.203,65.59,42.33,414.82,131.42,4.09683,99.046,11.87
2026-06-10T15:12:00,PCI_5,gNB-2,99.954,597,0,100.0,165.9,197.6,99.621,99.562,0.055,59,98.18,99.119,98.783,98.396,98.485,64.62,59.71,358.87,129.43,3.6623,99.295,13.79
2026-06-10T15:12:00,PCI_6,gNB-2,99.999,611,0,100.0,184.1,252.5,99.886,99.361,0.254,68,98.646,98.735,98.827,98.475,97.841,63.36,52.63,407.54,126.35,4.00413,99.065,15.32
2026-06-10T15:12:00,PCI_7,gNB-2,99.968,576,1,99.826,165.6,206.5,99.507,99.712,0.246,62,98.91,98.834,98.949,98.058,97.575,59.84,47.49,369.88,142.26,3.841,98.834,10.53
2026-06-10T15:12:00,PCI_8,gNB-3,56.311,572,1,99.825,159.7,197.5,99.559,99.385,21.381,52,44.159,98.821,99.192,40.28,48.928,2.1,2.51,3.16,0.97,0.03098,64.747,10.33
2026-06-10T15:12:00,PCI_9,gNB-3,100.0,616,0,100.0,172.1,227.6,99.769,99.325,0.028,61,98.212,99.174,98.691,98.042,98.225,65.35,55.22,399.91,147.68,4.10688,99.054,13.42
2026-06-10T15:12:00,PCI_10,gNB-3,100.0,621,1,99.839,151.0,207.3,99.724,99.573,0.209,53,98.918,98.862,98.317,98.193,97.948,58.78,49.74,380.66,145.33,3.94498,98.775,11.52
2026-06-10T15:13:00,PCI_1,gNB-1,99.931,611,1,99.836,178.3,221.9,99.687,99.61,0.304,65,98.398,98.888,98.604,98.412,97.706,58.99,51.68,360.28,138.78,3.74292,99.525,13.61
2026-06-10T15:13:00,PCI_2,gNB-1,99.963,598,0,100.0,167.8,230.5,99.719,99.451,0.141,61,98.242,98.964,98.847,97.986,97.68,62.58,50.47,358.52,124.31,3.6212,99.813,13.18
2026-06-10T15:13:00,PCI_3,gNB-1,99.97,635,1,99.843,165.2,210.9,99.525,99.663,0.205,54,98.35,98.997,99.074,98.328,97.732,59.37,52.74,396.05,116.92,3.8473,99.225,14.51
2026-06-10T15:13:00,PCI_4,gNB-1,99.937,578,1,99.827,150.8,191.1,99.479,99.501,0.171,53,98.076,99.351,98.716,98.687,97.365,64.69,46.31,393.42,126.64,3.90048,98.812,15.76
2026-06-10T15:13:00,PCI_5,gNB-2,99.95,612,1,99.837,149.0,192.1,99.914,99.594,0.171,56,98.489,98.777,99.013,98.053,97.957,67.67,51.07,376.39,128.85,3.78924,99.08,10.37
2026-06-10T15:13:00,PCI_6,gNB-2,100.0,590,1,99.831,169.1,197.7,99.44,99.061,0.188,62,98.711,99.202,98.677,98.05,98.006,68.64,55.57,395.34,144.74,4.0506,99.425,13.23
2026-06-10T15:13:00,PCI_7,gNB-2,99.969,602,0,100.0,174.3,240.9,99.777,99.481,0.1,64,98.792,98.932,98.743,97.94,98.321,65.84,50.31,383.16,127.19,3.82763,99.16,12.62
2026-06-10T15:13:00,PCI_8,gNB-3,73.475,626,1,99.84,155.2,185.2,99.506,99.403,21.256,52,46.897,99.227,99.245,42.269,46.388,0.06,0.51,3.13,0.19,0.02492,73.256,14.38
2026-06-10T15:13:00,PCI_9,gNB-3,100.0,605,0,100.0,174.0,231.1,99.929,99.375,0.127,58,98.64,98.892,98.165,98.349,97.792,61.88,49.84,384.41,136.8,3.90906,99.086,15.05
2026-06-10T15:13:00,PCI_10,gNB-3,99.989,600,1,99.833,154.7,210.1,99.412,99.221,0.226,57,97.921,99.124,98.136,98.434,98.339,66.42,44.89,397.78,138.92,4.02521,99.405,11.59
2026-06-10T15:14:00,PCI_1,gNB-1,100.0,562,1,99.822,164.5,205.0,99.481,99.721,0.132,55,98.188,99.121,98.793,98.51,97.58,70.18,51.54,372.65,132.2,3.78639,99.005,11.61
2026-06-10T15:14:00,PCI_2,gNB-1,99.998,606,1,99.835,163.7,208.0,99.34,99.549,0.159,60,98.132,99.237,99.338,98.321,98.222,66.76,52.19,357.41,133.6,3.68261,99.393,12.34
2026-06-10T15:14:00,PCI_3,gNB-1,99.994,605,1,99.835,160.7,185.3,99.761,99.339,0.2,53,98.462,99.416,98.639,98.419,97.822,61.11,50.32,409.43,137.42,4.10141,99.074,10.73
2026-06-10T15:14:00,PCI_4,gNB-1,99.934,562,0,100.0,157.6,220.2,99.561,99.306,0.124,48,99.029,99.296,98.826,98.811,98.278,68.64,49.48,364.42,131.49,3.71933,99.332,12.72
2026-06-10T15:14:00,PCI_5,gNB-2,99.992,609,0,100.0,153.1,184.6,99.534,99.318,0.15,55,99.35,98.362,99.074,98.501,98.176,61.02,43.96,400.62,138.74,4.04525,98.98,14.0
2026-06-10T15:14:00,PCI_6,gNB-2,100.0,580,1,99.828,173.5,242.1,99.746,99.29,0.129,55,98.738,98.818,98.502,98.088,97.685,67.71,51.7,374.09,129.15,3.77429,99.555,12.27
2026-06-10T15:14:00,PCI_7,gNB-2,99.941,588,1,99.83,166.5,216.0,99.769,99.269,0.081,52,98.933,99.146,98.613,97.988,98.015,64.56,55.6,378.83,128.65,3.80605,99.437,14.29
2026-06-10T15:14:00,PCI_8,gNB-3,70.179,592,1,99.831,154.9,191.9,99.797,99.238,23.655,59,54.309,98.641,98.68,45.614,42.31,3.19,0.53,1.58,0.81,0.01793,58.388,15.76
2026-06-10T15:14:00,PCI_9,gNB-3,100.0,590,0,100.0,181.8,254.0,99.609,99.299,0.0,64,98.037,99.349,97.961,98.325,97.865,64.02,53.36,375.88,139.56,3.86578,99.49,14.75
2026-06-10T15:14:00,PCI_10,gNB-3,99.94,582,0,100.0,141.7,190.1,99.439,99.677,0.064,54,98.3,99.374,98.656,98.322,98.064,56.36,45.94,415.26,136.58,4.13883,99.349,11.2
2026-06-10T15:15:00,PCI_1,gNB-1,99.962,600,1,99.833,163.6,195.9,99.442,99.453,0.087,60,98.428,98.883,99.046,98.49,97.537,64.06,53.61,391.56,126.95,3.88879,99.221,13.31
2026-06-10T15:15:00,PCI_2,gNB-1,100.0,599,0,100.0,170.3,210.8,99.536,99.387,0.15,55,98.729,98.83,98.267,98.13,98.116,63.51,51.96,369.27,126.69,3.71966,99.083,12.4
2026-06-10T15:15:00,PCI_3,gNB-1,99.979,605,1,99.835,169.4,200.7,99.565,99.718,0.095,57,98.14,99.411,97.978,98.222,97.794,60.75,51.01,370.39,134.78,3.78872,98.735,13.88
2026-06-10T15:15:00,PCI_4,gNB-1,100.0,606,0,100.0,164.6,207.6,99.349,99.37,0.081,59,98.213,99.266,98.775,98.236,97.835,65.98,48.78,413.82,141.47,4.16463,99.229,12.48
2026-06-10T15:15:00,PCI_5,gNB-2,100.0,589,1,99.83,158.0,197.5,99.379,99.101,0.207,61,98.385,99.074,98.663,98.468,98.467,59.54,45.69,364.7,140.45,3.78861,99.462,13.18
2026-06-10T15:15:00,PCI_6,gNB-2,99.982,588,0,100.0,162.0,202.1,99.611,99.776,0.123,54,98.469,99.285,98.894,97.981,98.854,61.9,50.92,367.4,125.91,3.69983,99.459,11.6
2026-06-10T15:15:00,PCI_7,gNB-2,100.0,607,1,99.835,175.2,229.7,99.579,99.34,0.158,56,98.16,98.998,98.614,97.914,97.895,66.22,52.2,367.62,136.04,3.77743,99.415,11.86
2026-06-10T15:15:00,PCI_8,gNB-3,67.085,577,1,99.827,170.8,235.3,99.776,99.571,27.421,56,50.868,99.167,98.846,56.101,54.708,2.46,3.55,1.28,0.39,0.01251,70.715,13.99
2026-06-10T15:15:00,PCI_9,gNB-3,99.961,619,0,100.0,161.1,211.4,99.436,99.445,0.119,56,98.867,99.122,99.017,98.708,98.153,60.92,47.32,372.24,128.16,3.75299,98.937,11.89
2026-06-10T15:15:00,PCI_10,gNB-3,99.94,600,1,99.833,147.4,201.4,99.38,99.51,0.124,50,98.479,98.988,98.976,98.365,97.962,58.92,50.31,291.3,126.83,3.13598,99.554,10.76
2026-06-10T15:16:00,PCI_1,gNB-1,100.0,601,0,100.0,175.4,205.8,99.249,99.296,0.166,65,98.61,98.872,99.345,98.446,98.324,71.63,50.28,370.59,135.06,3.79241,98.704,15.01
2026-06-10T15:16:00,PCI_2,gNB-1,99.994,573,0,100.0,158.5,208.1,99.608,99.311,0.0,58,98.716,99.144,99.19,98.626,98.434,66.46,50.95,363.57,136.15,3.74791,99.046,12.88
2026-06-10T15:16:00,PCI_3,gNB-1,99.988,584,0,100.0,164.3,202.7,99.571,99.437,0.144,56,98.147,99.149,98.13,98.141,97.901,61.85,47.73,362.39,143.47,3.79392,99.771,11.44
2026-06-10T15:16:00,PCI_4,gNB-1,99.96,585,1,99.829,166.6,196.3,99.631,99.295,0.235,61,98.677,98.876,98.599,98.647,98.526,63.88,50.06,397.14,138.26,4.01553,98.866,14.36
2026-06-10T15:16:00,PCI_5,gNB-2,100.0,613,0,100.0,163.1,207.8,99.372,99.745,0.067,59,99.023,99.066,99.222,98.507,97.492,66.14,52.87,406.55,134.19,4.05558,98.775,12.76
2026-06-10T15:16:00,PCI_6,gNB-2,99.956,572,1,99.825,157.7,195.9,99.807,99.403,0.11,51,98.117,99.133,98.714,98.763,97.456,56.45,52.41,363.96,147.36,3.83492,98.945,12.8
2026-06-10T15:16:00,PCI_7,gNB-2,99.979,598,0,100.0,156.1,180.7,99.734,99.82,0.221,52,99.027,98.978,98.827,98.325,97.53,57.7,45.36,350.91,148.52,3.74572,99.359,13.12
2026-06-10T15:16:00,PCI_8,gNB-3,65.65,571,0,100.0,155.9,217.1,99.345,99.397,20.155,56,52.677,99.324,99.038,47.66,54.795,0.77,3.13,1.58,0.52,0.01576,62.41,12.89
2026-06-10T15:16:00,PCI_9,gNB-3,99.978,572,1,99.825,169.7,211.5,99.642,99.37,0.202,58,98.256,99.003,98.596,98.202,97.719,65.63,39.9,369.88,122.06,3.68951,99.707,11.35
2026-06-10T15:16:00,PCI_10,gNB-3,100.0,595,0,100.0,178.9,226.4,99.539,99.244,0.125,61,98.69,99.243,98.919,98.364,97.858,59.45,46.03,365.43,138.08,3.77631,99.114,12.89
2026-06-10T15:17:00,PCI_1,gNB-1,99.99,593,0,100.0,175.6,215.8,99.776,99.641,0.168,61,98.096,99.251,98.866,98.216,98.375,65.05,56.73,374.04,139.31,3.85016,99.747,12.71
2026-06-10T15:17:00,PCI_2,gNB-1,99.97,614,0,100.0,169.8,198.1,99.538,99.022,0.188,64,98.342,98.88,98.748,98.495,98.275,60.07,49.18,385.52,117.85,3.77525,99.32,13.22
2026-06-10T15:17:00,PCI_3,gNB-1,99.966,569,1,99.824,157.2,205.0,99.751,99.387,0.258,60,98.522,98.938,99.053,98.394,97.806,72.52,47.4,366.06,123.97,3.67522,99.802,12.55
2026-06-10T15:17:00,PCI_4,gNB-1,100.0,571,0,100.0,178.5,223.6,99.613,99.549,0.145,62,98.408,99.186,98.466,99.038,97.906,62.46,48.17,397.21,134.62,3.98868,99.286,15.4
2026-06-10T15:17:00,PCI_5,gNB-2,99.998,577,1,99.827,159.0,183.0,99.556,99.567,0.091,61,98.557,99.251,98.641,97.865,97.273,65.12,51.33,352.13,139.03,3.68371,99.067,11.82
2026-06-10T15:17:00,PCI_6,gNB-2,99.989,587,1,99.83,161.9,216.4,99.76,99.34,0.138,57,98.335,98.964,98.758,98.791,98.129,62.19,53.35,387.79,127.27,3.86291,99.331,13.75
2026-06-10T15:17:00,PCI_7,gNB-2,99.943,592,1,99.831,156.4,192.8,99.317,99.573,0.144,59,98.439,99.087,98.688,97.993,98.017,57.2,55.78,348.53,137.9,3.64823,99.397,12.09
2026-06-10T15:17:00,PCI_8,gNB-3,56.852,597,1,99.832,147.7,175.3,99.406,99.493,29.951,53,41.511,99.002,98.934,46.245,54.164,4.52,2.11,0.58,0.72,0.00971,70.022,12.87
2026-06-10T15:17:00,PCI_9,gNB-3,100.0,562,1,99.822,152.0,193.4,99.737,99.596,0.163,51,98.051,99.274,98.363,98.946,98.448,66.16,50.13,321.28,124.72,3.34505,98.959,12.59
2026-06-10T15:17:00,PCI_10,gNB-3,99.956,601,1,99.834,160.7,203.6,99.619,99.232,0.087,55,98.988,98.873,99.024,97.988,97.9,58.07,45.83,390.46,136.51,3.95231,99.11,12.28
2026-06-10T15:18:00,PCI_1,gNB-1,99.98,614,1,99.837,149.9,173.6,99.651,99.613,0.21,47,98.792,99.132,99.078,98.785,97.215,62.23,48.32,416.98,141.5,4.18863,99.016,13.17
2026-06-10T15:18:00,PCI_2,gNB-1,99.962,589,0,100.0,158.2,214.2,99.702,99.345,0.148,51,98.624,98.957,98.72,98.572,97.598,69.02,55.95,354.56,122.08,3.57485,99.184,12.66
2026-06-10T15:18:00,PCI_3,gNB-1,99.988,587,1,99.83,156.5,218.9,99.887,99.386,0.156,53,98.73,99.034,98.775,98.503,97.709,60.13,47.97,338.76,131.56,3.52739,99.464,10.24
2026-06-10T15:18:00,PCI_4,gNB-1,99.993,585,1,99.829,148.7,206.0,99.5,99.558,0.136,48,98.716,99.273,98.976,98.622,97.722,64.94,51.87,424.8,131.78,4.17436,99.108,12.59
2026-06-10T15:18:00,PCI_5,gNB-2,100.0,592,0,100.0,173.0,232.5,99.675,99.229,0.207,59,98.446,98.666,98.518,97.931,98.007,60.57,51.39,372.54,126.49,3.74272,99.803,11.99
2026-06-10T15:18:00,PCI_6,gNB-2,100.0,588,1,99.83,158.6,206.8,99.903,99.272,0.143,56,97.729,99.435,98.681,98.372,97.75,62.05,48.11,387.95,137.53,3.94111,99.321,13.79
2026-06-10T15:18:00,PCI_7,gNB-2,99.937,575,1,99.826,151.8,178.5,100.0,99.05,0.234,50,98.686,98.656,98.146,98.59,97.996,62.65,51.14,419.76,143.8,4.22666,99.311,10.3
2026-06-10T15:18:00,PCI_8,gNB-3,61.51,580,1,99.828,149.6,181.1,99.61,99.348,21.229,56,40.571,98.685,98.28,44.184,53.863,3.77,2.42,0.44,0.82,0.00949,62.946,11.24
2026-06-10T15:18:00,PCI_9,gNB-3,99.974,600,1,99.833,160.2,210.9,99.409,99.651,0.163,50,98.369,98.938,98.821,97.724,98.034,67.25,55.09,371.82,130.45,3.76705,99.195,13.43
2026-06-10T15:18:00,PCI_10,gNB-3,99.986,567,1,99.824,158.8,219.1,99.514,99.78,0.131,57,98.781,98.977,98.95,98.198,97.633,62.17,42.05,387.97,123.22,3.83396,98.971,12.29
2026-06-10T15:19:00,PCI_1,gNB-1,99.924,586,0,100.0,159.0,198.7,99.183,99.493,0.111,54,98.641,99.076,98.713,98.208,98.208,58.0,54.09,380.35,125.77,3.79588,99.071,11.72
2026-06-10T15:19:00,PCI_2,gNB-1,99.983,589,1,99.83,155.9,181.1,99.603,99.331,0.152,57,98.924,98.906,98.842,97.889,97.684,62.08,41.92,339.09,135.39,3.55863,99.253,13.0
2026-06-10T15:19:00,PCI_3,gNB-1,99.939,573,0,100.0,159.0,216.5,99.43,99.261,0.2,55,98.459,98.593,98.751,98.061,98.371,61.38,49.01,399.52,122.22,3.91305,98.995,13.35
2026-06-10T15:19:00,PCI_4,gNB-1,99.981,602,1,99.834,165.4,222.8,100.0,99.713,0.207,60,98.17,99.384,98.71,98.353,97.848,58.68,46.92,375.39,128.43,3.77867,99.196,8.27
2026-06-10T15:19:00,PCI_5,gNB-2,99.986,600,0,100.0,148.2,195.3,99.498,99.245,0.25,51,98.734,98.594,98.607,98.03,97.768,65.15,45.95,334.96,126.93,3.46416,99.194,16.01
2026-06-10T15:19:00,PCI_6,gNB-2,99.942,577,0,100.0,160.0,219.5,99.656,99.208,0.19,54,98.07,99.12,99.533,98.508,98.299,62.46,51.71,388.81,135.97,3.93584,99.336,14.38
2026-06-10T15:19:00,PCI_7,gNB-2,99.966,563,0,100.0,183.3,250.5,99.817,99.234,0.202,61,98.86,99.479,98.199,97.97,97.415,57.69,44.79,361.23,142.49,3.77796,98.999,12.11
2026-06-10T15:19:00,PCI_8,gNB-3,71.414,590,0,100.0,146.3,203.7,99.486,99.619,28.415,44,48.632,99.13,97.876,51.667,52.367,4.32,1.98,0.82,0.29,0.00834,61.12,12.96
2026-06-10T15:19:00,PCI_9,gNB-3,99.999,615,0,100.0,152.6,210.1,99.59,99.22,0.266,48,98.249,99.007,98.922,98.471,98.368,71.53,48.56,381.08,126.2,3.80465,99.208,11.87
2026-06-10T15:19:00,PCI_10,gNB-3,99.973,596,1,99.832,163.6,196.1,99.736,99.609,0.163,58,98.693,98.915,98.824,98.451,97.924,55.55,49.18,415.6,130.95,4.09913,98.601,12.66
2026-06-10T15:20:00,PCI_1,gNB-1,99.996,582,1,99.828,173.7,212.5,99.301,99.408,0.164,62,98.535,99.02,99.014,98.01,98.605,63.91,50.89,387.83,140.46,3.96222,98.715,10.93
2026-06-10T15:20:00,PCI_2,gNB-1,99.978,580,0,100.0,169.6,232.5,99.397,99.523,0.089,55,98.623,99.357,99.101,98.098,98.303,62.55,53.78,329.56,126.45,3.42007,99.374,11.78
2026-06-10T15:20:00,PCI_3,gNB-1,99.991,575,1,99.826,165.9,201.4,99.806,99.309,0.044,58,98.249,99.035,98.681,98.446,98.203,64.85,50.64,350.89,139.03,3.67443,99.13,12.81
2026-06-10T15:20:00,PCI_4,gNB-1,99.925,628,1,99.841,160.2,213.2,99.584,99.202,0.162,55,98.617,99.072,98.62,98.158,98.098,71.13,59.89,368.28,132.85,3.75851,98.934,13.29
2026-06-10T15:20:00,PCI_5,gNB-2,99.943,577,0,100.0,140.8,181.2,99.275,99.039,0.218,45,98.338,99.303,99.018,98.544,98.317,60.98,51.73,362.99,125.52,3.66387,98.784,13.41
2026-06-10T15:20:00,PCI_6,gNB-2,99.969,563,1,99.822,163.9,204.2,99.375,99.148,0.076,50,98.773,99.085,98.336,98.438,97.366,65.95,45.11,365.16,126.49,3.68738,99.042,12.7
2026-06-10T15:20:00,PCI_7,gNB-2,100.0,590,0,100.0,169.3,236.3,99.739,99.518,0.117,59,98.284,98.895,98.427,98.011,97.626,57.04,54.79,356.53,144.3,3.7562,99.327,12.04
2026-06-10T15:20:00,PCI_8,gNB-3,99.943,579,0,100.0,170.3,220.1,99.419,99.499,0.171,57,98.832,99.256,98.489,98.057,98.02,62.2,53.6,409.26,143.5,4.14571,98.984,12.49
2026-06-10T15:20:00,PCI_9,gNB-3,100.0,572,1,99.825,166.6,231.6,99.734,99.447,0.224,55,98.667,99.016,98.693,98.259,97.968,68.76,47.94,381.31,130.25,3.83669,98.976,11.94
2026-06-10T15:20:00,PCI_10,gNB-3,99.965,544,1,99.816,155.1,181.2,99.658,99.499,0.075,51,98.05,99.338,98.807,98.193,97.701,69.81,47.56,386.47,135.31,3.91335,99.074,10.96
2026-06-10T15:21:00,PCI_1,gNB-1,99.953,587,1,99.83,161.9,189.4,99.429,99.642,0.286,53,98.95,98.816,98.317,98.449,97.602,59.03,48.62,388.88,121.69,3.82931,99.695,14.58
2026-06-10T15:21:00,PCI_2,gNB-1,99.923,568,1,99.824,167.7,196.3,99.79,99.289,0.136,59,98.565,98.914,98.631,99.08,98.049,66.39,47.45,385.42,128.99,3.85813,98.847,13.23
2026-06-10T15:21:00,PCI_3,gNB-1,100.0,573,0,100.0,162.6,200.1,99.535,99.214,0.16,56,98.35,98.832,98.682,98.009,97.777,66.13,53.08,392.06,144.61,4.02497,99.254,16.02
2026-06-10T15:21:00,PCI_4,gNB-1,99.951,577,0,100.0,158.0,214.8,99.564,99.485,0.148,56,98.304,98.784,98.705,98.459,98.393,61.76,51.65,407.04,121.54,3.96433,98.976,15.11
2026-06-10T15:21:00,PCI_5,gNB-2,99.888,596,1,99.832,167.1,213.5,99.633,99.619,0.202,55,98.393,98.715,98.498,97.991,98.186,64.03,53.57,385.39,123.47,3.81642,98.73,13.91
2026-06-10T15:21:00,PCI_6,gNB-2,99.924,579,1,99.827,155.0,213.1,99.623,99.579,0.105,50,98.022,99.324,98.412,97.989,98.465,62.14,51.04,390.67,116.69,3.8052,99.149,11.77
2026-06-10T15:21:00,PCI_7,gNB-2,99.923,572,1,99.825,162.4,213.6,99.445,99.619,0.109,59,98.419,98.956,98.261,98.513,98.017,53.52,50.05,365.54,120.42,3.64473,99.002,11.35
2026-06-10T15:21:00,PCI_8,gNB-3,99.993,590,0,100.0,143.8,191.3,99.693,99.42,0.244,47,98.723,98.7,98.631,98.101,98.34,65.99,45.23,381.19,124.28,3.79105,99.036,11.8
2026-06-10T15:21:00,PCI_9,gNB-3,99.937,594,1,99.832,146.1,178.0,99.64,99.459,0.186,48,98.943,99.103,98.543,98.503,97.948,62.7,50.33,358.89,128.06,3.65208,99.29,11.19
2026-06-10T15:21:00,PCI_10,gNB-3,99.929,579,0,100.0,153.0,201.3,99.568,98.873,0.092,57,98.617,98.627,98.357,98.654,97.949,64.08,46.13,384.96,136.11,3.90807,99.199,15.32
2026-06-10T15:22:00,PCI_1,gNB-1,99.98,578,1,99.827,163.4,227.8,99.666,99.628,0.209,55,98.42,98.926,98.613,97.928,97.947,64.62,52.8,364.93,141.35,3.79716,99.172,10.16
2026-06-10T15:22:00,PCI_2,gNB-1,99.96,550,0,100.0,164.3,201.9,99.664,99.381,0.052,56,97.89,99.296,98.337,98.233,98.244,62.82,49.02,370.74,140.5,3.83433,99.221,11.45
2026-06-10T15:22:00,PCI_3,gNB-1,99.937,564,0,100.0,149.7,193.8,99.684,99.237,0.235,50,98.838,98.971,98.898,98.211,98.172,66.59,57.49,347.71,131.59,3.59473,99.462,13.8
2026-06-10T15:22:00,PCI_4,gNB-1,99.928,589,0,100.0,160.6,185.9,99.595,99.122,0.122,58,98.497,99.301,98.788,97.857,97.457,63.05,48.9,388.71,139.98,3.9652,99.218,11.9
2026-06-10T15:22:00,PCI_5,gNB-2,99.99,587,0,100.0,142.8,176.8,99.438,99.224,0.153,48,98.531,99.128,98.568,98.055,98.24,63.55,51.25,375.62,134.74,3.82767,99.41,14.87
2026-06-10T15:22:00,PCI_6,gNB-2,100.0,581,0,100.0,152.1,208.6,99.297,99.188,0.304,55,98.584,99.04,98.444,98.362,97.627,62.88,54.45,387.93,126.57,3.85875,98.84,15.83
2026-06-10T15:22:00,PCI_7,gNB-2,99.929,588,0,100.0,158.5,202.1,99.614,99.495,0.29,51,98.526,98.959,98.415,98.13,97.666,63.53,50.55,376.08,123.12,3.74398,98.644,13.57
2026-06-10T15:22:00,PCI_8,gNB-3,99.898,599,1,99.833,147.9,170.2,99.313,99.236,0.242,54,99.083,98.537,99.159,98.384,98.035,59.86,48.88,391.29,135.13,3.94813,98.776,11.96
2026-06-10T15:22:00,PCI_9,gNB-3,100.0,585,0,100.0,159.7,207.8,99.626,99.105,0.167,56,99.029,98.624,99.303,98.533,98.386,56.71,49.73,344.35,138.88,3.62421,99.442,13.33
2026-06-10T15:22:00,PCI_10,gNB-3,99.977,582,1,99.828,158.1,198.5,99.688,99.257,0.298,57,98.01,98.503,98.199,98.129,98.134,63.18,50.4,333.78,142.59,3.57277,99.514,13.8
2026-06-10T15:23:00,PCI_1,gNB-1,99.939,584,1,99.829,158.4,183.9,99.855,99.282,0.07,59,98.683,99.443,98.29,98.645,98.549,58.48,50.23,366.65,112.54,3.59391,99.798,12.58
2026-06-10T15:23:00,PCI_2,gNB-1,99.937,598,0,100.0,146.9,201.8,99.664,99.45,0.196,56,97.855,99.208,98.694,98.468,97.939,63.0,52.48,349.82,137.42,3.65435,99.548,14.39
2026-06-10T15:23:00,PCI_3,gNB-1,100.0,584,1,99.829,170.7,217.6,99.656,99.246,0.139,61,98.396,99.227,98.585,98.322,97.948,61.02,50.22,381.42,132.76,3.85633,99.121,12.76
2026-06-10T15:23:00,PCI_4,gNB-1,100.0,576,1,99.826,161.1,197.1,99.289,99.284,0.131,57,98.439,99.294,98.821,98.47,98.105,66.09,47.58,352.15,135.6,3.65809,99.04,12.17
2026-06-10T15:23:00,PCI_5,gNB-2,99.986,584,1,99.829,156.8,185.3,99.613,99.575,0.094,51,98.723,99.183,98.49,98.542,97.56,61.3,55.79,368.99,138.71,3.80778,98.97,8.17
2026-06-10T15:23:00,PCI_6,gNB-2,99.969,554,0,100.0,155.8,190.0,99.491,99.151,0.108,52,97.848,99.196,99.254,97.518,97.887,60.25,47.05,349.62,122.76,3.54281,99.335,12.29
2026-06-10T15:23:00,PCI_7,gNB-2,99.979,594,1,99.832,148.2,199.9,99.615,99.437,0.255,50,98.501,98.995,98.781,98.106,97.962,65.55,48.66,355.91,135.62,3.68648,99.146,8.39
2026-06-10T15:23:00,PCI_8,gNB-3,100.0,573,0,100.0,161.0,216.0,99.36,99.297,0.138,54,98.209,99.296,98.336,98.41,98.404,64.21,48.36,390.07,131.94,3.91508,99.051,12.14
2026-06-10T15:23:00,PCI_9,gNB-3,99.936,587,0,100.0,147.7,179.0,99.646,99.601,0.106,52,98.878,99.17,98.38,97.954,97.874,62.47,51.22,386.99,128.94,3.86947,99.099,11.25
2026-06-10T15:23:00,PCI_10,gNB-3,99.947,588,1,99.83,147.5,184.3,99.692,99.269,0.082,52,98.652,99.003,98.889,98.299,97.896,53.27,54.65,356.68,134.29,3.68221,99.169,11.38
2026-06-10T15:24:00,PCI_1,gNB-1,99.969,562,0,100.0,166.1,231.0,99.685,99.49,0.151,58,98.615,99.585,99.148,98.157,97.902,69.59,47.65,344.0,141.97,3.64483,99.083,12.89
2026-06-10T15:24:00,PCI_2,gNB-1,99.973,597,0,100.0,145.5,191.2,99.608,99.533,0.094,46,98.612,98.526,98.954,98.087,97.689,62.0,50.73,371.21,132.13,3.775,99.091,9.35
2026-06-10T15:24:00,PCI_3,gNB-1,99.97,576,1,99.826,158.4,214.3,99.969,99.733,0.084,51,98.613,99.373,98.954,98.413,97.647,68.93,44.58,343.25,127.07,3.52741,99.224,10.61
2026-06-10T15:24:00,PCI_4,gNB-1,99.938,552,0,100.0,150.1,206.1,99.342,99.176,0.223,51,98.275,98.786,98.384,98.724,97.951,57.45,47.96,346.13,122.65,3.51586,99.555,12.32
2026-06-10T15:24:00,PCI_5,gNB-2,99.939,589,0,100.0,154.9,199.2,99.822,99.373,0.219,57,98.027,99.322,98.845,97.984,97.462,59.03,43.03,303.17,123.72,3.20165,99.743,14.29
2026-06-10T15:24:00,PCI_6,gNB-2,99.959,590,1,99.831,158.0,198.8,99.514,99.303,0.194,55,98.35,98.73,98.86,98.345,98.217,60.99,55.82,381.85,134.61,3.87344,99.094,12.2
2026-06-10T15:24:00,PCI_7,gNB-2,100.0,577,0,100.0,148.4,194.2,99.693,99.423,0.07,52,98.54,98.958,98.855,98.463,98.437,64.38,48.1,346.91,139.91,3.65118,99.241,14.12
2026-06-10T15:24:00,PCI_8,gNB-3,99.982,577,1,99.827,160.7,186.8,99.556,99.273,0.266,58,98.851,99.3,98.572,98.316,98.55,63.77,49.09,310.24,134.74,3.33741,99.152,12.14
2026-06-10T15:24:00,PCI_9,gNB-3,100.0,572,1,99.825,166.1,198.3,99.598,99.306,0.091,59,98.499,99.532,98.825,98.463,97.836,62.78,55.64,391.5,125.79,3.87962,99.142,13.15
2026-06-10T15:24:00,PCI_10,gNB-3,100.0,582,1,99.828,155.1,188.7,99.785,99.571,0.14,47,98.914,98.84,98.342,98.572,98.369,63.85,45.03,356.7,131.01,3.65781,99.124,14.3
2026-06-10T15:25:00,PCI_1,gNB-1,99.98,594,1,99.832,150.0,195.3,99.686,99.509,0.121,54,98.447,98.901,98.289,97.898,98.68,58.22,51.78,408.71,128.18,4.02669,99.503,11.75
2026-06-10T15:25:00,PCI_2,gNB-1,99.932,590,1,99.831,150.8,184.9,99.718,99.662,0.217,49,98.642,99.15,98.792,98.236,97.559,62.59,50.21,358.53,131.84,3.67776,99.228,14.08
2026-06-10T15:25:00,PCI_3,gNB-1,99.995,559,0,100.0,157.8,191.9,99.737,99.254,0.209,56,98.486,99.156,98.893,98.01,97.853,67.04,49.03,374.02,135.56,3.8218,98.502,12.13
2026-06-10T15:25:00,PCI_4,gNB-1,99.961,566,0,100.0,165.7,220.6,99.51,99.28,0.154,62,98.848,99.04,99.005,98.243,98.247,60.58,43.06,344.3,140.59,3.63672,99.052,11.56
2026-06-10T15:25:00,PCI_5,gNB-2,99.972,572,0,100.0,148.4,180.9,99.653,99.596,0.109,48,98.715,99.117,98.335,98.599,98.415,57.81,46.98,352.69,141.87,3.70924,99.339,13.51
2026-06-10T15:25:00,PCI_6,gNB-2,99.966,573,1,99.825,159.2,207.7,99.697,99.317,0.161,54,98.773,99.171,98.382,98.167,98.517,59.84,46.98,344.94,128.25,3.54898,99.157,10.24
2026-06-10T15:25:00,PCI_7,gNB-2,99.936,556,1,99.82,163.7,202.4,99.457,99.559,0.103,56,98.611,99.047,98.133,98.131,98.134,61.91,50.85,381.6,134.31,3.86932,99.192,10.54
2026-06-10T15:25:00,PCI_8,gNB-3,99.946,563,1,99.822,150.6,182.7,99.267,99.176,0.143,54,98.324,99.111,98.495,98.734,98.151,60.84,49.12,357.1,131.47,3.66423,99.43,13.64
2026-06-10T15:25:00,PCI_9,gNB-3,100.0,564,0,100.0,170.7,208.4,99.618,99.378,0.228,57,98.259,99.161,98.667,98.41,97.577,75.98,44.05,379.45,148.66,3.96081,99.339,9.53
2026-06-10T15:25:00,PCI_10,gNB-3,99.925,548,1,99.818,160.0,220.4,99.312,99.442,0.191,56,98.237,99.241,98.418,98.481,98.269,61.32,48.97,379.88,139.5,3.8953,98.836,15.1
2026-06-10T15:26:00,PCI_1,gNB-1,100.0,561,1,99.822,153.1,197.5,99.627,99.222,0.132,49,98.497,98.773,98.916,98.247,98.191,56.62,57.57,371.26,146.4,3.88247,99.623,12.86
2026-06-10T15:26:00,PCI_2,gNB-1,99.987,585,1,99.829,142.0,191.4,99.615,99.394,0.192,50,98.846,98.872,98.676,98.478,98.162,64.91,51.25,372.68,134.16,3.80132,99.004,12.42
2026-06-10T15:26:00,PCI_3,gNB-1,99.985,555,1,99.82,154.5,201.9,99.769,99.724,0.16,57,98.752,98.633,98.863,98.283,97.966,60.85,42.11,371.1,141.51,3.84456,99.303,12.56
2026-06-10T15:26:00,PCI_4,gNB-1,99.975,561,1,99.822,159.3,221.8,99.569,99.564,0.179,59,98.127,99.272,98.933,98.109,97.498,61.04,44.92,401.97,132.5,4.00855,99.469,13.05
2026-06-10T15:26:00,PCI_5,gNB-2,99.912,588,0,100.0,161.7,189.3,99.531,99.575,0.209,58,98.727,98.663,98.719,98.183,98.014,54.81,49.12,387.38,119.0,3.79779,99.482,12.01
2026-06-10T15:26:00,PCI_6,gNB-2,99.964,561,0,100.0,167.1,225.1,99.318,99.328,0.088,61,98.393,98.735,99.008,97.745,97.672,62.47,46.45,353.18,142.86,3.72031,99.491,13.65
2026-06-10T15:26:00,PCI_7,gNB-2,99.978,555,0,100.0,150.4,188.0,99.674,99.193,0.103,56,98.444,98.984,99.073,98.17,97.989,58.92,44.13,403.5,128.34,3.98882,99.185,12.77
2026-06-10T15:26:00,PCI_8,gNB-3,99.956,613,0,100.0,153.7,203.9,99.562,99.118,0.216,53,98.788,99.065,98.709,98.146,98.042,57.08,49.13,401.4,114.8,3.8715,99.2,11.47
2026-06-10T15:26:00,PCI_9,gNB-3,99.949,580,0,100.0,160.5,187.8,99.542,99.4,0.119,54,98.317,98.913,99.165,98.324,97.601,58.54,57.31,355.0,138.34,3.70001,99.563,14.65
2026-06-10T15:26:00,PCI_10,gNB-3,100.0,579,1,99.827,137.5,181.3,99.509,99.276,0.206,46,98.378,98.685,98.586,98.676,97.627,65.04,55.51,409.23,137.78,4.10259,99.368,10.4
2026-06-10T15:27:00,PCI_1,gNB-1,99.987,558,1,99.821,161.2,204.8,99.594,99.088,0.253,55,98.601,99.081,99.075,98.567,97.629,54.98,44.08,419.66,133.47,4.14844,99.339,11.39
2026-06-10T15:27:00,PCI_2,gNB-1,100.0,584,0,100.0,149.3,195.8,99.736,99.189,0.056,53,98.681,98.959,98.535,98.281,97.694,61.0,45.06,340.23,133.17,3.55044,99.285,11.31
2026-06-10T15:27:00,PCI_3,gNB-1,100.0,566,1,99.823,154.7,182.9,99.583,99.081,0.308,57,98.462,98.862,98.337,98.386,98.36,60.06,50.78,373.99,138.48,3.84351,99.242,12.17
2026-06-10T15:27:00,PCI_4,gNB-1,99.952,588,0,100.0,175.3,240.6,99.709,99.319,0.044,55,98.65,98.855,98.57,98.007,97.758,60.12,50.65,328.24,147.53,3.56823,98.999,9.7
2026-06-10T15:27:00,PCI_5,gNB-2,99.941,599,1,99.833,162.8,223.4,99.527,99.046,0.147,54,98.997,98.968,98.934,98.755,98.554,59.21,46.45,348.92,134.62,3.62655,99.329,11.97
2026-06-10T15:27:00,PCI_6,gNB-2,99.952,572,1,99.825,161.3,190.3,99.751,99.527,0.121,57,98.829,98.789,99.081,98.074,98.023,63.18,48.44,364.33,125.3,3.67221,98.531,10.24
2026-06-10T15:27:00,PCI_7,gNB-2,99.916,567,0,100.0,140.2,165.5,99.519,99.063,0.166,50,98.671,98.898,99.245,98.374,98.781,58.77,45.65,397.76,128.49,3.94683,99.633,12.16
2026-06-10T15:27:00,PCI_8,gNB-3,99.926,545,1,99.817,153.0,198.6,99.437,99.464,0.244,54,98.27,98.761,98.923,97.963,98.45,68.27,50.27,342.29,126.03,3.51239,99.444,11.66
2026-06-10T15:27:00,PCI_9,gNB-3,99.951,558,1,99.821,155.9,211.4,99.569,99.846,0.224,54,98.643,98.981,98.659,98.591,98.31,64.1,56.07,412.74,134.68,4.10565,99.521,11.51
2026-06-10T15:27:00,PCI_10,gNB-3,100.0,562,1,99.822,158.2,219.3,99.606,99.472,0.259,52,98.512,99.05,98.796,98.499,97.6,63.76,43.75,388.25,133.32,3.91178,99.088,13.96
2026-06-10T15:28:00,PCI_1,gNB-1,99.995,569,0,100.0,146.8,170.9,99.643,99.506,0.079,56,98.47,98.61,98.272,98.539,98.254,69.04,55.64,397.44,125.31,3.92059,99.255,18.11
2026-06-10T15:28:00,PCI_2,gNB-1,99.977,553,0,100.0,161.5,223.5,99.167,99.04,0.223,54,99.163,99.154,98.557,98.567,97.968,56.51,50.78,376.7,128.81,3.79133,99.078,15.86
2026-06-10T15:28:00,PCI_3,gNB-1,99.949,579,0,100.0,157.9,191.3,99.705,99.53,0.134,55,98.933,98.576,98.279,98.208,97.814,56.09,51.29,286.9,129.35,3.12185,99.333,12.33
2026-06-10T15:28:00,PCI_4,gNB-1,99.972,576,1,99.826,153.2,188.6,99.55,99.559,0.115,55,97.971,98.502,98.881,98.375,97.794,56.8,50.36,342.19,126.21,3.51301,99.82,11.54
2026-06-10T15:28:00,PCI_5,gNB-2,99.988,557,0,100.0,166.4,195.3,99.662,99.702,0.155,63,98.366,99.082,98.405,98.3,98.057,57.74,43.2,377.21,136.88,3.85568,99.323,13.42
2026-06-10T15:28:00,PCI_6,gNB-2,99.981,557,0,100.0,161.3,215.0,99.402,99.169,0.26,57,98.829,98.669,99.073,98.64,98.01,52.94,43.51,406.71,132.11,4.04115,99.069,16.1
2026-06-10T15:28:00,PCI_7,gNB-2,99.931,557,1,99.82,158.6,205.3,99.492,99.388,0.14,56,99.15,99.312,99.022,98.416,98.428,62.34,51.36,408.18,130.72,4.04171,99.0,12.95
2026-06-10T15:28:00,PCI_8,gNB-3,99.953,547,0,100.0,162.8,217.1,99.639,99.261,0.113,56,98.566,98.772,98.717,97.78,98.34,63.08,50.28,393.06,142.52,4.01683,99.34,11.32
2026-06-10T15:28:00,PCI_9,gNB-3,100.0,549,1,99.818,148.9,179.6,99.566,99.496,0.035,51,98.365,98.799,98.639,97.775,98.444,60.21,47.35,378.37,122.1,3.75349,99.356,12.88
2026-06-10T15:28:00,PCI_10,gNB-3,100.0,590,1,99.831,164.0,205.2,99.267,99.586,0.138,55,98.725,98.773,98.909,98.732,97.714,66.4,45.54,356.95,132.52,3.67097,99.47,13.04
2026-06-10T15:29:00,PCI_1,gNB-1,99.993,561,1,99.822,160.8,190.4,99.536,99.42,0.134,53,98.572,98.794,99.463,98.216,98.031,59.56,47.42,378.95,135.38,3.85751,99.116,13.12
2026-06-10T15:29:00,PCI_2,gNB-1,99.97,572,1,99.825,164.6,197.2,99.722,99.403,0.103,61,98.369,99.165,98.864,97.873,97.396,60.14,52.38,321.78,142.24,3.4802,99.177,11.32
2026-06-10T15:29:00,PCI_3,gNB-1,99.955,585,0,100.0,152.6,195.0,99.612,99.33,0.174,53,98.625,98.876,98.665,98.448,98.087,59.12,51.45,347.65,137.92,3.64176,99.367,15.04
2026-06-10T15:29:00,PCI_4,gNB-1,100.0,540,1,99.815,151.6,209.5,99.663,99.76,0.122,55,98.185,98.68,98.662,98.55,98.5,64.29,49.42,367.99,124.02,3.6901,98.735,11.7
2026-06-10T15:29:00,PCI_5,gNB-2,100.0,571,1,99.825,158.9,207.9,99.6,99.302,0.104,57,99.011,98.657,98.772,98.338,98.093,62.18,47.77,382.23,126.87,3.81827,98.769,12.98
2026-06-10T15:29:00,PCI_6,gNB-2,100.0,557,0,100.0,152.8,205.1,99.434,99.228,0.251,56,98.349,98.738,98.328,98.785,98.228,57.78,45.05,424.91,137.47,4.21785,99.232,14.93
2026-06-10T15:29:00,PCI_7,gNB-2,99.922,550,0,100.0,154.6,189.4,99.478,99.349,0.041,54,97.904,98.94,98.688,98.904,97.793,57.48,54.39,336.17,131.17,3.50507,99.397,12.74
2026-06-10T15:29:00,PCI_8,gNB-3,99.974,576,0,100.0,143.2,191.1,99.684,99.555,0.178,49,99.077,98.896,98.257,98.305,97.863,60.31,47.31,340.04,120.38,3.45313,99.252,13.36
2026-06-10T15:29:00,PCI_9,gNB-3,99.947,540,1,99.815,158.2,195.1,99.559,99.55,0.171,48,98.2,98.803,98.981,97.996,97.795,66.31,46.36,396.6,140.04,4.02476,99.247,10.19
2026-06-10T15:29:00,PCI_10,gNB-3,100.0,566,0,100.0,156.9,214.0,99.531,99.445,0.174,58,98.846,99.378,98.6,98.039,98.121,66.08,46.74,369.2,139.02,3.81165,98.863,11.84
2026-06-10T15:30:00,PCI_1,gNB-1,99.974,565,0,100.0,158.0,213.5,99.659,99.273,0.182,56,98.557,98.646,99.227,98.166,97.843,62.19,55.46,338.45,119.02,3.43099,99.063,13.34
2026-06-10T15:30:00,PCI_2,gNB-1,99.953,581,1,99.828,146.9,179.0,99.575,99.199,0.197,50,98.785,98.407,98.11,98.372,98.107,66.35,44.99,351.74,136.6,3.66257,99.705,10.64
2026-06-10T15:30:00,PCI_3,gNB-1,99.929,562,1,99.822,163.7,217.6,99.412,99.604,0.08,57,98.041,99.419,98.871,98.629,98.19,57.33,55.44,370.25,119.01,3.66945,98.773,14.16
2026-06-10T15:30:00,PCI_4,gNB-1,100.0,555,1,99.82,158.4,218.7,99.459,99.372,0.119,54,98.815,99.224,98.546,97.917,98.151,55.55,51.79,374.66,132.6,3.80449,98.833,11.78
2026-06-10T15:30:00,PCI_5,gNB-2,99.977,567,0,100.0,154.9,196.7,99.557,99.415,0.205,53,98.702,99.195,98.434,98.588,97.934,62.02,50.6,384.69,121.9,3.79944,99.151,10.58
2026-06-10T15:30:00,PCI_6,gNB-2,99.993,562,1,99.822,153.0,188.9,99.558,99.363,0.123,47,98.409,98.788,98.387,98.764,97.612,59.63,53.11,357.69,125.95,3.62726,98.797,10.27
2026-06-10T15:30:00,PCI_7,gNB-2,99.961,594,1,99.832,142.9,167.2,99.666,99.283,0.2,52,98.171,98.699,98.5,98.645,97.41,61.46,49.17,364.77,134.23,3.74251,98.934,11.31
2026-06-10T15:30:00,PCI_8,gNB-3,99.973,569,1,99.824,145.9,185.2,99.466,99.694,0.058,47,98.642,99.197,98.742,98.425,97.415,59.74,48.82,353.71,118.3,3.54007,99.178,11.68
2026-06-10T15:30:00,PCI_9,gNB-3,99.987,576,1,99.826,153.9,207.7,99.357,99.089,0.17,45,98.222,98.845,98.687,98.496,98.004,62.87,51.45,357.38,136.0,3.70035,98.952,11.43
2026-06-10T15:30:00,PCI_10,gNB-3,99.987,561,1,99.822,159.1,183.7,99.608,99.476,0.184,52,98.396,98.931,98.692,98.159,98.016,58.93,48.88,349.14,134.31,3.6259,99.417,12.14
2026-06-10T15:31:00,PCI_1,gNB-1,99.916,567,1,99.824,148.3,194.5,99.402,99.49,0.22,51,98.332,99.058,98.907,98.434,97.635,61.5,50.34,407.34,130.73,4.03553,99.205,10.23
2026-06-10T15:31:00,PCI_2,gNB-1,99.95,591,0,100.0,149.1,179.9,99.685,99.663,0.173,49,98.011,98.412,98.597,98.406,98.244,58.85,47.67,333.39,124.57,3.43472,99.17,14.36
2026-06-10T15:31:00,PCI_3,gNB-1,99.942,572,1,99.825,155.9,204.4,99.787,99.631,0.223,55,98.579,98.61,98.701,98.632,97.69,56.69,56.94,358.96,136.21,3.71374,99.209,11.67
2026-06-10T15:31:00,PCI_4,gNB-1,99.937,556,0,100.0,148.0,191.2,99.499,99.693,0.263,46,98.523,98.536,98.148,97.975,98.223,69.1,47.34,389.34,120.34,3.82257,99.103,9.73
2026-06-10T15:31:00,PCI_5,gNB-2,99.975,542,1,99.815,161.8,189.2,99.734,99.409,0.199,51,98.337,98.695,98.521,98.57,98.139,60.05,52.84,341.26,128.17,3.52075,99.06,12.12
2026-06-10T15:31:00,PCI_6,gNB-2,99.981,568,1,99.824,156.7,204.9,99.599,99.521,0.259,51,98.844,99.132,98.419,97.954,98.568,61.87,52.72,371.8,126.89,3.74018,99.214,13.27
2026-06-10T15:31:00,PCI_7,gNB-2,99.974,571,0,100.0,133.5,162.0,99.816,99.442,0.147,53,98.831,98.949,98.913,98.304,97.787,56.24,48.97,374.08,131.27,3.79014,98.932,13.82
2026-06-10T15:31:00,PCI_8,gNB-3,99.922,583,1,99.828,160.0,193.6,99.442,98.946,0.013,52,98.395,98.992,98.629,98.074,98.004,60.67,45.39,325.57,139.43,3.48751,98.878,14.34
2026-06-10T15:31:00,PCI_9,gNB-3,99.993,548,0,100.0,166.9,211.0,99.509,99.401,0.083,64,98.434,98.826,98.492,97.943,98.202,56.48,45.77,324.8,122.18,3.35236,99.265,11.04
2026-06-10T15:31:00,PCI_10,gNB-3,99.914,560,1,99.821,139.5,180.9,99.657,99.467,0.087,47,98.144,99.022,98.625,98.805,97.919,61.04,48.33,356.1,140.23,3.72247,99.319,14.1
2026-06-10T15:32:00,PCI_1,gNB-1,99.928,583,0,100.0,144.1,184.9,99.724,99.254,0.18,54,98.679,98.693,98.608,98.191,97.906,62.13,44.93,347.42,115.12,3.4691,99.166,15.67
2026-06-10T15:32:00,PCI_2,gNB-1,99.921,562,1,99.822,145.0,168.6,99.59,99.529,0.154,45,98.789,99.042,98.28,98.323,98.171,59.55,53.29,330.77,129.27,3.4503,99.004,14.89
2026-06-10T15:32:00,PCI_3,gNB-1,99.942,562,0,100.0,148.6,171.5,99.653,99.586,0.157,49,98.371,98.947,99.086,97.834,97.96,55.94,52.57,384.23,128.02,3.84193,99.23,9.16
2026-06-10T15:32:00,PCI_4,gNB-1,99.978,568,1,99.824,165.0,205.6,99.743,99.413,0.271,61,98.3,98.793,98.968,98.572,97.945,61.57,53.47,399.9,129.08,3.96735,99.369,14.39
2026-06-10T15:32:00,PCI_5,gNB-2,99.94,558,1,99.821,151.6,190.3,99.537,99.206,0.25,57,98.731,99.021,98.997,98.214,98.126,59.44,47.55,391.25,135.08,3.94744,99.231,13.93
2026-06-10T15:32:00,PCI_6,gNB-2,99.991,547,0,100.0,147.8,181.3,99.662,99.297,0.049,48,97.623,99.176,98.478,98.811,97.806,50.54,43.63,377.82,136.82,3.85977,99.174,10.56
2026-06-10T15:32:00,PCI_7,gNB-2,99.967,553,1,99.819,157.7,198.9,99.691,99.239,0.096,55,98.789,98.85,98.892,98.477,98.164,56.57,53.47,310.53,131.08,3.31207,99.432,13.84
2026-06-10T15:32:00,PCI_8,gNB-3,100.0,559,1,99.821,153.2,192.4,99.707,99.316,0.063,49,98.251,98.992,98.629,98.576,97.896,55.48,50.49,329.38,132.85,3.46674,98.906,12.82
2026-06-10T15:32:00,PCI_9,gNB-3,99.952,545,0,100.0,167.0,218.4,99.341,99.521,0.099,60,98.108,99.087,98.801,98.028,98.129,56.74,43.54,384.18,136.78,3.90718,99.14,12.96
2026-06-10T15:32:00,PCI_10,gNB-3,100.0,549,1,99.818,148.1,171.0,99.638,99.661,0.185,53,98.871,99.057,98.879,98.551,98.439,57.29,46.6,349.54,113.7,3.47432,99.131,11.57
2026-06-10T15:33:00,PCI_1,gNB-1,100.0,580,1,99.828,149.0,177.6,99.485,99.213,0.162,50,98.403,99.231,98.008,98.351,97.667,53.33,46.81,416.77,120.0,4.02575,99.233,11.32
2026-06-10T15:33:00,PCI_2,gNB-1,100.0,578,1,99.827,151.8,210.5,99.55,99.601,0.08,53,98.889,98.411,98.881,98.042,97.748,65.54,45.1,363.77,110.47,3.55682,99.689,11.04
2026-06-10T15:33:00,PCI_3,gNB-1,99.962,559,0,100.0,124.8,172.8,99.803,99.56,0.238,42,97.95,98.892,98.147,98.396,98.158,67.43,42.69,376.27,124.99,3.75943,99.343,10.9
2026-06-10T15:33:00,PCI_4,gNB-1,99.95,550,0,100.0,149.6,203.1,99.652,99.003,0.137,53,98.505,98.729,98.431,98.085,97.587,62.0,52.94,418.74,118.56,4.02976,99.062,10.82
2026-06-10T15:33:00,PCI_5,gNB-2,99.977,559,1,99.821,138.4,182.5,99.63,99.713,0.099,44,98.144,99.014,98.691,97.61,97.963,65.5,57.6,301.44,132.3,3.25307,99.152,12.21
2026-06-10T15:33:00,PCI_6,gNB-2,99.98,570,0,100.0,159.1,216.5,99.771,99.294,0.216,51,98.476,99.004,98.614,98.423,97.806,65.62,51.45,334.4,125.06,3.44591,98.885,12.96
2026-06-10T15:33:00,PCI_7,gNB-2,99.945,546,1,99.817,154.5,194.1,99.68,99.101,0.134,58,98.466,98.698,98.823,98.341,98.499,61.2,49.87,328.07,126.3,3.40783,99.513,11.05
2026-06-10T15:33:00,PCI_8,gNB-3,99.989,559,1,99.821,157.1,211.1,99.657,99.707,0.101,53,98.586,98.977,98.416,98.124,98.067,56.37,51.7,373.88,137.4,3.83463,99.389,12.01
2026-06-10T15:33:00,PCI_9,gNB-3,99.988,544,0,100.0,156.2,199.0,99.8,99.403,0.157,57,98.608,98.968,98.489,98.461,98.014,52.55,45.75,381.61,129.3,3.83185,99.008,10.1
2026-06-10T15:33:00,PCI_10,gNB-3,99.942,596,1,99.832,156.0,191.4,99.954,99.293,0.175,53,98.588,99.041,98.644,98.865,97.876,60.2,48.42,342.28,138.07,3.60264,99.32,13.56
2026-06-10T15:34:00,PCI_1,gNB-1,99.968,539,0,100.0,152.7,203.0,99.434,99.371,0.17,52,98.395,98.777,98.642,98.981,98.327,60.07,44.51,393.0,129.98,3.92236,99.01,9.82
2026-06-10T15:34:00,PCI_2,gNB-1,99.958,555,0,100.0,154.9,196.4,99.7,99.464,0.143,55,98.794,98.928,98.679,98.876,97.816,57.56,49.28,378.33,121.57,3.74923,99.027,13.85
2026-06-10T15:34:00,PCI_3,gNB-1,99.969,570,1,99.825,167.1,222.8,99.663,99.488,0.2,58,98.87,99.402,98.439,98.68,97.361,64.88,51.53,385.47,110.12,3.71697,98.943,10.83
2026-06-10T15:34:00,PCI_4,gNB-1,99.979,586,1,99.829,157.1,191.9,99.604,99.012,0.153,46,98.387,98.97,98.636,98.163,98.055,67.6,50.4,366.53,147.2,3.85291,99.548,11.16
2026-06-10T15:34:00,PCI_5,gNB-2,100.0,569,1,99.824,161.9,206.9,99.516,99.246,0.149,62,98.213,99.004,99.058,98.403,97.796,64.73,42.4,394.45,127.29,3.91302,99.486,12.11
2026-06-10T15:34:00,PCI_6,gNB-2,99.914,553,0,100.0,147.6,203.2,99.372,99.484,0.322,58,98.525,98.649,98.402,98.541,97.928,57.62,45.15,358.33,119.08,3.58056,99.045,9.45
2026-06-10T15:34:00,PCI_7,gNB-2,99.972,534,1,99.813,151.7,176.6,99.487,99.229,0.259,54,99.081,99.124,98.521,98.009,98.552,59.27,36.46,340.83,127.63,3.51347,99.185,11.2
2026-06-10T15:34:00,PCI_8,gNB-3,100.0,557,0,100.0,154.5,197.2,99.609,98.952,0.137,53,98.692,99.156,98.495,98.219,97.826,62.09,44.57,337.8,137.57,3.56526,99.321,12.16
2026-06-10T15:34:00,PCI_9,gNB-3,100.0,579,0,100.0,142.8,188.9,99.502,99.344,0.171,49,98.111,98.471,98.937,98.227,98.397,49.75,49.85,368.82,145.44,3.8569,99.172,13.07
2026-06-10T15:34:00,PCI_10,gNB-3,99.963,523,1,99.809,159.2,195.9,99.728,99.477,0.115,55,98.66,98.925,98.929,97.715,97.789,57.74,47.75,330.09,124.23,3.40739,99.034,12.66
2026-06-10T15:35:00,PCI_1,gNB-1,100.0,559,1,99.821,147.9,180.3,99.79,99.423,0.087,52,98.291,99.038,98.395,98.136,97.853,66.02,46.74,335.34,106.21,3.31163,99.351,9.8
2026-06-10T15:35:00,PCI_2,gNB-1,99.947,566,1,99.823,157.0,187.7,99.721,99.339,0.211,55,98.955,98.774,98.672,98.263,97.981,56.42,44.11,367.47,122.04,3.67132,99.898,11.53
2026-06-10T15:35:00,PCI_3,gNB-1,99.97,528,1,99.811,133.5,155.1,99.407,99.393,0.038,48,98.475,99.16,99.126,97.954,98.329,60.33,47.11,325.5,145.35,3.53136,99.448,12.45
2026-06-10T15:35:00,PCI_4,gNB-1,100.0,556,0,100.0,156.4,219.0,99.82,99.307,0.248,52,98.121,99.303,98.715,98.781,98.024,63.52,49.73,349.41,125.61,3.5626,98.928,11.67
2026-06-10T15:35:00,PCI_5,gNB-2,99.903,569,0,100.0,147.1,205.9,99.517,99.799,0.077,49,98.225,99.077,98.085,98.044,98.23,58.93,45.42,355.96,124.09,3.60038,99.259,13.57
2026-06-10T15:35:00,PCI_6,gNB-2,100.0,560,0,100.0,148.9,205.8,99.516,99.075,0.184,53,98.324,98.957,98.368,98.006,97.964,55.36,44.13,358.38,128.17,3.64915,99.355,14.85
2026-06-10T15:35:00,PCI_7,gNB-2,99.954,548,0,100.0,152.0,179.1,99.814,99.113,0.24,56,98.476,98.924,98.203,98.451,97.672,60.37,47.15,340.99,125.66,3.49989,98.777,13.04
2026-06-10T15:35:00,PCI_8,gNB-3,99.93,554,1,99.819,163.1,197.7,99.467,99.305,0.196,52,98.162,98.88,99.096,99.278,98.151,57.63,41.26,331.19,136.21,3.50552,98.89,12.92
2026-06-10T15:35:00,PCI_9,gNB-3,100.0,559,1,99.821,141.9,175.6,99.623,99.339,0.364,52,98.755,98.478,99.167,98.646,97.64,59.67,46.53,344.26,131.81,3.57053,99.314,14.71
2026-06-10T15:35:00,PCI_10,gNB-3,99.92,551,1,99.819,148.5,198.8,99.802,99.641,0.158,47,98.185,99.25,98.948,98.309,98.043,49.82,49.87,340.52,133.57,3.55561,99.31,12.23
2026-06-10T15:36:00,PCI_1,gNB-1,99.999,543,1,99.816,152.2,201.3,99.473,99.463,0.237,51,98.52,99.054,99.03,98.608,97.98,57.05,48.62,369.74,120.38,3.67594,99.039,13.06
2026-06-10T15:36:00,PCI_2,gNB-1,99.996,539,1,99.814,152.0,194.9,99.577,99.663,0.069,52,98.911,98.815,99.482,98.243,98.381,59.13,43.29,336.41,117.77,3.40636,98.889,12.38
2026-06-10T15:36:00,PCI_3,gNB-1,99.978,533,0,100.0,160.3,209.7,99.411,99.7,0.159,56,98.955,99.282,98.553,98.254,97.655,61.54,47.43,403.88,132.93,4.02607,99.413,11.91
2026-06-10T15:36:00,PCI_4,gNB-1,99.96,552,1,99.819,151.8,208.0,99.484,99.522,0.19,54,98.625,99.415,98.542,98.418,97.602,56.91,45.88,351.5,126.9,3.58801,99.075,14.15
2026-06-10T15:36:00,PCI_5,gNB-2,99.944,547,0,100.0,149.1,202.1,99.622,99.538,0.13,50,98.181,99.123,99.093,98.241,98.022,56.58,54.39,394.15,123.04,3.87896,99.273,12.38
2026-06-10T15:36:00,PCI_6,gNB-2,99.96,566,0,100.0,161.5,191.7,99.386,99.683,0.14,62,98.355,98.951,98.705,98.515,97.83,62.95,52.57,333.53,125.27,3.44104,99.48,11.7
2026-06-10T15:36:00,PCI_7,gNB-2,99.986,545,1,99.817,155.6,182.2,99.779,99.15,0.198,52,98.622,99.125,98.495,98.449,98.259,55.29,40.26,397.27,146.45,4.07784,99.346,11.57
2026-06-10T15:36:00,PCI_8,gNB-3,99.966,542,1,99.815,147.8,176.4,99.497,99.289,0.089,50,98.45,99.149,98.808,97.638,97.737,62.27,50.04,377.39,121.08,3.73851,98.96,12.38
2026-06-10T15:36:00,PCI_9,gNB-3,99.969,581,1,99.828,164.0,190.1,99.799,99.089,0.141,55,98.139,98.727,98.518,98.083,97.362,62.89,47.69,329.79,125.13,3.41194,99.472,10.85
2026-06-10T15:36:00,PCI_10,gNB-3,99.989,551,1,99.819,140.9,167.3,99.541,99.248,0.159,47,98.683,98.665,98.644,98.497,97.521,63.49,48.43,358.93,125.99,3.63687,98.852,12.56
2026-06-10T15:37:00,PCI_1,gNB-1,99.938,564,0,100.0,139.5,164.3,99.522,99.343,0.094,47,98.435,98.876,98.635,98.695,97.474,61.38,46.64,372.6,136.83,3.82069,99.738,12.42
2026-06-10T15:37:00,PCI_2,gNB-1,99.983,537,1,99.814,147.9,194.7,99.464,99.312,0.205,52,98.036,98.569,98.647,98.255,97.817,59.41,50.38,362.58,128.22,3.68101,99.054,10.67
2026-06-10T15:37:00,PCI_3,gNB-1,99.946,553,1,99.819,145.8,188.4,99.517,99.324,0.267,52,98.33,99.472,98.682,98.336,98.304,64.03,47.41,427.35,116.85,4.08152,99.289,12.9
2026-06-10T15:37:00,PCI_4,gNB-1,99.987,556,1,99.82,149.0,193.2,99.819,99.884,0.244,50,98.618,99.068,98.671,98.674,98.171,59.25,52.58,360.24,122.0,3.61683,98.587,12.3
2026-06-10T15:37:00,PCI_5,gNB-2,100.0,554,0,100.0,154.4,187.6,99.779,99.362,0.156,55,98.266,98.95,98.446,98.178,98.347,59.9,39.65,364.93,129.51,3.7083,99.056,11.31
2026-06-10T15:37:00,PCI_6,gNB-2,99.979,545,1,99.817,153.6,204.0,99.417,99.288,0.169,54,98.646,99.199,99.041,98.758,97.986,57.62,51.14,360.72,129.74,3.6785,98.987,10.8
2026-06-10T15:37:00,PCI_7,gNB-2,99.958,542,0,100.0,160.6,187.1,99.343,99.417,0.044,46,98.414,98.931,98.843,98.528,98.01,61.16,46.12,372.76,132.98,3.79309,99.168,13.98
2026-06-10T15:37:00,PCI_8,gNB-3,99.957,541,0,100.0,160.8,221.8,99.86,99.36,0.19,54,98.219,98.993,98.54,98.391,98.408,61.58,46.54,347.39,139.74,3.65353,99.343,10.99
2026-06-10T15:37:00,PCI_9,gNB-3,99.945,543,1,99.816,156.3,184.7,99.494,99.266,0.156,51,99.049,99.187,98.656,98.489,98.326,60.09,48.37,349.14,137.01,3.64616,99.168,14.38
2026-06-10T15:37:00,PCI_10,gNB-3,99.959,575,1,99.826,143.6,189.2,99.602,99.636,0.077,51,98.974,98.587,98.46,98.334,97.87,61.89,46.68,342.31,120.51,3.47118,99.007,14.02
2026-06-10T15:38:00,PCI_1,gNB-1,100.0,542,0,100.0,156.8,211.2,99.513,99.657,0.165,54,98.692,98.941,98.61,98.582,97.951,56.12,48.68,317.8,120.63,3.28828,99.182,14.22
2026-06-10T15:38:00,PCI_2,gNB-1,99.936,569,1,99.824,152.5,209.2,99.492,99.238,0.153,54,98.373,98.778,98.905,97.887,98.504,62.78,46.55,357.58,120.6,3.58639,99.101,12.97
2026-06-10T15:38:00,PCI_3,gNB-1,99.953,544,0,100.0,152.5,178.8,99.482,99.089,0.168,51,98.815,99.11,98.611,98.555,98.235,60.02,45.04,325.63,119.34,3.33725,99.222,10.07
2026-06-10T15:38:00,PCI_4,gNB-1,100.0,570,1,99.825,141.0,178.3,99.728,99.3,0.181,50,98.4,98.991,98.396,98.087,98.151,63.61,46.02,383.01,119.4,3.76812,99.264,11.12
2026-06-10T15:38:00,PCI_5,gNB-2,99.979,544,1,99.816,159.2,211.6,99.651,99.564,0.209,61,98.545,98.995,98.782,98.074,97.879,58.52,49.28,332.02,122.66,3.41009,99.489,12.52
2026-06-10T15:38:00,PCI_6,gNB-2,99.959,567,1,99.824,157.9,187.1,99.571,99.415,0.149,49,98.752,99.107,98.456,98.022,98.18,60.04,50.82,369.81,122.66,3.69357,99.229,13.28
2026-06-10T15:38:00,PCI_7,gNB-2,99.982,570,0,100.0,143.0,174.0,99.471,99.321,0.257,53,98.299,99.08,98.697,97.782,97.673,56.33,50.37,358.79,123.48,3.61704,99.141,12.08
2026-06-10T15:38:00,PCI_8,gNB-3,99.961,540,1,99.815,140.5,164.6,99.712,99.406,0.253,48,98.428,98.852,98.498,97.867,97.746,58.46,38.41,349.94,109.94,3.44914,99.507,14.03
2026-06-10T15:38:00,PCI_9,gNB-3,99.995,567,1,99.824,157.2,186.4,99.682,99.329,0.294,55,98.564,99.012,98.662,98.371,97.949,62.21,48.78,381.12,116.92,3.7353,99.255,11.97
2026-06-10T15:38:00,PCI_10,gNB-3,99.893,545,1,99.817,141.3,190.6,99.774,99.246,0.074,46,98.264,98.922,98.843,98.503,97.804,57.55,55.69,339.31,123.46,3.47082,99.171,14.95
2026-06-10T15:39:00,PCI_1,gNB-1,99.978,541,1,99.815,159.8,195.3,99.429,99.578,0.255,56,98.634,99.475,98.743,98.553,97.845,56.51,49.15,311.85,132.03,3.32907,99.594,13.09
2026-06-10T15:39:00,PCI_2,gNB-1,99.996,566,1,99.823,146.1,189.2,99.519,99.378,0.228,49,98.573,98.853,98.696,98.685,97.329,62.86,37.2,333.88,138.54,3.54314,99.19,12.1
2026-06-10T15:39:00,PCI_3,gNB-1,99.952,561,0,100.0,139.4,188.9,99.7,99.365,0.107,45,98.475,99.024,98.466,98.28,98.13,62.22,53.46,331.28,123.18,3.40842,98.904,10.71
2026-06-10T15:39:00,PCI_4,gNB-1,100.0,560,0,100.0,154.4,190.6,99.553,99.26,0.123,55,98.725,98.961,98.95,98.019,97.84,63.37,41.86,355.57,130.74,3.64735,99.085,12.26
2026-06-10T15:39:00,PCI_5,gNB-2,99.973,545,0,100.0,145.8,189.9,99.547,99.187,0.265,55,98.069,99.433,98.499,98.955,97.599,54.13,46.99,394.76,123.95,3.89034,98.692,12.2
2026-06-10T15:39:00,PCI_6,gNB-2,100.0,557,1,99.82,162.6,205.2,99.398,99.394,0.199,59,97.96,98.901,98.887,98.479,97.787,58.61,52.35,371.44,147.27,3.89029,99.34,12.53
2026-06-10T15:39:00,PCI_7,gNB-2,100.0,545,1,99.817,157.4,219.3,99.638,99.516,0.185,56,98.596,98.695,98.564,98.011,98.145,59.04,48.27,405.45,113.95,3.89545,99.243,11.88
2026-06-10T15:39:00,PCI_8,gNB-3,99.993,528,0,100.0,157.0,205.3,99.619,99.49,0.076,50,98.23,98.987,98.961,98.283,97.93,60.41,47.24,354.14,133.08,3.65415,99.116,15.48
2026-06-10T15:39:00,PCI_9,gNB-3,99.988,555,1,99.82,157.8,193.8,99.811,98.764,0.042,49,98.478,98.892,98.659,98.849,98.264,59.93,53.34,374.11,118.69,3.69597,99.139,13.12
2026-06-10T15:39:00,PCI_10,gNB-3,99.944,535,1,99.813,157.6,197.6,99.803,99.35,0.11,57,99.197,98.838,98.731,98.213,98.125,55.2,52.37,397.13,128.48,3.94203,98.733,12.91
2026-06-10T15:40:00,PCI_1,gNB-1,100.0,549,0,100.0,134.2,158.9,99.745,99.469,0.211,41,98.36,99.32,98.589,98.404,98.321,66.52,43.02,320.12,138.75,3.44153,99.04,10.17
2026-06-10T15:40:00,PCI_2,gNB-1,100.0,575,1,99.826,145.1,170.5,99.257,99.144,0.096,54,98.744,98.922,98.798,98.285,97.554,54.19,49.22,324.83,121.51,3.34752,98.975,11.12
2026-06-10T15:40:00,PCI_3,gNB-1,99.914,543,1,99.816,147.7,193.9,99.439,99.329,0.151,52,98.329,99.198,98.021,97.985,97.843,66.61,42.64,406.47,124.42,3.98171,99.415,13.44
2026-06-10T15:40:00,PCI_4,gNB-1,99.964,563,0,100.0,138.9,180.0,99.492,99.602,0.092,47,98.798,98.66,98.036,98.012,98.558,55.94,52.18,373.07,123.35,3.72317,99.603,10.9
2026-06-10T15:40:00,PCI_5,gNB-2,99.956,567,0,100.0,159.0,205.7,99.509,99.292,0.217,57,98.769,99.096,98.755,97.931,97.941,64.31,40.35,311.86,123.27,3.26347,98.872,15.0
2026-06-10T15:40:00,PCI_6,gNB-2,99.978,565,1,99.823,155.8,198.6,99.495,99.519,0.21,53,98.405,98.768,98.701,98.293,97.937,58.58,51.67,344.24,126.01,3.52689,99.341,10.78
2026-06-10T15:40:00,PCI_7,gNB-2,99.938,540,0,100.0,134.8,181.9,99.642,99.531,0.13,43,98.511,98.911,98.815,98.52,97.927,67.55,43.4,370.91,131.89,3.77103,99.202,9.53
2026-06-10T15:40:00,PCI_8,gNB-3,99.942,562,1,99.822,146.6,190.2,99.657,99.057,0.174,49,98.233,98.985,98.178,98.044,97.97,52.26,50.33,339.44,122.88,3.46746,99.042,11.77
2026-06-10T15:40:00,PCI_9,gNB-3,99.976,526,1,99.81,148.6,173.6,99.754,99.813,0.095,48,97.944,99.531,99.048,98.089,98.363,60.92,49.52,362.62,122.72,3.64007,99.383,14.48
2026-06-10T15:40:00,PCI_10,gNB-3,99.978,556,1,99.82,144.6,194.2,99.635,99.256,0.078,56,98.471,98.62,99.103,98.465,98.256,64.55,54.4,367.34,122.53,3.674,99.355,12.4
2026-06-10T15:41:00,PCI_1,gNB-1,99.943,559,0,100.0,156.4,187.5,99.398,99.415,0.147,47,98.248,98.613,99.164,98.413,97.88,67.23,48.33,351.79,132.14,3.62947,99.326,12.69
2026-06-10T15:41:00,PCI_2,gNB-1,99.957,541,0,100.0,150.2,187.3,99.523,99.383,0.148,52,98.712,99.028,98.275,98.587,98.98,55.8,48.72,379.03,124.0,3.77277,99.126,11.72
2026-06-10T15:41:00,PCI_3,gNB-1,99.999,545,1,99.817,144.9,174.1,99.523,99.455,0.174,50,98.645,99.037,98.362,98.6,97.948,64.97,53.54,374.32,113.25,3.65675,98.946,10.67
2026-06-10T15:41:00,PCI_4,gNB-1,99.967,563,1,99.822,159.8,200.5,99.78,99.243,0.085,55,98.968,98.623,98.22,98.7,98.064,56.96,45.51,341.21,121.37,3.46932,98.946,13.67
2026-06-10T15:41:00,PCI_5,gNB-2,99.96,543,1,99.816,145.6,187.1,99.685,99.445,0.19,46,98.804,99.185,98.607,98.356,98.03,59.68,50.36,335.91,132.66,3.51427,99.201,11.26
2026-06-10T15:41:00,PCI_6,gNB-2,99.931,538,1,99.814,140.1,194.5,99.669,99.641,0.213,47,98.323,99.06,98.371,97.899,98.165,63.73,44.17,359.76,120.55,3.60233,98.969,13.06
2026-06-10T15:41:00,PCI_7,gNB-2,99.962,513,0,100.0,159.1,215.2,99.613,99.677,0.097,57,99.014,98.952,98.773,98.035,97.84,63.16,42.81,315.07,132.44,3.35631,99.205,13.41
2026-06-10T15:41:00,PCI_8,gNB-3,99.973,543,0,100.0,156.0,192.4,99.647,99.196,0.198,59,98.514,99.544,98.253,97.741,98.079,57.76,50.11,344.56,125.75,3.52735,99.04,12.31
2026-06-10T15:41:00,PCI_9,gNB-3,99.993,540,1,99.815,129.9,152.5,99.469,99.361,0.084,44,98.39,99.259,98.123,98.452,97.724,63.89,40.84,361.18,127.77,3.66711,98.722,11.72
2026-06-10T15:41:00,PCI_10,gNB-3,99.965,543,0,100.0,155.3,216.9,99.55,99.444,0.165,57,98.007,98.739,98.987,98.338,97.771,65.29,52.49,322.43,133.94,3.42272,99.297,12.94
2026-06-10T15:42:00,PCI_1,gNB-1,99.963,549,0,100.0,156.6,204.1,99.826,99.635,0.219,54,99.365,98.671,98.5,98.184,98.183,57.87,47.48,286.9,113.54,3.00335,98.954,11.85
2026-06-10T15:42:00,PCI_2,gNB-1,99.962,527,0,100.0,124.5,173.6,99.436,99.779,0.206,44,98.442,98.702,98.178,98.102,98.224,60.5,42.46,325.16,124.41,3.37175,99.325,11.87
2026-06-10T15:42:00,PCI_3,gNB-1,99.97,560,0,100.0,150.3,199.9,99.436,99.658,0.107,53,98.826,98.962,98.791,98.143,97.979,58.3,50.58,383.67,128.23,3.83922,99.308,11.82
2026-06-10T15:42:00,PCI_4,gNB-1,99.962,532,0,100.0,156.9,204.2,99.822,99.384,0.213,56,98.241,99.305,98.413,98.779,98.074,59.42,48.26,366.4,115.92,3.6174,99.074,11.7
2026-06-10T15:42:00,PCI_5,gNB-2,100.0,530,1,99.811,149.8,205.8,99.702,99.129,0.147,53,98.446,99.192,98.698,98.451,97.762,59.01,46.9,322.98,131.89,3.4115,99.206,11.62
2026-06-10T15:42:00,PCI_6,gNB-2,99.956,540,0,100.0,149.0,207.5,99.924,99.543,0.26,57,98.929,99.27,98.578,97.808,98.134,60.58,49.49,356.26,123.39,3.59744,99.273,12.61
2026-06-10T15:42:00,PCI_7,gNB-2,99.951,523,0,100.0,152.2,180.3,99.387,99.037,0.113,48,98.361,98.628,98.489,98.202,98.303,61.07,46.51,353.71,120.5,3.55657,99.613,10.83
2026-06-10T15:42:00,PCI_8,gNB-3,99.985,534,1,99.813,140.7,192.7,99.549,99.6,0.157,50,98.462,98.757,98.626,98.441,98.584,53.6,50.04,373.92,124.96,3.74157,99.385,10.29
2026-06-10T15:42:00,PCI_9,gNB-3,99.96,521,0,100.0,139.9,180.1,99.484,99.41,0.135,51,98.447,99.236,98.926,98.959,98.328,66.29,47.88,302.98,140.4,3.32536,99.083,13.26
2026-06-10T15:42:00,PCI_10,gNB-3,99.987,559,0,100.0,151.5,210.7,99.633,99.773,0.222,58,98.296,99.366,98.813,98.519,97.874,56.37,43.53,348.77,127.25,3.57011,99.57,12.94
2026-06-10T15:43:00,PCI_1,gNB-1,99.982,542,0,100.0,157.1,183.5,99.76,99.196,0.179,54,99.158,99.136,98.779,98.503,98.347,61.85,46.03,312.37,127.66,3.30024,99.215,9.87
2026-06-10T15:43:00,PCI_2,gNB-1,99.976,541,0,100.0,140.5,174.4,99.308,99.614,0.205,49,98.559,99.216,99.108,98.636,97.688,60.06,40.59,333.07,134.65,3.50791,98.962,13.49
2026-06-10T15:43:00,PCI_3,gNB-1,100.0,533,0,100.0,145.8,190.8,99.468,99.193,0.237,52,98.762,99.284,99.097,98.295,98.545,59.57,44.0,340.05,132.11,3.54124,99.117,14.17
2026-06-10T15:43:00,PCI_4,gNB-1,99.912,559,0,100.0,153.3,197.3,99.664,99.539,0.109,50,98.622,98.782,98.597,97.709,98.465,57.18,47.25,330.38,118.68,3.36799,99.768,14.51
2026-06-10T15:43:00,PCI_5,gNB-2,100.0,550,0,100.0,150.8,202.4,99.522,99.286,0.257,51,98.78,99.265,98.721,98.555,97.717,59.68,41.5,347.61,121.81,3.52068,99.015,11.4
2026-06-10T15:43:00,PCI_6,gNB-2,99.895,562,0,100.0,148.5,202.1,99.633,99.684,0.212,59,97.87,98.606,98.463,97.942,98.205,62.83,51.18,356.26,134.12,3.67788,99.381,11.15
2026-06-10T15:43:00,PCI_7,gNB-2,99.946,551,1,99.819,149.9,201.9,99.892,99.54,0.127,51,98.082,98.415,99.031,98.678,98.637,62.93,49.51,340.65,122.54,3.47395,99.043,14.03
2026-06-10T15:43:00,PCI_8,gNB-3,99.954,535,1,99.813,143.1,184.5,99.63,99.367,0.259,47,98.577,98.432,99.103,98.419,98.542,56.46,45.86,347.41,120.78,3.51141,98.505,12.34
2026-06-10T15:43:00,PCI_9,gNB-3,99.957,554,0,100.0,148.6,181.5,99.465,99.217,0.263,49,98.627,98.994,98.292,98.322,98.362,56.32,45.34,347.49,124.53,3.54014,99.404,12.31
2026-06-10T15:43:00,PCI_10,gNB-3,99.907,546,1,99.817,145.9,173.0,99.496,99.54,0.0,51,98.772,98.775,98.588,98.648,97.548,57.27,45.03,341.05,126.76,3.50853,99.196,8.85
2026-06-10T15:44:00,PCI_1,gNB-1,99.961,556,1,99.82,138.9,186.1,99.521,99.358,0.119,51,98.315,99.134,98.527,98.521,98.172,55.95,49.58,325.98,124.88,3.38147,99.642,15.19
2026-06-10T15:44:00,PCI_2,gNB-1,99.974,521,0,100.0,156.6,200.2,99.727,99.081,0.286,52,98.41,99.151,98.441,99.041,97.878,52.3,40.18,370.53,119.31,3.67381,99.496,13.32
2026-06-10T15:44:00,PCI_3,gNB-1,100.0,536,0,100.0,150.4,204.5,99.672,99.423,0.126,53,98.021,98.937,98.984,98.52,98.026,64.06,46.65,337.36,120.75,3.43582,99.107,12.22
2026-06-10T15:44:00,PCI_4,gNB-1,100.0,551,0,100.0,138.1,193.2,99.666,99.591,0.158,52,97.983,98.665,99.265,98.701,98.082,56.74,43.07,345.18,132.44,3.58218,98.99,11.84
2026-06-10T15:44:00,PCI_5,gNB-2,100.0,551,1,99.819,156.6,182.0,99.805,99.223,0.227,57,98.692,99.073,98.639,98.014,98.179,56.54,44.67,314.57,133.81,3.36289,99.108,13.82
2026-06-10T15:44:00,PCI_6,gNB-2,99.943,545,0,100.0,138.1,190.2,99.902,99.301,0.043,48,98.619,99.293,99.043,98.404,98.322,62.75,49.11,356.54,125.17,3.61279,99.244,11.22
2026-06-10T15:44:00,PCI_7,gNB-2,99.951,551,0,100.0,143.2,191.1,99.385,99.344,0.138,52,98.717,98.676,98.938,98.502,98.069,59.68,44.05,374.22,131.61,3.79371,99.206,11.97
2026-06-10T15:44:00,PCI_8,gNB-3,99.996,562,0,100.0,146.4,194.4,99.408,99.097,0.19,55,98.492,99.42,98.495,98.055,97.599,56.76,48.01,357.78,130.12,3.65926,99.863,11.9
2026-06-10T15:44:00,PCI_9,gNB-3,99.945,556,0,100.0,147.6,199.5,99.513,99.778,0.1,55,98.671,98.675,98.727,98.223,98.176,53.65,43.28,404.07,123.83,3.95922,99.586,12.39
2026-06-10T15:44:00,PCI_10,gNB-3,99.981,560,0,100.0,140.2,173.8,99.589,99.608,0.108,53,98.504,98.899,98.739,98.43,98.68,49.19,49.87,391.53,116.07,3.80702,99.177,10.16
2026-06-10T15:45:00,PCI_1,gNB-1,99.964,535,0,100.0,144.5,196.6,99.762,99.165,0.134,53,98.548,98.476,99.27,98.277,97.252,55.64,45.59,383.51,116.34,3.74888,99.003,11.66
2026-06-10T15:45:00,PCI_2,gNB-1,99.887,548,0,100.0,122.5,156.0,99.623,99.548,0.1,44,98.589,99.306,98.568,98.567,97.828,57.29,46.57,358.36,131.93,3.6772,99.115,14.99
2026-06-10T15:45:00,PCI_3,gNB-1,99.954,550,0,100.0,152.0,197.1,99.643,99.913,0.328,54,98.438,98.824,98.551,98.391,97.939,54.42,41.78,314.18,114.73,3.21679,99.566,13.95
2026-06-10T15:45:00,PCI_4,gNB-1,99.935,536,0,100.0,153.0,198.3,99.571,99.552,0.113,57,98.523,98.811,99.078,98.666,98.316,58.85,52.38,330.86,114.66,3.34139,99.296,11.89
2026-06-10T15:45:00,PCI_5,gNB-2,99.985,538,1,99.814,145.3,193.5,99.355,99.121,0.191,51,98.614,99.074,98.418,98.395,97.681,56.09,45.76,351.88,122.6,3.55856,99.04,15.59
2026-06-10T15:45:00,PCI_6,gNB-2,99.963,542,1,99.815,147.2,191.0,99.376,99.537,0.182,45,98.507,98.728,98.619,98.308,98.224,61.69,49.42,321.98,120.65,3.31967,99.22,12.35
2026-06-10T15:45:00,PCI_7,gNB-2,99.985,547,1,99.817,149.9,194.8,99.485,99.433,0.248,58,98.662,99.029,98.578,98.289,98.098,60.49,49.77,341.64,128.35,3.52487,99.366,13.84
2026-06-10T15:45:00,PCI_8,gNB-3,99.963,531,1,99.812,142.6,171.4,99.165,99.624,0.126,52,97.986,98.762,98.037,98.296,97.554,52.79,43.77,362.32,125.64,3.65969,99.207,11.1
2026-06-10T15:45:00,PCI_9,gNB-3,99.98,552,1,99.819,149.9,209.5,99.596,99.327,0.103,54,98.819,98.953,99.172,98.024,97.992,61.3,41.95,350.08,112.99,3.47306,99.425,12.72
2026-06-10T15:45:00,PCI_10,gNB-3,99.972,534,0,100.0,161.0,187.8,99.703,99.305,0.15,58,98.252,99.075,98.549,98.061,97.969,60.17,48.17,349.23,115.18,3.48306,99.034,11.49
2026-06-10T15:46:00,PCI_1,gNB-1,99.989,536,0,100.0,147.6,184.7,99.694,99.405,0.26,50,98.069,98.671,98.631,98.126,97.069,61.83,49.3,311.74,118.17,3.2243,98.964,11.43
2026-06-10T15:46:00,PCI_2,gNB-1,100.0,546,1,99.817,144.0,167.5,99.432,99.199,0.187,59,98.739,99.485,98.359,98.114,97.765,60.85,44.17,379.38,128.47,3.80889,99.222,14.82
2026-06-10T15:46:00,PCI_3,gNB-1,99.923,556,1,99.82,133.2,166.5,99.744,99.283,0.179,41,98.3,98.742,98.506,97.874,98.06,56.72,43.03,304.7,126.69,3.23542,98.777,13.05
2026-06-10T15:46:00,PCI_4,gNB-1,99.993,564,1,99.823,153.0,179.1,99.688,99.312,0.113,53,99.287,98.939,98.918,98.314,98.142,64.55,49.9,356.64,134.9,3.68656,99.451,10.91
2026-06-10T15:46:00,PCI_5,gNB-2,99.97,560,1,99.821,142.3,167.5,99.488,99.009,0.239,52,98.137,99.272,99.074,98.465,98.684,58.77,47.4,352.05,114.38,3.49826,99.069,11.65
2026-06-10T15:46:00,PCI_6,gNB-2,99.978,535,1,99.813,147.5,196.0,99.382,99.198,0.147,46,98.305,98.914,98.545,98.023,98.102,55.48,43.71,302.71,126.55,3.21945,99.236,12.45
2026-06-10T15:46:00,PCI_7,gNB-2,100.0,535,1,99.813,142.9,185.5,99.655,99.398,0.185,48,97.85,99.001,98.341,98.31,97.794,66.32,41.87,353.18,129.25,3.61822,99.548,10.33
2026-06-10T15:46:00,PCI_8,gNB-3,100.0,525,1,99.81,153.2,193.0,99.647,99.121,0.289,51,98.701,98.996,97.995,98.391,98.086,55.79,44.39,324.94,121.07,3.34513,99.066,11.97
2026-06-10T15:46:00,PCI_9,gNB-3,100.0,515,0,100.0,136.5,186.1,99.501,99.341,0.057,50,98.341,98.698,98.271,98.259,97.814,53.75,52.64,405.02,128.19,3.9991,99.582,16.92
2026-06-10T15:46:00,PCI_10,gNB-3,99.981,534,0,100.0,156.9,182.1,99.689,99.337,0.238,48,98.345,99.091,99.305,98.669,97.709,50.67,48.81,334.14,133.44,3.50683,98.817,11.59
2026-06-10T15:47:00,PCI_1,gNB-1,99.961,544,0,100.0,138.6,192.0,99.676,99.4,0.121,46,98.721,99.06,98.206,98.076,98.352,58.91,50.26,321.71,121.12,3.32121,99.436,11.08
2026-06-10T15:47:00,PCI_2,gNB-1,99.996,560,0,100.0,139.4,187.1,99.636,99.511,0.162,48,98.172,98.996,98.179,98.027,98.166,58.95,50.0,364.66,132.74,3.73053,99.065,9.5
2026-06-10T15:47:00,PCI_3,gNB-1,99.967,526,1,99.81,127.3,172.5,99.678,99.543,0.162,45,98.834,99.738,98.67,97.629,98.583,56.83,46.74,399.02,115.57,3.8594,99.278,11.93
2026-06-10T15:47:00,PCI_4,gNB-1,100.0,557,0,100.0,148.6,197.0,99.687,99.684,0.153,53,98.363,99.141,99.102,98.067,98.111,63.19,44.67,321.13,119.19,3.30241,99.335,11.51
2026-06-10T15:47:00,PCI_5,gNB-2,99.974,521,1,99.808,135.3,174.3,99.557,99.484,0.194,49,98.226,98.686,98.467,97.752,97.772,58.95,45.68,315.87,111.62,3.20623,98.838,11.69
2026-06-10T15:47:00,PCI_6,gNB-2,99.944,532,1,99.812,158.9,214.1,99.772,99.404,0.0,53,98.69,99.183,98.626,98.123,98.44,55.76,48.29,340.8,134.74,3.56655,99.016,13.0
2026-06-10T15:47:00,PCI_7,gNB-2,99.97,542,0,100.0,151.6,180.4,99.686,99.632,0.215,59,98.474,99.211,98.249,98.291,98.62,60.82,50.57,334.3,125.41,3.4478,99.2,13.77
2026-06-10T15:47:00,PCI_8,gNB-3,99.924,551,0,100.0,137.5,170.3,99.623,99.151,0.19,44,98.163,98.791,98.626,98.703,97.427,58.36,46.27,360.07,122.53,3.61954,99.208,10.8
2026-06-10T15:47:00,PCI_9,gNB-3,99.992,563,1,99.822,146.3,171.7,99.527,99.287,0.129,53,97.979,99.225,99.079,98.876,97.938,57.45,47.12,370.07,138.9,3.81727,99.522,14.31
2026-06-10T15:47:00,PCI_10,gNB-3,99.981,526,1,99.81,150.0,204.7,99.49,99.514,0.123,47,98.732,98.819,98.349,98.413,98.159,51.03,44.21,347.7,118.24,3.49456,99.105,10.52
2026-06-10T15:48:00,PCI_1,gNB-1,99.917,544,0,100.0,144.8,180.3,99.743,99.583,0.158,48,98.177,98.985,98.512,98.872,97.835,65.4,47.26,355.51,117.7,3.54904,98.785,10.58
2026-06-10T15:48:00,PCI_2,gNB-1,99.963,531,1,99.812,134.6,161.1,99.771,99.464,0.07,50,98.071,99.142,97.925,97.807,98.309,61.3,42.26,330.88,124.99,3.41907,98.965,11.7
2026-06-10T15:48:00,PCI_3,gNB-1,99.973,565,1,99.823,150.6,196.4,99.692,99.418,0.146,57,98.618,99.153,98.754,98.452,97.695,56.31,43.26,329.81,115.23,3.33779,98.723,13.35
2026-06-10T15:48:00,PCI_4,gNB-1,99.987,525,0,100.0,140.3,190.0,99.465,99.448,0.169,56,98.408,98.681,98.157,98.119,97.944,58.34,43.83,310.45,126.92,3.28029,99.639,15.49
2026-06-10T15:48:00,PCI_5,gNB-2,99.903,546,0,100.0,143.1,193.3,99.556,99.277,0.137,54,98.966,98.963,98.849,98.3,98.05,57.39,47.46,339.21,117.71,3.42692,99.07,12.43
2026-06-10T15:48:00,PCI_6,gNB-2,99.97,553,1,99.819,124.8,151.5,99.494,99.641,0.122,42,98.399,99.113,98.889,98.327,97.817,63.21,47.23,373.91,123.88,3.73343,99.071,9.75
2026-06-10T15:48:00,PCI_7,gNB-2,99.953,520,0,100.0,143.3,183.8,99.382,99.147,0.166,53,98.354,98.835,98.385,97.842,97.677,60.23,48.01,358.15,118.04,3.57136,99.091,12.2
2026-06-10T15:48:00,PCI_8,gNB-3,99.972,509,1,99.804,133.6,158.7,99.66,99.133,0.093,44,97.891,98.887,99.197,98.621,97.326,56.32,41.21,327.52,124.59,3.39081,99.341,11.23
2026-06-10T15:48:00,PCI_9,gNB-3,99.991,549,1,99.818,142.9,188.1,99.769,99.26,0.144,45,98.956,98.684,98.141,98.014,98.019,56.95,49.43,363.64,121.43,3.638,98.739,12.92
2026-06-10T15:48:00,PCI_10,gNB-3,99.993,543,0,100.0,139.0,191.7,99.542,99.3,0.055,51,98.687,98.724,98.716,98.199,97.543,55.0,51.0,333.27,126.67,3.44954,99.028,13.61
2026-06-10T15:49:00,PCI_1,gNB-1,99.996,557,0,100.0,142.0,173.0,99.791,99.566,0.236,52,98.116,98.992,98.645,98.164,97.724,50.87,43.89,293.74,108.26,3.01497,99.046,13.65
2026-06-10T15:49:00,PCI_2,gNB-1,99.97,538,1,99.814,144.1,172.1,99.518,99.249,0.149,53,98.422,99.261,98.59,98.279,98.18,53.97,49.23,296.47,127.77,3.18182,99.18,12.93
2026-06-10T15:49:00,PCI_3,gNB-1,99.935,523,0,100.0,127.0,150.7,99.521,99.339,0.105,47,97.996,98.903,99.162,98.006,98.27,59.1,44.87,374.27,123.0,3.72956,99.573,12.04
2026-06-10T15:49:00,PCI_4,gNB-1,99.965,536,1,99.813,138.0,167.4,99.352,99.4,0.285,45,98.932,98.786,98.907,98.155,98.214,55.5,55.14,333.87,119.93,3.40349,98.611,13.72
2026-06-10T15:49:00,PCI_5,gNB-2,99.981,529,1,99.811,140.8,186.6,99.904,99.609,0.251,46,98.536,98.81,98.485,98.089,97.955,61.5,38.65,364.03,109.34,3.5503,99.387,11.79
2026-06-10T15:49:00,PCI_6,gNB-2,99.948,532,0,100.0,146.2,200.6,99.615,99.566,0.078,52,98.89,99.133,98.893,98.332,97.734,58.18,50.96,346.85,130.34,3.57899,99.135,12.72
2026-06-10T15:49:00,PCI_7,gNB-2,99.984,544,0,100.0,150.2,177.7,99.726,99.353,0.076,52,98.363,98.815,99.243,98.567,97.747,60.96,49.33,337.19,117.0,3.40642,99.557,13.23
2026-06-10T15:49:00,PCI_8,gNB-3,99.962,515,0,100.0,149.2,205.9,99.62,99.679,0.088,50,98.571,99.157,98.636,97.737,97.993,56.5,48.24,342.3,113.49,3.41843,99.429,11.75
2026-06-10T15:49:00,PCI_9,gNB-3,99.986,520,1,99.808,139.0,178.7,99.659,99.433,0.057,47,98.545,98.817,98.901,98.519,98.486,55.18,40.04,301.46,118.7,3.15121,99.089,12.08
2026-06-10T15:49:00,PCI_10,gNB-3,100.0,518,0,100.0,142.2,164.4,99.58,99.647,0.123,51,98.71,98.569,98.749,98.925,98.266,55.96,52.46,340.86,132.16,3.54761,99.311,12.67
2026-06-10T15:50:00,PCI_1,gNB-1,99.925,529,1,99.811,137.0,170.4,99.559,99.495,0.196,48,98.498,98.43,98.778,98.736,98.103,55.13,45.5,329.28,118.83,3.36078,99.025,12.48
2026-06-10T15:50:00,PCI_2,gNB-1,99.994,525,1,99.81,151.2,211.6,99.692,99.307,0.195,57,98.715,98.704,98.814,98.633,97.465,61.48,41.82,337.19,125.58,3.47077,98.846,14.2
2026-06-10T15:50:00,PCI_3,gNB-1,100.0,545,1,99.817,149.5,207.8,99.61,99.189,0.145,55,98.087,98.797,98.586,98.52,97.599,55.83,38.83,321.9,132.33,3.40675,99.148,14.36
2026-06-10T15:50:00,PCI_4,gNB-1,99.954,528,0,100.0,133.1,158.3,99.865,99.267,0.063,51,98.587,98.746,98.864,97.755,98.077,56.46,44.38,303.12,124.85,3.20982,99.246,10.64
2026-06-10T15:50:00,PCI_5,gNB-2,100.0,539,0,100.0,140.8,196.1,99.867,99.437,0.144,43,98.433,98.51,98.63,97.869,98.123,59.33,43.05,323.23,118.11,3.31008,99.418,10.53
2026-06-10T15:50:00,PCI_6,gNB-2,99.975,517,1,99.807,133.7,165.2,99.777,99.098,0.091,47,98.899,99.353,98.49,98.696,98.04,53.94,47.4,309.31,111.52,3.15624,99.137,12.31
2026-06-10T15:50:00,PCI_7,gNB-2,99.972,530,0,100.0,135.3,183.7,99.508,99.83,0.132,44,98.7,99.217,98.303,98.633,98.313,59.24,46.64,335.73,125.72,3.46084,99.31,12.38
2026-06-10T15:50:00,PCI_8,gNB-3,99.952,552,1,99.819,142.9,169.4,99.717,99.11,0.078,51,98.711,98.953,98.925,98.294,97.841,60.59,47.27,297.1,125.1,3.16652,98.948,13.81
2026-06-10T15:50:00,PCI_9,gNB-3,100.0,527,0,100.0,137.1,172.1,99.9,99.405,0.094,51,98.131,99.092,98.985,98.352,98.244,50.49,41.65,377.75,127.92,3.79252,99.186,12.95
2026-06-10T15:50:00,PCI_10,gNB-3,99.957,497,1,99.799,133.9,156.9,99.403,99.177,0.043,50,98.643,98.929,98.585,98.364,97.834,54.83,49.82,340.82,119.2,3.45021,99.089,14.27
2026-06-10T15:51:00,PCI_1,gNB-1,99.915,540,1,99.815,151.3,205.7,99.663,99.656,0.072,50,98.516,99.035,98.545,98.283,98.819,52.41,44.29,323.76,130.01,3.4033,99.4,11.64
2026-06-10T15:51:00,PCI_2,gNB-1,100.0,521,1,99.808,141.5,189.2,99.548,99.569,0.174,46,98.381,98.907,99.125,98.338,97.707,54.72,42.23,331.5,112.38,3.32908,99.554,12.11
2026-06-10T15:51:00,PCI_3,gNB-1,99.977,527,0,100.0,140.2,164.9,99.2,99.713,0.054,48,98.298,99.594,98.725,97.826,97.951,55.72,47.29,333.64,129.94,3.4769,99.074,11.86
2026-06-10T15:51:00,PCI_4,gNB-1,100.0,538,0,100.0,128.4,156.4,99.786,99.137,0.117,43,98.456,98.843,98.937,99.07,97.813,59.63,46.15,347.48,112.89,3.45277,99.177,12.27
2026-06-10T15:51:00,PCI_5,gNB-2,100.0,547,1,99.817,141.0,196.6,99.341,99.422,0.146,47,98.335,98.746,98.183,98.564,98.346,60.68,51.68,340.15,124.51,3.48489,99.027,12.8
2026-06-10T15:51:00,PCI_6,gNB-2,99.948,525,0,100.0,154.3,181.5,99.469,99.481,0.132,52,98.503,99.408,98.912,97.887,98.072,56.45,48.08,345.27,116.42,3.46262,99.564,9.01
2026-06-10T15:51:00,PCI_7,gNB-2,99.937,522,0,100.0,141.6,185.8,99.655,99.309,0.066,56,98.216,98.924,99.107,97.991,97.925,45.34,49.0,338.82,117.33,3.42115,98.715,9.34
2026-06-10T15:51:00,PCI_8,gNB-3,99.917,546,0,100.0,153.4,208.1,99.483,99.588,0.147,51,98.21,98.727,98.322,98.329,97.945,59.92,47.77,354.7,116.18,3.53162,98.884,10.79
2026-06-10T15:51:00,PCI_9,gNB-3,99.947,543,0,100.0,158.4,203.7,99.607,99.084,0.074,55,98.301,99.132,98.753,98.564,98.374,58.88,46.37,347.62,120.19,3.50856,99.254,15.3
2026-06-10T15:51:00,PCI_10,gNB-3,99.96,501,1,99.8,153.6,187.1,99.474,99.1,0.125,50,98.678,99.335,98.383,98.377,97.9,57.37,52.24,291.2,118.3,3.07122,99.338,12.77
2026-06-10T15:52:00,PCI_1,gNB-1,99.949,536,0,100.0,146.8,189.0,99.526,99.645,0.124,56,98.383,98.682,99.306,98.438,98.309,51.47,42.8,387.88,122.26,3.82605,98.479,11.97
2026-06-10T15:52:00,PCI_2,gNB-1,99.957,513,0,100.0,139.4,186.4,99.761,99.351,0.176,49,98.716,98.887,98.947,97.584,97.636,57.96,51.18,343.45,100.92,3.33281,98.997,10.58
2026-06-10T15:52:00,PCI_3,gNB-1,100.0,516,1,99.806,143.4,199.9,99.84,99.244,0.162,51,98.288,99.133,98.811,98.225,98.266,58.08,48.17,354.22,136.31,3.67897,99.368,14.83
2026-06-10T15:52:00,PCI_4,gNB-1,99.926,544,1,99.816,142.8,197.9,99.482,98.954,0.161,54,98.867,98.707,98.776,98.128,98.301,60.67,47.34,304.41,120.22,3.18473,99.161,7.57
2026-06-10T15:52:00,PCI_5,gNB-2,99.959,529,1,99.811,142.5,173.9,99.755,99.587,0.298,52,98.768,99.469,99.031,98.313,98.117,54.46,46.55,327.38,121.35,3.36551,99.054,10.98
2026-06-10T15:52:00,PCI_6,gNB-2,99.936,526,0,100.0,143.3,188.5,99.718,99.133,0.085,45,99.018,99.127,99.113,98.684,97.726,55.45,46.3,309.53,119.0,3.214,99.232,10.67
2026-06-10T15:52:00,PCI_7,gNB-2,99.934,527,1,99.81,148.3,199.4,99.397,99.862,0.0,47,97.889,99.206,99.112,98.401,98.153,58.4,42.7,319.38,115.34,3.2604,99.295,11.95
2026-06-10T15:52:00,PCI_8,gNB-3,99.988,522,0,100.0,144.6,183.7,99.634,99.699,0.115,46,98.751,98.781,98.66,98.033,98.062,60.72,42.38,356.67,121.84,3.58881,99.253,9.46
2026-06-10T15:52:00,PCI_9,gNB-3,99.948,504,0,100.0,146.5,193.4,99.6,99.434,0.158,50,98.656,98.894,98.069,98.762,98.614,59.91,48.99,325.77,122.64,3.36315,98.977,8.92
2026-06-10T15:52:00,PCI_10,gNB-3,99.972,499,0,100.0,156.7,198.8,99.737,99.617,0.118,53,98.259,99.197,98.664,98.484,97.955,51.36,39.75,314.33,122.57,3.27673,99.53,11.51
2026-06-10T15:53:00,PCI_1,gNB-1,99.942,523,0,100.0,134.9,187.1,99.339,99.226,0.106,51,98.759,99.401,98.511,98.395,97.551,58.47,47.69,362.5,119.4,3.61426,98.944,15.63
2026-06-10T15:53:00,PCI_2,gNB-1,99.987,544,1,99.816,126.4,145.7,99.476,99.502,0.105,43,98.279,98.987,98.935,98.186,97.993,52.69,46.17,324.35,119.0,3.32512,99.431,11.69
2026-06-10T15:53:00,PCI_3,gNB-1,99.993,517,0,100.0,148.6,184.1,99.62,99.128,0.147,50,98.607,98.847,98.302,98.3,97.565,50.06,43.23,320.6,117.49,3.28567,98.723,12.41
2026-06-10T15:53:00,PCI_4,gNB-1,99.972,534,1,99.813,127.5,158.9,99.565,99.016,0.066,43,98.931,98.577,98.708,98.384,97.973,55.78,48.27,327.3,120.13,3.35577,98.774,12.4
2026-06-10T15:53:00,PCI_5,gNB-2,99.992,497,0,100.0,131.7,161.1,99.698,99.746,0.101,46,98.663,99.34,98.617,98.344,97.763,60.13,42.14,337.73,123.67,3.46053,99.356,13.4
2026-06-10T15:53:00,PCI_6,gNB-2,99.97,515,1,99.806,149.7,188.0,99.481,99.088,0.166,52,98.11,99.01,98.677,98.573,97.765,60.43,47.34,324.34,118.59,3.32201,99.273,11.2
2026-06-10T15:53:00,PCI_7,gNB-2,99.941,508,0,100.0,139.1,186.4,99.472,99.255,0.053,48,99.243,98.889,99.068,98.281,98.072,54.52,47.62,333.74,117.45,3.38397,99.235,11.85
2026-06-10T15:53:00,PCI_8,gNB-3,99.954,506,0,100.0,147.0,201.7,99.668,99.381,0.11,49,98.506,98.725,98.713,98.033,97.95,56.19,47.69,331.54,104.97,3.27383,99.451,14.5
2026-06-10T15:53:00,PCI_9,gNB-3,99.967,511,1,99.804,132.7,159.0,99.622,99.11,0.178,43,98.036,98.79,98.628,97.825,97.958,50.87,42.45,360.16,122.01,3.61632,99.036,11.82
2026-06-10T15:53:00,PCI_10,gNB-3,99.952,520,0,100.0,142.4,186.7,99.589,99.37,0.203,48,98.227,98.954,99.117,98.267,98.524,54.59,45.46,316.09,109.46,3.19164,98.934,10.43
2026-06-10T15:54:00,PCI_1,gNB-1,99.966,525,0,100.0,134.3,166.7,99.536,99.425,0.106,45,98.302,99.323,98.591,98.34,97.65,59.86,49.14,286.59,114.02,3.00452,99.571,11.38
2026-06-10T15:54:00,PCI_2,gNB-1,99.975,519,1,99.807,136.1,164.3,99.758,99.306,0.262,49,98.71,98.863,98.672,98.608,97.819,56.79,51.61,349.58,116.18,3.4932,99.399,10.84
2026-06-10T15:54:00,PCI_3,gNB-1,99.948,525,0,100.0,144.0,194.1,99.775,99.446,0.263,50,98.558,98.551,98.967,98.206,98.268,56.46,45.09,315.32,108.49,3.1786,99.375,12.91
2026-06-10T15:54:00,PCI_4,gNB-1,99.934,514,1,99.805,142.6,198.0,99.565,99.139,0.172,48,99.059,99.327,99.041,98.456,97.723,61.88,41.63,352.86,132.01,3.63656,98.956,11.14
2026-06-10T15:54:00,PCI_5,gNB-2,99.952,518,0,100.0,135.2,167.4,99.834,99.525,0.068,52,98.284,99.157,98.59,98.479,97.61,62.29,44.67,372.73,111.83,3.63418,99.392,13.26
2026-06-10T15:54:00,PCI_6,gNB-2,99.921,493,0,100.0,136.1,170.2,99.678,99.113,0.138,47,98.385,98.417,99.187,98.034,97.838,61.05,39.71,323.6,119.53,3.32348,98.99,11.27
2026-06-10T15:54:00,PCI_7,gNB-2,100.0,539,0,100.0,145.4,198.4,99.917,99.205,0.0,51,98.615,99.126,99.109,98.555,97.844,63.81,42.13,325.85,119.47,3.3399,99.493,13.82
2026-06-10T15:54:00,PCI_8,gNB-3,99.986,523,0,100.0,131.6,183.8,99.743,99.51,0.206,46,98.506,98.979,99.004,98.348,97.869,60.64,48.71,334.52,119.9,3.40816,99.198,11.4
2026-06-10T15:54:00,PCI_9,gNB-3,99.979,547,0,100.0,138.2,162.2,99.724,99.483,0.172,48,98.136,98.857,98.124,98.171,98.274,57.47,46.02,329.62,122.56,3.3913,99.512,13.76
2026-06-10T15:54:00,PCI_10,gNB-3,99.953,522,0,100.0,153.4,210.7,99.644,99.255,0.126,55,98.569,98.888,98.57,98.278,98.042,50.41,42.14,314.51,117.97,3.24362,99.177,11.92
2026-06-10T15:55:00,PCI_1,gNB-1,99.954,524,1,99.809,147.9,173.1,99.778,99.332,0.161,56,98.791,99.048,98.301,98.547,98.528,54.94,41.35,316.95,110.26,3.20411,99.405,12.05
2026-06-10T15:55:00,PCI_2,gNB-1,99.971,512,1,99.805,135.2,180.2,99.574,99.341,0.181,42,98.601,98.67,98.688,98.061,98.273,61.27,47.68,375.11,123.58,3.74014,99.371,10.82
2026-06-10T15:55:00,PCI_3,gNB-1,99.976,537,1,99.814,147.5,183.6,99.574,99.609,0.135,51,98.637,99.227,98.893,97.498,98.574,59.75,46.27,351.45,118.35,3.52352,99.556,10.94
2026-06-10T15:55:00,PCI_4,gNB-1,99.999,521,0,100.0,150.5,205.2,99.673,99.592,0.114,58,98.236,99.727,98.688,98.213,98.487,62.96,39.55,312.86,130.07,3.32201,98.574,13.14
2026-06-10T15:55:00,PCI_5,gNB-2,99.991,532,0,100.0,143.1,192.1,99.6,99.038,0.168,48,98.815,99.168,98.641,97.686,97.108,61.13,51.88,350.68,127.49,3.58626,98.99,9.18
2026-06-10T15:55:00,PCI_6,gNB-2,99.981,506,1,99.802,142.3,163.9,99.78,98.848,0.228,46,98.974,98.625,98.354,98.196,98.035,61.52,36.41,319.95,125.94,3.34418,99.122,12.32
2026-06-10T15:55:00,PCI_7,gNB-2,99.964,507,0,100.0,133.5,165.5,99.53,99.253,0.262,49,98.76,98.942,98.851,98.733,98.137,61.52,48.01,346.42,126.74,3.54872,98.98,12.79
2026-06-10T15:55:00,PCI_8,gNB-3,100.0,523,1,99.809,145.6,181.2,99.701,99.269,0.108,46,98.316,99.064,98.677,97.831,97.95,57.25,39.09,303.16,109.45,3.0946,99.326,10.35
2026-06-10T15:55:00,PCI_9,gNB-3,99.967,507,1,99.803,138.4,180.2,99.679,99.435,0.126,53,98.654,99.159,98.509,98.028,98.738,57.94,42.3,339.56,106.7,3.34697,98.981,11.29
2026-06-10T15:55:00,PCI_10,gNB-3,100.0,531,0,100.0,124.0,153.3,99.664,99.43,0.158,47,98.127,98.985,98.689,97.961,98.103,57.64,41.19,353.44,125.15,3.58946,98.936,10.87
2026-06-10T15:56:00,PCI_1,gNB-1,99.99,521,0,100.0,137.4,191.1,99.467,99.594,0.098,45,98.632,98.417,98.617,98.961,98.199,56.44,42.53,277.6,131.44,3.06776,98.97,10.52
2026-06-10T15:56:00,PCI_2,gNB-1,99.974,525,1,99.81,151.5,196.7,99.436,99.504,0.21,52,98.692,98.622,99.156,98.298,98.624,53.77,36.97,320.05,127.6,3.3574,99.256,11.07
2026-06-10T15:56:00,PCI_3,gNB-1,99.991,499,1,99.8,147.1,172.4,99.497,99.28,0.062,50,98.862,99.097,98.245,97.966,98.187,49.51,40.95,330.09,122.02,3.39086,99.493,11.75
2026-06-10T15:56:00,PCI_4,gNB-1,99.977,523,0,100.0,145.6,189.2,99.523,99.658,0.175,55,97.651,99.058,98.744,97.904,97.929,58.43,38.75,307.0,115.49,3.16867,99.174,12.75
2026-06-10T15:56:00,PCI_5,gNB-2,99.93,543,0,100.0,153.5,199.3,99.464,99.165,0.009,54,98.802,99.164,98.849,98.657,98.306,53.53,43.52,392.44,102.11,3.7091,98.921,13.2
2026-06-10T15:56:00,PCI_6,gNB-2,99.961,543,1,99.816,132.8,163.2,99.825,99.178,0.147,43,98.392,99.506,98.666,98.264,97.794,49.49,36.99,317.18,125.65,3.32123,99.074,12.19
2026-06-10T15:56:00,PCI_7,gNB-2,100.0,519,1,99.807,136.6,164.4,99.57,99.247,0.101,44,98.758,99.408,98.051,98.293,98.591,52.5,48.08,336.77,107.87,3.3348,98.896,9.2
2026-06-10T15:56:00,PCI_8,gNB-3,99.932,513,0,100.0,147.0,173.4,99.57,99.533,0.051,49,98.661,99.047,98.791,97.94,98.434,59.98,53.07,353.51,116.03,3.52156,98.617,8.47
2026-06-10T15:56:00,PCI_9,gNB-3,99.972,511,1,99.804,135.4,177.0,99.538,99.275,0.139,41,98.359,98.98,98.6,98.497,98.61,55.65,47.87,341.64,117.7,3.44505,99.253,10.4
2026-06-10T15:56:00,PCI_10,gNB-3,99.975,524,0,100.0,128.8,174.3,99.875,99.659,0.105,49,98.538,99.189,98.539,97.938,97.934,55.08,47.07,287.47,128.79,3.1219,98.941,9.98
2026-06-10T15:57:00,PCI_1,gNB-1,99.952,531,1,99.812,122.6,161.3,99.625,99.301,0.168,41,98.524,98.621,98.633,98.122,98.283,56.67,42.33,279.21,123.02,3.01677,99.048,13.06
2026-06-10T15:57:00,PCI_2,gNB-1,99.956,489,0,100.0,146.3,191.6,99.785,99.248,0.159,55,98.62,99.213,98.68,97.993,98.245,58.92,46.62,295.77,124.05,3.14867,98.688,12.77
2026-06-10T15:57:00,PCI_3,gNB-1,99.943,544,1,99.816,153.2,214.5,99.574,99.632,0.137,57,98.416,99.057,98.628,98.009,98.232,55.49,52.99,336.86,118.13,3.41236,99.334,11.94
2026-06-10T15:57:00,PCI_4,gNB-1,99.941,531,1,99.812,132.2,171.0,99.541,99.454,0.158,46,98.598,98.677,98.126,98.344,97.737,52.82,46.24,324.14,105.11,3.21943,99.314,15.97
2026-06-10T15:57:00,PCI_5,gNB-2,100.0,519,1,99.807,135.9,175.0,99.642,99.774,0.06,52,98.243,99.273,98.638,98.145,97.902,57.13,51.59,324.39,127.71,3.39077,99.075,11.97
2026-06-10T15:57:00,PCI_6,gNB-2,100.0,502,1,99.801,141.9,195.3,99.701,99.749,0.145,50,98.65,98.904,98.523,98.31,98.171,63.35,40.3,283.92,122.16,3.0456,98.83,12.59
2026-06-10T15:57:00,PCI_7,gNB-2,99.921,499,0,100.0,148.6,201.4,99.439,99.317,0.047,49,98.338,98.952,98.504,97.549,97.758,60.24,43.21,364.54,112.32,3.57647,99.456,14.66
2026-06-10T15:57:00,PCI_8,gNB-3,100.0,518,0,100.0,124.4,147.0,99.71,99.491,0.137,43,97.982,99.206,98.933,98.042,98.397,56.96,50.72,337.33,125.1,3.4682,99.076,14.53
2026-06-10T15:57:00,PCI_9,gNB-3,99.908,513,0,100.0,135.8,188.0,99.58,99.399,0.137,48,98.623,98.633,98.279,97.851,98.157,54.25,48.26,308.06,116.61,3.18503,99.179,10.53
2026-06-10T15:57:00,PCI_10,gNB-3,100.0,500,1,99.8,141.1,175.2,99.74,99.25,0.0,47,98.787,99.252,98.757,98.343,98.154,53.16,42.26,313.41,109.99,3.17549,99.468,10.2
2026-06-10T15:58:00,PCI_1,gNB-1,100.0,497,0,100.0,153.8,201.7,99.527,99.351,0.151,53,98.354,98.715,98.645,98.317,98.22,58.11,41.21,331.79,131.65,3.47584,99.579,13.64
2026-06-10T15:58:00,PCI_2,gNB-1,99.97,539,1,99.814,143.0,199.2,99.725,99.162,0.246,49,98.834,98.953,98.832,98.0,97.544,56.14,50.2,340.18,116.6,3.42582,99.074,12.26
2026-06-10T15:58:00,PCI_3,gNB-1,99.945,513,0,100.0,125.0,150.8,99.661,99.527,0.082,45,98.317,98.843,98.573,97.946,97.698,51.82,42.78,296.72,108.78,3.04122,99.015,11.7
2026-06-10T15:58:00,PCI_4,gNB-1,99.928,519,1,99.807,136.5,172.0,99.486,99.296,0.069,44,98.327,99.008,98.337,98.73,97.948,56.2,46.52,356.9,108.54,3.49077,99.353,16.41
2026-06-10T15:58:00,PCI_5,gNB-2,99.967,522,0,100.0,140.8,184.8,99.559,99.454,0.328,45,98.418,98.878,99.152,98.334,98.312,64.02,52.53,320.76,109.42,3.22635,99.007,11.05
2026-06-10T15:58:00,PCI_6,gNB-2,99.954,511,0,100.0,139.9,177.0,99.755,99.4,0.214,48,98.437,99.174,98.783,98.05,98.37,50.49,46.13,314.46,114.93,3.22043,99.684,11.02
2026-06-10T15:58:00,PCI_7,gNB-2,99.984,525,1,99.81,136.5,161.1,99.449,99.294,0.042,49,98.523,98.776,98.633,98.096,97.123,56.95,44.3,287.42,124.43,3.08887,98.982,11.62
2026-06-10T15:58:00,PCI_8,gNB-3,99.953,530,0,100.0,133.0,155.4,99.397,99.338,0.189,44,98.809,99.147,98.612,98.083,97.517,58.83,39.55,352.24,111.34,3.4768,99.05,13.14
2026-06-10T15:58:00,PCI_9,gNB-3,99.974,492,0,100.0,129.7,159.0,99.227,99.424,0.139,45,98.649,98.688,98.52,98.253,97.475,54.43,40.3,321.78,125.04,3.35119,99.018,10.78
2026-06-10T15:58:00,PCI_10,gNB-3,99.96,486,1,99.794,135.1,157.2,99.612,99.467,0.081,47,98.071,98.912,99.052,98.565,98.022,60.48,47.97,304.53,117.76,3.16719,98.832,10.45
2026-06-10T15:59:00,PCI_1,gNB-1,99.953,509,1,99.804,140.9,185.8,99.728,99.504,0.217,46,98.445,99.583,98.8,98.152,98.013,50.44,47.07,312.9,119.12,3.24014,98.945,12.67
2026-06-10T15:59:00,PCI_2,gNB-1,99.97,523,1,99.809,147.7,192.3,99.542,99.251,0.084,46,98.396,98.842,98.656,98.507,97.891,57.89,38.82,354.79,132.44,3.65423,99.616,12.98
2026-06-10T15:59:00,PCI_3,gNB-1,99.923,515,0,100.0,136.5,162.7,99.455,99.529,0.083,47,98.349,98.918,98.236,97.988,98.093,62.0,41.47,297.14,104.74,3.01411,99.165,13.83
2026-06-10T15:59:00,PCI_4,gNB-1,99.978,512,0,100.0,128.4,175.4,99.618,99.446,0.01,39,98.068,99.484,99.021,98.188,97.36,53.77,46.05,330.86,124.8,3.41747,99.112,13.62
2026-06-10T15:59:00,PCI_5,gNB-2,99.993,501,1,99.8,140.8,166.4,99.486,99.466,0.168,43,98.132,98.935,99.135,98.492,97.727,50.32,47.35,300.92,132.35,3.2495,99.31,12.07
2026-06-10T15:59:00,PCI_6,gNB-2,99.938,506,0,100.0,136.8,165.0,99.555,99.311,0.187,42,98.672,99.045,99.07,98.119,98.335,53.03,46.29,274.69,129.55,3.0318,99.087,12.32
2026-06-10T15:59:00,PCI_7,gNB-2,99.965,519,0,100.0,119.4,151.4,99.767,99.661,0.173,38,99.031,99.111,98.498,98.202,97.811,53.51,42.33,365.14,115.15,3.60217,99.288,12.11
2026-06-10T15:59:00,PCI_8,gNB-3,99.944,496,0,100.0,127.5,169.4,99.614,99.443,0.207,46,98.701,99.229,98.295,98.206,97.732,53.64,43.39,288.08,114.93,3.02255,99.325,13.53
2026-06-10T15:59:00,PCI_9,gNB-3,99.97,489,0,100.0,128.4,152.4,99.669,99.274,0.144,47,98.368,98.648,98.365,98.453,98.772,52.25,38.2,311.0,123.42,3.25814,99.146,13.32
2026-06-10T15:59:00,PCI_10,gNB-3,99.967,528,1,99.811,137.6,166.9,99.988,99.496,0.073,51,98.836,98.862,98.717,98.42,97.876,56.41,45.81,366.87,122.13,3.66748,99.236,11.22
2026-06-10T16:00:00,PCI_1,gNB-1,99.968,502,1,99.801,140.6,171.3,99.816,99.499,0.09,47,98.447,99.509,98.73,98.241,97.787,59.07,46.08,302.33,115.98,3.13727,98.992,10.83
2026-06-10T16:00:00,PCI_2,gNB-1,99.968,497,0,100.0,137.9,177.5,99.515,99.515,0.124,48,98.444,99.207,98.699,98.345,98.001,55.31,35.23,297.24,106.4,3.02736,99.342,11.34
2026-06-10T16:00:00,PCI_3,gNB-1,99.988,506,1,99.802,134.8,173.8,99.655,99.399,0.158,46,98.568,99.049,98.996,98.242,98.413,60.32,48.09,346.49,129.56,3.5704,99.002,11.0
2026-06-10T16:00:00,PCI_4,gNB-1,99.98,503,0,100.0,130.0,179.4,99.605,99.503,0.086,44,98.33,98.885,98.86,98.427,97.644,54.77,38.91,328.47,131.02,3.44621,99.162,11.78
2026-06-10T16:00:00,PCI_5,gNB-2,100.0,524,1,99.809,133.4,167.6,99.523,99.565,0.172,47,98.072,99.122,98.68,98.172,97.812,49.09,40.84,351.33,122.76,3.55571,98.946,14.04
2026-06-10T16:00:00,PCI_6,gNB-2,99.951,530,1,99.811,133.1,171.7,99.603,99.563,0.149,48,98.752,99.144,98.985,98.51,97.892,58.07,49.49,366.25,114.11,3.60271,99.248,12.23
2026-06-10T16:00:00,PCI_7,gNB-2,99.961,522,1,99.808,139.3,164.7,99.55,99.17,0.194,50,98.716,98.892,99.012,98.337,97.968,61.66,39.69,327.75,128.43,3.42135,99.248,10.3
2026-06-10T16:00:00,PCI_8,gNB-3,99.977,533,0,100.0,124.6,151.5,99.572,99.467,0.17,41,98.419,98.64,98.641,98.041,98.151,53.33,47.3,366.02,115.56,3.61186,99.411,10.82
2026-06-10T16:00:00,PCI_9,gNB-3,99.923,518,1,99.807,130.3,176.7,99.579,99.681,0.038,47,98.768,99.937,98.625,98.398,97.699,55.71,41.07,335.92,120.89,3.42606,99.378,12.56
2026-06-10T16:00:00,PCI_10,gNB-3,99.991,498,1,99.799,137.9,162.4,99.643,99.57,0.207,50,98.301,99.186,98.197,98.287,97.473,56.95,49.55,304.59,116.78,3.16029,99.375,12.76
2026-06-10T16:01:00,PCI_1,gNB-1,99.966,525,0,100.0,134.3,156.2,99.661,99.53,0.187,43,98.635,98.896,98.598,98.501,97.933,55.2,41.45,305.67,109.62,3.1147,99.29,12.21
2026-06-10T16:01:00,PCI_2,gNB-1,99.981,520,1,99.808,151.1,199.1,99.572,99.63,0.248,51,98.341,99.453,98.59,98.476,98.364,54.68,39.65,370.88,116.25,3.65348,99.486,11.85
2026-06-10T16:01:00,PCI_3,gNB-1,99.952,507,1,99.803,133.9,161.9,99.581,99.395,0.162,50,98.888,99.067,98.186,97.739,98.421,57.7,45.3,316.33,110.59,3.20192,98.751,13.49
2026-06-10T16:01:00,PCI_4,gNB-1,99.969,501,0,100.0,128.1,162.4,99.566,98.88,0.161,46,98.636,99.092,98.572,97.694,97.498,55.53,44.86,293.6,123.49,3.12819,99.437,12.75
2026-06-10T16:01:00,PCI_5,gNB-2,99.963,506,0,100.0,133.3,163.8,99.774,99.171,0.162,45,97.715,98.968,98.798,98.557,97.779,52.92,38.33,310.28,105.39,3.1175,99.107,10.41
2026-06-10T16:01:00,PCI_6,gNB-2,99.991,514,1,99.805,148.6,173.4,99.498,99.44,0.127,58,98.269,99.007,98.512,98.164,98.599,58.61,46.73,329.31,106.34,3.26741,98.859,12.05
2026-06-10T16:01:00,PCI_7,gNB-2,99.988,511,0,100.0,140.1,182.1,99.889,99.21,0.144,47,98.549,98.418,98.671,98.772,97.994,53.46,46.01,321.72,116.18,3.28424,99.542,11.92
2026-06-10T16:01:00,PCI_8,gNB-3,99.961,504,1,99.802,135.0,158.3,99.594,99.895,0.078,43,98.776,99.077,98.607,98.905,98.573,56.98,38.57,278.44,115.94,2.95783,99.432,11.04
2026-06-10T16:01:00,PCI_9,gNB-3,100.0,514,0,100.0,141.9,189.9,99.609,99.202,0.171,50,98.756,98.947,98.52,98.105,98.322,51.68,49.05,317.32,108.18,3.19125,99.448,10.56
2026-06-10T16:01:00,PCI_10,gNB-3,99.969,513,1,99.805,125.5,145.7,99.573,99.115,0.21,41,98.192,98.67,97.777,98.319,98.197,62.61,44.17,333.21,113.78,3.35241,99.731,14.4
2026-06-10T16:02:00,PCI_1,gNB-1,99.978,494,0,100.0,149.4,177.2,99.366,99.439,0.077,54,98.284,98.627,98.771,98.051,97.728,52.78,36.36,332.5,119.74,3.39177,99.346,11.78
2026-06-10T16:02:00,PCI_2,gNB-1,99.961,521,1,99.808,132.9,177.2,99.446,99.377,0.216,45,97.768,98.979,98.67,98.632,97.953,56.89,41.85,350.86,116.16,3.50264,99.218,12.61
2026-06-10T16:02:00,PCI_3,gNB-1,99.98,514,1,99.805,149.4,188.1,99.525,99.871,0.211,52,98.727,99.098,98.72,98.121,97.914,48.07,46.19,328.4,113.73,3.31602,99.591,11.29
2026-06-10T16:02:00,PCI_4,gNB-1,99.946,481,0,100.0,146.1,199.6,99.578,99.564,0.249,43,98.256,99.101,98.392,98.502,98.123,60.05,45.01,345.28,119.71,3.48744,99.128,12.47
2026-06-10T16:02:00,PCI_5,gNB-2,99.951,506,0,100.0,124.2,173.9,99.533,99.321,0.086,44,98.319,99.041,98.891,98.343,98.2,54.11,44.61,337.22,121.42,3.43976,99.281,13.86
2026-06-10T16:02:00,PCI_6,gNB-2,99.964,500,1,99.8,141.0,173.2,99.699,99.437,0.174,51,97.98,99.068,98.818,98.277,98.021,53.58,46.41,322.72,120.3,3.32272,99.261,12.89
2026-06-10T16:02:00,PCI_7,gNB-2,99.962,540,0,100.0,139.2,165.6,99.761,99.483,0.175,46,98.849,99.258,99.089,98.468,98.66,52.46,45.09,325.1,119.34,3.33332,99.032,10.84
2026-06-10T16:02:00,PCI_8,gNB-3,99.943,503,1,99.801,142.8,176.5,99.749,99.142,0.127,49,98.258,98.928,98.613,97.981,97.443,54.55,47.09,315.64,104.78,3.15316,99.207,11.59
2026-06-10T16:02:00,PCI_9,gNB-3,99.983,512,0,100.0,129.1,170.7,99.341,99.27,0.119,39,98.149,99.317,98.935,98.237,97.468,56.58,44.73,297.81,121.58,3.14547,99.319,12.05
2026-06-10T16:02:00,PCI_10,gNB-3,100.0,480,0,100.0,133.3,172.8,99.74,99.395,0.17,44,98.579,99.257,98.272,98.214,97.99,67.43,50.13,331.32,121.08,3.39299,99.486,12.0
2026-06-10T16:03:00,PCI_1,gNB-1,99.97,487,0,100.0,133.3,166.2,99.758,99.396,0.149,45,98.012,99.043,98.356,98.569,98.715,50.62,49.64,328.28,117.55,3.34371,99.448,13.89
2026-06-10T16:03:00,PCI_2,gNB-1,99.971,484,0,100.0,136.5,190.3,99.702,99.418,0.157,49,98.012,99.173,98.563,98.768,97.53,54.33,48.98,342.83,117.62,3.45343,99.249,12.13
2026-06-10T16:03:00,PCI_3,gNB-1,99.969,537,0,100.0,136.3,165.3,99.774,99.575,0.165,46,98.345,98.983,99.094,98.098,97.766,56.43,46.96,294.98,116.04,3.0827,99.215,12.6
2026-06-10T16:03:00,PCI_4,gNB-1,100.0,503,0,100.0,132.7,162.2,99.605,99.525,0.11,42,98.415,98.587,98.237,98.136,97.995,50.91,44.53,306.63,123.41,3.22535,99.272,11.45
2026-06-10T16:03:00,PCI_5,gNB-2,99.989,503,1,99.801,127.6,165.4,99.729,99.329,0.181,46,98.691,99.391,98.947,98.335,98.033,59.42,44.83,293.76,127.6,3.16017,99.528,11.14
2026-06-10T16:03:00,PCI_6,gNB-2,99.989,490,1,99.796,124.8,170.8,99.665,99.383,0.138,41,98.348,98.626,98.698,98.157,98.034,57.2,47.3,340.14,123.1,3.47432,99.304,12.48
2026-06-10T16:03:00,PCI_7,gNB-2,100.0,508,0,100.0,128.5,159.5,99.343,99.853,0.205,46,98.347,98.51,98.655,97.979,97.453,58.9,46.63,286.74,117.59,3.03246,99.397,12.27
2026-06-10T16:03:00,PCI_8,gNB-3,99.977,488,0,100.0,133.9,184.7,99.79,99.186,0.141,51,97.993,99.419,98.885,98.308,98.044,56.84,38.39,332.36,106.9,3.29445,99.168,12.16
2026-06-10T16:03:00,PCI_9,gNB-3,99.993,517,0,100.0,141.9,164.4,99.458,99.019,0.003,50,98.793,98.849,98.57,98.037,97.985,54.11,40.96,284.2,120.16,3.03266,99.139,12.28
2026-06-10T16:03:00,PCI_10,gNB-3,99.989,514,0,100.0,125.0,160.0,99.422,99.091,0.222,43,98.366,98.907,98.292,98.069,97.473,47.55,40.67,372.78,113.6,3.64788,98.711,9.85
2026-06-10T16:04:00,PCI_1,gNB-1,100.0,510,1,99.804,137.3,159.7,99.716,99.477,0.07,47,98.516,99.245,98.526,97.776,98.138,52.72,37.89,357.3,117.15,3.55837,99.017,9.94
2026-06-10T16:04:00,PCI_2,gNB-1,99.98,536,1,99.813,144.0,189.2,99.725,99.369,0.077,44,97.948,98.36,98.008,98.138,97.715,51.49,41.34,320.8,138.93,3.44798,98.843,14.58
2026-06-10T16:04:00,PCI_3,gNB-1,99.966,513,1,99.805,128.7,175.9,99.734,99.374,0.112,42,98.02,99.307,98.481,97.921,97.267,59.89,48.19,320.62,102.61,3.17421,98.97,11.72
2026-06-10T16:04:00,PCI_4,gNB-1,100.0,501,0,100.0,120.8,157.9,99.479,99.297,0.176,44,98.886,98.935,98.608,98.599,98.349,53.33,39.92,315.46,136.81,3.39204,98.697,10.44
2026-06-10T16:04:00,PCI_5,gNB-2,99.979,506,0,100.0,140.9,190.0,99.61,99.573,0.04,49,98.747,99.158,98.67,98.384,98.153,53.04,45.62,318.51,114.81,3.24989,99.253,10.07
2026-06-10T16:04:00,PCI_6,gNB-2,99.989,518,1,99.807,130.1,166.0,99.666,99.216,0.129,45,98.179,99.405,98.5,98.088,97.807,45.37,39.77,343.54,107.41,3.38209,99.205,14.74
2026-06-10T16:04:00,PCI_7,gNB-2,99.927,514,0,100.0,140.3,192.6,99.468,99.116,0.225,51,98.384,98.772,98.927,97.953,97.9,55.76,50.43,303.34,129.68,3.24765,99.128,12.85
2026-06-10T16:04:00,PCI_8,gNB-3,99.969,508,1,99.803,125.7,155.4,99.578,99.415,0.081,41,97.887,98.802,98.778,98.177,97.751,52.73,44.68,295.47,117.09,3.0942,99.666,13.41
2026-06-10T16:04:00,PCI_9,gNB-3,99.976,501,1,99.8,143.4,191.3,99.658,99.426,0.146,48,98.193,99.211,98.901,98.137,98.454,51.95,42.94,313.3,104.37,3.13255,98.794,11.5
2026-06-10T16:04:00,PCI_10,gNB-3,99.92,514,0,100.0,124.6,163.4,99.708,99.362,0.241,46,98.241,99.35,98.49,98.456,98.057,53.68,40.64,314.98,112.33,3.20486,99.111,11.17
2026-06-10T16:05:00,PCI_1,gNB-1,99.974,487,0,100.0,129.1,168.2,99.802,99.566,0.138,47,98.527,98.65,99.095,98.222,97.976,52.94,35.02,303.47,109.63,3.0982,99.068,13.34
2026-06-10T16:05:00,PCI_2,gNB-1,99.954,517,0,100.0,118.9,163.5,99.526,98.865,0.088,49,96.999,98.852,98.749,98.643,98.209,48.24,34.61,321.83,116.81,3.28983,99.537,14.9
2026-06-10T16:05:00,PCI_3,gNB-1,99.953,515,1,99.806,141.5,170.1,99.657,99.76,0.174,49,98.361,98.988,98.137,98.429,98.005,52.54,46.77,397.21,121.12,3.88746,99.279,12.3
2026-06-10T16:05:00,PCI_4,gNB-1,99.973,492,1,99.797,132.5,159.5,99.628,99.295,0.172,43,98.708,99.575,98.741,98.609,98.19,59.17,46.27,301.78,121.79,3.17676,98.93,14.28
2026-06-10T16:05:00,PCI_5,gNB-2,99.969,465,1,99.785,128.3,176.5,99.576,99.409,0.018,48,98.471,98.886,98.542,98.463,97.984,50.81,33.69,319.29,130.93,3.3767,99.099,12.23
2026-06-10T16:05:00,PCI_6,gNB-2,99.926,513,1,99.805,140.2,175.4,99.509,99.131,0.128,48,99.066,98.655,99.006,98.439,97.912,54.24,44.02,303.42,108.19,3.08706,99.059,10.83
2026-06-10T16:05:00,PCI_7,gNB-2,99.957,479,0,100.0,129.7,179.8,99.666,99.422,0.08,43,98.285,99.22,98.535,98.173,97.821,64.07,43.91,309.23,109.9,3.14347,99.211,12.21
2026-06-10T16:05:00,PCI_8,gNB-3,99.968,487,0,100.0,131.6,156.1,99.511,98.883,0.031,45,98.587,98.82,98.694,98.32,97.587,59.98,39.22,331.12,113.7,3.33615,99.561,12.43
2026-06-10T16:05:00,PCI_9,gNB-3,99.973,501,0,100.0,125.7,151.6,99.5,99.177,0.22,42,98.121,99.006,98.887,98.143,98.215,58.87,50.91,292.24,113.95,3.04649,98.957,9.38
2026-06-10T16:05:00,PCI_10,gNB-3,99.961,501,0,100.0,135.9,177.5,99.691,99.557,0.215,52,98.662,98.649,98.767,98.387,97.804,56.31,43.69,337.19,119.34,3.42396,99.468,14.39
2026-06-10T16:06:00,PCI_1,gNB-1,99.971,488,1,99.795,128.0,178.4,99.637,99.81,0.274,44,98.518,99.107,98.501,98.022,97.192,50.47,37.51,291.89,117.42,3.06984,99.219,8.79
2026-06-10T16:06:00,PCI_2,gNB-1,99.968,503,1,99.801,129.9,168.5,99.631,99.209,0.115,48,97.62,98.616,97.658,97.606,97.653,54.94,38.47,335.87,115.63,3.38625,99.946,16.12
2026-06-10T16:06:00,PCI_3,gNB-1,99.943,451,1,99.778,131.1,176.4,99.519,99.453,0.078,50,98.439,99.179,98.653,98.393,98.338,52.62,44.7,293.47,112.7,3.04629,98.924,8.83
2026-06-10T16:06:00,PCI_4,gNB-1,99.909,487,0,100.0,138.3,187.5,99.682,99.441,0.166,50,98.53,98.379,98.689,98.396,97.781,47.52,45.0,289.3,105.83,2.96346,99.257,11.63
2026-06-10T16:06:00,PCI_5,gNB-2,99.99,512,1,99.805,131.4,183.7,99.582,99.555,0.186,47,98.777,99.021,98.776,98.47,97.816,58.11,44.84,303.72,114.85,3.13929,99.248,10.66
2026-06-10T16:06:00,PCI_6,gNB-2,100.0,480,1,99.792,138.2,171.1,99.623,99.585,0.042,45,98.918,98.936,98.529,98.579,97.066,43.88,42.4,326.77,116.79,3.32673,99.13,14.6
2026-06-10T16:06:00,PCI_7,gNB-2,99.95,487,0,100.0,138.5,181.5,99.203,99.516,0.148,53,98.552,99.38,98.946,98.266,97.696,56.9,46.12,329.0,113.43,3.31827,99.402,13.39
2026-06-10T16:06:00,PCI_8,gNB-3,99.986,500,0,100.0,132.0,167.2,99.761,99.608,0.044,54,99.279,98.884,98.594,98.353,98.263,53.71,40.85,311.34,108.03,3.14528,99.279,12.4
2026-06-10T16:06:00,PCI_9,gNB-3,99.976,478,0,100.0,133.3,162.2,99.316,99.005,0.258,50,98.566,98.96,98.373,98.473,97.187,57.93,34.67,274.01,112.25,2.89696,98.928,9.51
2026-06-10T16:06:00,PCI_10,gNB-3,99.945,481,0,100.0,128.5,165.5,99.484,99.177,0.159,49,98.504,99.398,98.219,98.422,98.411,52.59,44.29,320.48,114.68,3.26368,98.926,9.08
2026-06-10T16:07:00,PCI_1,gNB-1,100.0,524,0,100.0,132.6,179.8,99.718,99.375,0.251,45,98.735,98.727,98.869,98.181,97.507,57.84,49.48,349.42,141.33,3.68059,99.159,11.95
2026-06-10T16:07:00,PCI_2,gNB-1,100.0,512,1,99.805,129.2,167.5,99.548,99.592,0.061,44,97.893,99.122,97.909,98.279,98.332,54.16,42.22,260.32,92.64,2.64714,98.994,10.85
2026-06-10T16:07:00,PCI_3,gNB-1,99.981,491,1,99.796,142.9,190.5,99.714,99.599,0.086,51,98.117,98.899,98.786,98.108,97.55,47.52,38.77,309.41,117.48,3.20173,99.357,10.81
2026-06-10T16:07:00,PCI_4,gNB-1,100.0,476,0,100.0,122.0,145.7,99.678,99.263,0.176,38,98.295,99.148,98.813,98.491,98.299,50.12,40.06,295.38,123.11,3.13869,99.294,12.18
2026-06-10T16:07:00,PCI_5,gNB-2,99.953,497,1,99.799,128.1,175.6,99.904,99.4,0.101,43,98.605,98.733,98.101,97.817,98.191,61.66,38.31,284.07,111.83,2.96927,99.442,13.1
2026-06-10T16:07:00,PCI_6,gNB-2,99.959,485,0,100.0,134.6,183.3,99.532,98.898,0.055,52,98.31,98.786,99.014,98.224,98.734,48.04,40.84,315.59,114.68,3.227,98.779,10.79
2026-06-10T16:07:00,PCI_7,gNB-2,99.968,495,0,100.0,141.0,175.4,99.867,99.341,0.114,46,98.508,99.059,98.291,98.603,98.765,56.77,37.19,315.75,122.71,3.28843,98.841,10.21
2026-06-10T16:07:00,PCI_8,gNB-3,99.994,497,0,100.0,131.6,170.2,99.661,99.876,0.116,46,98.718,98.958,98.707,97.844,98.102,56.15,44.47,330.32,114.54,3.33648,99.378,13.51
2026-06-10T16:07:00,PCI_9,gNB-3,99.922,473,0,100.0,130.9,161.0,99.447,99.476,0.166,44,98.133,99.191,98.612,98.022,97.833,55.8,44.07,288.88,116.1,3.03738,99.105,10.87
2026-06-10T16:07:00,PCI_10,gNB-3,100.0,501,1,99.8,141.8,163.9,99.658,99.678,0.212,53,98.242,99.281,98.362,97.768,98.357,54.64,38.25,330.87,103.57,3.25829,98.953,12.45
2026-06-10T16:08:00,PCI_1,gNB-1,99.93,498,0,100.0,140.3,193.8,99.399,99.442,0.134,50,97.962,98.668,98.551,98.038,98.286,51.99,43.22,302.72,120.11,3.17122,98.616,11.53
2026-06-10T16:08:00,PCI_2,gNB-1,99.976,502,0,100.0,125.0,165.9,99.309,99.635,0.026,44,96.79,98.972,97.946,97.974,98.108,56.42,45.66,297.42,100.89,2.98735,98.912,15.95
2026-06-10T16:08:00,PCI_3,gNB-1,99.952,496,0,100.0,134.0,164.6,99.381,99.555,0.085,47,98.785,99.347,99.378,97.996,97.704,67.24,46.15,339.67,111.2,3.38157,99.208,12.66
2026-06-10T16:08:00,PCI_4,gNB-1,100.0,503,0,100.0,126.0,170.4,99.534,99.268,0.192,45,98.584,98.939,99.088,98.664,97.938,50.43,44.19,307.77,116.74,3.18383,98.943,13.26
2026-06-10T16:08:00,PCI_5,gNB-2,100.0,484,0,100.0,127.0,160.4,99.585,99.352,0.058,42,98.85,98.732,98.608,97.944,98.178,55.73,46.15,318.33,111.72,3.22535,99.608,10.96
2026-06-10T16:08:00,PCI_6,gNB-2,99.938,476,1,99.79,121.2,150.0,99.452,99.235,0.111,40,98.911,98.753,99.073,98.14,97.715,60.96,45.79,341.94,123.93,3.49404,98.795,12.61
2026-06-10T16:08:00,PCI_7,gNB-2,99.941,481,0,100.0,132.0,172.2,99.55,99.389,0.194,43,98.61,98.832,98.728,98.255,98.365,48.83,48.35,291.46,130.01,3.16102,99.047,9.81
2026-06-10T16:08:00,PCI_8,gNB-3,99.982,486,0,100.0,130.8,171.1,99.695,99.188,0.165,42,98.802,99.101,98.664,98.481,97.962,55.21,44.51,344.96,113.8,3.44068,99.789,13.37
2026-06-10T16:08:00,PCI_9,gNB-3,99.974,498,1,99.799,135.8,160.0,99.313,99.43,0.166,44,98.518,98.816,98.838,98.38,97.997,54.41,38.39,312.97,109.5,3.16859,99.435,11.51
2026-06-10T16:08:00,PCI_10,gNB-3,99.96,497,0,100.0,121.0,140.5,99.773,99.536,0.15,40,98.878,98.79,99.084,98.563,97.809,55.56,48.37,258.92,129.93,2.91638,99.263,13.04
2026-06-10T16:09:00,PCI_1,gNB-1,99.974,496,0,100.0,115.3,145.5,99.563,99.381,0.071,44,98.186,99.05,99.001,98.492,98.192,56.98,39.92,301.63,116.82,3.13832,99.472,13.62
2026-06-10T16:09:00,PCI_2,gNB-1,99.978,493,0,100.0,125.5,153.5,99.83,99.356,0.125,45,97.561,98.969,97.986,98.085,98.353,52.03,40.03,331.05,106.71,3.28317,99.021,13.68
2026-06-10T16:09:00,PCI_3,gNB-1,99.936,480,0,100.0,127.9,168.1,99.636,99.383,0.224,44,99.13,99.309,98.277,98.373,98.246,44.16,49.01,327.15,114.56,3.31279,99.186,10.62
2026-06-10T16:09:00,PCI_4,gNB-1,99.948,503,0,100.0,143.9,199.9,99.785,99.313,0.097,48,98.331,99.067,98.429,98.2,97.626,59.48,45.87,287.42,120.53,3.05965,99.714,13.02
2026-06-10T16:09:00,PCI_5,gNB-2,99.976,510,1,99.804,133.1,155.3,99.87,99.497,0.101,47,98.638,98.546,98.59,97.718,98.215,60.16,40.85,272.05,102.09,2.80607,99.207,11.74
2026-06-10T16:09:00,PCI_6,gNB-2,99.99,515,0,100.0,139.4,181.0,99.672,99.738,0.235,49,98.553,98.923,98.848,97.836,98.312,49.7,44.5,303.06,111.1,3.10622,99.359,11.76
2026-06-10T16:09:00,PCI_7,gNB-2,99.956,508,0,100.0,130.9,154.6,99.34,99.634,0.173,48,98.953,98.922,98.812,98.527,97.857,51.52,42.13,307.83,122.41,3.22678,99.233,11.0
2026-06-10T16:09:00,PCI_8,gNB-3,99.911,498,1,99.799,136.5,189.6,99.295,99.727,0.073,47,98.555,98.896,99.095,97.984,98.517,49.48,42.98,309.12,109.98,3.1432,99.103,13.19
2026-06-10T16:09:00,PCI_9,gNB-3,99.969,492,0,100.0,140.7,164.2,99.718,99.335,0.242,49,98.321,99.132,98.552,98.04,97.694,52.43,44.81,275.93,114.73,2.92997,99.894,12.36
2026-06-10T16:09:00,PCI_10,gNB-3,100.0,499,1,99.8,119.7,162.7,99.596,99.646,0.309,38,98.199,99.199,98.467,98.577,98.826,48.5,39.78,344.16,113.73,3.43419,100.0,10.38
2026-06-10T16:10:00,PCI_1,gNB-1,99.952,511,0,100.0,135.1,182.8,99.604,99.48,0.185,45,98.029,99.085,98.319,98.613,98.398,51.96,39.72,321.35,107.66,3.2176,99.57,11.48
2026-06-10T16:10:00,PCI_2,gNB-1,99.926,506,0,100.0,129.8,173.5,99.582,99.558,0.123,46,97.514,98.715,98.607,98.455,97.66,52.21,46.87,281.63,113.66,2.96466,99.57,15.7
2026-06-10T16:10:00,PCI_3,gNB-1,99.943,513,0,100.0,137.4,185.4,99.476,99.201,0.197,51,98.34,99.133,98.784,98.159,98.197,58.56,38.48,330.22,97.8,3.21014,99.049,12.3
2026-06-10T16:10:00,PCI_4,gNB-1,99.926,484,0,100.0,143.2,190.1,99.655,99.561,0.097,45,98.116,99.153,98.406,98.257,98.327,53.28,37.01,313.01,116.22,3.21923,99.272,12.72
2026-06-10T16:10:00,PCI_5,gNB-2,99.992,494,1,99.798,140.9,179.4,99.65,99.373,0.121,50,98.333,98.828,98.426,98.661,97.837,54.92,46.37,270.49,112.27,2.87069,98.85,11.49
2026-06-10T16:10:00,PCI_6,gNB-2,99.929,499,1,99.8,128.5,157.3,99.333,99.656,0.164,49,98.5,99.022,98.777,98.648,97.586,50.64,39.89,299.07,123.24,3.16732,99.249,11.44
2026-06-10T16:10:00,PCI_7,gNB-2,99.928,492,0,100.0,139.8,171.2,99.426,99.091,0.221,47,98.418,99.367,98.923,98.077,97.861,59.08,38.44,314.07,109.34,3.17559,99.197,7.78
2026-06-10T16:10:00,PCI_8,gNB-3,99.994,521,0,100.0,135.7,188.8,99.59,99.707,0.141,43,98.368,99.127,98.457,98.078,97.957,49.97,39.17,294.41,121.73,3.12103,99.007,9.84
2026-06-10T16:10:00,PCI_9,gNB-3,99.943,507,0,100.0,132.1,159.0,99.735,99.497,0.142,44,98.284,99.11,98.886,98.455,98.595,53.1,40.77,295.66,109.12,3.03589,99.231,12.83
2026-06-10T16:10:00,PCI_10,gNB-3,99.923,476,0,100.0,134.3,154.6,99.884,98.923,0.199,51,98.885,98.987,99.007,98.279,98.108,50.93,39.27,318.31,122.96,3.30953,99.149,10.18
2026-06-10T16:11:00,PCI_1,gNB-1,99.949,463,0,100.0,132.0,180.8,99.816,99.23,0.109,43,98.406,98.672,98.307,98.428,98.237,55.4,47.31,324.23,123.51,3.35805,99.199,12.3
2026-06-10T16:11:00,PCI_2,gNB-1,99.978,484,0,100.0,134.6,163.9,99.517,99.359,0.074,43,97.543,99.144,97.889,98.581,98.126,52.39,44.62,243.27,122.92,2.74644,98.89,11.72
2026-06-10T16:11:00,PCI_3,gNB-1,99.952,504,1,99.802,143.0,180.1,100.0,99.489,0.146,48,98.319,98.806,98.607,98.147,97.427,58.87,43.1,317.37,112.36,3.22293,99.463,10.16
2026-06-10T16:11:00,PCI_4,gNB-1,99.996,466,1,99.785,121.3,169.5,99.449,99.429,0.085,45,98.477,99.361,98.525,98.121,97.755,56.01,41.11,319.85,112.4,3.24188,99.418,9.9
2026-06-10T16:11:00,PCI_5,gNB-2,99.94,490,0,100.0,140.4,194.3,99.878,98.897,0.123,47,98.408,99.194,98.868,98.098,98.145,46.37,43.2,294.68,115.8,3.07859,99.354,10.09
2026-06-10T16:11:00,PCI_6,gNB-2,99.981,492,1,99.797,132.6,175.0,99.584,98.943,0.084,39,98.755,99.093,98.801,97.969,98.179,58.46,43.76,330.13,107.55,3.28258,99.044,13.92
2026-06-10T16:11:00,PCI_7,gNB-2,99.963,485,0,100.0,125.0,168.5,99.748,99.218,0.127,46,98.131,98.989,98.747,98.695,97.804,48.37,41.84,338.14,119.78,3.43436,99.08,11.26
2026-06-10T16:11:00,PCI_8,gNB-3,99.939,480,1,99.792,148.2,180.5,99.647,99.737,0.09,56,98.061,98.786,98.404,98.056,98.332,54.02,41.53,329.22,103.24,3.24346,98.916,11.03
2026-06-10T16:11:00,PCI_9,gNB-3,99.937,489,0,100.0,137.9,189.8,99.7,99.147,0.132,49,98.966,99.134,98.526,98.437,97.682,52.55,39.83,291.81,116.03,3.0588,99.707,13.46
2026-06-10T16:11:00,PCI_10,gNB-3,99.924,470,0,100.0,123.7,142.8,99.67,99.404,0.147,41,98.367,99.442,98.855,98.303,97.608,57.07,42.59,333.5,106.83,3.30249,98.786,12.46
2026-06-10T16:12:00,PCI_1,gNB-1,99.941,500,0,100.0,139.3,191.9,99.929,99.692,0.194,45,98.128,98.889,98.716,97.944,98.486,57.16,45.14,286.61,111.2,2.98359,99.305,12.85
2026-06-10T16:12:00,PCI_2,gNB-1,99.989,477,0,100.0,126.9,163.9,99.674,99.547,0.17,43,97.223,98.875,97.589,98.311,98.265,56.12,32.71,339.46,116.9,3.42265,99.313,16.44
2026-06-10T16:12:00,PCI_3,gNB-1,99.961,479,1,99.791,145.1,171.8,99.476,99.497,0.115,54,98.572,98.977,98.835,98.966,98.135,51.98,46.34,290.14,123.21,3.10015,98.763,10.42
2026-06-10T16:12:00,PCI_4,gNB-1,99.944,467,0,100.0,135.1,156.3,99.703,99.352,0.238,57,98.165,99.246,98.758,98.456,97.732,54.95,39.48,356.93,100.03,3.4272,99.755,13.12
2026-06-10T16:12:00,PCI_5,gNB-2,100.0,519,1,99.807,124.9,161.3,99.413,99.237,0.082,40,98.67,99.097,98.626,98.012,97.859,56.22,43.21,336.3,114.92,3.38418,99.482,10.79
2026-06-10T16:12:00,PCI_6,gNB-2,99.966,492,1,99.797,136.5,185.4,99.618,99.415,0.232,44,98.575,99.685,98.461,98.178,98.111,55.62,35.68,318.84,127.58,3.34818,99.568,11.8
2026-06-10T16:12:00,PCI_7,gNB-2,99.982,495,1,99.798,137.1,180.9,99.659,99.449,0.263,42,98.742,98.799,98.395,98.433,97.818,53.68,41.95,283.1,112.97,2.97047,99.345,13.45
2026-06-10T16:12:00,PCI_8,gNB-3,100.0,471,0,100.0,129.4,162.3,99.791,99.697,0.094,47,98.775,99.011,97.74,98.032,98.573,57.69,41.06,263.35,110.84,2.80646,99.385,12.18
2026-06-10T16:12:00,PCI_9,gNB-3,99.959,486,0,100.0,127.7,177.6,99.746,99.41,0.112,48,98.791,99.175,98.985,97.949,97.681,51.23,40.68,272.69,114.39,2.90312,99.384,9.47
2026-06-10T16:12:00,PCI_10,gNB-3,99.989,459,0,100.0,126.3,176.5,99.462,99.386,0.076,42,98.494,98.742,98.486,98.277,98.492,57.39,39.31,306.59,104.78,3.08527,99.634,11.0
2026-06-10T16:13:00,PCI_1,gNB-1,100.0,472,1,99.788,119.5,155.7,99.773,99.173,0.052,43,97.997,99.016,98.721,98.254,97.586,57.57,46.94,301.21,129.14,3.2276,99.211,10.56
2026-06-10T16:13:00,PCI_2,gNB-1,100.0,478,1,99.791,131.4,173.5,99.694,99.359,0.15,41,97.207,98.863,98.39,98.042,97.735,57.39,41.85,319.25,117.31,3.27422,99.35,16.38
2026-06-10T16:13:00,PCI_3,gNB-1,99.955,517,1,99.807,139.9,182.4,99.774,99.707,0.196,49,98.374,99.209,98.995,98.589,97.781,51.74,32.85,294.33,121.14,3.11609,99.446,9.7
2026-06-10T16:13:00,PCI_4,gNB-1,100.0,478,1,99.791,135.2,164.1,100.0,99.36,0.147,43,98.107,98.747,98.46,98.239,98.059,52.85,46.07,351.17,105.0,3.42128,99.397,11.17
2026-06-10T16:13:00,PCI_5,gNB-2,100.0,473,0,100.0,120.1,166.2,99.616,99.697,0.068,33,98.378,99.201,98.998,98.228,98.65,55.11,40.94,322.5,108.21,3.23037,99.149,12.07
2026-06-10T16:13:00,PCI_6,gNB-2,99.924,498,0,100.0,137.7,176.9,99.556,99.048,0.061,45,98.325,99.168,98.664,98.933,97.889,48.44,39.34,308.9,113.34,3.16682,98.899,11.81
2026-06-10T16:13:00,PCI_7,gNB-2,100.0,497,1,99.799,136.6,163.1,99.51,99.287,0.033,45,98.488,98.836,98.273,98.878,97.779,51.1,47.19,294.88,111.43,3.04732,99.298,10.21
2026-06-10T16:13:00,PCI_8,gNB-3,99.95,496,0,100.0,149.4,192.3,99.461,99.409,0.116,54,98.432,98.646,98.478,98.523,98.427,50.6,45.36,295.55,115.18,3.08046,98.964,13.72
2026-06-10T16:13:00,PCI_9,gNB-3,100.0,463,1,99.784,136.3,174.0,99.543,99.368,0.093,49,98.13,98.842,98.398,98.471,97.924,56.02,41.78,284.72,114.43,2.99364,99.261,11.46
2026-06-10T16:13:00,PCI_10,gNB-3,99.998,474,0,100.0,139.2,183.3,99.814,99.468,0.09,46,97.92,99.031,98.319,98.375,98.146,54.93,45.55,314.21,118.07,3.24207,99.161,10.12
2026-06-10T16:14:00,PCI_1,gNB-1,99.978,481,0,100.0,120.7,158.0,99.68,99.209,0.242,42,98.408,98.458,98.378,98.395,98.261,58.21,41.11,332.48,111.41,3.32915,99.537,15.26
2026-06-10T16:14:00,PCI_2,gNB-1,99.963,522,0,100.0,131.1,182.6,99.613,99.418,0.116,45,97.029,98.764,97.679,98.34,98.008,53.94,38.73,271.44,107.1,2.83904,99.513,15.77
2026-06-10T16:14:00,PCI_3,gNB-1,100.0,502,0,100.0,134.3,177.8,99.549,99.295,0.191,45,98.277,98.966,98.42,98.409,98.194,48.63,45.57,292.48,116.83,3.06981,99.339,14.48
2026-06-10T16:14:00,PCI_4,gNB-1,99.977,483,1,99.793,141.5,179.1,99.473,99.333,0.136,50,98.29,99.231,98.251,98.371,98.706,53.85,42.02,302.18,96.94,2.99342,99.389,10.72
2026-06-10T16:14:00,PCI_5,gNB-2,99.938,511,1,99.804,134.8,164.8,99.625,99.336,0.075,46,98.52,99.004,98.564,98.346,97.148,47.86,42.26,288.93,105.38,2.95727,98.974,11.32
2026-06-10T16:14:00,PCI_6,gNB-2,99.954,488,0,100.0,120.2,158.4,99.497,99.446,0.141,41,98.437,99.301,99.182,98.336,98.407,54.96,45.97,312.42,112.77,3.1889,99.303,13.94
2026-06-10T16:14:00,PCI_7,gNB-2,99.927,526,1,99.81,128.6,156.0,99.429,99.36,0.14,43,98.493,99.088,99.234,98.175,98.074,52.86,45.26,352.81,119.8,3.54455,99.038,12.32
2026-06-10T16:14:00,PCI_8,gNB-3,99.936,479,0,100.0,129.4,176.1,99.561,99.221,0.006,47,98.441,98.922,98.531,98.759,97.59,44.29,48.87,278.21,108.65,2.90147,99.57,12.66
2026-06-10T16:14:00,PCI_9,gNB-3,99.978,479,0,100.0,133.8,176.0,99.816,99.404,0.001,40,98.338,99.522,99.375,97.861,98.199,52.86,43.87,321.09,123.17,3.33199,99.309,13.23
2026-06-10T16:14:00,PCI_10,gNB-3,99.936,499,1,99.8,126.6,152.0,99.562,99.953,0.231,49,98.167,99.309,98.891,98.189,97.847,49.87,41.46,315.29,122.38,3.28253,99.041,12.69
2026-06-10T16:15:00,PCI_1,gNB-1,99.976,501,0,100.0,136.5,180.0,99.772,99.478,0.135,46,98.719,99.106,98.876,98.428,97.842,47.55,44.11,318.13,108.87,3.20251,99.145,9.88
2026-06-10T16:15:00,PCI_2,gNB-1,99.965,467,0,100.0,119.2,159.8,99.674,99.393,0.169,45,96.953,99.222,98.004,98.064,97.964,53.2,34.8,327.89,110.71,3.28953,99.212,14.91
2026-06-10T16:15:00,PCI_3,gNB-1,100.0,464,0,100.0,128.7,163.1,100.0,99.603,0.2,45,98.811,99.355,98.746,98.558,98.235,54.19,42.7,290.27,102.78,2.94783,99.011,11.83
2026-06-10T16:15:00,PCI_4,gNB-1,99.988,459,1,99.782,128.3,167.2,99.797,99.352,0.17,44,98.503,99.07,98.583,98.34,97.453,53.24,42.97,287.99,105.27,2.94945,99.095,9.16
2026-06-10T16:15:00,PCI_5,gNB-2,99.957,501,0,100.0,140.2,162.1,99.545,99.395,0.122,53,98.892,98.69,98.223,98.84,98.54,55.42,41.67,352.09,118.51,3.52948,99.406,12.0
2026-06-10T16:15:00,PCI_6,gNB-2,99.955,469,0,100.0,129.7,159.7,99.726,99.345,0.167,44,98.411,99.146,98.582,98.244,98.742,51.87,37.39,323.8,113.88,3.28262,99.138,8.8
2026-06-10T16:15:00,PCI_7,gNB-2,99.981,468,0,100.0,138.4,165.3,100.0,99.485,0.203,47,98.561,98.81,98.875,97.884,97.928,51.39,48.44,305.9,113.11,3.14259,99.285,12.71
2026-06-10T16:15:00,PCI_8,gNB-3,99.988,477,1,99.79,133.2,175.7,99.404,99.332,0.098,47,98.691,99.647,98.486,98.832,98.148,52.31,44.34,316.75,100.43,3.1288,99.223,8.71
2026-06-10T16:15:00,PCI_9,gNB-3,99.984,453,1,99.779,113.4,154.9,99.482,99.247,0.236,40,99.141,99.207,98.462,98.815,98.207,44.21,46.51,298.51,111.76,3.07701,99.369,9.7
2026-06-10T16:15:00,PCI_10,gNB-3,99.998,499,0,100.0,117.2,140.7,99.392,99.476,0.211,42,98.434,98.652,98.712,97.869,98.013,58.09,44.97,315.59,111.73,3.2049,98.838,13.82
2026-06-10T16:16:00,PCI_1,gNB-1,100.0,469,0,100.0,116.7,136.7,99.593,99.448,0.162,38,98.609,99.006,98.949,97.803,98.15,48.32,36.77,289.61,118.4,3.06003,98.732,12.54
2026-06-10T16:16:00,PCI_2,gNB-1,99.943,490,0,100.0,134.2,154.4,99.449,99.219,0.189,47,97.107,99.078,97.055,98.952,97.835,56.02,42.13,306.53,112.99,3.14638,99.525,16.05
2026-06-10T16:16:00,PCI_3,gNB-1,99.951,483,1,99.793,128.3,149.3,99.546,99.657,0.195,43,97.937,98.893,98.996,98.748,98.421,56.75,43.07,262.39,112.62,2.81253,99.224,11.93
2026-06-10T16:16:00,PCI_4,gNB-1,99.972,494,1,99.798,128.2,158.1,99.881,99.415,0.143,39,98.601,99.462,98.555,98.17,97.786,49.64,39.96,319.57,103.53,3.17325,99.49,12.35
2026-06-10T16:16:00,PCI_5,gNB-2,99.955,487,1,99.795,126.4,150.1,99.659,99.477,0.127,41,98.691,98.866,98.323,98.276,97.376,59.84,48.08,306.37,112.19,3.13915,99.064,11.83
2026-06-10T16:16:00,PCI_6,gNB-2,99.964,467,0,100.0,129.2,149.5,99.408,99.317,0.034,42,98.887,98.868,98.397,98.353,97.865,49.71,45.3,298.34,111.85,3.07639,99.195,12.01
2026-06-10T16:16:00,PCI_7,gNB-2,99.966,501,1,99.8,127.0,176.4,99.456,99.572,0.2,39,98.376,98.703,99.421,98.29,98.106,49.96,42.65,306.52,118.89,3.19055,98.908,10.94
2026-06-10T16:16:00,PCI_8,gNB-3,99.956,463,0,100.0,134.6,165.4,99.5,99.125,0.23,50,98.326,98.365,98.882,98.055,97.694,55.05,48.6,313.24,111.23,3.18353,99.249,11.34
2026-06-10T16:16:00,PCI_9,gNB-3,99.91,476,0,100.0,130.0,154.5,99.594,99.746,0.117,41,98.792,98.947,98.757,98.376,98.468,47.47,42.42,268.93,110.48,2.84556,99.004,10.06
2026-06-10T16:16:00,PCI_10,gNB-3,99.947,490,1,99.796,123.7,146.8,99.55,99.156,0.303,44,97.901,99.486,99.332,98.504,97.743,47.97,45.71,268.27,111.69,2.84971,99.166,11.28
2026-06-10T16:17:00,PCI_1,gNB-1,100.0,498,0,100.0,117.0,144.9,99.585,99.674,0.152,39,98.355,99.036,98.607,98.349,97.696,59.58,39.18,324.06,102.17,3.19669,98.922,11.23
2026-06-10T16:17:00,PCI_2,gNB-1,99.961,462,0,100.0,124.5,150.6,99.517,99.291,0.115,42,95.888,99.118,97.447,98.253,97.355,51.42,38.72,281.28,111.73,2.9476,99.077,17.35
2026-06-10T16:17:00,PCI_3,gNB-1,99.947,483,0,100.0,115.8,152.0,99.509,99.045,0.233,42,98.763,98.854,98.911,98.801,98.309,52.52,47.8,339.16,100.22,3.29535,99.271,12.27
2026-06-10T16:17:00,PCI_4,gNB-1,99.96,451,0,100.0,124.8,168.9,99.522,99.758,0.09,45,98.671,99.125,98.427,98.017,98.8,52.63,42.23,309.75,121.75,3.2362,98.883,9.5
2026-06-10T16:17:00,PCI_5,gNB-2,99.958,489,1,99.796,119.6,159.1,99.541,99.4,0.256,40,98.621,98.939,98.667,98.423,98.097,55.28,43.51,320.94,122.48,3.3256,98.883,10.13
2026-06-10T16:17:00,PCI_6,gNB-2,99.988,492,0,100.0,125.7,160.3,99.475,99.491,0.022,43,98.367,99.395,98.655,98.755,98.597,54.32,40.01,313.73,102.96,3.12521,99.451,13.61
2026-06-10T16:17:00,PCI_7,gNB-2,99.944,461,0,100.0,125.2,158.7,99.513,99.331,0.082,45,98.693,99.27,98.808,98.422,97.739,54.95,51.43,315.45,94.08,3.07148,99.265,12.75
2026-06-10T16:17:00,PCI_8,gNB-3,99.957,462,0,100.0,123.4,152.9,99.648,99.212,0.256,44,98.368,99.998,99.115,97.952,98.171,51.52,37.87,249.01,119.23,2.76178,99.235,12.36
2026-06-10T16:17:00,PCI_9,gNB-3,99.956,471,0,100.0,122.9,145.3,99.336,99.359,0.237,46,98.82,99.168,98.947,97.794,97.492,57.28,41.51,333.54,98.62,3.24127,99.228,10.67
2026-06-10T16:17:00,PCI_10,gNB-3,99.957,458,0,100.0,110.6,145.8,99.574,99.751,0.139,35,98.794,99.38,99.246,98.458,98.19,52.1,42.78,308.99,112.3,3.15968,99.602,11.16
2026-06-10T16:18:00,PCI_1,gNB-1,99.967,487,0,100.0,120.6,162.7,99.456,99.303,0.184,42,98.252,98.428,98.475,98.178,98.36,48.2,43.7,342.33,120.57,3.47176,99.664,12.08
2026-06-10T16:18:00,PCI_2,gNB-1,99.989,486,0,100.0,132.3,171.5,99.435,99.647,0.3,47,96.477,98.688,97.35,98.231,98.085,49.46,36.88,318.05,114.71,3.24574,99.248,13.58
2026-06-10T16:18:00,PCI_3,gNB-1,99.986,456,1,99.781,119.8,151.3,99.796,99.504,0.165,43,98.337,98.507,98.642,98.764,97.852,52.93,38.83,326.36,118.98,3.34007,99.457,12.76
2026-06-10T16:18:00,PCI_4,gNB-1,99.949,465,0,100.0,138.8,175.7,99.743,99.603,0.125,52,98.406,99.164,98.337,98.146,98.146,57.14,40.39,291.16,100.61,2.93827,99.418,12.71
2026-06-10T16:18:00,PCI_5,gNB-2,99.976,505,0,100.0,127.9,166.2,99.59,99.427,0.076,45,98.263,98.858,98.632,98.714,98.309,58.95,45.2,273.49,101.74,2.81429,99.661,10.56
2026-06-10T16:18:00,PCI_6,gNB-2,99.975,464,0,100.0,123.6,172.6,99.505,99.1,0.066,41,98.301,99.321,98.588,98.735,97.981,58.01,42.64,273.69,115.94,2.92223,99.55,10.74
2026-06-10T16:18:00,PCI_7,gNB-2,99.979,450,0,100.0,111.1,144.4,99.62,99.484,0.169,36,98.677,99.201,98.443,98.603,98.291,45.99,44.32,291.46,107.38,2.99126,99.074,12.05
2026-06-10T16:18:00,PCI_8,gNB-3,99.967,501,1,99.8,129.3,156.7,99.609,99.223,0.071,44,98.353,99.251,99.082,98.728,98.069,50.66,34.77,328.53,102.51,3.23283,98.462,10.47
2026-06-10T16:18:00,PCI_9,gNB-3,99.956,467,0,100.0,128.0,150.5,99.57,99.565,0.17,47,97.999,98.701,98.249,98.213,98.1,61.81,37.76,267.96,102.45,2.77805,99.108,10.56
2026-06-10T16:18:00,PCI_10,gNB-3,99.953,466,0,100.0,122.0,159.9,100.0,99.488,0.193,47,98.582,99.141,98.291,98.436,97.922,56.94,39.1,319.84,106.55,3.19791,99.178,11.27
2026-06-10T16:19:00,PCI_1,gNB-1,99.963,493,1,99.797,122.6,152.4,99.616,99.264,0.092,41,98.491,98.92,98.506,97.981,97.525,54.0,38.79,287.33,124.56,3.08916,99.319,9.78
2026-06-10T16:19:00,PCI_2,gNB-1,99.924,468,0,100.0,120.6,157.6,99.478,99.129,0.208,43,96.34,98.657,96.623,98.59,98.016,49.71,35.07,318.67,116.02,3.26014,99.229,15.51
2026-06-10T16:19:00,PCI_3,gNB-1,99.973,453,0,100.0,126.8,162.4,99.673,99.369,0.192,43,98.478,98.994,98.374,98.727,97.853,51.88,36.56,305.31,106.91,3.09165,99.342,12.35
2026-06-10T16:19:00,PCI_4,gNB-1,99.984,478,0,100.0,123.0,149.4,99.826,99.658,0.157,46,98.622,98.614,98.746,98.269,98.38,49.63,44.26,330.75,112.28,3.32271,99.215,10.79
2026-06-10T16:19:00,PCI_5,gNB-2,99.966,482,0,100.0,130.2,176.6,99.259,99.211,0.215,45,98.579,99.03,98.117,98.234,98.287,56.09,42.72,289.23,105.22,2.95841,99.147,12.96
2026-06-10T16:19:00,PCI_6,gNB-2,99.954,473,0,100.0,112.4,150.9,99.665,99.639,0.168,36,98.49,98.92,98.936,98.055,97.599,46.47,42.73,288.87,108.28,2.97859,98.906,13.06
2026-06-10T16:19:00,PCI_7,gNB-2,99.965,477,0,100.0,126.6,167.3,99.636,99.431,0.113,46,98.242,99.159,98.763,98.668,98.244,51.34,39.03,312.3,104.27,3.12425,98.87,12.88
2026-06-10T16:19:00,PCI_8,gNB-3,99.984,465,0,100.0,130.6,170.7,99.708,99.278,0.285,47,98.477,98.894,98.451,98.128,98.152,64.79,45.28,287.14,107.33,2.95855,98.904,12.31
2026-06-10T16:19:00,PCI_9,gNB-3,99.959,470,0,100.0,151.8,189.3,99.51,99.241,0.227,52,98.721,98.906,98.283,97.791,97.746,55.02,44.6,285.17,103.26,2.91328,99.075,11.53
2026-06-10T16:19:00,PCI_10,gNB-3,99.984,465,0,100.0,133.4,173.3,99.682,99.338,0.122,47,99.374,99.74,98.61,98.306,97.619,49.96,43.86,326.22,105.5,3.2379,99.395,11.36
2026-06-10T16:20:00,PCI_1,gNB-1,100.0,454,0,100.0,126.6,152.0,99.343,99.689,0.137,50,98.75,98.649,98.482,98.37,97.555,53.58,34.97,273.09,112.36,2.89088,98.255,15.03
2026-06-10T16:20:00,PCI_2,gNB-1,99.954,486,0,100.0,128.0,164.3,99.787,99.438,0.108,46,95.994,99.008,97.237,98.867,97.636,49.46,38.81,272.46,118.68,2.9336,99.392,14.14
2026-06-10T16:20:00,PCI_3,gNB-1,99.957,465,1,99.785,115.8,151.6,99.551,99.235,0.177,40,98.628,98.731,98.898,97.898,97.878,50.35,43.58,254.67,117.09,2.78822,99.062,13.79
2026-06-10T16:20:00,PCI_4,gNB-1,99.926,447,0,100.0,109.1,129.8,99.329,99.574,0.086,38,99.07,99.112,98.89,97.983,98.169,47.85,42.56,256.67,110.53,2.75404,99.101,11.32
2026-06-10T16:20:00,PCI_5,gNB-2,99.941,453,1,99.779,138.9,186.7,99.812,99.599,0.023,50,98.467,99.022,99.356,98.634,98.001,52.96,34.74,318.39,116.09,3.25861,99.171,10.9
2026-06-10T16:20:00,PCI_6,gNB-2,99.975,453,0,100.0,121.2,145.3,99.287,99.121,0.159,42,98.467,99.404,98.818,98.724,97.642,50.12,42.97,279.83,112.79,2.94465,98.82,9.94
2026-06-10T16:20:00,PCI_7,gNB-2,99.997,482,0,100.0,123.8,171.9,99.6,99.682,0.105,42,99.105,98.743,98.718,98.416,97.817,50.03,45.98,304.3,121.35,3.19237,99.074,13.76
2026-06-10T16:20:00,PCI_8,gNB-3,99.975,456,0,100.0,129.4,168.9,99.826,99.311,0.114,45,99.03,99.319,98.837,98.703,97.993,52.31,40.5,273.76,114.19,2.90962,99.201,10.88
2026-06-10T16:20:00,PCI_9,gNB-3,99.977,492,0,100.0,120.2,144.6,99.579,99.477,0.149,44,98.168,98.653,98.473,98.615,97.98,49.37,33.82,282.52,114.52,2.97779,99.544,11.7
2026-06-10T16:20:00,PCI_10,gNB-3,99.973,492,0,100.0,122.0,141.2,99.794,99.786,0.21,40,98.446,98.94,98.593,98.219,97.878,47.38,32.78,320.47,114.86,3.26499,98.93,11.72
2026-06-10T16:21:00,PCI_1,gNB-1,99.927,466,0,100.0,123.3,168.3,99.485,99.656,0.116,41,98.739,98.63,98.672,98.337,97.682,47.81,36.25,311.92,112.02,3.17961,99.197,9.92
2026-06-10T16:21:00,PCI_2,gNB-1,99.943,449,0,100.0,122.3,160.3,99.642,99.095,0.165,40,95.607,98.684,97.128,98.26,98.496,48.23,42.66,265.11,115.67,2.85587,98.97,15.03
2026-06-10T16:21:00,PCI_3,gNB-1,100.0,493,1,99.797,123.4,143.6,99.769,99.254,0.467,42,98.657,98.718,98.889,98.254,98.675,50.76,38.35,272.14,99.54,2.78757,99.138,11.2
2026-06-10T16:21:00,PCI_4,gNB-1,99.923,484,1,99.793,119.1,146.4,99.377,99.491,0.125,39,98.169,99.488,98.573,98.018,97.679,48.87,42.74,279.18,126.9,3.04561,98.462,10.36
2026-06-10T16:21:00,PCI_5,gNB-2,99.935,493,1,99.797,131.1,155.9,99.747,99.563,0.337,49,98.108,99.069,98.873,98.921,98.203,42.32,45.78,324.39,111.99,3.27283,99.008,9.61
2026-06-10T16:21:00,PCI_6,gNB-2,100.0,459,0,100.0,118.2,137.4,99.727,99.287,0.126,41,97.591,99.106,98.437,98.393,97.736,52.79,36.77,333.63,107.21,3.30628,98.911,12.36
2026-06-10T16:21:00,PCI_7,gNB-2,99.984,457,1,99.781,126.7,171.7,99.466,99.29,0.148,44,98.705,99.223,98.528,98.03,98.204,54.98,40.13,311.75,100.57,3.09238,99.185,8.75
2026-06-10T16:21:00,PCI_8,gNB-3,99.984,466,0,100.0,110.7,142.0,99.597,99.422,0.229,40,98.151,98.762,98.769,98.015,98.329,56.49,44.49,278.37,102.1,2.85347,99.405,8.72
2026-06-10T16:21:00,PCI_9,gNB-3,99.973,468,0,100.0,121.5,162.5,99.605,99.15,0.224,40,98.521,98.62,98.832,98.301,98.427,49.44,43.5,312.54,108.89,3.16067,99.076,9.5
2026-06-10T16:21:00,PCI_10,gNB-3,99.996,456,0,100.0,124.0,163.2,99.656,99.617,0.31,42,98.219,98.717,97.977,98.274,98.091,54.71,40.21,309.24,119.99,3.21926,99.429,11.59
2026-06-10T16:22:00,PCI_1,gNB-1,99.946,475,0,100.0,137.7,175.4,99.523,99.016,0.112,51,98.61,99.391,98.918,98.187,97.643,52.2,45.33,285.33,113.59,2.9919,98.981,10.59
2026-06-10T16:22:00,PCI_2,gNB-1,99.952,477,0,100.0,127.6,147.7,99.641,99.213,0.178,43,95.709,99.341,97.068,98.264,97.921,45.76,38.98,291.03,117.35,3.06287,99.104,16.13
2026-06-10T16:22:00,PCI_3,gNB-1,100.0,452,1,99.779,118.5,156.8,99.809,99.633,0.144,49,98.264,99.273,98.975,98.282,97.709,50.16,45.07,256.77,121.19,2.83471,98.794,13.55
2026-06-10T16:22:00,PCI_4,gNB-1,99.958,466,1,99.785,119.5,166.4,99.948,99.575,0.149,45,98.541,98.704,98.522,98.058,98.254,52.22,41.45,293.8,125.25,3.14282,98.876,10.75
2026-06-10T16:22:00,PCI_5,gNB-2,100.0,466,1,99.785,123.4,156.1,99.683,99.703,0.055,44,99.101,98.97,98.78,98.28,97.925,45.56,34.34,309.94,104.93,3.11155,98.751,12.86
2026-06-10T16:22:00,PCI_6,gNB-2,99.965,484,0,100.0,130.3,176.9,99.558,99.363,0.122,47,98.536,98.979,98.991,98.877,98.052,50.41,37.75,309.59,117.94,3.20649,98.913,11.01
2026-06-10T16:22:00,PCI_7,gNB-2,99.989,466,0,100.0,112.3,135.4,99.608,99.204,0.112,43,98.824,99.133,98.623,98.617,97.84,50.62,34.94,296.5,112.03,3.06403,98.83,10.88
2026-06-10T16:22:00,PCI_8,gNB-3,99.996,470,0,100.0,120.8,139.2,99.652,99.249,0.104,43,98.264,99.224,99.041,97.924,98.26,52.45,39.91,292.19,112.04,3.03172,99.188,9.14
2026-06-10T16:22:00,PCI_9,gNB-3,99.955,459,0,100.0,137.0,184.8,99.831,99.235,0.115,48,98.618,99.265,99.094,98.361,98.078,48.67,40.33,266.43,112.87,2.84476,99.009,13.9
2026-06-10T16:22:00,PCI_10,gNB-3,100.0,486,1,99.794,110.3,147.6,99.617,99.226,0.212,37,98.454,98.966,98.657,98.43,97.832,52.03,36.55,252.88,95.81,2.61521,99.154,14.81
2026-06-10T16:23:00,PCI_1,gNB-1,100.0,464,0,100.0,129.3,165.4,99.41,99.308,0.102,41,98.244,99.242,99.093,97.72,97.673,53.54,41.99,275.94,117.11,2.94785,99.264,10.86
2026-06-10T16:23:00,PCI_2,gNB-1,99.956,444,1,99.775,118.0,160.5,99.481,99.397,0.102,39,95.836,98.973,97.173,98.365,97.958,49.14,45.13,295.5,115.66,3.08368,99.11,16.53
2026-06-10T16:23:00,PCI_3,gNB-1,100.0,459,0,100.0,116.9,139.8,99.813,99.28,0.15,40,99.093,98.854,98.571,98.359,97.772,54.18,43.26,321.36,125.12,3.34865,99.477,10.48
2026-06-10T16:23:00,PCI_4,gNB-1,99.998,474,0,100.0,113.9,131.8,99.627,99.402,0.135,35,98.235,99.048,99.145,98.382,97.747,47.69,42.25,259.33,109.57,2.76679,99.264,9.17
2026-06-10T16:23:00,PCI_5,gNB-2,99.951,435,0,100.0,132.6,163.6,99.628,99.51,0.119,45,98.812,98.988,98.787,98.208,98.019,47.68,37.57,302.07,94.34,2.97305,99.232,11.44
2026-06-10T16:23:00,PCI_6,gNB-2,99.928,443,0,100.0,118.5,164.2,99.636,99.484,0.127,36,98.825,99.16,99.159,97.863,98.503,53.04,44.14,269.05,117.7,2.90067,99.232,11.83
2026-06-10T16:23:00,PCI_7,gNB-2,100.0,464,0,100.0,116.4,154.2,99.329,98.864,0.225,39,98.243,99.337,98.582,98.447,97.782,46.67,41.97,326.04,111.93,3.28475,99.112,10.53
2026-06-10T16:23:00,PCI_8,gNB-3,99.968,466,1,99.785,114.6,139.1,99.685,99.613,0.161,40,98.936,99.265,98.494,98.713,98.441,50.29,39.97,258.09,110.62,2.76536,99.134,11.8
2026-06-10T16:23:00,PCI_9,gNB-3,99.955,455,0,100.0,142.0,178.1,99.733,99.3,0.091,54,98.474,98.85,98.922,98.475,98.389,48.1,40.36,276.78,101.43,2.83661,99.458,11.72
2026-06-10T16:23:00,PCI_10,gNB-3,99.994,461,1,99.783,117.3,159.3,99.554,99.437,0.182,40,98.37,98.606,98.981,98.627,97.834,44.81,45.31,240.55,99.96,2.55379,99.329,12.16
2026-06-10T16:24:00,PCI_1,gNB-1,99.925,429,0,100.0,114.1,135.4,99.735,99.314,0.082,39,98.109,98.864,99.213,98.395,97.989,46.84,38.42,245.51,103.56,2.61805,98.75,13.05
2026-06-10T16:24:00,PCI_2,gNB-1,99.936,462,0,100.0,136.1,174.2,99.467,99.707,0.033,48,95.768,99.07,96.949,98.225,97.363,49.26,42.37,285.07,95.04,2.8508,98.852,16.47
2026-06-10T16:24:00,PCI_3,gNB-1,99.953,454,0,100.0,127.1,161.3,99.588,99.41,0.244,44,98.773,98.714,97.854,97.859,99.011,49.91,39.92,300.8,113.99,3.11087,98.67,10.71
2026-06-10T16:24:00,PCI_4,gNB-1,100.0,452,1,99.779,127.1,175.2,99.695,99.023,0.103,40,98.483,99.183,98.395,98.307,97.788,54.14,41.6,244.36,118.6,2.7222,99.016,9.1
2026-06-10T16:24:00,PCI_5,gNB-2,99.992,434,1,99.77,122.1,161.7,99.726,99.46,0.184,47,98.308,99.355,98.967,98.079,97.954,53.91,32.29,282.01,103.64,2.89237,99.309,10.73
2026-06-10T16:24:00,PCI_6,gNB-2,99.984,467,1,99.786,119.2,141.4,99.905,99.487,0.129,37,98.692,99.192,98.86,97.719,98.4,48.07,37.22,282.33,108.65,2.93237,99.278,10.63
2026-06-10T16:24:00,PCI_7,gNB-2,99.977,439,0,100.0,137.1,168.7,99.624,99.386,0.165,50,98.603,99.349,98.334,98.406,97.769,51.5,40.61,282.42,112.29,2.96034,99.129,11.53
2026-06-10T16:24:00,PCI_8,gNB-3,99.921,468,0,100.0,119.8,138.2,99.339,99.419,0.151,41,98.67,98.878,98.605,98.62,98.131,52.77,44.03,318.64,101.43,3.15046,98.993,12.51
2026-06-10T16:24:00,PCI_9,gNB-3,99.971,458,1,99.782,129.6,160.5,99.473,99.412,0.304,49,98.578,98.917,98.544,98.387,97.43,48.63,42.89,271.6,102.67,2.80705,99.332,14.25
2026-06-10T16:24:00,PCI_10,gNB-3,99.938,437,1,99.771,128.8,159.6,99.474,99.565,0.17,45,98.275,98.929,98.602,98.255,97.825,50.63,42.92,299.87,105.5,3.04027,99.311,10.27
2026-06-10T16:25:00,PCI_1,gNB-1,99.916,492,0,100.0,115.0,151.4,99.65,99.358,0.164,36,98.243,99.172,99.135,98.262,98.071,58.92,39.62,276.29,99.9,2.82141,99.411,10.84
2026-06-10T16:25:00,PCI_2,gNB-1,99.983,490,1,99.796,122.6,149.3,99.57,99.433,0.179,43,95.797,99.111,96.986,97.958,98.492,49.71,31.81,302.04,105.77,3.05862,99.318,16.05
2026-06-10T16:25:00,PCI_3,gNB-1,99.987,464,0,100.0,129.5,150.5,99.816,99.567,0.143,46,99.292,98.597,98.636,97.506,98.592,55.41,49.76,298.26,102.98,3.00936,99.571,8.37
2026-06-10T16:25:00,PCI_4,gNB-1,99.953,455,1,99.78,114.1,156.8,99.631,99.669,0.216,40,98.978,99.412,98.773,98.609,97.643,51.29,43.6,289.77,111.52,3.00966,99.391,10.02
2026-06-10T16:25:00,PCI_5,gNB-2,99.973,482,0,100.0,119.5,138.2,99.748,99.427,0.176,41,98.698,98.749,98.751,98.05,98.36,54.85,39.88,260.67,108.02,2.76514,99.093,11.9
2026-06-10T16:25:00,PCI_6,gNB-2,99.985,465,0,100.0,126.3,157.3,99.78,99.548,0.05,41,98.351,98.401,98.816,98.617,98.313,52.23,36.41,236.95,97.17,2.50589,98.886,12.13
2026-06-10T16:25:00,PCI_7,gNB-2,99.99,470,0,100.0,121.8,142.9,99.42,99.066,0.105,44,99.118,98.872,99.122,98.018,97.879,51.12,38.06,288.86,115.65,3.03385,99.498,11.1
2026-06-10T16:25:00,PCI_8,gNB-3,99.978,430,0,100.0,129.5,163.0,99.631,99.147,0.308,46,98.523,98.381,98.991,98.037,98.605,52.98,36.78,314.38,120.0,3.25784,98.937,9.5
2026-06-10T16:25:00,PCI_9,gNB-3,99.936,454,0,100.0,123.8,155.8,99.484,99.047,0.022,46,98.186,99.072,98.603,98.231,98.129,44.29,49.46,328.01,101.87,3.22415,98.994,10.06
2026-06-10T16:25:00,PCI_10,gNB-3,99.994,464,1,99.784,117.2,137.3,99.658,99.383,0.211,39,99.26,99.294,98.983,98.301,98.102,47.73,47.79,258.26,105.15,2.72558,99.048,8.68
2026-06-10T16:26:00,PCI_1,gNB-1,100.0,467,1,99.786,131.4,151.8,99.757,99.41,0.12,49,98.474,98.504,98.606,98.5,97.532,49.64,37.7,309.32,97.68,3.0525,99.436,10.93
2026-06-10T16:26:00,PCI_2,gNB-1,100.0,468,0,100.0,119.8,146.5,99.622,99.154,0.169,35,94.782,99.101,97.093,98.402,98.405,52.21,43.53,339.86,112.23,3.39067,99.465,16.29
2026-06-10T16:26:00,PCI_3,gNB-1,99.958,456,0,100.0,118.7,162.5,99.738,99.081,0.0,42,98.866,98.934,98.776,98.149,97.605,48.44,44.44,285.99,114.5,3.00364,99.44,11.94
2026-06-10T16:26:00,PCI_4,gNB-1,99.967,457,1,99.781,116.4,140.2,99.434,99.249,0.07,38,98.231,99.125,99.039,98.56,98.362,49.37,38.25,291.34,108.46,2.99849,99.055,9.16
2026-06-10T16:26:00,PCI_5,gNB-2,99.976,446,0,100.0,119.6,154.3,99.481,99.274,0.276,39,97.924,98.8,98.82,98.214,98.679,52.75,38.55,343.54,112.96,3.42372,99.243,12.74
2026-06-10T16:26:00,PCI_6,gNB-2,99.947,462,1,99.784,124.9,147.2,99.876,99.289,0.095,41,98.873,99.198,98.619,98.478,97.538,53.7,40.38,302.36,135.56,3.28433,99.015,10.82
2026-06-10T16:26:00,PCI_7,gNB-2,99.924,458,0,100.0,112.1,131.8,99.609,99.09,0.143,41,98.851,99.256,98.984,97.905,98.455,57.73,37.95,339.44,121.59,3.45776,99.315,11.85
2026-06-10T16:26:00,PCI_8,gNB-3,99.951,453,1,99.779,119.6,150.3,99.728,99.348,0.159,45,99.029,99.009,98.774,98.368,97.701,48.76,41.46,322.2,111.08,3.24961,99.142,10.7
2026-06-10T16:26:00,PCI_9,gNB-3,99.983,452,1,99.779,103.3,124.7,99.57,99.372,0.065,37,98.427,99.363,98.608,98.615,97.691,53.45,38.62,290.01,118.77,3.06589,99.013,11.11
2026-06-10T16:26:00,PCI_10,gNB-3,99.993,436,0,100.0,114.2,137.7,99.848,99.298,0.215,35,98.846,98.657,98.498,98.453,97.929,46.53,39.07,309.98,101.39,3.08532,99.316,12.02
2026-06-10T16:27:00,PCI_1,gNB-1,99.973,496,1,99.798,129.3,150.5,99.65,99.065,0.097,46,98.26,98.932,98.621,98.405,98.331,53.72,38.4,236.81,108.37,2.58887,99.746,10.92
2026-06-10T16:27:00,PCI_2,gNB-1,99.992,437,0,100.0,116.6,158.7,99.53,99.356,0.118,45,95.627,98.971,97.005,98.099,97.713,50.27,45.06,269.15,103.07,2.7916,98.997,14.85
2026-06-10T16:27:00,PCI_3,gNB-1,99.99,457,0,100.0,121.3,142.9,99.814,99.604,0.159,45,98.48,99.313,99.0,97.735,98.429,49.78,44.57,314.36,101.3,3.11739,99.343,13.01
2026-06-10T16:27:00,PCI_4,gNB-1,99.969,466,1,99.785,127.3,163.8,99.651,99.615,0.071,44,98.379,99.334,98.691,98.369,97.869,51.77,35.57,245.35,107.32,2.64506,99.105,10.05
2026-06-10T16:27:00,PCI_5,gNB-2,99.959,436,0,100.0,107.4,140.7,99.754,99.77,0.013,42,98.786,99.104,98.592,99.138,97.197,50.91,33.66,265.95,108.25,2.80653,99.002,8.82
2026-06-10T16:27:00,PCI_6,gNB-2,99.965,488,0,100.0,109.6,139.4,99.761,99.162,0.18,40,98.091,98.847,98.897,98.316,97.983,55.3,45.41,269.37,110.59,2.84972,99.09,10.3
2026-06-10T16:27:00,PCI_7,gNB-2,99.946,436,1,99.771,128.7,169.5,99.451,99.224,0.258,49,98.723,98.983,98.792,98.333,97.804,54.05,39.94,291.14,106.41,2.98162,99.066,11.96
2026-06-10T16:27:00,PCI_8,gNB-3,100.0,460,0,100.0,105.0,139.6,99.807,99.284,0.159,38,97.671,99.003,98.433,98.645,97.997,46.51,35.7,287.16,106.76,2.95439,99.006,11.51
2026-06-10T16:27:00,PCI_9,gNB-3,99.956,460,1,99.783,120.9,141.4,99.585,99.35,0.159,44,98.576,99.328,98.546,98.54,97.778,56.58,39.56,293.09,124.39,3.13111,99.029,11.66
2026-06-10T16:27:00,PCI_10,gNB-3,99.956,466,0,100.0,126.4,170.1,99.517,99.519,0.159,46,98.796,99.076,98.393,98.132,97.835,48.42,41.2,260.47,89.54,2.62506,99.373,12.05
2026-06-10T16:28:00,PCI_1,gNB-1,99.929,417,0,100.0,119.8,156.1,99.544,99.545,0.21,42,98.377,98.581,98.988,98.141,98.173,54.54,39.18,339.5,109.45,3.36716,99.077,14.0
2026-06-10T16:28:00,PCI_2,gNB-1,99.979,476,0,100.0,127.8,158.2,99.615,99.361,0.199,46,95.262,99.26,96.678,98.646,98.092,55.45,51.63,228.98,117.51,2.59872,99.228,18.17
2026-06-10T16:28:00,PCI_3,gNB-1,99.933,454,0,100.0,126.6,146.6,99.563,99.052,0.204,43,98.342,99.041,99.148,98.491,98.045,47.97,34.68,292.55,100.83,2.95038,99.392,13.03
2026-06-10T16:28:00,PCI_4,gNB-1,99.984,458,0,100.0,110.6,146.8,99.457,99.684,0.077,38,98.753,99.302,98.619,98.543,97.364,51.13,43.21,325.31,100.98,3.1972,99.568,9.82
2026-06-10T16:28:00,PCI_5,gNB-2,99.955,444,0,100.0,128.1,171.4,99.665,99.629,0.244,41,98.376,99.15,99.203,98.2,98.302,47.91,47.58,310.13,102.38,3.09385,99.403,12.85
2026-06-10T16:28:00,PCI_6,gNB-2,99.993,462,0,100.0,116.1,147.7,99.57,99.673,0.262,40,98.917,98.672,98.773,98.571,97.637,48.65,37.42,309.77,110.93,3.15525,99.052,11.12
2026-06-10T16:28:00,PCI_7,gNB-2,99.994,428,0,100.0,117.5,147.8,99.417,98.974,0.224,40,98.487,98.826,98.517,98.455,97.816,59.55,41.54,286.29,120.49,3.0509,99.136,9.36
2026-06-10T16:28:00,PCI_8,gNB-3,99.948,447,1,99.776,120.2,152.7,99.634,99.627,0.009,42,98.44,98.9,98.623,98.719,97.776,48.81,38.21,267.65,98.14,2.74344,98.494,8.87
2026-06-10T16:28:00,PCI_9,gNB-3,99.999,449,0,100.0,108.7,150.2,99.598,99.499,0.217,37,98.2,99.238,98.407,98.255,98.774,46.27,41.05,250.73,115.81,2.74906,99.393,10.5
2026-06-10T16:28:00,PCI_10,gNB-3,99.945,477,1,99.79,112.0,150.6,99.62,99.465,0.096,36,98.662,99.201,98.252,98.044,97.993,46.17,36.37,302.09,121.47,3.1767,99.367,10.43
2026-06-10T16:29:00,PCI_1,gNB-1,100.0,452,0,100.0,113.8,151.7,99.679,99.711,0.265,36,98.785,99.417,98.831,97.859,98.328,44.51,39.09,307.53,114.23,3.16326,99.116,10.56
2026-06-10T16:29:00,PCI_2,gNB-1,99.93,442,0,100.0,112.0,150.9,99.467,99.448,0.119,35,95.015,98.987,96.311,98.544,97.877,45.12,44.13,316.11,93.31,3.07062,99.321,16.04
2026-06-10T16:29:00,PCI_3,gNB-1,99.98,458,0,100.0,123.9,164.8,99.606,99.141,0.132,44,98.143,98.642,98.773,98.104,98.013,56.61,37.42,254.66,112.95,2.75709,99.251,10.49
2026-06-10T16:29:00,PCI_4,gNB-1,99.963,442,1,99.774,123.5,167.7,99.467,99.307,0.161,43,98.58,99.296,98.413,97.949,98.099,52.05,45.66,266.53,98.18,2.7353,99.098,12.88
2026-06-10T16:29:00,PCI_5,gNB-2,99.91,446,0,100.0,120.1,145.3,99.647,100.0,0.251,44,98.655,98.676,98.586,98.382,98.555,41.29,34.63,272.31,112.91,2.88909,99.589,10.96
2026-06-10T16:29:00,PCI_6,gNB-2,99.953,464,0,100.0,115.7,155.8,99.385,99.37,0.153,41,98.609,99.12,98.838,98.148,98.282,47.52,44.51,281.39,107.02,2.91304,99.182,12.12
2026-06-10T16:29:00,PCI_7,gNB-2,99.983,450,1,99.778,113.3,141.9,99.769,99.001,0.142,38,98.634,98.951,98.91,98.458,97.775,44.26,38.38,269.14,107.41,2.82417,99.065,11.8
2026-06-10T16:29:00,PCI_8,gNB-3,99.956,457,1,99.781,127.9,151.9,99.648,99.334,0.062,40,98.744,99.009,98.56,98.603,98.099,49.23,41.11,308.63,96.76,3.04048,99.003,10.08
2026-06-10T16:29:00,PCI_9,gNB-3,99.923,454,1,99.78,129.1,178.5,99.529,99.517,0.326,40,98.469,99.291,98.785,98.742,97.898,47.29,35.5,305.81,100.65,3.04839,99.098,12.09
2026-06-10T16:29:00,PCI_10,gNB-3,99.984,472,0,100.0,112.1,145.8,99.595,99.407,0.126,39,98.502,98.908,98.755,97.92,98.265,55.69,40.81,293.37,118.63,3.09,99.07,12.04
2026-06-10T16:30:00,PCI_1,gNB-1,99.98,437,0,100.0,119.9,153.0,99.405,99.56,0.04,39,98.215,98.915,98.719,97.766,97.777,56.84,47.11,309.97,110.33,3.15226,98.923,10.89
2026-06-10T16:30:00,PCI_2,gNB-1,99.988,457,0,100.0,111.0,152.2,99.776,99.091,0.166,40,94.685,98.872,96.161,98.309,98.054,43.89,47.39,335.63,104.6,3.30172,99.621,19.92
2026-06-10T16:30:00,PCI_3,gNB-1,99.974,442,1,99.774,136.8,191.4,99.476,99.157,0.073,43,97.923,98.707,98.78,97.783,98.273,47.77,46.22,260.91,112.69,2.80199,99.095,10.0
2026-06-10T16:30:00,PCI_4,gNB-1,99.932,445,0,100.0,122.0,141.8,99.226,99.252,0.254,43,98.857,99.073,98.777,98.306,98.072,55.16,39.46,259.14,100.03,2.69379,99.29,10.84
2026-06-10T16:30:00,PCI_5,gNB-2,99.94,448,0,100.0,109.7,152.2,99.791,99.51,0.288,37,98.203,98.516,98.435,98.538,98.403,43.51,47.82,271.15,107.09,2.83674,99.367,7.99
2026-06-10T16:30:00,PCI_6,gNB-2,100.0,461,0,100.0,125.7,144.7,99.617,99.52,0.155,46,98.514,99.365,99.53,98.314,98.033,46.5,46.14,262.46,120.93,2.87548,99.764,8.88
2026-06-10T16:30:00,PCI_7,gNB-2,100.0,434,1,99.77,130.8,176.1,99.579,99.25,0.183,45,98.58,99.069,99.899,98.26,97.958,46.21,35.35,307.41,108.17,3.11687,99.308,9.78
2026-06-10T16:30:00,PCI_8,gNB-3,100.0,447,0,100.0,127.9,153.2,99.6,99.319,0.023,49,98.355,99.095,98.572,98.592,97.223,55.72,34.38,266.29,95.51,2.71355,98.887,12.14
2026-06-10T16:30:00,PCI_9,gNB-3,99.925,480,1,99.792,133.5,164.0,99.571,99.116,0.212,48,98.278,99.581,98.52,98.186,98.455,48.79,42.97,278.42,114.17,2.94441,98.809,11.59
2026-06-10T16:30:00,PCI_10,gNB-3,99.967,439,0,100.0,116.7,158.4,99.495,99.231,0.181,43,98.103,98.548,98.381,98.544,97.787,54.16,36.59,255.32,91.22,2.59901,99.501,10.89
2026-06-10T16:31:00,PCI_1,gNB-1,99.967,442,0,100.0,116.7,140.8,99.707,99.169,0.159,39,98.702,98.732,98.651,98.866,97.977,46.13,32.99,297.38,94.9,2.94212,99.223,10.3
2026-06-10T16:31:00,PCI_2,gNB-1,100.0,420,0,100.0,119.7,145.6,99.869,98.951,0.086,43,94.763,98.719,96.928,98.506,97.995,50.65,40.6,268.86,96.75,2.74209,99.202,18.29
2026-06-10T16:31:00,PCI_3,gNB-1,99.945,455,0,100.0,113.8,141.7,99.36,99.261,0.302,41,98.575,99.205,98.574,98.59,98.33,49.34,37.67,230.83,118.0,2.61621,99.246,11.3
2026-06-10T16:31:00,PCI_4,gNB-1,99.885,433,0,100.0,113.3,150.4,99.647,99.325,0.158,40,98.434,99.277,98.734,97.91,98.65,45.61,40.92,306.27,111.62,3.13415,98.98,9.72
2026-06-10T16:31:00,PCI_5,gNB-2,100.0,437,0,100.0,119.8,160.5,99.404,99.375,0.196,38,97.821,98.77,99.026,98.572,98.481,47.18,43.33,228.48,98.59,2.45299,99.565,10.43
2026-06-10T16:31:00,PCI_6,gNB-2,99.963,455,0,100.0,121.5,141.2,99.491,99.107,0.27,44,98.611,98.863,98.549,97.751,97.743,50.04,40.39,325.04,107.98,3.24769,99.003,10.14
2026-06-10T16:31:00,PCI_7,gNB-2,99.963,424,1,99.764,118.1,143.3,99.531,99.401,0.226,37,98.632,98.901,98.611,98.111,98.118,48.58,37.81,285.22,96.07,2.85967,99.097,12.17
2026-06-10T16:31:00,PCI_8,gNB-3,99.904,436,0,100.0,105.3,139.2,99.658,99.13,0.09,43,98.482,98.884,98.512,98.784,97.652,47.76,45.84,241.49,95.81,2.52981,99.187,10.29
2026-06-10T16:31:00,PCI_9,gNB-3,99.93,438,1,99.772,119.5,161.6,99.462,100.0,0.107,40,98.475,99.003,98.606,98.46,98.698,55.76,35.46,312.7,94.53,3.05428,99.084,11.4
2026-06-10T16:31:00,PCI_10,gNB-3,100.0,424,0,100.0,110.6,151.6,99.705,99.533,0.283,37,98.658,99.036,99.143,98.365,98.214,53.7,40.93,322.11,98.83,3.15708,99.384,11.92
2026-06-10T16:32:00,PCI_1,gNB-1,99.953,444,1,99.775,106.2,126.7,99.596,99.284,0.052,38,98.582,99.133,98.405,98.381,97.684,51.08,37.62,278.09,107.57,2.89239,99.35,12.06
2026-06-10T16:32:00,PCI_2,gNB-1,99.984,478,1,99.791,122.7,157.8,99.752,99.258,0.179,40,94.422,99.044,96.677,98.186,98.22,55.04,34.77,253.46,91.56,2.5877,99.336,17.3
2026-06-10T16:32:00,PCI_3,gNB-1,99.999,436,0,100.0,127.3,159.0,99.645,99.091,0.262,45,98.198,98.443,98.922,98.188,98.201,50.61,37.22,319.95,95.15,3.11319,99.49,10.45
2026-06-10T16:32:00,PCI_4,gNB-1,99.981,447,0,100.0,108.2,125.1,99.179,99.276,0.051,36,97.904,98.696,98.578,98.812,98.341,50.69,39.29,321.34,92.05,3.10041,99.213,8.33
2026-06-10T16:32:00,PCI_5,gNB-2,99.965,440,0,100.0,102.6,131.5,99.417,99.209,0.084,38,99.079,98.961,98.584,98.368,97.57,45.11,36.36,299.77,114.1,3.10402,99.455,15.3
2026-06-10T16:32:00,PCI_6,gNB-2,99.939,446,0,100.0,123.2,165.4,99.701,99.722,0.139,40,98.448,98.946,98.541,98.77,98.016,50.65,45.05,300.67,101.1,3.0133,98.999,12.76
2026-06-10T16:32:00,PCI_7,gNB-2,99.952,465,0,100.0,104.0,144.1,99.39,99.472,0.157,32,98.289,98.592,98.823,97.986,98.437,49.67,40.19,298.0,107.56,3.04165,99.274,9.71
2026-06-10T16:32:00,PCI_8,gNB-3,99.935,486,0,100.0,125.9,156.9,99.644,99.372,0.215,43,98.342,99.059,98.781,98.164,97.609,51.75,40.48,275.23,107.58,2.87112,99.134,10.18
2026-06-10T16:32:00,PCI_9,gNB-3,99.998,440,1,99.773,125.0,151.3,99.487,99.906,0.128,46,98.636,98.76,98.207,98.144,97.552,45.12,35.11,302.06,99.45,3.0113,99.512,9.58
2026-06-10T16:32:00,PCI_10,gNB-3,99.995,447,1,99.776,132.6,179.6,99.679,99.728,0.208,52,98.226,99.092,99.151,98.589,98.087,46.52,44.91,254.2,104.24,2.6883,99.279,15.46
2026-06-10T16:33:00,PCI_1,gNB-1,99.995,435,1,99.77,111.4,145.5,99.569,99.646,0.126,36,98.197,98.916,98.369,97.962,98.242,55.75,33.2,277.66,107.51,2.88876,99.182,9.97
2026-06-10T16:33:00,PCI_2,gNB-1,99.947,446,1,99.776,114.8,157.9,99.472,99.445,0.041,39,94.699,98.625,96.573,98.565,98.531,52.67,40.9,301.38,92.01,2.95047,99.592,17.34
2026-06-10T16:33:00,PCI_3,gNB-1,100.0,445,0,100.0,121.5,148.0,99.731,99.173,0.214,43,98.399,98.88,98.738,98.194,98.239,43.95,46.93,267.25,102.65,2.77424,99.294,10.29
2026-06-10T16:33:00,PCI_4,gNB-1,99.935,430,0,100.0,113.1,150.2,99.643,99.292,0.114,37,98.27,99.01,99.066,97.942,98.053,55.93,43.44,254.96,112.57,2.75642,99.332,13.09
2026-06-10T16:33:00,PCI_5,gNB-2,99.954,451,1,99.778,120.5,152.9,99.704,99.176,0.221,41,98.567,98.644,98.927,98.878,98.751,48.75,39.55,287.21,106.29,2.95121,98.983,14.72
2026-06-10T16:33:00,PCI_6,gNB-2,99.967,437,0,100.0,112.8,138.3,99.782,99.202,0.154,36,97.96,98.876,98.785,98.203,98.198,47.85,38.42,289.6,105.1,2.96026,99.278,9.89
2026-06-10T16:33:00,PCI_7,gNB-2,99.997,465,1,99.785,108.3,150.0,99.623,99.412,0.115,43,98.574,99.029,98.754,98.6,97.64,49.74,41.15,280.46,107.25,2.90787,99.053,11.4
2026-06-10T16:33:00,PCI_8,gNB-3,99.941,447,0,100.0,117.0,153.0,99.384,99.73,0.323,43,99.087,99.434,98.822,98.43,97.873,47.09,38.45,274.31,105.97,2.85208,99.403,10.74
2026-06-10T16:33:00,PCI_9,gNB-3,99.97,424,0,100.0,104.8,139.8,99.897,99.464,0.138,41,98.499,99.2,98.437,98.769,98.531,47.15,42.49,291.18,105.2,2.97287,99.159,10.11
2026-06-10T16:33:00,PCI_10,gNB-3,99.995,462,0,100.0,116.2,155.2,99.593,99.352,0.096,39,98.052,98.748,98.661,98.472,97.974,47.27,38.57,279.24,97.67,2.82675,99.242,11.4
2026-06-10T16:34:00,PCI_1,gNB-1,99.913,449,0,100.0,119.2,164.0,99.664,99.29,0.238,41,98.206,98.729,98.429,97.846,97.567,52.17,36.6,257.73,97.86,2.6669,99.058,12.22
2026-06-10T16:34:00,PCI_2,gNB-1,99.984,450,0,100.0,136.4,169.3,99.496,99.25,0.23,48,94.71,99.256,96.125,98.578,98.527,48.17,38.51,251.04,113.12,2.73119,99.164,17.45
2026-06-10T16:34:00,PCI_3,gNB-1,99.98,441,0,100.0,111.3,132.2,99.553,99.436,0.13,40,98.63,98.995,98.227,98.314,98.294,51.42,41.58,205.61,112.94,2.38917,99.675,12.35
2026-06-10T16:34:00,PCI_4,gNB-1,99.971,446,0,100.0,130.2,171.1,99.859,99.442,0.086,47,98.325,98.92,98.914,98.354,97.762,49.33,36.64,258.14,111.07,2.76905,99.182,12.01
2026-06-10T16:34:00,PCI_5,gNB-2,99.96,421,0,100.0,120.1,158.7,99.423,99.308,0.136,39,98.371,99.103,98.571,98.052,98.626,50.63,36.51,278.71,83.51,2.71665,98.676,11.7
2026-06-10T16:34:00,PCI_6,gNB-2,99.912,443,1,99.774,126.0,168.0,99.468,99.492,0.209,37,98.699,98.767,98.004,98.358,98.368,56.53,37.93,290.09,111.91,3.01497,99.164,9.32
2026-06-10T16:34:00,PCI_7,gNB-2,99.963,445,0,100.0,105.7,144.9,99.742,99.364,0.218,38,97.858,98.848,98.719,98.561,97.632,48.95,31.18,278.97,102.92,2.86414,99.382,10.98
2026-06-10T16:34:00,PCI_8,gNB-3,99.982,452,0,100.0,111.5,134.0,99.622,99.424,0.144,39,98.296,99.049,98.654,98.527,98.061,47.1,35.18,223.46,112.5,2.5197,99.07,10.72
2026-06-10T16:34:00,PCI_9,gNB-3,99.963,448,1,99.777,129.7,178.7,99.516,99.599,0.13,44,98.817,99.121,98.92,98.331,97.94,52.63,42.36,273.54,102.29,2.81872,99.056,11.95
2026-06-10T16:34:00,PCI_10,gNB-3,99.907,431,0,100.0,112.4,149.7,99.456,99.516,0.227,36,98.05,99.312,98.717,98.402,97.592,48.39,37.36,221.8,98.88,2.40505,99.102,9.29
2026-06-10T16:35:00,PCI_1,gNB-1,99.937,428,0,100.0,100.6,120.0,99.635,99.293,0.151,37,98.41,98.938,99.297,98.683,98.406,45.25,41.65,284.92,101.69,2.89962,99.552,10.53
2026-06-10T16:35:00,PCI_2,gNB-1,99.95,429,0,100.0,115.1,137.5,99.7,99.54,0.161,43,93.881,99.121,95.923,97.919,98.123,44.87,35.43,245.18,108.71,2.65418,98.833,18.01
2026-06-10T16:35:00,PCI_3,gNB-1,99.949,443,0,100.0,118.7,150.8,99.432,99.336,0.289,42,98.26,99.058,98.773,98.665,97.18,46.23,37.23,326.6,106.7,3.24971,99.407,10.43
2026-06-10T16:35:00,PCI_4,gNB-1,99.995,462,1,99.784,113.4,132.9,99.563,99.198,0.197,38,97.969,99.019,98.597,97.697,97.979,53.2,38.57,332.34,90.76,3.17327,99.137,10.56
2026-06-10T16:35:00,PCI_5,gNB-2,100.0,440,0,100.0,124.4,144.7,99.631,99.378,0.133,44,98.774,99.248,99.022,98.184,98.392,59.12,43.07,287.48,106.33,2.95353,99.271,9.58
2026-06-10T16:35:00,PCI_6,gNB-2,99.986,434,0,100.0,132.6,170.4,99.728,99.347,0.177,42,98.759,98.447,98.478,98.248,97.799,46.49,42.64,280.0,109.58,2.92184,99.21,12.51
2026-06-10T16:35:00,PCI_7,gNB-2,99.976,443,1,99.774,124.2,149.2,99.744,99.53,0.239,47,98.738,99.102,98.493,98.056,97.954,52.69,41.2,296.05,98.37,2.95812,98.992,12.06
2026-06-10T16:35:00,PCI_8,gNB-3,99.962,423,0,100.0,119.7,150.6,99.843,99.514,0.138,42,98.195,98.957,99.254,98.235,98.243,49.17,44.27,264.99,107.29,2.79204,99.117,12.41
2026-06-10T16:35:00,PCI_9,gNB-3,100.0,432,1,99.769,112.2,131.4,99.589,99.507,0.221,38,99.017,98.557,98.635,98.939,97.686,56.67,34.45,296.25,82.32,2.8393,98.978,11.49
2026-06-10T16:35:00,PCI_10,gNB-3,99.915,431,0,100.0,126.6,166.7,99.867,99.559,0.235,44,98.354,99.288,98.783,98.023,97.756,56.07,39.98,258.2,111.75,2.77468,99.055,11.16
2026-06-10T16:36:00,PCI_1,gNB-1,99.987,448,0,100.0,108.6,130.7,99.576,99.056,0.213,37,98.146,99.109,98.855,97.909,98.832,53.09,35.63,234.24,104.31,2.53916,99.623,13.32
2026-06-10T16:36:00,PCI_2,gNB-1,100.0,435,0,100.0,119.3,158.1,99.781,99.455,0.121,47,94.096,98.783,96.203,97.876,98.091,43.44,32.66,265.08,102.82,2.75927,99.316,17.87
2026-06-10T16:36:00,PCI_3,gNB-1,99.949,430,0,100.0,104.0,131.7,99.644,99.24,0.135,33,98.236,98.681,98.685,98.454,97.767,54.04,37.69,245.56,109.69,2.66438,99.061,10.36
2026-06-10T16:36:00,PCI_4,gNB-1,99.92,457,0,100.0,110.7,150.4,99.547,99.449,0.137,34,98.641,98.719,99.386,98.451,98.406,54.18,42.11,283.18,116.14,2.99485,99.037,10.47
2026-06-10T16:36:00,PCI_5,gNB-2,99.958,447,0,100.0,118.8,146.7,99.67,99.447,0.012,42,98.433,98.813,98.86,98.499,98.121,43.0,36.8,273.41,105.39,2.84094,98.981,9.45
2026-06-10T16:36:00,PCI_6,gNB-2,99.977,442,0,100.0,108.3,125.0,99.764,99.44,0.122,37,98.671,99.086,98.764,98.171,97.905,57.29,36.48,250.9,105.5,2.67297,99.167,10.86
2026-06-10T16:36:00,PCI_7,gNB-2,99.953,461,0,100.0,123.6,158.3,99.829,99.522,0.169,41,98.739,99.196,98.692,98.368,97.334,51.0,32.33,269.56,103.99,2.80162,99.451,10.7
2026-06-10T16:36:00,PCI_8,gNB-3,99.967,422,0,100.0,126.8,163.2,99.425,99.337,0.086,48,98.209,99.054,98.667,98.29,98.77,48.19,34.66,274.3,90.54,2.7363,99.46,8.97
2026-06-10T16:36:00,PCI_9,gNB-3,99.938,411,1,99.757,111.9,151.8,99.587,99.424,0.215,39,98.227,99.453,98.171,97.953,98.552,44.36,42.6,257.58,109.98,2.75665,98.962,10.53
2026-06-10T16:36:00,PCI_10,gNB-3,99.942,440,0,100.0,98.9,136.6,99.635,99.532,0.294,39,98.614,98.463,98.621,97.857,97.876,48.44,36.78,324.1,107.3,3.23551,99.767,9.47
2026-06-10T16:37:00,PCI_1,gNB-1,99.965,428,0,100.0,119.5,162.6,99.604,99.156,0.183,47,98.367,99.041,98.86,98.589,97.616,46.58,45.23,272.06,96.55,2.7646,98.961,11.03
2026-06-10T16:37:00,PCI_2,gNB-1,99.991,446,0,100.0,104.9,132.2,99.972,99.608,0.088,36,93.697,98.756,96.311,98.166,97.976,44.63,26.1,286.49,97.7,2.88142,99.807,19.74
2026-06-10T16:37:00,PCI_3,gNB-1,99.941,418,0,100.0,107.8,149.8,99.715,99.354,0.018,40,98.459,98.87,98.301,98.422,97.752,47.17,43.15,263.29,102.16,2.74085,98.798,15.39
2026-06-10T16:37:00,PCI_4,gNB-1,100.0,423,0,100.0,121.3,149.7,99.509,99.371,0.077,43,99.156,98.371,99.011,98.81,97.553,49.39,37.13,323.71,106.53,3.22679,98.888,13.48
2026-06-10T16:37:00,PCI_5,gNB-2,99.971,410,0,100.0,114.6,151.1,99.807,99.268,0.057,45,98.201,98.477,98.666,98.426,98.219,51.05,42.18,263.14,88.84,2.63987,99.076,11.5
2026-06-10T16:37:00,PCI_6,gNB-2,99.964,447,0,100.0,111.7,128.9,99.654,99.343,0.09,47,98.592,98.655,98.741,98.443,98.148,50.21,34.28,285.36,110.48,2.96881,99.716,10.97
2026-06-10T16:37:00,PCI_7,gNB-2,99.969,435,0,100.0,109.8,140.3,99.558,99.193,0.206,36,98.015,98.962,99.168,97.397,98.091,42.16,38.12,252.6,109.6,2.7165,99.108,11.82
2026-06-10T16:37:00,PCI_8,gNB-3,99.97,434,1,99.77,119.1,145.6,99.581,99.356,0.072,36,98.349,99.144,98.447,98.002,97.829,51.35,39.04,253.55,93.22,2.60075,99.138,13.54
2026-06-10T16:37:00,PCI_9,gNB-3,99.91,426,1,99.765,111.8,139.2,99.584,99.488,0.006,38,98.496,99.211,98.508,98.298,97.545,49.53,39.79,272.03,110.13,2.8662,98.872,11.94
2026-06-10T16:37:00,PCI_10,gNB-3,100.0,436,1,99.771,110.7,139.7,99.758,99.515,0.132,33,98.603,99.103,98.234,98.367,97.596,43.36,37.99,257.81,86.89,2.58528,98.953,10.55
2026-06-10T16:38:00,PCI_1,gNB-1,99.968,432,1,99.769,114.8,142.9,99.533,99.394,0.213,42,97.917,98.972,98.766,98.279,97.767,43.61,37.15,245.4,105.17,2.62925,99.284,8.9
2026-06-10T16:38:00,PCI_2,gNB-1,99.918,435,0,100.0,115.2,137.4,99.666,99.144,0.195,34,93.849,98.813,96.36,98.24,98.248,43.04,35.59,221.42,100.1,2.4114,99.12,17.67
2026-06-10T16:38:00,PCI_3,gNB-1,99.99,448,1,99.777,117.3,156.3,99.56,99.277,0.206,45,98.444,98.823,98.928,98.282,97.846,54.85,39.54,274.02,94.46,2.76357,99.402,11.21
2026-06-10T16:38:00,PCI_4,gNB-1,99.99,444,0,100.0,123.1,157.7,99.574,99.36,0.173,39,98.53,98.898,98.448,98.334,98.554,43.17,39.06,295.94,115.18,3.08346,99.446,9.5
2026-06-10T16:38:00,PCI_5,gNB-2,99.962,437,0,100.0,117.6,144.0,99.611,99.567,0.118,42,97.853,98.69,98.898,98.867,98.265,54.47,38.69,259.72,108.29,2.76008,99.252,12.69
2026-06-10T16:38:00,PCI_6,gNB-2,99.916,434,0,100.0,120.6,145.2,99.794,99.126,0.292,44,98.887,99.378,98.607,98.572,98.158,41.81,47.43,284.81,94.0,2.84104,98.869,10.02
2026-06-10T16:38:00,PCI_7,gNB-2,99.952,397,0,100.0,108.1,136.1,99.367,99.05,0.124,35,98.431,99.045,98.787,98.668,98.136,42.1,30.78,213.89,106.89,2.40584,99.398,11.69
2026-06-10T16:38:00,PCI_8,gNB-3,99.936,451,0,100.0,116.9,159.8,99.747,99.386,0.087,37,98.028,99.183,99.091,98.432,98.453,50.66,40.01,271.63,110.48,2.86582,99.732,13.41
2026-06-10T16:38:00,PCI_9,gNB-3,99.965,437,0,100.0,111.2,135.6,99.574,99.29,0.14,36,98.41,98.54,98.724,98.347,97.741,48.48,39.53,279.16,90.9,2.77543,99.614,9.01
2026-06-10T16:38:00,PCI_10,gNB-3,99.976,451,0,100.0,103.0,142.1,99.601,99.416,0.098,39,98.973,99.097,98.808,97.735,97.798,49.01,40.08,261.57,101.93,2.72625,99.592,13.45
2026-06-10T16:39:00,PCI_1,gNB-1,99.934,440,0,100.0,120.1,139.4,99.699,99.555,0.147,39,98.942,98.964,98.984,98.404,97.608,54.89,42.05,244.07,87.82,2.48914,99.096,10.23
2026-06-10T16:39:00,PCI_2,gNB-1,99.957,436,0,100.0,123.5,162.1,99.829,99.306,0.135,45,93.575,99.224,95.96,98.149,97.56,46.82,40.26,310.53,112.38,3.17182,98.998,20.43
2026-06-10T16:39:00,PCI_3,gNB-1,99.931,413,0,100.0,112.0,154.9,99.518,99.164,0.056,41,98.711,99.379,98.923,98.645,98.011,50.06,39.1,285.39,113.98,2.99529,99.126,11.72
2026-06-10T16:39:00,PCI_4,gNB-1,99.937,421,0,100.0,107.5,142.7,99.533,99.135,0.137,34,98.279,98.942,98.829,98.3,98.186,46.87,46.84,273.74,102.49,2.8217,99.271,12.75
2026-06-10T16:39:00,PCI_5,gNB-2,99.978,427,0,100.0,110.1,144.9,99.643,99.398,0.221,35,98.507,98.664,98.843,98.409,98.356,53.32,42.55,255.64,103.8,2.69581,99.422,11.27
2026-06-10T16:39:00,PCI_6,gNB-2,100.0,459,0,100.0,107.3,136.3,99.782,99.441,0.132,35,98.52,99.085,98.362,98.003,98.107,49.81,38.26,303.77,92.03,2.96852,99.467,10.81
2026-06-10T16:39:00,PCI_7,gNB-2,99.956,440,1,99.773,114.2,153.6,99.48,99.243,0.253,40,98.547,99.188,98.508,98.622,98.159,50.14,37.85,332.87,100.66,3.25148,99.043,9.2
2026-06-10T16:39:00,PCI_8,gNB-3,100.0,437,0,100.0,109.8,144.9,99.229,99.258,0.029,41,99.043,99.236,98.315,98.582,98.342,48.66,39.74,266.05,107.18,2.79922,98.962,11.69
2026-06-10T16:39:00,PCI_9,gNB-3,99.976,426,1,99.765,120.8,155.4,99.765,99.072,0.075,39,98.793,98.913,99.475,98.198,98.256,50.52,46.01,243.97,103.76,2.60797,99.089,10.3
2026-06-10T16:39:00,PCI_10,gNB-3,99.938,429,0,100.0,117.3,155.9,99.616,99.415,0.124,38,98.959,99.129,98.842,98.121,98.081,52.28,37.81,270.41,98.32,2.76544,99.446,11.25
2026-06-10T16:40:00,PCI_1,gNB-1,100.0,437,0,100.0,112.8,153.5,99.604,99.478,0.233,43,98.51,98.965,99.227,98.46,97.512,44.23,31.98,292.17,105.25,2.98064,99.028,10.33
2026-06-10T16:40:00,PCI_2,gNB-1,100.0,401,0,100.0,116.3,136.6,99.511,99.366,0.038,44,93.607,99.303,95.901,98.276,98.721,49.92,37.29,295.8,94.56,2.9277,99.409,20.22
2026-06-10T16:40:00,PCI_3,gNB-1,99.931,414,0,100.0,120.9,155.3,99.688,99.105,0.267,40,98.601,98.874,98.929,98.966,97.533,48.84,39.91,280.61,103.74,2.88268,98.988,9.19
2026-06-10T16:40:00,PCI_4,gNB-1,99.962,449,1,99.777,112.3,139.1,99.594,99.141,0.21,42,98.538,99.184,98.63,98.657,98.477,48.86,36.46,237.38,109.09,2.59855,99.599,14.06
2026-06-10T16:40:00,PCI_5,gNB-2,99.973,414,1,99.758,119.6,143.5,99.85,99.416,0.164,42,98.338,99.562,98.594,97.526,97.955,51.77,31.63,197.07,94.43,2.18619,98.883,8.27
2026-06-10T16:40:00,PCI_6,gNB-2,99.974,401,0,100.0,107.6,145.2,99.606,99.329,0.197,39,98.675,99.128,98.214,98.879,97.865,54.74,36.91,256.79,111.42,2.76157,99.535,12.28
2026-06-10T16:40:00,PCI_7,gNB-2,100.0,426,0,100.0,118.1,138.6,99.941,99.433,0.233,41,98.713,98.913,98.812,98.332,98.153,49.39,41.13,310.6,108.71,3.14484,99.493,11.88
2026-06-10T16:40:00,PCI_8,gNB-3,99.942,418,0,100.0,103.2,133.4,99.526,99.438,0.0,37,98.05,98.99,98.677,98.764,98.019,51.55,36.76,234.19,112.21,2.59798,99.156,10.44
2026-06-10T16:40:00,PCI_9,gNB-3,99.974,437,1,99.771,118.8,163.0,99.701,99.536,0.0,39,98.488,98.707,99.039,98.047,97.285,47.03,39.63,273.55,92.18,2.74296,98.805,12.42
2026-06-10T16:40:00,PCI_10,gNB-3,99.963,438,0,100.0,116.9,158.8,99.88,99.342,0.003,40,98.502,99.576,98.582,98.159,97.92,51.95,33.95,225.62,101.21,2.45125,99.644,12.76
2026-06-10T16:41:00,PCI_1,gNB-1,99.924,425,0,100.0,124.1,157.8,99.661,99.433,0.11,45,98.369,98.965,98.601,98.208,98.525,49.34,40.53,252.55,91.21,2.57818,99.345,7.72
2026-06-10T16:41:00,PCI_2,gNB-1,99.97,443,0,100.0,122.5,143.3,99.588,99.488,0.068,46,93.045,99.048,95.648,97.818,97.759,48.41,38.0,231.51,103.96,2.51608,99.198,22.09
2026-06-10T16:41:00,PCI_3,gNB-1,99.97,447,0,100.0,120.1,161.1,99.686,99.583,0.121,42,98.604,99.64,98.402,98.082,97.795,47.67,43.35,281.99,88.78,2.78081,99.186,11.1
2026-06-10T16:41:00,PCI_4,gNB-1,99.975,418,0,100.0,127.3,170.4,99.844,99.474,0.116,41,98.678,99.38,98.669,98.676,98.183,51.29,41.85,248.16,98.93,2.60319,99.014,9.24
2026-06-10T16:41:00,PCI_5,gNB-2,99.987,408,0,100.0,108.1,143.2,99.622,99.484,0.163,34,98.177,98.901,98.319,98.241,98.113,42.43,39.63,235.57,115.79,2.63522,99.309,9.02
2026-06-10T16:41:00,PCI_6,gNB-2,99.967,411,1,99.757,123.8,163.6,99.523,99.545,0.14,38,98.616,99.351,98.938,98.174,97.832,44.79,35.71,290.27,110.19,3.00344,99.157,10.44
2026-06-10T16:41:00,PCI_7,gNB-2,100.0,432,0,100.0,117.8,154.1,99.614,99.092,0.177,38,98.431,98.819,98.898,98.79,97.328,45.05,38.47,258.17,110.76,2.76695,98.985,12.51
2026-06-10T16:41:00,PCI_8,gNB-3,99.947,449,0,100.0,100.7,131.0,99.545,99.486,0.057,36,98.316,99.276,98.945,98.395,98.002,47.42,36.12,228.05,108.34,2.52288,99.273,13.59
2026-06-10T16:41:00,PCI_9,gNB-3,100.0,430,0,100.0,106.9,126.4,99.942,99.637,0.134,35,98.159,98.905,99.047,98.151,98.134,46.88,43.71,221.89,86.25,2.31101,100.0,8.77
2026-06-10T16:41:00,PCI_10,gNB-3,99.975,447,0,100.0,124.8,156.8,99.572,99.386,0.212,40,97.792,99.058,98.364,98.525,98.467,57.36,41.69,261.94,104.09,2.74521,99.359,12.03
2026-06-10T16:42:00,PCI_1,gNB-1,99.98,424,0,100.0,103.5,133.0,99.62,99.505,0.067,35,98.547,99.124,98.613,98.302,97.479,51.63,37.93,267.3,93.11,2.70311,98.864,9.59
2026-06-10T16:42:00,PCI_2,gNB-1,99.989,447,0,100.0,109.9,145.9,99.39,99.317,0.164,45,93.897,98.835,95.45,98.137,97.915,44.54,33.2,273.65,98.14,2.78845,99.47,19.84
2026-06-10T16:42:00,PCI_3,gNB-1,99.969,423,0,100.0,104.5,127.9,99.749,99.165,0.236,41,98.306,98.943,98.942,98.481,98.035,46.96,36.49,217.57,99.77,2.38011,98.776,10.24
2026-06-10T16:42:00,PCI_4,gNB-1,99.966,426,0,100.0,109.2,143.1,99.662,99.149,0.103,35,98.203,98.885,98.8,98.25,98.017,52.64,39.37,268.52,106.76,2.81457,99.28,12.8
2026-06-10T16:42:00,PCI_5,gNB-2,99.95,420,0,100.0,96.8,133.0,99.474,99.099,0.09,36,98.643,99.394,98.396,98.352,98.132,42.02,36.45,291.88,100.11,2.93993,98.864,12.71
2026-06-10T16:42:00,PCI_6,gNB-2,100.0,436,0,100.0,101.8,125.5,99.455,98.99,0.144,37,98.566,99.079,98.301,98.21,98.016,49.28,38.55,257.58,91.01,2.61442,99.328,10.09
2026-06-10T16:42:00,PCI_7,gNB-2,100.0,416,0,100.0,105.9,138.3,99.673,99.501,0.08,33,98.37,99.178,99.379,98.191,98.443,44.63,38.58,227.9,93.06,2.40719,99.514,10.07
2026-06-10T16:42:00,PCI_8,gNB-3,99.94,437,1,99.771,106.6,134.0,99.57,99.509,0.19,37,98.543,99.225,99.709,98.133,98.263,46.85,38.47,278.88,100.82,2.8477,99.162,11.12
2026-06-10T16:42:00,PCI_9,gNB-3,99.991,438,1,99.772,114.5,152.0,99.46,99.032,0.159,39,98.897,99.04,98.536,98.661,98.088,55.69,39.1,272.19,100.14,2.79251,98.867,9.5
2026-06-10T16:42:00,PCI_10,gNB-3,99.961,439,1,99.772,94.9,124.0,99.687,99.257,0.176,35,98.635,99.335,98.469,98.176,98.863,47.69,33.33,285.98,100.23,2.89662,99.06,11.66
2026-06-10T16:43:00,PCI_1,gNB-1,99.988,443,0,100.0,112.2,139.0,99.898,99.485,0.21,41,98.292,99.172,98.868,98.322,97.868,41.14,45.15,217.7,106.0,2.42773,99.192,13.09
2026-06-10T16:43:00,PCI_2,gNB-1,99.956,413,0,100.0,104.4,138.7,99.483,99.273,0.138,36,92.659,99.088,96.373,97.728,98.204,52.28,38.67,240.89,104.62,2.59135,99.298,19.79
2026-06-10T16:43:00,PCI_3,gNB-1,100.0,402,1,99.751,110.9,151.4,99.845,99.158,0.047,40,98.842,99.146,98.693,98.436,98.015,51.17,35.73,271.65,85.12,2.67575,99.21,12.95
2026-06-10T16:43:00,PCI_4,gNB-1,99.947,445,0,100.0,108.3,137.2,99.467,99.119,0.021,40,98.736,99.161,98.865,98.401,98.188,50.98,44.98,222.94,106.12,2.468,99.053,11.93
2026-06-10T16:43:00,PCI_5,gNB-2,99.972,432,1,99.769,113.0,133.5,99.646,99.457,0.034,36,98.752,98.705,99.772,98.19,97.544,42.44,40.14,238.69,96.95,2.51732,99.54,12.13
2026-06-10T16:43:00,PCI_6,gNB-2,99.977,422,1,99.763,119.3,138.3,99.594,99.476,0.057,44,98.062,99.15,98.511,98.625,98.224,46.06,35.54,238.18,89.51,2.45772,99.053,11.5
2026-06-10T16:43:00,PCI_7,gNB-2,99.986,437,0,100.0,96.1,119.9,99.418,99.098,0.095,36,98.783,99.221,98.644,98.058,97.877,45.68,40.86,268.97,106.57,2.81655,99.524,10.15
2026-06-10T16:43:00,PCI_8,gNB-3,100.0,449,0,100.0,110.0,144.5,99.662,99.43,0.065,34,98.336,99.454,98.603,98.381,98.031,45.12,39.43,268.77,91.65,2.70319,99.059,10.03
2026-06-10T16:43:00,PCI_9,gNB-3,99.961,410,0,100.0,124.6,154.8,99.739,99.415,0.025,39,98.955,99.003,98.319,97.964,98.208,46.05,45.23,275.42,93.89,2.7698,99.398,12.99
2026-06-10T16:43:00,PCI_10,gNB-3,99.95,417,0,100.0,101.6,117.5,99.449,99.146,0.15,39,98.3,98.773,98.861,97.939,98.62,51.04,42.16,313.64,92.05,3.04267,99.144,12.61
2026-06-10T16:44:00,PCI_1,gNB-1,100.0,413,0,100.0,108.6,144.1,99.678,99.187,0.196,38,98.585,98.807,98.912,98.526,97.579,46.53,40.34,242.85,104.41,2.60448,99.248,10.14
2026-06-10T16:44:00,PCI_2,gNB-1,100.0,409,0,100.0,81.9,100.4,99.717,99.53,0.127,29,92.417,98.795,95.741,98.286,98.243,46.08,38.99,260.6,93.09,2.65266,99.278,22.93
2026-06-10T16:44:00,PCI_3,gNB-1,100.0,442,0,100.0,122.4,171.3,99.597,99.36,0.182,34,98.609,98.817,98.582,98.446,98.5,52.88,39.0,250.39,101.22,2.63705,98.908,11.85
2026-06-10T16:44:00,PCI_4,gNB-1,99.947,432,0,100.0,100.1,139.7,99.66,99.159,0.168,34,98.484,99.423,99.188,97.877,97.746,54.88,38.43,265.86,105.74,2.78702,99.059,12.36
2026-06-10T16:44:00,PCI_5,gNB-2,99.968,415,0,100.0,127.2,173.8,99.559,99.458,0.157,41,97.964,99.039,98.789,98.087,98.441,44.12,31.22,290.02,109.47,2.99624,99.144,9.64
2026-06-10T16:44:00,PCI_6,gNB-2,99.929,447,0,100.0,119.5,156.5,99.617,99.193,0.082,38,98.703,98.481,98.514,97.93,97.823,46.88,30.47,262.99,103.47,2.74841,98.99,9.62
2026-06-10T16:44:00,PCI_7,gNB-2,99.992,400,0,100.0,113.4,131.9,99.7,99.217,0.086,37,98.32,99.028,99.064,97.872,97.812,44.87,39.34,210.19,98.18,2.31279,98.883,9.83
2026-06-10T16:44:00,PCI_8,gNB-3,99.975,424,1,99.764,100.9,123.9,99.546,99.221,0.022,37,98.243,98.811,99.142,98.276,98.13,45.95,42.41,284.36,92.91,2.82952,98.88,11.1
2026-06-10T16:44:00,PCI_9,gNB-3,99.963,399,1,99.749,104.2,127.1,99.489,98.93,0.021,36,98.335,99.005,98.98,98.321,97.565,46.58,39.27,268.41,101.39,2.77346,99.569,7.61
2026-06-10T16:44:00,PCI_10,gNB-3,99.945,414,0,100.0,124.4,170.0,99.266,99.394,0.197,46,98.602,98.941,98.407,98.961,97.661,48.14,40.1,272.53,92.33,2.73644,99.28,13.24
2026-06-10T16:45:00,PCI_1,gNB-1,99.965,408,0,100.0,118.5,150.2,99.808,99.118,0.099,44,98.338,99.216,98.913,97.983,98.701,35.85,36.57,259.89,87.75,2.60725,99.234,11.2
2026-06-10T16:45:00,PCI_2,gNB-1,99.976,420,1,99.762,132.9,166.2,99.54,99.771,0.173,45,93.164,98.484,95.524,98.329,98.043,44.44,34.7,237.23,82.83,2.40043,98.66,18.38
2026-06-10T16:45:00,PCI_3,gNB-1,100.0,424,0,100.0,115.1,155.0,99.726,99.372,0.211,39,98.809,99.014,99.008,98.276,98.169,47.69,44.72,226.62,89.93,2.37413,99.214,10.5
2026-06-10T16:45:00,PCI_4,gNB-1,100.0,430,0,100.0,101.7,133.1,99.64,99.503,0.16,32,98.335,98.794,98.792,98.316,98.289,49.78,34.24,293.78,91.81,2.89192,99.026,9.96
2026-06-10T16:45:00,PCI_5,gNB-2,100.0,417,0,100.0,123.3,165.4,99.644,99.559,0.057,42,98.5,98.771,98.853,98.108,97.403,42.67,41.56,281.38,96.7,2.83557,99.451,11.36
2026-06-10T16:45:00,PCI_6,gNB-2,100.0,407,1,99.754,106.8,131.0,99.664,99.294,0.115,36,98.228,98.455,98.811,98.045,98.017,48.12,34.69,311.33,109.92,3.1594,98.839,9.27
2026-06-10T16:45:00,PCI_7,gNB-2,99.983,405,0,100.0,107.0,147.7,99.459,99.52,0.151,38,98.617,99.612,98.742,97.867,98.618,45.82,41.16,210.1,100.45,2.32916,99.178,8.63
2026-06-10T16:45:00,PCI_8,gNB-3,100.0,436,0,100.0,112.5,153.2,99.813,99.514,0.204,41,98.77,99.167,98.825,98.246,98.039,46.94,39.64,289.09,94.8,2.87915,99.173,11.58
2026-06-10T16:45:00,PCI_9,gNB-3,99.989,447,1,99.776,97.0,126.6,99.602,99.074,0.13,32,98.474,98.815,98.852,97.975,97.363,48.1,39.54,253.91,103.03,2.67707,99.278,8.29
2026-06-10T16:45:00,PCI_10,gNB-3,99.965,426,0,100.0,107.7,125.4,99.525,99.844,0.229,40,98.152,99.127,98.383,98.547,97.98,45.79,31.94,250.83,103.15,2.65484,99.077,11.16
2026-06-10T16:46:00,PCI_1,gNB-1,99.939,419,0,100.0,103.6,135.5,99.619,99.377,0.158,35,98.528,99.149,98.73,98.263,98.178,44.25,44.36,278.96,105.51,2.88354,99.214,10.55
2026-06-10T16:46:00,PCI_2,gNB-1,99.95,430,0,100.0,106.9,130.8,99.693,99.282,0.149,40,93.261,98.743,95.063,98.211,98.65,45.3,41.68,262.62,94.19,2.67611,99.303,19.81
2026-06-10T16:46:00,PCI_3,gNB-1,99.957,411,0,100.0,105.3,143.0,99.797,99.385,0.223,36,98.346,99.098,99.359,98.156,98.132,44.48,45.8,258.89,104.67,2.72666,98.904,11.34
2026-06-10T16:46:00,PCI_4,gNB-1,99.924,386,0,100.0,113.4,153.4,99.771,99.346,0.326,38,97.891,99.418,99.093,97.866,97.649,55.16,37.83,300.29,96.91,2.97901,99.477,9.41
2026-06-10T16:46:00,PCI_5,gNB-2,99.989,385,0,100.0,103.2,125.1,99.647,99.309,0.227,36,98.872,99.429,98.795,98.25,97.904,52.12,39.8,224.28,86.24,2.32885,99.327,8.58
2026-06-10T16:46:00,PCI_6,gNB-2,99.989,403,0,100.0,99.1,136.9,99.525,99.464,0.161,29,98.584,98.819,98.433,98.303,98.136,43.29,38.51,245.07,93.85,2.54191,99.087,10.37
2026-06-10T16:46:00,PCI_7,gNB-2,99.946,406,0,100.0,116.1,134.1,99.623,99.565,0.119,41,99.085,99.064,99.059,98.745,98.517,45.06,42.27,223.5,105.97,2.47104,99.277,11.21
2026-06-10T16:46:00,PCI_8,gNB-3,99.979,430,0,100.0,107.9,129.8,99.602,98.971,0.178,36,98.373,99.232,98.997,98.12,98.072,45.41,33.02,262.22,110.88,2.79821,99.27,10.16
2026-06-10T16:46:00,PCI_9,gNB-3,99.943,397,0,100.0,103.8,128.0,99.849,99.569,0.113,32,98.428,98.925,98.096,98.531,97.435,35.3,37.68,212.85,91.74,2.28444,99.412,9.74
2026-06-10T16:46:00,PCI_10,gNB-3,99.944,412,0,100.0,112.5,129.4,99.603,99.556,0.091,42,98.389,99.051,98.526,98.684,97.853,53.18,39.14,239.83,87.33,2.4537,98.798,10.12
2026-06-10T16:47:00,PCI_1,gNB-1,100.0,416,0,100.0,95.2,111.2,99.605,99.174,0.126,32,98.417,98.838,98.667,98.32,97.927,48.47,40.38,236.62,85.8,2.41815,99.964,11.38
2026-06-10T16:47:00,PCI_2,gNB-1,99.985,429,0,100.0,108.1,144.5,99.643,99.456,0.117,35,92.786,98.776,95.96,97.973,98.391,49.03,37.35,251.12,99.93,2.6329,98.961,19.16
2026-06-10T16:47:00,PCI_3,gNB-1,99.976,411,0,100.0,105.5,131.3,99.512,99.481,0.232,30,98.248,98.492,98.799,98.159,97.969,43.18,37.35,232.61,98.58,2.48388,99.136,11.95
2026-06-10T16:47:00,PCI_4,gNB-1,99.982,373,0,100.0,106.3,123.6,99.635,99.792,0.216,36,98.398,99.181,98.891,98.51,97.781,49.02,37.97,255.01,95.38,2.62797,98.958,11.8
2026-06-10T16:47:00,PCI_5,gNB-2,99.925,425,0,100.0,109.4,143.8,99.663,99.08,0.121,39,98.151,99.588,98.857,98.288,98.039,42.4,33.07,285.32,101.68,2.9025,99.211,11.86
2026-06-10T16:47:00,PCI_6,gNB-2,99.991,396,0,100.0,101.1,126.8,99.873,99.35,0.132,37,98.392,99.129,99.189,98.233,97.967,53.41,31.28,253.29,91.98,2.58949,98.503,12.82
2026-06-10T16:47:00,PCI_7,gNB-2,99.956,418,1,99.761,114.0,155.5,99.519,99.158,0.109,31,98.659,98.869,98.024,98.576,98.834,51.09,39.38,262.98,106.1,2.7681,99.594,10.43
2026-06-10T16:47:00,PCI_8,gNB-3,99.985,430,1,99.767,113.9,146.7,99.594,99.449,0.165,40,98.703,99.02,98.985,98.293,97.586,49.48,34.56,242.39,110.82,2.6491,99.834,12.43
2026-06-10T16:47:00,PCI_9,gNB-3,100.0,413,0,100.0,112.9,147.9,99.673,99.129,0.165,38,98.411,98.991,98.887,98.117,98.031,49.28,27.61,238.33,99.29,2.53212,99.541,12.33
2026-06-10T16:47:00,PCI_10,gNB-3,99.98,372,0,100.0,101.2,122.2,99.306,99.508,0.117,36,98.353,98.828,98.917,98.115,97.758,47.21,35.91,244.6,110.82,2.66564,99.261,9.57
2026-06-10T16:48:00,PCI_1,gNB-1,99.951,418,0,100.0,112.8,148.2,99.631,99.421,0.203,39,98.689,98.994,98.465,97.811,97.947,45.27,35.4,268.0,102.63,2.77977,99.485,10.17
2026-06-10T16:48:00,PCI_2,gNB-1,99.987,427,0,100.0,107.4,126.9,99.679,99.74,0.094,37,92.189,98.988,95.098,98.116,98.237,40.68,33.53,244.17,116.42,2.70446,99.534,20.44
2026-06-10T16:48:00,PCI_3,gNB-1,99.96,401,0,100.0,115.0,151.9,99.594,99.659,0.113,36,98.396,99.17,98.178,98.457,97.723,46.13,37.81,190.29,76.54,2.00126,99.056,8.63
2026-06-10T16:48:00,PCI_4,gNB-1,99.94,416,0,100.0,117.5,153.4,99.766,98.872,0.028,45,99.113,98.81,98.922,98.05,98.007,51.87,36.94,198.41,109.07,2.30613,99.124,15.18
2026-06-10T16:48:00,PCI_5,gNB-2,100.0,409,1,99.756,93.3,110.1,99.678,99.728,0.064,33,98.318,99.021,98.305,98.337,98.086,43.7,43.79,244.31,102.82,2.60352,98.771,9.44
2026-06-10T16:48:00,PCI_6,gNB-2,99.931,414,1,99.758,99.2,121.4,99.868,99.635,0.09,35,98.213,98.741,98.974,98.732,97.598,44.31,40.68,224.1,110.68,2.51085,98.972,12.19
2026-06-10T16:48:00,PCI_7,gNB-2,99.925,430,1,99.767,108.8,150.4,99.611,99.152,0.081,42,98.982,99.231,98.7,98.003,98.484,43.97,40.67,251.05,87.12,2.53629,99.307,12.32
2026-06-10T16:48:00,PCI_8,gNB-3,99.968,420,0,100.0,120.9,141.8,99.56,99.457,0.158,42,97.819,99.273,98.495,98.157,97.428,46.73,39.16,266.66,106.53,2.79895,99.158,9.48
2026-06-10T16:48:00,PCI_9,gNB-3,99.963,407,0,100.0,117.1,139.8,99.272,99.692,0.18,42,98.803,98.929,98.435,97.97,98.286,46.51,33.31,266.57,101.91,2.76361,99.05,10.96
2026-06-10T16:48:00,PCI_10,gNB-3,99.976,430,1,99.767,112.0,143.3,99.585,99.598,0.22,38,98.616,99.168,98.571,98.28,97.725,50.54,37.06,244.41,91.85,2.52195,99.693,10.45
2026-06-10T16:49:00,PCI_1,gNB-1,99.992,392,0,100.0,117.0,159.2,99.598,99.064,0.217,38,98.526,99.01,99.207,98.354,98.023,47.79,30.87,273.78,97.11,2.78166,99.134,9.27
2026-06-10T16:49:00,PCI_2,gNB-1,99.944,420,1,99.762,118.2,137.9,99.631,99.388,0.237,37,92.755,99.167,95.22,98.28,97.732,52.6,37.4,276.78,112.28,2.91794,98.906,21.66
2026-06-10T16:49:00,PCI_3,gNB-1,100.0,398,0,100.0,108.0,130.8,99.572,99.654,0.172,40,98.869,99.566,98.865,98.222,98.074,48.7,29.49,260.95,107.05,2.75998,99.245,9.48
2026-06-10T16:49:00,PCI_4,gNB-1,99.988,390,0,100.0,115.3,134.1,99.461,99.771,0.133,38,99.251,98.665,98.854,98.14,97.883,39.39,38.37,201.98,101.43,2.27563,99.207,11.53
2026-06-10T16:49:00,PCI_5,gNB-2,99.98,430,0,100.0,104.8,120.7,99.772,99.4,0.278,30,98.245,99.12,98.385,98.446,97.806,51.26,41.24,234.63,88.62,2.42435,99.164,12.57
2026-06-10T16:49:00,PCI_6,gNB-2,100.0,448,0,100.0,110.5,147.1,99.423,99.867,0.01,41,98.432,98.901,98.76,98.284,97.856,42.45,35.09,272.58,100.57,2.79861,98.613,10.15
2026-06-10T16:49:00,PCI_7,gNB-2,99.97,406,0,100.0,114.6,146.6,99.659,99.74,0.296,39,98.68,98.884,98.777,98.206,97.785,47.08,37.6,253.62,105.64,2.69448,99.102,9.53
2026-06-10T16:49:00,PCI_8,gNB-3,99.981,428,1,99.766,114.5,134.2,99.891,99.211,0.111,44,98.759,98.884,98.652,98.77,98.042,41.6,44.59,255.22,91.04,2.59693,99.138,12.02
2026-06-10T16:49:00,PCI_9,gNB-3,99.987,441,0,100.0,99.9,135.7,99.501,99.21,0.056,30,98.64,99.081,98.897,98.119,98.098,43.45,38.16,230.89,95.54,2.44823,99.433,10.37
2026-06-10T16:49:00,PCI_10,gNB-3,99.986,415,0,100.0,104.9,120.6,99.785,99.321,0.041,37,98.416,98.428,98.552,97.738,97.738,48.74,33.05,231.39,104.5,2.51917,99.179,11.5
2026-06-10T16:50:00,PCI_1,gNB-1,99.959,411,0,100.0,99.0,132.8,99.573,99.279,0.215,33,99.008,99.296,98.381,98.051,98.117,48.93,35.9,231.77,105.94,2.53281,99.44,10.9
2026-06-10T16:50:00,PCI_2,gNB-1,99.922,387,0,100.0,96.8,124.3,99.314,99.533,0.102,38,91.351,99.356,95.278,97.917,98.418,41.25,44.75,231.23,108.4,2.54719,98.949,19.85
2026-06-10T16:50:00,PCI_3,gNB-1,99.961,398,0,100.0,99.3,127.8,99.552,99.325,0.092,34,98.724,99.187,98.545,97.971,97.797,44.78,29.78,222.01,91.22,2.34926,99.156,13.13
2026-06-10T16:50:00,PCI_4,gNB-1,99.971,417,1,99.76,115.0,156.9,99.532,99.37,0.246,39,98.445,99.029,99.286,97.849,98.143,42.07,36.73,235.45,85.3,2.40562,99.12,11.29
2026-06-10T16:50:00,PCI_5,gNB-2,99.998,398,0,100.0,93.0,108.8,99.75,99.331,0.144,31,99.061,99.021,98.315,97.976,97.975,52.19,36.93,281.87,105.42,2.90468,99.226,8.74
2026-06-10T16:50:00,PCI_6,gNB-2,99.978,406,0,100.0,115.8,143.0,99.656,99.296,0.0,40,98.35,98.84,98.861,98.602,97.668,45.03,40.86,226.05,122.77,2.61615,99.023,12.12
2026-06-10T16:50:00,PCI_7,gNB-2,99.964,414,0,100.0,101.8,133.4,99.634,99.596,0.15,35,98.342,99.141,98.471,98.55,97.108,41.28,34.47,258.56,96.91,2.66599,99.188,10.88
2026-06-10T16:50:00,PCI_8,gNB-3,100.0,408,0,100.0,102.9,130.2,99.638,99.507,0.19,36,98.455,98.967,98.901,99.018,97.888,51.34,39.46,255.6,97.14,2.64551,99.231,10.42
2026-06-10T16:50:00,PCI_9,gNB-3,99.971,400,1,99.75,103.7,129.6,99.368,99.649,0.208,34,98.704,99.135,98.241,98.301,98.006,46.98,35.45,215.41,107.13,2.41899,99.044,11.07
2026-06-10T16:50:00,PCI_10,gNB-3,99.979,413,0,100.0,105.2,134.2,99.591,99.049,0.069,35,98.282,98.684,98.83,98.246,97.832,47.43,28.54,261.99,80.85,2.57128,99.176,10.37
2026-06-10T16:51:00,PCI_1,gNB-1,99.977,412,0,100.0,105.9,122.1,99.567,99.264,0.319,32,98.722,98.746,98.961,98.469,97.644,49.92,34.92,246.69,116.31,2.7225,99.023,11.02
2026-06-10T16:51:00,PCI_2,gNB-1,99.944,378,0,100.0,93.8,125.3,99.847,99.161,0.211,30,92.253,98.749,95.165,98.616,98.04,46.82,38.38,284.64,97.28,2.86439,99.343,19.17
2026-06-10T16:51:00,PCI_3,gNB-1,99.993,396,0,100.0,103.7,135.5,99.782,99.201,0.193,37,98.267,99.092,98.994,98.65,98.083,42.97,36.12,246.8,100.99,2.60847,99.354,13.47
2026-06-10T16:51:00,PCI_4,gNB-1,99.974,404,0,100.0,101.8,135.3,99.541,99.554,0.075,32,98.291,98.592,97.806,98.43,97.503,44.73,35.53,278.09,90.76,2.76638,98.876,10.85
2026-06-10T16:51:00,PCI_5,gNB-2,99.94,424,0,100.0,94.8,112.2,99.414,99.442,0.121,35,97.98,99.538,98.583,97.962,97.682,42.98,33.23,245.39,96.28,2.56252,99.13,8.96
2026-06-10T16:51:00,PCI_6,gNB-2,99.938,415,0,100.0,111.6,140.3,99.447,99.551,0.166,33,99.362,98.837,98.612,98.324,97.746,52.25,39.16,236.3,91.56,2.45889,99.648,9.49
2026-06-10T16:51:00,PCI_7,gNB-2,100.0,405,0,100.0,115.4,139.6,99.464,99.286,0.193,41,99.228,98.736,98.784,98.264,97.533,45.27,39.09,216.2,105.78,2.41488,99.0,7.81
2026-06-10T16:51:00,PCI_8,gNB-3,99.988,424,0,100.0,102.3,124.7,99.4,99.49,0.088,29,98.599,99.276,98.62,98.03,97.869,51.16,36.75,290.49,108.5,2.9924,99.27,10.39
2026-06-10T16:51:00,PCI_9,gNB-3,99.967,400,1,99.75,101.2,134.9,99.424,99.673,0.164,35,98.972,99.307,98.541,98.658,98.198,45.72,32.92,283.56,95.93,2.84615,98.756,10.76
2026-06-10T16:51:00,PCI_10,gNB-3,99.952,420,0,100.0,126.2,166.8,99.51,99.467,0.178,43,98.045,99.094,99.027,98.974,97.786,43.02,34.48,276.61,99.75,2.82266,99.016,11.54
2026-06-10T16:52:00,PCI_1,gNB-1,99.944,434,0,100.0,102.5,138.9,99.887,99.058,0.159,33,98.529,99.066,98.756,98.239,98.1,45.83,34.92,255.92,102.65,2.68927,99.565,11.01
2026-06-10T16:52:00,PCI_2,gNB-1,99.971,402,0,100.0,99.9,126.5,99.736,99.392,0.094,33,92.186,98.668,95.425,98.48,97.658,50.32,35.32,202.92,79.09,2.11505,99.264,22.65
2026-06-10T16:52:00,PCI_3,gNB-1,100.0,406,0,100.0,119.3,162.0,99.638,99.813,0.129,40,98.572,99.064,98.412,98.424,98.013,48.82,37.93,201.69,99.24,2.25697,98.718,12.07
2026-06-10T16:52:00,PCI_4,gNB-1,99.96,403,0,100.0,103.7,129.8,99.389,99.453,0.286,44,98.13,99.229,98.47,98.118,98.157,46.04,39.37,243.51,100.16,2.57752,99.506,11.1
2026-06-10T16:52:00,PCI_5,gNB-2,99.943,428,0,100.0,101.7,135.6,99.432,99.602,0.139,34,98.948,99.254,98.84,98.225,97.907,51.71,33.8,246.46,92.39,2.54137,99.19,9.76
2026-06-10T16:52:00,PCI_6,gNB-2,99.956,411,0,100.0,101.2,135.8,99.606,99.688,0.053,36,98.522,98.851,98.76,98.487,97.664,41.83,39.46,221.72,84.05,2.2933,99.462,10.93
2026-06-10T16:52:00,PCI_7,gNB-2,99.921,409,0,100.0,107.2,128.5,99.391,99.397,0.143,37,98.737,98.819,98.538,98.314,98.3,51.62,41.28,276.36,91.18,2.75655,98.999,10.36
2026-06-10T16:52:00,PCI_8,gNB-3,99.87,403,0,100.0,96.9,120.2,99.432,99.372,0.244,34,98.283,98.972,98.831,98.261,98.304,45.95,37.54,242.43,103.81,2.5968,99.332,10.36
2026-06-10T16:52:00,PCI_9,gNB-3,99.997,397,1,99.748,111.9,147.7,99.449,99.122,0.137,40,98.275,99.141,98.507,98.255,98.04,46.04,36.76,259.27,97.68,2.67716,99.244,10.54
2026-06-10T16:52:00,PCI_10,gNB-3,99.94,393,0,100.0,111.9,151.3,99.524,99.753,0.228,35,99.014,98.788,99.064,97.962,98.662,45.35,37.75,287.49,100.16,2.90734,99.623,11.64
2026-06-10T16:53:00,PCI_1,gNB-1,99.974,370,1,99.73,108.3,126.5,99.847,99.663,0.121,36,98.64,99.31,98.743,98.193,98.437,56.69,32.92,265.09,102.14,2.75418,99.123,12.66
2026-06-10T16:53:00,PCI_2,gNB-1,99.984,406,0,100.0,109.6,133.5,99.793,99.125,0.09,41,91.749,99.199,95.351,98.583,98.413,50.7,34.31,279.78,102.71,2.86871,99.093,19.54
2026-06-10T16:53:00,PCI_3,gNB-1,99.958,426,0,100.0,94.2,112.3,99.727,99.317,0.112,27,98.143,99.251,98.58,98.334,97.95,48.35,42.22,218.44,84.72,2.27372,98.978,10.87
2026-06-10T16:53:00,PCI_4,gNB-1,99.964,406,0,100.0,97.1,114.8,99.482,99.473,0.107,26,98.736,99.193,98.645,98.805,97.555,46.39,34.57,282.26,94.1,2.82275,98.915,13.13
2026-06-10T16:53:00,PCI_5,gNB-2,99.985,395,0,100.0,98.5,124.9,99.516,99.378,0.228,39,98.728,99.159,99.116,98.525,97.493,39.76,32.35,255.51,73.57,2.46811,99.151,11.6
2026-06-10T16:53:00,PCI_6,gNB-2,99.996,384,0,100.0,100.1,131.3,99.671,99.582,0.079,32,98.53,98.94,98.0,98.029,97.874,51.17,34.65,256.41,93.86,2.62698,99.29,8.79
2026-06-10T16:53:00,PCI_7,gNB-2,100.0,393,0,100.0,95.5,113.7,99.48,99.557,0.329,32,98.716,98.928,99.205,98.123,97.832,47.58,39.04,247.37,95.37,2.57052,99.229,13.15
2026-06-10T16:53:00,PCI_8,gNB-3,99.941,410,0,100.0,104.2,132.1,99.515,99.747,0.096,38,97.952,98.772,98.483,98.305,97.841,46.58,36.67,236.82,109.48,2.59721,99.263,11.31
2026-06-10T16:53:00,PCI_9,gNB-3,99.933,395,0,100.0,108.8,133.6,99.645,99.595,0.301,36,98.48,99.105,98.454,98.344,98.427,46.29,39.59,279.89,100.21,2.85075,99.191,9.77
2026-06-10T16:53:00,PCI_10,gNB-3,99.995,406,0,100.0,121.2,167.4,99.502,99.113,0.058,42,98.517,99.185,98.82,98.163,97.955,50.36,32.77,304.04,99.42,3.02595,99.454,12.3
2026-06-10T16:54:00,PCI_1,gNB-1,100.0,435,0,100.0,106.3,131.4,99.45,99.146,0.091,37,98.664,99.037,98.683,98.694,97.534,46.32,38.59,219.84,97.08,2.37688,99.111,12.23
2026-06-10T16:54:00,PCI_2,gNB-1,100.0,402,0,100.0,106.5,141.7,99.528,99.302,0.184,37,91.045,98.837,94.829,98.382,97.467,46.44,35.65,221.17,101.38,2.41908,99.692,21.48
2026-06-10T16:54:00,PCI_3,gNB-1,99.929,399,0,100.0,116.2,141.7,99.495,99.255,0.219,42,98.476,99.037,99.505,98.46,97.48,44.7,35.65,227.74,90.93,2.39005,99.455,10.49
2026-06-10T16:54:00,PCI_4,gNB-1,99.962,395,0,100.0,99.9,138.6,99.587,99.633,0.273,35,98.894,99.294,98.72,98.279,98.016,39.41,31.76,213.39,100.66,2.3554,99.171,9.93
2026-06-10T16:54:00,PCI_5,gNB-2,99.965,407,0,100.0,108.6,129.1,99.704,99.39,0.135,43,98.324,99.17,98.658,98.033,98.061,46.2,30.56,278.24,85.44,2.72763,99.636,9.03
2026-06-10T16:54:00,PCI_6,gNB-2,99.974,407,0,100.0,95.7,120.0,99.885,99.123,0.244,29,98.864,99.121,99.192,98.109,97.944,48.91,42.6,259.9,104.01,2.72934,98.939,11.37
2026-06-10T16:54:00,PCI_7,gNB-2,99.986,376,0,100.0,103.2,134.7,99.42,99.507,0.151,34,98.624,99.146,98.406,97.945,98.448,43.33,35.89,205.0,96.53,2.26151,98.773,10.07
2026-06-10T16:54:00,PCI_8,gNB-3,99.911,410,0,100.0,109.8,142.8,99.649,99.28,0.116,33,98.593,99.217,98.216,98.353,98.301,47.82,38.44,262.06,93.47,2.66647,99.344,10.69
2026-06-10T16:54:00,PCI_9,gNB-3,99.984,412,1,99.757,98.0,136.0,99.608,99.407,0.11,33,98.192,99.262,98.844,98.337,98.182,46.5,32.16,230.7,102.07,2.4958,99.359,10.42
2026-06-10T16:54:00,PCI_10,gNB-3,100.0,393,0,100.0,105.1,138.7,99.485,99.158,0.163,40,98.274,99.362,98.276,98.069,97.471,42.29,41.57,217.16,94.16,2.33489,99.215,12.95
2026-06-10T16:55:00,PCI_1,gNB-1,99.987,418,1,99.761,108.1,124.6,99.582,99.52,0.237,41,98.371,98.603,99.04,98.095,97.586,50.48,36.03,236.04,85.05,2.40816,99.126,11.33
2026-06-10T16:55:00,PCI_2,gNB-1,99.97,413,1,99.758,96.9,124.8,99.698,99.375,0.23,32,91.104,99.124,94.836,98.53,98.419,42.16,31.64,231.67,90.68,2.41758,99.201,23.85
2026-06-10T16:55:00,PCI_3,gNB-1,99.983,385,0,100.0,101.4,120.6,99.938,99.654,0.102,35,98.873,98.804,98.961,98.346,97.541,54.3,33.88,242.44,94.59,2.52771,99.225,10.64
2026-06-10T16:55:00,PCI_4,gNB-1,99.93,407,0,100.0,107.2,137.0,99.407,99.296,0.096,32,97.858,98.727,98.826,98.483,97.481,37.29,39.98,251.3,102.46,2.6532,99.349,11.71
2026-06-10T16:55:00,PCI_5,gNB-2,99.945,421,0,100.0,107.2,137.8,99.995,99.004,0.241,37,98.626,98.638,98.328,98.489,97.965,41.75,40.27,330.05,100.69,3.23055,99.022,12.98
2026-06-10T16:55:00,PCI_6,gNB-2,99.968,388,0,100.0,114.4,154.2,99.639,99.465,0.168,36,98.604,99.087,98.586,98.183,98.937,49.79,30.36,245.3,96.98,2.56705,99.213,10.92
2026-06-10T16:55:00,PCI_7,gNB-2,99.937,440,0,100.0,100.7,129.4,99.725,99.588,0.232,37,99.066,99.004,98.473,98.317,97.829,45.93,33.42,242.94,96.58,2.5464,99.771,12.09
2026-06-10T16:55:00,PCI_8,gNB-3,99.974,400,0,100.0,102.5,129.0,99.744,99.439,0.152,36,98.189,99.279,98.437,98.375,98.463,43.96,42.54,252.4,99.17,2.63673,99.439,9.75
2026-06-10T16:55:00,PCI_9,gNB-3,99.941,410,1,99.756,117.8,161.2,99.576,99.551,0.067,41,98.557,99.284,98.924,98.69,98.151,46.25,36.21,259.51,91.88,2.63543,99.5,12.04
2026-06-10T16:55:00,PCI_10,gNB-3,99.937,407,0,100.0,119.3,159.4,99.346,99.685,0.266,42,99.019,98.961,98.393,98.736,98.077,44.73,34.44,200.92,98.65,2.24683,99.179,7.72
2026-06-10T16:56:00,PCI_1,gNB-1,99.945,382,0,100.0,79.3,95.5,99.445,99.174,0.296,28,98.718,99.089,98.401,98.392,97.613,39.08,34.19,219.9,114.2,2.50578,99.114,9.56
2026-06-10T16:56:00,PCI_2,gNB-1,100.0,405,0,100.0,97.0,131.1,99.648,99.544,0.085,34,91.666,98.945,95.128,98.013,98.084,41.72,32.91,175.67,104.69,2.1027,99.674,20.74
2026-06-10T16:56:00,PCI_3,gNB-1,99.954,404,0,100.0,110.9,146.5,99.69,99.211,0.118,36,98.392,98.964,98.585,98.712,97.849,38.45,27.75,267.11,87.61,2.66042,99.044,10.66
2026-06-10T16:56:00,PCI_4,gNB-1,99.942,390,1,99.744,96.5,120.2,99.415,99.45,0.147,34,97.724,99.36,98.105,97.853,97.724,36.08,30.02,228.44,89.95,2.3879,98.697,10.94
2026-06-10T16:56:00,PCI_5,gNB-2,99.966,415,1,99.759,112.4,131.8,99.716,99.778,0.276,37,99.12,98.974,98.294,98.564,98.08,43.24,40.5,261.62,81.89,2.57632,99.322,12.78
2026-06-10T16:56:00,PCI_6,gNB-2,100.0,409,0,100.0,102.3,129.7,99.653,99.347,0.208,35,98.655,98.933,98.814,98.386,98.095,44.8,29.85,251.58,98.06,2.62234,99.523,10.72
2026-06-10T16:56:00,PCI_7,gNB-2,99.991,417,0,100.0,94.9,112.3,99.595,99.78,0.122,33,98.081,98.669,98.793,98.506,98.545,40.37,35.47,239.16,87.73,2.45174,99.287,10.82
2026-06-10T16:56:00,PCI_8,gNB-3,99.968,407,0,100.0,110.6,131.0,99.566,99.379,0.085,34,98.559,98.958,98.575,97.952,98.377,46.65,34.26,255.26,88.13,2.57549,99.371,11.44
2026-06-10T16:56:00,PCI_9,gNB-3,99.942,421,0,100.0,102.3,139.2,99.749,99.79,0.185,34,98.363,98.573,98.801,98.205,98.14,49.03,35.18,252.91,98.63,2.63658,99.355,11.3
2026-06-10T16:56:00,PCI_10,gNB-3,99.996,410,0,100.0,108.8,126.2,99.52,99.424,0.216,41,98.674,98.696,98.971,98.453,98.017,42.73,35.58,254.45,87.24,2.56267,99.369,6.96
2026-06-10T16:57:00,PCI_1,gNB-1,99.951,398,0,100.0,109.8,144.7,99.634,99.362,0.092,40,98.325,99.155,98.563,97.888,98.614,46.63,32.19,251.4,103.25,2.65983,98.793,9.16
2026-06-10T16:57:00,PCI_2,gNB-1,99.952,378,0,100.0,115.5,145.3,99.698,99.309,0.108,41,91.826,98.724,94.637,98.352,97.755,40.19,32.76,218.09,82.99,2.25812,99.162,20.89
2026-06-10T16:57:00,PCI_3,gNB-1,99.966,392,0,100.0,100.0,133.4,99.47,99.426,0.135,38,98.698,98.93,98.381,98.47,98.27,39.4,36.72,223.69,103.13,2.45114,99.191,10.47
2026-06-10T16:57:00,PCI_4,gNB-1,99.963,415,0,100.0,103.3,131.4,99.779,99.293,0.115,36,98.855,99.105,98.421,98.05,98.023,50.24,40.87,261.63,94.65,2.67211,99.317,12.13
2026-06-10T16:57:00,PCI_5,gNB-2,99.981,419,0,100.0,97.1,126.6,99.685,99.499,0.111,33,98.357,98.949,98.784,97.807,97.821,44.07,43.61,255.61,103.97,2.69681,99.159,11.64
2026-06-10T16:57:00,PCI_6,gNB-2,100.0,392,0,100.0,87.2,112.6,99.921,99.337,0.124,29,98.59,99.193,99.185,98.35,98.167,51.24,32.46,238.19,86.25,2.43327,99.601,8.56
2026-06-10T16:57:00,PCI_7,gNB-2,100.0,390,0,100.0,90.0,111.4,99.447,99.088,0.025,32,98.381,99.484,99.005,98.243,98.237,44.66,34.33,282.37,92.01,2.80784,99.472,12.23
2026-06-10T16:57:00,PCI_8,gNB-3,99.958,397,0,100.0,109.6,128.5,99.568,99.256,0.229,35,98.625,98.94,99.002,98.09,98.3,43.69,32.63,257.75,90.13,2.60915,99.465,12.61
2026-06-10T16:57:00,PCI_9,gNB-3,99.937,397,0,100.0,93.2,109.8,99.749,99.134,0.095,30,98.16,99.054,98.331,98.571,98.079,46.07,31.43,239.56,83.17,2.42052,99.536,8.12
2026-06-10T16:57:00,PCI_10,gNB-3,99.943,390,0,100.0,104.0,136.7,99.56,99.033,0.231,38,98.435,98.81,98.604,98.277,97.628,43.19,36.6,299.93,94.04,2.95473,99.708,11.19
2026-06-10T16:58:00,PCI_1,gNB-1,99.932,373,0,100.0,114.4,135.2,99.604,99.387,0.122,39,98.175,98.919,98.655,98.446,97.857,48.94,32.38,218.04,97.51,2.36662,99.564,14.03
2026-06-10T16:58:00,PCI_2,gNB-1,99.94,372,0,100.0,92.4,123.1,99.46,99.227,0.154,29,91.285,98.526,95.227,97.902,97.737,42.16,35.79,196.86,85.32,2.11635,99.265,24.45
2026-06-10T16:58:00,PCI_3,gNB-1,99.968,388,0,100.0,98.0,133.6,99.48,99.034,0.169,31,98.825,99.134,98.521,98.381,97.864,44.09,34.86,256.5,82.44,2.542,99.055,13.76
2026-06-10T16:58:00,PCI_4,gNB-1,100.0,395,0,100.0,103.4,122.2,99.567,99.394,0.156,36,98.502,99.36,98.926,98.35,98.162,46.03,35.04,209.98,108.08,2.38546,99.081,11.55
2026-06-10T16:58:00,PCI_5,gNB-2,99.97,387,1,99.742,99.8,138.2,99.356,99.437,0.19,33,98.432,98.779,98.341,98.098,98.211,44.64,35.82,214.51,107.09,2.41202,99.688,11.77
2026-06-10T16:58:00,PCI_6,gNB-2,99.974,423,0,100.0,91.0,120.3,99.664,99.093,0.062,26,98.32,99.094,99.341,98.28,97.68,53.34,33.9,241.57,93.52,2.51312,99.134,11.4
2026-06-10T16:58:00,PCI_7,gNB-2,99.914,390,0,100.0,119.9,159.2,99.564,99.382,0.072,39,98.335,99.071,98.159,97.971,98.03,42.77,38.82,225.27,96.91,2.41635,98.911,9.5
2026-06-10T16:58:00,PCI_8,gNB-3,99.981,374,0,100.0,84.3,114.7,99.789,98.985,0.305,29,97.845,99.37,98.662,98.174,98.363,52.69,38.69,235.2,101.61,2.5261,99.373,10.03
2026-06-10T16:58:00,PCI_9,gNB-3,99.988,378,0,100.0,118.3,161.0,99.507,99.142,0.222,44,98.255,98.776,98.294,98.136,97.728,42.93,36.0,225.5,98.12,2.42722,99.165,12.21
2026-06-10T16:58:00,PCI_10,gNB-3,99.971,372,0,100.0,110.1,144.9,99.568,99.131,0.165,34,98.763,99.036,98.777,98.466,97.957,43.84,33.03,213.08,96.95,2.32522,99.427,10.68
2026-06-10T16:59:00,PCI_1,gNB-1,99.969,395,0,100.0,108.1,128.4,99.808,99.227,0.105,35,98.148,98.467,98.719,98.256,97.442,43.29,36.76,290.5,91.35,2.86386,99.202,10.48
2026-06-10T16:59:00,PCI_2,gNB-1,100.0,386,0,100.0,99.5,138.3,99.613,99.223,0.078,35,91.029,99.278,94.855,98.775,97.816,42.2,39.17,208.38,87.04,2.21569,99.323,23.32
2026-06-10T16:59:00,PCI_3,gNB-1,99.993,403,1,99.752,100.8,118.3,99.593,99.699,0.169,34,98.615,98.833,98.351,98.772,97.348,47.3,38.35,293.46,94.95,2.9131,99.761,9.49
2026-06-10T16:59:00,PCI_4,gNB-1,99.999,398,0,100.0,95.2,120.1,99.664,99.405,0.147,31,97.916,98.998,98.367,98.757,98.015,42.39,34.9,274.33,85.04,2.69529,98.833,11.92
2026-06-10T16:59:00,PCI_5,gNB-2,99.931,398,0,100.0,108.9,147.8,99.511,99.233,0.063,40,98.334,99.177,98.663,97.67,98.373,39.76,33.14,223.13,96.29,2.3957,98.803,12.68
2026-06-10T16:59:00,PCI_6,gNB-2,100.0,378,1,99.735,125.6,161.6,99.334,99.591,0.136,38,98.308,99.249,98.497,98.252,98.298,41.04,29.05,254.34,103.78,2.68596,99.371,10.33
2026-06-10T16:59:00,PCI_7,gNB-2,99.967,389,0,100.0,109.7,128.2,99.745,99.635,0.109,39,98.215,98.997,98.808,98.583,98.485,48.0,35.06,270.72,92.32,2.72277,98.918,10.99
2026-06-10T16:59:00,PCI_8,gNB-3,99.993,388,0,100.0,110.3,135.1,99.647,99.437,0.194,38,98.475,99.083,98.203,98.792,98.026,40.26,33.46,229.95,97.96,2.45927,99.226,11.82
2026-06-10T16:59:00,PCI_9,gNB-3,99.945,413,0,100.0,102.8,134.9,99.416,99.403,0.244,36,98.634,99.348,98.821,98.197,97.914,45.93,38.75,219.17,92.44,2.33701,99.51,10.17
2026-06-10T16:59:00,PCI_10,gNB-3,99.967,403,1,99.752,93.6,124.9,99.703,99.34,0.183,33,98.504,99.947,98.297,98.157,98.15,44.61,40.36,216.65,94.9,2.33663,99.452,11.02
2026-06-10T17:00:00,PCI_1,gNB-1,99.958,394,0,100.0,105.4,134.9,99.34,99.342,0.248,38,98.734,99.184,99.033,98.008,98.22,41.23,34.77,217.96,82.71,2.25505,99.382,11.67
2026-06-10T17:00:00,PCI_2,gNB-1,99.995,391,0,100.0,95.2,117.4,99.513,99.228,0.231,39,90.728,99.118,94.589,98.417,98.028,51.38,33.39,258.87,93.96,2.64621,98.792,22.64
2026-06-10T17:00:00,PCI_3,gNB-1,99.944,405,1,99.753,104.5,144.8,99.55,99.307,0.093,41,98.697,99.359,98.827,97.865,98.202,50.9,41.71,258.22,104.36,2.71938,99.269,10.87
2026-06-10T17:00:00,PCI_4,gNB-1,99.979,402,0,100.0,98.4,135.2,99.582,99.18,0.177,31,98.507,99.097,98.525,98.155,97.422,44.21,38.91,278.53,92.48,2.78254,99.2,11.48
2026-06-10T17:00:00,PCI_5,gNB-2,100.0,386,0,100.0,108.2,141.7,99.814,99.634,0.189,40,98.401,98.78,98.877,98.788,97.965,43.61,39.1,234.06,102.11,2.52123,98.615,10.44
2026-06-10T17:00:00,PCI_6,gNB-2,99.988,396,0,100.0,116.4,160.5,99.262,99.218,0.212,44,98.811,99.099,98.994,97.993,97.618,39.98,37.12,179.63,103.88,2.12633,99.436,13.03
2026-06-10T17:00:00,PCI_7,gNB-2,99.964,404,0,100.0,107.2,126.4,99.39,99.548,0.144,37,98.361,98.852,98.939,97.932,98.49,46.01,31.72,274.02,100.96,2.81235,99.476,12.79
2026-06-10T17:00:00,PCI_8,gNB-3,100.0,388,0,100.0,96.8,134.5,99.309,99.485,0.167,32,98.792,99.378,98.634,98.198,98.325,45.0,39.89,233.17,92.61,2.44334,99.399,10.7
2026-06-10T17:00:00,PCI_9,gNB-3,99.993,397,0,100.0,104.4,141.9,99.517,99.345,0.155,41,98.971,99.04,98.755,98.077,97.631,39.54,37.61,236.86,93.2,2.47547,99.345,10.06
2026-06-10T17:00:00,PCI_10,gNB-3,99.956,392,0,100.0,105.5,129.4,99.876,99.381,0.138,42,98.953,98.873,98.155,98.282,98.048,38.69,37.79,249.21,87.15,2.52274,99.7,10.09
2026-06-10T17:01:00,PCI_1,gNB-1,100.0,391,0,100.0,105.4,146.5,99.603,99.343,0.162,37,98.478,98.773,98.734,98.386,98.335,41.52,40.27,248.25,96.46,2.5853,99.1,9.88
2026-06-10T17:01:00,PCI_2,gNB-1,99.964,378,1,99.735,101.0,131.8,99.398,99.268,0.164,34,91.057,99.009,94.788,98.425,97.672,44.02,41.94,257.37,99.86,2.67925,99.367,24.75
2026-06-10T17:01:00,PCI_3,gNB-1,99.952,393,0,100.0,108.7,139.0,99.545,99.483,0.11,32,98.053,98.916,98.698,98.789,98.291,42.21,34.79,220.0,99.02,2.39265,98.928,8.52
2026-06-10T17:01:00,PCI_4,gNB-1,99.935,389,0,100.0,103.3,137.3,99.661,99.6,0.065,32,99.121,99.552,98.673,98.481,98.178,41.45,39.55,253.63,76.04,2.47256,99.332,11.52
2026-06-10T17:01:00,PCI_5,gNB-2,99.974,382,0,100.0,90.8,116.9,99.775,99.285,0.158,33,97.874,98.842,98.55,98.476,97.833,43.98,34.16,197.19,102.04,2.24423,99.091,10.39
2026-06-10T17:01:00,PCI_6,gNB-2,99.945,361,0,100.0,113.2,144.3,99.761,99.131,0.139,40,98.215,99.199,99.056,98.033,98.102,42.26,40.47,237.39,100.73,2.53591,99.365,11.04
2026-06-10T17:01:00,PCI_7,gNB-2,100.0,399,0,100.0,96.8,111.8,99.403,99.171,0.231,40,98.565,98.664,99.097,98.133,98.739,54.38,36.92,222.75,77.86,2.25458,98.64,11.02
2026-06-10T17:01:00,PCI_8,gNB-3,99.956,395,0,100.0,89.6,104.4,99.42,99.504,0.244,32,98.037,98.585,98.956,97.859,97.789,47.6,29.37,231.6,99.09,2.48019,99.43,11.35
2026-06-10T17:01:00,PCI_9,gNB-3,99.995,360,0,100.0,98.7,131.2,99.64,99.356,0.267,36,98.921,99.057,98.768,98.32,97.654,45.06,35.71,235.4,90.58,2.44482,99.598,10.17
2026-06-10T17:01:00,PCI_10,gNB-3,99.953,404,0,100.0,106.4,125.9,99.668,99.876,0.056,37,98.838,98.635,98.576,98.465,98.278,45.45,36.21,311.68,94.43,3.04584,99.109,7.2
2026-06-10T17:02:00,PCI_1,gNB-1,99.942,415,0,100.0,105.5,145.8,99.686,99.187,0.099,37,97.869,99.184,98.582,98.471,97.808,42.65,35.11,235.2,94.6,2.47352,99.404,7.55
2026-06-10T17:02:00,PCI_2,gNB-1,99.972,408,1,99.755,99.9,125.1,99.684,98.977,0.259,35,90.332,99.185,94.613,98.69,98.051,50.12,31.7,203.75,90.73,2.2086,99.023,22.01
2026-06-10T17:02:00,PCI_3,gNB-1,99.946,343,0,100.0,114.2,154.6,99.716,99.441,0.145,41,98.767,98.686,98.683,98.62,98.263,46.09,35.52,238.31,86.68,2.43738,99.156,10.47
2026-06-10T17:02:00,PCI_4,gNB-1,99.946,401,0,100.0,93.7,123.2,99.502,99.17,0.177,33,98.839,98.895,98.38,97.942,98.498,48.29,38.44,264.39,81.18,2.59177,99.345,9.72
2026-06-10T17:02:00,PCI_5,gNB-2,99.958,380,1,99.737,99.0,121.8,99.45,99.361,0.158,30,98.987,99.093,98.69,98.089,97.871,43.71,35.11,235.27,95.13,2.47796,99.255,8.92
2026-06-10T17:02:00,PCI_6,gNB-2,99.955,411,0,100.0,88.9,113.7,99.593,99.325,0.234,31,98.43,98.489,98.209,98.18,97.929,40.91,36.77,276.34,94.78,2.78337,99.341,11.04
2026-06-10T17:02:00,PCI_7,gNB-2,99.969,393,0,100.0,98.7,124.4,99.523,99.354,0.17,28,98.251,98.948,98.191,98.008,97.728,51.04,23.47,226.95,85.31,2.34194,99.205,6.06
2026-06-10T17:02:00,PCI_8,gNB-3,99.917,380,0,100.0,101.1,140.9,99.768,99.286,0.114,34,98.42,98.959,98.6,98.362,98.424,43.87,38.89,231.72,88.69,2.40308,99.151,10.46
2026-06-10T17:02:00,PCI_9,gNB-3,100.0,416,0,100.0,103.9,140.5,99.478,99.297,0.191,33,98.113,99.129,98.773,98.376,97.657,44.68,35.12,271.48,85.52,2.67749,99.316,11.35
2026-06-10T17:02:00,PCI_10,gNB-3,100.0,393,1,99.746,86.4,112.2,99.815,99.405,0.021,30,98.25,99.085,98.789,98.438,97.89,49.73,33.65,250.08,91.41,2.56116,99.6,10.52
2026-06-10T17:03:00,PCI_1,gNB-1,99.978,392,0,100.0,92.9,114.8,99.743,99.214,0.074,37,98.241,99.221,98.689,97.776,97.473,43.09,35.76,261.55,95.35,2.67675,99.371,12.51
2026-06-10T17:03:00,PCI_2,gNB-1,99.991,380,0,100.0,97.0,112.4,99.756,99.449,0.118,36,90.967,99.139,94.609,97.866,97.593,48.17,42.16,257.65,93.2,2.63134,99.281,21.43
2026-06-10T17:03:00,PCI_3,gNB-1,99.911,365,0,100.0,107.2,130.6,99.633,99.677,0.184,38,98.035,98.558,98.663,97.982,98.068,46.43,38.39,202.0,91.96,2.2047,99.268,11.25
2026-06-10T17:03:00,PCI_4,gNB-1,99.95,379,0,100.0,112.7,132.4,99.751,99.227,0.187,41,98.383,98.806,98.433,98.359,97.622,39.12,37.4,243.16,92.3,2.51597,99.455,11.32
2026-06-10T17:03:00,PCI_5,gNB-2,99.988,416,0,100.0,102.9,118.4,99.618,99.055,0.296,35,98.608,98.909,98.266,98.136,97.623,43.96,34.43,252.65,95.86,2.61381,99.101,9.61
2026-06-10T17:03:00,PCI_6,gNB-2,99.992,378,0,100.0,105.9,128.4,99.767,99.071,0.239,32,98.132,98.702,98.258,98.58,98.562,50.74,38.15,237.75,98.65,2.52296,99.043,8.92
2026-06-10T17:03:00,PCI_7,gNB-2,99.996,350,0,100.0,102.9,128.3,99.495,99.474,0.232,33,98.346,99.033,98.91,98.041,98.935,47.44,30.14,275.8,88.03,2.72875,99.65,7.06
2026-06-10T17:03:00,PCI_8,gNB-3,99.911,358,0,100.0,110.9,138.2,99.835,99.333,0.107,36,98.594,99.085,99.223,98.503,98.237,50.82,34.96,247.69,88.19,2.51915,99.404,8.6
2026-06-10T17:03:00,PCI_9,gNB-3,99.979,378,0,100.0,100.7,136.8,99.538,99.847,0.09,33,98.741,98.878,98.696,98.593,98.275,42.93,34.44,176.82,91.33,2.01115,99.037,9.89
2026-06-10T17:03:00,PCI_10,gNB-3,99.967,378,0,100.0,111.7,145.0,99.587,99.349,0.188,39,98.843,98.477,98.676,98.227,97.473,48.95,36.5,259.79,93.53,2.6499,99.337,9.8
2026-06-10T17:04:00,PCI_1,gNB-1,100.0,375,0,100.0,111.3,130.9,99.928,99.151,0.181,36,98.725,99.187,98.055,98.268,98.259,41.89,30.27,218.7,79.87,2.23927,99.363,9.35
2026-06-10T17:04:00,PCI_2,gNB-1,100.0,382,0,100.0,104.6,145.0,99.559,99.427,0.309,38,90.299,99.233,94.384,98.313,98.131,43.05,29.46,187.9,90.11,2.08509,99.454,24.48
2026-06-10T17:04:00,PCI_3,gNB-1,99.996,371,0,100.0,96.1,127.9,99.504,99.184,0.209,33,98.164,99.095,98.391,98.086,98.418,44.4,33.93,227.5,87.14,2.3598,99.504,10.13
2026-06-10T17:04:00,PCI_4,gNB-1,99.964,352,0,100.0,111.0,143.9,99.875,99.528,0.128,38,98.572,98.785,98.856,98.497,97.633,51.88,30.41,243.49,85.0,2.46365,99.223,11.04
2026-06-10T17:04:00,PCI_5,gNB-2,100.0,368,0,100.0,93.1,119.7,99.636,99.367,0.092,38,98.069,98.77,98.844,98.0,98.051,40.58,36.33,171.35,90.62,1.96476,98.99,10.01
2026-06-10T17:04:00,PCI_6,gNB-2,99.97,385,0,100.0,97.1,132.8,99.74,99.564,0.239,33,98.41,99.132,98.706,98.865,97.963,51.01,30.85,234.98,89.76,2.43555,99.017,12.49
2026-06-10T17:04:00,PCI_7,gNB-2,99.963,402,0,100.0,95.8,112.0,99.654,99.65,0.049,40,98.533,98.826,98.862,97.984,97.177,48.26,30.43,222.24,94.41,2.37486,99.009,11.19
2026-06-10T17:04:00,PCI_8,gNB-3,99.927,372,1,99.731,114.4,148.2,99.519,99.746,0.184,39,98.597,99.162,98.687,98.235,97.489,45.15,31.72,228.86,85.76,2.35965,99.281,11.64
2026-06-10T17:04:00,PCI_9,gNB-3,99.953,389,0,100.0,104.4,145.6,99.563,99.228,0.062,39,99.054,99.26,98.363,98.369,98.054,41.31,44.36,214.21,84.04,2.23685,99.353,11.66
2026-06-10T17:04:00,PCI_10,gNB-3,99.982,387,0,100.0,93.8,128.4,99.624,99.593,0.0,34,98.514,98.731,99.015,98.857,98.139,41.64,33.65,234.44,86.65,2.40819,99.155,11.0
2026-06-10T17:05:00,PCI_1,gNB-1,99.981,373,0,100.0,101.4,122.0,99.946,98.998,0.109,39,98.426,98.625,98.526,98.456,97.776,49.04,36.31,227.52,100.62,2.46106,99.018,11.11
2026-06-10T17:05:00,PCI_2,gNB-1,99.973,371,0,100.0,98.9,122.8,99.586,99.244,0.14,31,90.297,99.208,94.027,98.909,97.62,49.66,36.69,246.0,101.06,2.60298,99.426,24.28
2026-06-10T17:05:00,PCI_3,gNB-1,99.924,384,0,100.0,92.7,124.5,99.66,98.931,0.128,32,98.581,99.043,97.714,98.578,98.479,47.65,36.35,230.16,93.21,2.42526,99.144,11.55
2026-06-10T17:05:00,PCI_4,gNB-1,100.0,403,0,100.0,97.6,134.0,99.671,99.862,0.243,34,98.555,98.962,99.028,98.178,97.748,42.57,35.11,244.3,98.3,2.5695,99.483,12.82
2026-06-10T17:05:00,PCI_5,gNB-2,99.978,391,1,99.744,89.7,108.0,99.699,99.47,0.167,36,98.16,98.976,98.613,97.882,98.075,37.11,29.68,232.07,96.71,2.4658,99.269,10.13
2026-06-10T17:05:00,PCI_6,gNB-2,99.968,368,0,100.0,99.4,138.7,99.536,99.422,0.079,29,98.036,99.043,99.05,98.289,97.987,42.36,37.77,234.51,96.2,2.48028,99.111,11.74
2026-06-10T17:05:00,PCI_7,gNB-2,99.941,394,0,100.0,101.0,125.6,99.486,99.796,0.237,34,98.876,98.523,98.814,98.683,97.525,40.66,41.5,236.05,82.19,2.38681,99.014,10.18
2026-06-10T17:05:00,PCI_8,gNB-3,99.944,390,0,100.0,98.4,126.0,99.34,99.465,0.194,34,98.327,99.141,98.919,98.343,98.19,46.22,29.83,216.41,85.9,2.2673,99.316,7.82
2026-06-10T17:05:00,PCI_9,gNB-3,99.956,384,0,100.0,106.1,143.1,99.639,99.276,0.043,41,98.897,98.955,98.457,98.744,97.543,41.92,40.58,276.67,84.1,2.70578,98.945,9.92
2026-06-10T17:05:00,PCI_10,gNB-3,99.967,373,0,100.0,99.3,133.9,99.717,99.989,0.137,30,98.826,99.148,98.391,97.894,98.106,43.13,36.71,257.14,90.84,2.60986,99.382,10.29
2026-06-10T17:06:00,PCI_1,gNB-1,100.0,400,0,100.0,82.2,95.9,99.625,99.417,0.127,27,98.363,98.923,98.602,98.007,98.725,44.78,31.92,244.97,99.65,2.5846,99.242,9.6
2026-06-10T17:06:00,PCI_2,gNB-1,99.982,377,0,100.0,94.4,111.3,99.781,99.472,0.115,34,89.936,98.969,94.363,98.03,97.922,44.18,36.11,248.67,90.65,2.54491,99.64,24.23
2026-06-10T17:06:00,PCI_3,gNB-1,100.0,379,0,100.0,93.0,109.3,99.563,99.684,0.149,36,97.999,99.372,98.748,97.861,98.022,44.11,34.2,223.64,90.12,2.35325,99.46,13.13
2026-06-10T17:06:00,PCI_4,gNB-1,99.987,369,0,100.0,90.5,111.2,99.483,99.535,0.181,28,99.394,99.062,98.515,98.588,98.034,40.59,37.04,202.92,82.69,2.14208,99.254,11.03
2026-06-10T17:06:00,PCI_5,gNB-2,99.969,385,0,100.0,96.2,128.0,99.464,99.465,0.15,33,99.015,99.102,99.017,98.518,97.639,46.7,35.66,250.5,98.25,2.61565,99.187,12.42
2026-06-10T17:06:00,PCI_6,gNB-2,99.999,378,0,100.0,93.8,112.0,99.551,99.236,0.236,32,98.253,98.644,98.942,98.553,97.671,35.33,36.78,217.16,92.25,2.32061,99.054,10.48
2026-06-10T17:06:00,PCI_7,gNB-2,99.952,367,0,100.0,112.2,156.4,99.668,99.346,0.147,39,98.4,98.639,98.449,97.911,98.109,50.73,30.01,219.3,105.44,2.43559,99.412,11.33
2026-06-10T17:06:00,PCI_8,gNB-3,99.994,385,0,100.0,104.0,130.0,99.612,99.279,0.152,36,97.925,99.026,98.19,98.552,97.888,35.43,32.83,236.82,83.96,2.40585,99.673,12.01
2026-06-10T17:06:00,PCI_9,gNB-3,99.985,398,0,100.0,100.3,124.6,99.394,99.472,0.217,25,98.334,99.277,98.883,97.784,97.661,49.64,32.53,180.13,86.14,1.99704,99.299,10.28
2026-06-10T17:06:00,PCI_10,gNB-3,99.936,351,0,100.0,89.5,107.6,99.382,99.304,0.107,30,98.194,98.751,98.811,98.72,98.585,46.56,37.33,169.87,94.77,1.98479,98.99,11.72
2026-06-10T17:07:00,PCI_1,gNB-1,99.962,366,0,100.0,95.8,124.4,99.431,99.569,0.108,28,98.648,98.451,98.786,98.587,98.458,41.38,39.47,243.25,93.41,2.52492,99.251,11.88
2026-06-10T17:07:00,PCI_2,gNB-1,99.939,370,1,99.73,96.1,126.1,99.498,99.345,0.153,37,90.251,99.102,94.368,98.427,97.967,45.0,35.09,259.54,102.17,2.71282,99.601,25.38
2026-06-10T17:07:00,PCI_3,gNB-1,100.0,359,0,100.0,106.4,132.9,99.406,99.335,0.076,36,98.531,99.14,98.506,98.299,97.823,42.54,31.8,226.11,99.75,2.44394,98.842,8.55
2026-06-10T17:07:00,PCI_4,gNB-1,99.958,401,1,99.751,94.7,109.9,99.625,99.475,0.104,32,98.982,99.324,98.42,98.345,97.934,50.21,34.54,262.79,88.92,2.63782,99.285,9.25
2026-06-10T17:07:00,PCI_5,gNB-2,99.934,380,0,100.0,109.8,132.0,99.717,99.606,0.14,38,98.342,99.34,99.28,97.998,97.271,47.71,35.15,257.39,92.44,2.62374,99.006,11.01
2026-06-10T17:07:00,PCI_6,gNB-2,99.969,403,0,100.0,91.0,112.3,99.785,98.968,0.159,33,98.551,98.433,98.99,98.187,97.67,46.46,31.71,181.25,85.76,2.00259,98.966,10.46
2026-06-10T17:07:00,PCI_7,gNB-2,99.954,365,0,100.0,95.1,111.3,99.536,99.376,0.179,33,98.765,99.23,99.186,98.533,98.225,43.14,40.5,203.52,87.75,2.18453,99.23,8.8
2026-06-10T17:07:00,PCI_8,gNB-3,99.897,349,0,100.0,105.9,123.4,99.613,99.523,0.129,39,98.433,98.906,98.711,98.313,97.755,41.96,32.4,209.4,84.59,2.20494,99.224,10.93
2026-06-10T17:07:00,PCI_9,gNB-3,99.979,379,1,99.736,88.5,113.6,99.47,99.44,0.153,27,98.045,99.034,98.951,98.304,97.902,41.46,32.93,208.69,96.58,2.28949,99.495,8.82
2026-06-10T17:07:00,PCI_10,gNB-3,99.984,372,0,100.0,101.0,130.8,99.837,99.377,0.068,35,98.681,99.027,98.538,98.895,97.954,47.03,29.03,248.63,74.6,2.42428,99.072,10.04
2026-06-10T17:08:00,PCI_1,gNB-1,100.0,403,0,100.0,88.9,124.2,99.37,99.119,0.275,23,97.883,99.314,98.466,98.686,97.948,48.54,31.26,201.82,111.77,2.35193,99.437,9.37
2026-06-10T17:08:00,PCI_2,gNB-1,99.99,404,0,100.0,98.4,124.8,99.684,99.673,0.016,37,90.657,98.994,94.568,98.598,97.683,47.13,38.44,224.09,93.42,2.38138,99.211,24.45
2026-06-10T17:08:00,PCI_3,gNB-1,99.972,378,0,100.0,102.7,136.8,99.644,99.816,0.167,35,98.507,98.463,98.477,98.458,98.112,43.72,25.66,228.0,104.54,2.49402,99.428,9.29
2026-06-10T17:08:00,PCI_4,gNB-1,99.922,376,1,99.734,98.4,132.8,99.689,99.313,0.267,37,98.721,98.767,99.386,98.588,97.849,40.29,36.87,222.09,94.84,2.37701,99.032,11.45
2026-06-10T17:08:00,PCI_5,gNB-2,99.934,367,0,100.0,92.3,121.5,99.784,99.455,0.222,31,98.548,99.151,99.044,98.106,97.636,48.24,35.21,233.26,90.33,2.4269,99.424,11.5
2026-06-10T17:08:00,PCI_6,gNB-2,99.984,360,0,100.0,96.9,113.1,99.148,99.27,0.126,32,98.869,98.73,98.65,97.804,98.781,53.09,36.26,210.84,81.49,2.19248,98.936,9.84
2026-06-10T17:08:00,PCI_7,gNB-2,99.998,366,0,100.0,98.6,131.8,99.522,99.622,0.218,30,98.836,99.364,99.189,98.995,98.241,50.08,26.01,180.51,75.7,1.92162,99.167,8.96
2026-06-10T17:08:00,PCI_8,gNB-3,99.967,374,0,100.0,103.4,132.1,99.391,99.747,0.075,37,98.981,98.941,98.539,98.554,98.058,41.16,40.51,225.49,95.67,2.40873,98.903,10.6
2026-06-10T17:08:00,PCI_9,gNB-3,99.975,376,0,100.0,104.1,120.6,99.334,99.61,0.162,32,98.093,99.49,98.722,97.984,97.788,41.91,35.45,248.96,95.78,2.58553,98.862,11.93
2026-06-10T17:08:00,PCI_10,gNB-3,99.942,383,0,100.0,94.1,129.8,99.616,99.179,0.215,35,98.621,98.843,99.076,98.351,98.261,42.53,37.47,246.65,95.16,2.5636,99.272,9.68
2026-06-10T17:09:00,PCI_1,gNB-1,99.974,383,0,100.0,98.6,119.7,99.666,99.314,0.152,34,98.189,99.074,98.41,98.502,98.277,36.23,38.94,193.57,84.16,2.08296,99.029,11.24
2026-06-10T17:09:00,PCI_2,gNB-1,100.0,383,0,100.0,106.4,125.2,99.231,99.417,0.143,38,89.931,98.675,93.666,98.325,97.808,46.48,35.75,193.27,94.96,2.16174,98.986,26.31
2026-06-10T17:09:00,PCI_3,gNB-1,99.997,379,0,100.0,102.7,127.3,99.637,99.425,0.296,39,98.104,98.691,98.565,98.296,97.893,41.61,38.57,210.93,102.02,2.34715,99.063,9.79
2026-06-10T17:09:00,PCI_4,gNB-1,99.988,395,0,100.0,105.2,144.3,99.373,99.628,0.094,38,99.274,99.224,98.366,97.465,97.958,39.8,36.26,234.18,100.91,2.5132,98.977,12.92
2026-06-10T17:09:00,PCI_5,gNB-2,99.95,367,0,100.0,90.1,122.2,99.587,99.387,0.214,32,98.805,98.406,98.315,98.344,97.692,47.46,26.76,197.51,79.89,2.08048,99.084,11.23
2026-06-10T17:09:00,PCI_6,gNB-2,99.954,335,0,100.0,82.6,96.3,99.175,99.324,0.183,31,98.368,99.455,99.109,98.557,97.483,38.18,30.36,273.3,93.07,2.7478,99.267,7.78
2026-06-10T17:09:00,PCI_7,gNB-2,99.959,372,0,100.0,88.9,117.9,99.489,99.833,0.138,28,98.249,98.928,98.599,98.38,97.472,40.52,33.27,187.97,104.33,2.19221,98.881,10.07
2026-06-10T17:09:00,PCI_8,gNB-3,99.945,362,0,100.0,99.9,121.0,99.478,99.378,0.125,39,98.902,98.912,98.607,98.31,97.722,37.78,41.18,216.99,80.3,2.22971,98.942,13.09
2026-06-10T17:09:00,PCI_9,gNB-3,100.0,371,0,100.0,102.2,126.3,99.666,99.348,0.188,31,99.101,99.117,98.516,98.375,98.088,47.36,28.82,242.73,96.41,2.54349,99.306,8.51
2026-06-10T17:09:00,PCI_10,gNB-3,99.896,380,0,100.0,90.1,120.6,99.524,99.606,0.149,26,97.869,98.857,98.332,97.991,98.219,39.27,33.58,203.72,77.83,2.11159,99.138,9.77
2026-06-10T17:10:00,PCI_1,gNB-1,99.954,363,0,100.0,99.9,118.0,99.646,99.335,0.124,32,98.471,98.837,98.986,98.266,97.307,46.53,25.71,202.61,110.7,2.34977,99.41,10.11
2026-06-10T17:10:00,PCI_2,gNB-1,99.973,340,0,100.0,74.5,97.1,99.559,99.144,0.271,28,89.055,98.822,93.745,98.543,98.649,41.96,39.48,223.21,89.2,2.34306,99.135,23.63
2026-06-10T17:10:00,PCI_3,gNB-1,99.977,370,0,100.0,81.1,109.4,99.742,99.41,0.021,30,98.667,99.029,98.462,98.128,97.955,35.06,30.67,201.3,103.27,2.28427,98.832,10.06
2026-06-10T17:10:00,PCI_4,gNB-1,99.987,380,0,100.0,96.0,131.4,99.553,99.151,0.232,36,98.241,99.083,99.37,98.489,98.562,41.99,33.35,245.85,98.47,2.58235,99.026,10.68
2026-06-10T17:10:00,PCI_5,gNB-2,99.965,395,0,100.0,83.4,106.9,99.635,99.381,0.078,27,98.576,98.928,98.667,98.242,98.269,43.24,32.73,238.81,82.4,2.40903,99.045,8.85
2026-06-10T17:10:00,PCI_6,gNB-2,99.946,379,0,100.0,86.2,115.0,99.826,99.56,0.195,31,98.163,99.144,98.804,97.966,98.134,43.49,32.42,223.99,90.46,2.35836,99.429,11.44
2026-06-10T17:10:00,PCI_7,gNB-2,99.973,377,0,100.0,90.8,105.7,99.476,99.127,0.274,30,99.261,99.201,98.465,98.264,97.738,41.65,37.11,288.58,84.43,2.79757,98.842,13.27
2026-06-10T17:10:00,PCI_8,gNB-3,100.0,367,0,100.0,95.3,124.1,99.801,99.187,0.115,28,98.71,99.271,98.756,98.218,98.17,39.44,27.21,239.11,81.69,2.40599,99.381,10.9
2026-06-10T17:10:00,PCI_9,gNB-3,99.95,371,0,100.0,84.1,100.8,99.661,99.492,0.212,35,98.812,99.342,98.286,98.324,98.29,48.01,31.53,232.0,82.37,2.35777,98.817,12.57
2026-06-10T17:10:00,PCI_10,gNB-3,99.968,386,0,100.0,86.4,117.6,99.599,99.303,0.064,29,98.824,99.172,98.162,98.263,98.329,45.95,40.05,248.0,86.3,2.5072,99.015,12.22
2026-06-10T17:11:00,PCI_1,gNB-1,99.965,366,0,100.0,93.2,126.9,99.543,99.321,0.236,29,98.445,99.215,98.109,98.05,98.472,49.62,39.22,210.77,84.34,2.21334,99.197,9.55
2026-06-10T17:11:00,PCI_2,gNB-1,99.998,387,0,100.0,107.7,136.6,100.0,99.748,0.262,35,90.364,98.87,93.736,97.892,98.004,42.27,28.1,231.28,87.19,2.38848,99.142,25.48
2026-06-10T17:11:00,PCI_3,gNB-1,99.934,359,1,99.721,93.7,125.8,99.459,99.552,0.09,31,97.851,98.913,98.824,98.096,98.035,36.7,35.82,227.56,88.57,2.37096,99.323,8.2
2026-06-10T17:11:00,PCI_4,gNB-1,99.987,374,0,100.0,90.2,110.9,99.501,99.627,0.082,31,98.606,98.828,98.601,98.334,97.899,46.91,33.34,241.75,79.47,2.40922,98.924,9.89
2026-06-10T17:11:00,PCI_5,gNB-2,99.965,381,1,99.738,89.0,103.2,99.386,99.288,0.089,27,98.226,99.106,98.661,98.536,97.898,38.73,36.45,238.45,85.79,2.43178,98.853,8.39
2026-06-10T17:11:00,PCI_6,gNB-2,99.982,355,0,100.0,95.2,126.3,99.64,99.681,0.086,30,97.828,98.318,98.403,99.043,97.595,41.81,34.64,218.29,72.28,2.17929,99.062,6.89
2026-06-10T17:11:00,PCI_7,gNB-2,99.991,364,1,99.725,84.8,101.9,99.59,99.442,0.13,30,98.922,99.118,98.487,98.052,98.355,42.41,34.82,174.64,94.67,2.01983,98.817,11.8
2026-06-10T17:11:00,PCI_8,gNB-3,100.0,348,0,100.0,94.3,128.4,99.479,99.075,0.297,29,98.39,98.445,98.766,98.201,98.365,38.39,34.16,253.15,82.74,2.51918,99.358,10.33
2026-06-10T17:11:00,PCI_9,gNB-3,100.0,355,0,100.0,104.0,141.2,99.708,99.497,0.186,30,98.558,99.001,98.655,98.202,98.473,42.2,33.1,231.84,93.02,2.43649,99.092,11.89
2026-06-10T17:11:00,PCI_10,gNB-3,99.982,360,0,100.0,86.1,110.5,99.536,99.712,0.055,28,98.31,99.112,98.418,98.916,98.429,52.13,34.83,260.23,84.41,2.58487,99.124,10.06
2026-06-10T17:12:00,PCI_1,gNB-1,99.932,369,0,100.0,96.6,121.9,99.286,99.453,0.11,35,98.394,99.0,98.831,98.718,97.65,47.55,32.86,246.32,84.54,2.48144,99.43,11.54
2026-06-10T17:12:00,PCI_2,gNB-1,99.959,384,0,100.0,87.5,108.2,99.462,99.529,0.192,30,89.497,99.052,94.087,97.99,98.208,38.42,36.13,208.18,70.32,2.08871,99.046,26.45
2026-06-10T17:12:00,PCI_3,gNB-1,99.982,364,0,100.0,99.1,115.6,99.794,99.56,0.069,38,98.493,98.805,98.351,98.341,97.821,36.6,36.2,240.82,113.95,2.66075,98.994,8.98
2026-06-10T17:12:00,PCI_4,gNB-1,99.964,367,0,100.0,94.6,119.4,99.568,99.41,0.164,32,98.408,98.732,98.271,98.268,97.625,39.27,32.63,222.89,78.78,2.26254,99.01,10.25
2026-06-10T17:12:00,PCI_5,gNB-2,99.926,378,0,100.0,100.8,131.8,99.353,99.519,0.171,35,98.669,98.915,98.156,98.307,98.371,41.96,36.31,248.28,79.89,2.46133,99.212,10.8
2026-06-10T17:12:00,PCI_6,gNB-2,99.999,351,0,100.0,90.8,122.1,99.61,99.312,0.272,33,98.488,99.468,98.732,98.14,97.625,40.97,33.49,243.74,86.54,2.47708,99.535,8.96
2026-06-10T17:12:00,PCI_7,gNB-2,99.992,352,0,100.0,100.5,139.7,99.463,99.469,0.242,32,98.494,98.991,98.921,98.387,98.015,38.01,31.52,212.42,97.45,2.32401,99.517,10.96
2026-06-10T17:12:00,PCI_8,gNB-3,99.996,366,0,100.0,90.1,120.6,99.347,99.761,0.113,35,97.935,98.639,98.011,97.893,98.066,50.33,31.63,203.07,86.41,2.17108,99.235,10.43
2026-06-10T17:12:00,PCI_9,gNB-3,99.997,370,0,100.0,80.2,95.9,99.551,99.183,0.167,28,98.351,98.85,98.724,98.27,97.951,44.38,33.56,245.83,107.86,2.65271,99.21,10.49
2026-06-10T17:12:00,PCI_10,gNB-3,99.952,359,0,100.0,97.4,117.2,99.784,99.424,0.146,34,98.749,98.907,98.351,98.5,98.214,37.93,26.75,203.33,80.62,2.12961,98.675,11.12
2026-06-10T17:13:00,PCI_1,gNB-1,99.989,376,0,100.0,95.6,114.4,99.483,99.391,0.042,30,98.825,98.827,98.602,98.201,98.284,47.06,22.05,253.08,93.81,2.60168,98.741,11.48
2026-06-10T17:13:00,PCI_2,gNB-1,99.936,366,0,100.0,103.2,132.7,100.0,99.081,0.251,40,89.122,99.435,94.07,98.261,97.833,44.45,34.83,223.49,91.37,2.36148,99.006,23.28
2026-06-10T17:13:00,PCI_3,gNB-1,99.986,392,0,100.0,85.5,115.0,99.871,99.687,0.168,30,98.139,99.277,98.226,98.389,98.477,40.49,34.45,244.78,81.49,2.44706,98.888,10.02
2026-06-10T17:13:00,PCI_4,gNB-1,99.973,356,0,100.0,103.4,137.6,99.478,99.255,0.179,34,98.469,99.166,98.494,98.485,98.062,43.07,32.13,202.17,83.01,2.13886,99.046,12.26
2026-06-10T17:13:00,PCI_5,gNB-2,99.946,373,1,99.732,99.0,135.2,99.479,99.341,0.093,38,98.428,99.366,98.906,98.121,97.377,37.55,39.41,204.99,77.87,2.12144,99.652,13.39
2026-06-10T17:13:00,PCI_6,gNB-2,99.926,393,0,100.0,104.3,127.6,99.643,99.119,0.0,38,98.775,98.778,98.078,98.837,98.173,40.63,41.36,194.13,99.75,2.20409,99.282,6.38
2026-06-10T17:13:00,PCI_7,gNB-2,99.998,355,0,100.0,84.9,111.9,99.425,99.316,0.151,35,98.699,98.606,98.714,98.649,98.611,47.16,30.51,240.94,93.05,2.50491,99.713,9.65
2026-06-10T17:13:00,PCI_8,gNB-3,99.958,340,0,100.0,89.9,110.6,99.794,99.491,0.145,28,98.563,98.702,99.12,98.643,97.972,41.86,27.86,204.13,95.91,2.2503,99.543,11.67
2026-06-10T17:13:00,PCI_9,gNB-3,99.956,365,0,100.0,92.4,119.6,99.513,99.421,0.186,29,98.874,98.912,98.566,98.441,97.913,36.46,26.36,210.8,90.85,2.26237,99.172,11.42
2026-06-10T17:13:00,PCI_10,gNB-3,99.903,361,0,100.0,80.5,104.8,99.787,99.469,0.147,30,98.773,98.965,98.777,97.776,97.955,41.64,32.54,216.23,89.07,2.28973,98.963,10.04
2026-06-10T17:14:00,PCI_1,gNB-1,99.947,356,0,100.0,94.5,131.9,99.603,99.359,0.165,34,98.474,98.845,98.925,98.266,97.805,43.69,38.77,238.41,94.97,2.50034,99.679,12.24
2026-06-10T17:14:00,PCI_2,gNB-1,99.962,376,0,100.0,84.0,116.4,99.399,99.55,0.161,29,89.487,99.083,93.702,97.612,98.355,39.75,24.64,210.35,97.75,2.31078,99.518,26.17
2026-06-10T17:14:00,PCI_3,gNB-1,100.0,377,1,99.735,78.6,103.6,99.844,99.079,0.265,29,98.384,99.109,97.993,98.226,98.173,47.87,38.51,202.92,94.33,2.22939,99.283,9.4
2026-06-10T17:14:00,PCI_4,gNB-1,99.986,385,0,100.0,102.5,118.0,99.874,99.338,0.166,36,98.328,98.781,98.965,98.344,97.931,42.18,38.63,269.36,76.38,2.59306,99.246,9.24
2026-06-10T17:14:00,PCI_5,gNB-2,99.99,343,0,100.0,97.4,113.9,99.647,99.039,0.211,34,98.448,99.326,99.537,98.121,98.245,43.79,41.58,217.98,78.19,2.22126,99.456,10.17
2026-06-10T17:14:00,PCI_6,gNB-2,100.0,368,0,100.0,95.6,114.7,99.698,99.343,0.29,34,99.058,98.891,98.086,98.465,97.672,46.67,43.72,195.52,88.97,2.13362,98.913,11.75
2026-06-10T17:14:00,PCI_7,gNB-2,99.964,378,0,100.0,107.7,140.9,99.63,99.336,0.095,40,98.892,99.512,98.429,98.464,97.546,50.56,33.51,191.27,92.08,2.12513,98.837,11.08
2026-06-10T17:14:00,PCI_8,gNB-3,99.917,361,0,100.0,81.4,105.9,99.437,99.158,0.246,35,98.487,98.552,98.68,98.198,97.812,39.81,35.58,166.53,81.06,1.85694,99.06,8.99
2026-06-10T17:14:00,PCI_9,gNB-3,99.991,380,1,99.737,94.1,127.4,99.409,99.264,0.109,34,98.327,98.853,98.832,98.353,98.188,40.7,36.01,212.86,92.97,2.2937,99.048,11.11
2026-06-10T17:14:00,PCI_10,gNB-3,99.983,392,0,100.0,100.8,115.9,99.711,99.507,0.124,38,98.762,98.667,97.949,98.598,98.339,47.08,43.7,233.24,93.47,2.45032,99.216,8.74
2026-06-10T17:15:00,PCI_1,gNB-1,99.969,344,0,100.0,93.7,130.8,99.645,99.356,0.069,37,98.501,98.941,98.827,98.013,98.533,36.37,35.8,212.97,91.72,2.28518,98.95,9.01
2026-06-10T17:15:00,PCI_2,gNB-1,99.998,370,0,100.0,93.3,123.1,99.711,99.504,0.182,28,89.099,98.861,93.683,98.327,98.824,40.94,35.17,259.7,86.32,2.59512,99.205,26.46
2026-06-10T17:15:00,PCI_3,gNB-1,99.966,372,0,100.0,76.0,90.9,99.573,99.167,0.096,30,97.779,99.165,98.636,99.09,98.3,39.87,37.22,207.68,77.61,2.13974,99.349,11.35
2026-06-10T17:15:00,PCI_4,gNB-1,99.957,336,0,100.0,105.3,146.5,99.455,99.374,0.177,32,98.523,99.048,98.457,98.231,98.617,41.18,32.76,230.55,83.37,2.35438,99.383,8.74
2026-06-10T17:15:00,PCI_5,gNB-2,99.974,367,0,100.0,91.0,123.9,99.792,99.372,0.182,35,98.358,99.14,98.87,98.354,98.021,37.47,35.15,209.77,80.71,2.17859,99.163,8.84
2026-06-10T17:15:00,PCI_6,gNB-2,99.934,356,0,100.0,96.9,121.9,99.558,98.855,0.082,33,98.509,99.192,98.849,98.129,97.36,38.21,27.86,240.26,90.23,2.47865,99.206,12.99
2026-06-10T17:15:00,PCI_7,gNB-2,99.942,378,0,100.0,99.8,136.8,99.541,99.521,0.093,37,98.361,99.429,98.301,98.95,97.461,37.25,34.94,230.36,94.95,2.43983,99.39,11.25
2026-06-10T17:15:00,PCI_8,gNB-3,99.972,356,0,100.0,96.1,115.9,99.664,99.554,0.242,32,98.495,99.009,98.878,98.529,97.813,47.18,37.53,206.78,92.07,2.24142,99.078,11.99
2026-06-10T17:15:00,PCI_9,gNB-3,100.0,339,0,100.0,98.4,128.5,99.453,99.675,0.221,38,98.627,98.608,98.564,97.708,98.345,40.4,30.38,228.95,74.51,2.27595,99.059,9.22
2026-06-10T17:15:00,PCI_10,gNB-3,100.0,354,0,100.0,86.4,120.5,99.419,99.418,0.206,33,98.491,99.251,98.006,98.166,97.999,41.0,34.68,212.5,91.69,2.28143,99.36,9.32
2026-06-10T17:16:00,PCI_1,gNB-1,99.936,385,0,100.0,94.5,119.6,99.687,99.641,0.188,37,99.033,99.101,98.501,98.162,97.548,35.54,32.58,222.22,86.59,2.31612,99.437,9.68
2026-06-10T17:16:00,PCI_2,gNB-1,99.97,353,0,100.0,84.4,114.7,99.452,99.315,0.246,32,88.868,98.817,93.539,98.841,98.504,41.94,32.22,198.82,106.61,2.29074,99.264,26.35
2026-06-10T17:16:00,PCI_3,gNB-1,99.965,337,0,100.0,94.7,130.6,99.759,99.696,0.092,32,98.914,99.143,99.192,98.236,98.132,33.4,35.3,197.52,91.7,2.16914,99.303,10.69
2026-06-10T17:16:00,PCI_4,gNB-1,99.958,335,0,100.0,98.2,124.5,99.605,99.457,0.058,28,98.482,99.045,98.418,98.332,97.749,41.18,35.4,232.12,76.25,2.31273,99.396,10.37
2026-06-10T17:16:00,PCI_5,gNB-2,99.882,358,0,100.0,86.7,120.7,99.596,99.395,0.124,28,98.796,98.651,98.747,98.533,98.093,34.14,28.68,198.98,83.04,2.11517,99.37,10.2
2026-06-10T17:16:00,PCI_6,gNB-2,99.985,377,0,100.0,99.3,124.9,99.593,99.417,0.063,31,98.184,98.457,98.541,98.639,97.779,40.89,32.83,185.82,78.34,1.98123,99.097,11.89
2026-06-10T17:16:00,PCI_7,gNB-2,99.919,374,0,100.0,112.1,145.7,99.352,99.587,0.172,37,98.463,99.245,98.579,98.425,98.066,40.54,32.38,214.44,80.77,2.21409,99.241,10.5
2026-06-10T17:16:00,PCI_8,gNB-3,100.0,362,0,100.0,84.8,118.0,99.714,99.513,0.143,30,98.352,98.409,98.42,98.406,97.771,36.19,36.37,169.54,97.82,2.00523,99.132,8.14
2026-06-10T17:16:00,PCI_9,gNB-3,99.999,380,0,100.0,107.9,141.7,99.912,99.419,0.129,39,98.809,98.875,98.695,98.18,97.777,43.73,26.8,220.11,100.12,2.40178,98.774,10.57
2026-06-10T17:16:00,PCI_10,gNB-3,99.954,358,0,100.0,98.2,120.6,99.723,99.102,0.229,28,98.65,98.873,98.878,98.379,97.759,43.1,32.37,221.72,76.86,2.23929,99.428,10.98
2026-06-10T17:17:00,PCI_1,gNB-1,99.965,383,0,100.0,107.7,137.3,99.616,99.466,0.0,38,98.203,99.001,98.576,98.653,97.614,44.42,38.32,225.93,107.75,2.50263,99.386,11.03
2026-06-10T17:17:00,PCI_2,gNB-1,99.987,381,1,99.738,106.9,135.5,99.854,99.38,0.271,38,88.855,99.041,93.66,97.902,98.136,40.62,27.49,177.18,85.93,1.97335,99.307,26.87
2026-06-10T17:17:00,PCI_3,gNB-1,100.0,353,0,100.0,82.8,105.1,99.679,99.189,0.137,29,98.539,99.221,98.88,98.32,97.58,43.6,37.26,167.3,76.9,1.83152,99.225,9.28
2026-06-10T17:17:00,PCI_4,gNB-1,100.0,377,0,100.0,95.9,117.5,99.676,99.252,0.165,39,98.639,98.696,98.642,98.452,98.082,42.52,24.55,209.74,99.12,2.31639,99.294,9.97
2026-06-10T17:17:00,PCI_5,gNB-2,100.0,330,0,100.0,87.6,122.1,99.783,99.488,0.052,30,98.475,99.256,98.787,98.008,98.14,34.43,27.02,163.85,95.4,1.94442,99.263,9.26
2026-06-10T17:17:00,PCI_6,gNB-2,99.908,370,0,100.0,100.9,120.4,99.55,99.449,0.156,38,98.104,98.818,98.633,97.968,97.501,41.85,36.82,189.16,80.42,2.02185,98.838,11.27
2026-06-10T17:17:00,PCI_7,gNB-2,99.909,375,0,100.0,98.7,126.4,99.709,99.475,0.064,35,98.7,98.474,99.173,98.126,97.995,44.58,22.45,229.11,83.44,2.34413,99.261,9.7
2026-06-10T17:17:00,PCI_8,gNB-3,99.992,373,0,100.0,89.2,116.5,99.661,99.425,0.113,36,98.632,99.083,99.011,98.314,98.617,37.99,27.32,202.56,79.65,2.1166,99.198,10.31
2026-06-10T17:17:00,PCI_9,gNB-3,99.968,350,0,100.0,95.5,113.5,99.749,99.627,0.125,31,98.443,98.993,98.207,98.107,98.303,45.32,31.12,220.34,88.77,2.31836,99.311,7.88
2026-06-10T17:17:00,PCI_10,gNB-3,100.0,334,0,100.0,100.4,139.4,99.613,99.539,0.101,41,98.568,98.915,98.348,98.618,98.362,49.29,36.94,223.98,91.07,2.3629,98.86,9.54
2026-06-10T17:18:00,PCI_1,gNB-1,99.949,336,0,100.0,83.9,105.3,99.617,99.45,0.242,35,98.784,99.056,98.708,98.021,97.663,41.27,30.68,207.46,104.85,2.34239,99.52,7.65
2026-06-10T17:18:00,PCI_2,gNB-1,100.0,344,0,100.0,107.7,131.7,99.817,99.554,0.189,35,88.433,99.022,93.372,98.337,98.734,42.84,33.24,247.72,98.4,2.5959,99.529,25.85
2026-06-10T17:18:00,PCI_3,gNB-1,100.0,353,0,100.0,102.0,129.9,99.421,99.4,0.229,37,98.272,98.548,98.896,97.697,97.594,47.05,27.72,211.71,85.51,2.22918,99.478,10.07
2026-06-10T17:18:00,PCI_4,gNB-1,99.977,377,0,100.0,79.0,99.6,99.842,99.365,0.074,24,98.28,99.105,99.28,98.043,98.257,38.83,29.76,158.49,89.3,1.85836,98.927,10.85
2026-06-10T17:18:00,PCI_5,gNB-2,99.923,335,0,100.0,79.3,91.9,99.528,99.481,0.348,24,98.839,99.272,98.7,98.257,98.029,44.75,33.56,188.47,92.28,2.10562,99.093,8.48
2026-06-10T17:18:00,PCI_6,gNB-2,99.934,370,0,100.0,99.9,121.6,99.264,99.529,0.191,31,98.292,98.871,98.849,98.26,98.044,37.96,30.73,211.18,98.38,2.32173,99.324,10.83
2026-06-10T17:18:00,PCI_7,gNB-2,99.929,367,0,100.0,100.5,137.6,99.548,99.287,0.069,36,98.129,99.473,98.288,98.609,98.084,42.51,31.11,216.82,83.83,2.25486,99.054,9.77
2026-06-10T17:18:00,PCI_8,gNB-3,99.996,364,0,100.0,86.6,108.2,99.688,99.266,0.174,31,98.603,98.471,99.158,98.154,98.168,51.85,34.64,196.85,86.91,2.12821,99.726,9.27
2026-06-10T17:18:00,PCI_9,gNB-3,99.915,345,0,100.0,95.5,125.7,99.501,99.547,0.175,32,97.956,98.711,98.606,97.98,98.291,39.19,25.84,213.0,86.44,2.24578,100.0,12.38
2026-06-10T17:18:00,PCI_10,gNB-3,99.959,338,0,100.0,94.8,130.1,99.803,99.7,0.145,32,98.823,98.852,98.994,98.546,98.11,42.82,32.05,171.54,80.36,1.88922,99.154,12.12
2026-06-10T17:19:00,PCI_1,gNB-1,99.951,378,0,100.0,84.3,102.9,99.753,99.452,0.162,29,98.215,98.39,99.171,97.906,97.384,37.05,35.27,213.76,90.57,2.28243,99.091,12.14
2026-06-10T17:19:00,PCI_2,gNB-1,99.988,358,1,99.721,93.7,112.4,99.705,99.565,0.222,32,88.811,98.904,93.394,98.449,98.113,38.92,36.28,172.35,97.14,2.02119,99.108,28.28
2026-06-10T17:19:00,PCI_3,gNB-1,99.958,348,0,100.0,90.6,122.9,99.41,99.372,0.08,24,98.335,99.652,99.029,98.337,98.071,40.89,32.13,222.51,96.36,2.39151,99.137,10.68
2026-06-10T17:19:00,PCI_4,gNB-1,99.977,379,1,99.736,90.4,107.0,99.67,99.223,0.176,30,98.513,98.819,98.394,98.166,98.183,49.44,38.45,216.12,93.14,2.31944,98.971,9.91
2026-06-10T17:19:00,PCI_5,gNB-2,99.985,359,0,100.0,100.2,136.3,99.489,99.552,0.166,39,98.817,98.87,98.601,98.844,97.999,46.12,38.91,291.79,89.44,2.8592,99.275,9.8
2026-06-10T17:19:00,PCI_6,gNB-2,99.972,356,0,100.0,98.8,131.7,99.682,99.691,0.188,28,98.839,98.889,98.02,97.598,97.735,38.6,29.49,227.43,103.9,2.48501,99.184,11.05
2026-06-10T17:19:00,PCI_7,gNB-2,100.0,374,0,100.0,81.4,96.5,99.431,98.946,0.172,29,99.02,99.222,98.742,98.2,97.606,38.99,34.64,226.74,87.1,2.35379,99.226,10.37
2026-06-10T17:19:00,PCI_8,gNB-3,99.98,348,0,100.0,79.0,105.3,99.622,99.594,0.111,27,98.345,98.624,98.879,98.234,97.713,40.95,32.83,220.19,79.59,2.24836,98.813,11.68
2026-06-10T17:19:00,PCI_9,gNB-3,99.98,357,0,100.0,97.9,115.7,99.726,99.543,0.19,30,98.439,99.311,98.797,98.198,97.73,46.86,29.86,199.1,94.72,2.20367,99.316,10.46
2026-06-10T17:19:00,PCI_10,gNB-3,99.957,367,0,100.0,83.7,112.9,99.386,99.32,0.101,29,98.394,98.939,98.969,98.077,98.186,40.06,39.06,268.92,76.96,2.59406,99.466,11.78
2026-06-10T17:20:00,PCI_1,gNB-1,99.978,377,0,100.0,92.4,127.5,99.633,99.174,0.073,22,99.109,98.915,98.346,98.119,97.823,35.31,31.68,216.71,78.22,2.21199,98.977,10.54
2026-06-10T17:20:00,PCI_2,gNB-1,99.984,379,0,100.0,100.6,134.5,99.65,99.297,0.062,30,88.353,99.09,93.514,98.668,97.986,40.92,30.88,208.97,73.97,2.12208,99.238,27.2
2026-06-10T17:20:00,PCI_3,gNB-1,99.954,368,0,100.0,103.6,123.2,99.656,99.22,0.232,34,98.617,98.816,98.566,98.437,98.363,43.2,31.73,258.48,76.07,2.50912,99.15,13.2
2026-06-10T17:20:00,PCI_4,gNB-1,100.0,324,0,100.0,114.1,134.8,99.388,99.144,0.154,41,98.177,98.808,98.944,97.884,97.922,42.56,33.52,188.9,68.74,1.93235,99.586,9.16
2026-06-10T17:20:00,PCI_5,gNB-2,99.962,322,0,100.0,88.0,111.5,99.71,99.379,0.109,32,98.79,98.745,98.742,98.546,97.662,37.22,37.0,199.27,80.22,2.09614,99.572,7.92
2026-06-10T17:20:00,PCI_6,gNB-2,99.987,343,0,100.0,80.5,102.8,99.533,99.018,0.143,28,98.252,98.909,98.744,98.266,98.003,39.04,32.5,218.2,91.98,2.32638,99.113,11.21
2026-06-10T17:20:00,PCI_7,gNB-2,99.971,335,0,100.0,85.0,108.0,99.678,99.518,0.087,29,98.751,99.006,98.703,98.042,97.829,41.61,33.41,200.57,90.64,2.18407,99.429,11.16
2026-06-10T17:20:00,PCI_8,gNB-3,99.981,345,0,100.0,88.6,105.9,99.405,98.959,0.153,31,98.0,99.228,98.416,98.469,98.421,42.82,27.13,210.96,85.01,2.21974,99.408,7.48
2026-06-10T17:20:00,PCI_9,gNB-3,99.946,329,0,100.0,97.2,132.2,99.528,99.438,0.182,34,98.251,99.025,98.559,98.512,97.663,43.36,27.8,215.49,87.84,2.275,99.069,11.22
2026-06-10T17:20:00,PCI_10,gNB-3,99.891,373,0,100.0,81.8,100.8,99.532,99.643,0.143,24,98.515,99.092,98.595,98.228,98.331,35.97,31.86,203.28,79.06,2.11758,98.966,6.93
2026-06-10T17:21:00,PCI_1,gNB-1,99.94,381,0,100.0,79.0,107.5,99.839,99.417,0.188,25,98.591,99.314,98.706,98.543,97.968,40.97,30.31,222.13,89.44,2.33673,99.334,9.32
2026-06-10T17:21:00,PCI_2,gNB-1,99.933,383,0,100.0,87.1,106.4,99.799,99.243,0.207,38,88.103,99.286,93.219,97.605,97.812,42.75,28.59,237.46,76.56,2.35514,98.775,27.72
2026-06-10T17:21:00,PCI_3,gNB-1,99.992,367,0,100.0,95.2,128.1,99.808,99.7,0.154,32,98.664,98.8,98.939,98.16,98.128,45.94,31.24,232.25,85.69,2.38458,99.169,9.76
2026-06-10T17:21:00,PCI_4,gNB-1,99.927,358,0,100.0,92.0,110.4,99.343,99.36,0.031,28,98.715,98.732,98.387,98.126,98.223,42.83,33.8,274.27,97.47,2.78804,98.515,9.26
2026-06-10T17:21:00,PCI_5,gNB-2,99.971,339,0,100.0,86.6,120.2,99.701,99.526,0.0,34,98.266,98.807,98.339,97.471,97.668,41.26,30.67,211.75,95.95,2.3077,98.894,9.48
2026-06-10T17:21:00,PCI_6,gNB-2,99.943,369,0,100.0,83.8,112.4,99.602,99.436,0.096,29,98.537,99.167,98.836,98.243,97.47,45.53,28.41,194.56,92.81,2.15523,99.233,9.72
2026-06-10T17:21:00,PCI_7,gNB-2,99.975,369,0,100.0,79.3,101.4,99.549,99.451,0.127,25,98.42,98.986,98.715,98.555,97.99,40.5,36.91,212.83,72.58,2.14056,99.08,10.95
2026-06-10T17:21:00,PCI_8,gNB-3,99.992,345,0,100.0,88.3,110.2,99.414,99.699,0.101,27,98.054,98.369,98.309,98.486,98.218,36.13,30.47,199.94,86.26,2.14649,99.417,11.06
2026-06-10T17:21:00,PCI_9,gNB-3,99.986,338,0,100.0,86.3,106.4,99.717,99.4,0.139,30,98.236,99.542,98.99,98.565,97.877,43.3,34.16,218.57,82.38,2.25707,99.519,10.87
2026-06-10T17:21:00,PCI_10,gNB-3,100.0,341,0,100.0,91.6,109.0,99.219,99.229,0.105,34,99.283,98.528,98.728,98.275,97.94,45.01,30.46,225.5,98.42,2.42946,99.557,8.95
2026-06-10T17:22:00,PCI_1,gNB-1,99.978,362,0,100.0,95.5,129.7,99.62,99.402,0.199,29,98.736,98.629,98.46,98.004,98.188,41.2,38.83,222.91,74.36,2.22947,99.013,11.17
2026-06-10T17:22:00,PCI_2,gNB-1,99.972,369,0,100.0,96.1,116.2,99.763,99.701,0.046,26,88.263,98.782,93.498,97.927,97.972,49.87,27.92,233.82,71.78,2.29199,98.8,28.77
2026-06-10T17:22:00,PCI_3,gNB-1,99.962,301,0,100.0,84.7,108.9,99.82,99.436,0.083,27,98.526,98.806,98.401,98.094,98.108,46.93,38.41,242.24,89.11,2.48519,99.309,11.06
2026-06-10T17:22:00,PCI_4,gNB-1,99.967,343,0,100.0,92.1,127.7,99.636,99.303,0.108,32,98.458,99.556,98.449,98.291,97.949,45.62,30.12,216.4,98.27,2.35998,98.889,9.9
2026-06-10T17:22:00,PCI_5,gNB-2,99.958,361,0,100.0,95.0,125.2,99.662,99.517,0.18,33,98.465,99.109,99.168,98.715,97.662,35.31,32.01,194.61,85.39,2.10007,98.789,10.98
2026-06-10T17:22:00,PCI_6,gNB-2,99.936,363,0,100.0,94.6,127.5,99.552,99.596,0.197,31,98.255,99.015,98.947,98.733,98.306,46.36,31.49,215.87,85.67,2.26154,99.19,8.84
2026-06-10T17:22:00,PCI_7,gNB-2,99.991,363,0,100.0,95.1,121.3,99.487,99.326,0.118,34,98.077,99.176,98.591,98.534,97.761,40.05,32.67,220.4,93.3,2.35276,99.074,9.0
2026-06-10T17:22:00,PCI_8,gNB-3,100.0,324,0,100.0,93.1,123.5,99.906,99.73,0.135,27,99.023,98.797,98.711,98.413,97.634,39.56,31.73,214.26,79.26,2.20135,99.524,10.61
2026-06-10T17:22:00,PCI_9,gNB-3,99.937,338,0,100.0,89.0,107.2,99.601,99.431,0.107,29,98.962,99.183,98.294,98.315,97.645,38.9,30.57,187.0,81.78,2.01585,98.829,13.04
2026-06-10T17:22:00,PCI_10,gNB-3,99.952,353,0,100.0,83.0,116.1,99.207,99.29,0.13,32,97.981,98.926,98.6,98.161,98.197,46.44,36.02,220.02,76.87,2.22662,99.629,7.18
2026-06-10T17:23:00,PCI_1,gNB-1,99.987,362,0,100.0,94.0,127.4,99.62,99.177,0.265,30,98.437,99.134,98.824,98.107,97.81,42.37,30.78,212.19,91.74,2.27951,99.115,11.16
2026-06-10T17:23:00,PCI_2,gNB-1,100.0,352,0,100.0,95.6,119.2,99.641,99.257,0.199,33,87.802,99.142,93.308,97.878,97.759,39.6,28.31,216.02,89.31,2.28996,99.255,28.48
2026-06-10T17:23:00,PCI_3,gNB-1,99.915,374,0,100.0,77.1,95.4,99.57,99.513,0.2,24,98.555,99.029,98.401,97.936,97.616,34.15,35.18,240.66,80.62,2.40961,99.123,10.71
2026-06-10T17:23:00,PCI_4,gNB-1,99.955,327,0,100.0,75.3,87.9,99.367,99.497,0.076,22,98.759,99.029,98.564,98.478,98.096,42.28,31.0,191.26,87.63,2.09173,99.11,7.46
2026-06-10T17:23:00,PCI_5,gNB-2,99.946,320,0,100.0,95.1,113.8,99.631,99.508,0.12,39,98.294,98.962,99.141,98.166,97.798,40.02,38.4,219.27,92.75,2.34011,98.717,9.72
2026-06-10T17:23:00,PCI_6,gNB-2,99.951,339,0,100.0,83.9,104.9,99.419,99.642,0.183,29,98.691,98.794,98.372,98.57,98.019,48.31,27.28,219.71,92.18,2.33917,98.363,8.81
2026-06-10T17:23:00,PCI_7,gNB-2,99.932,336,0,100.0,81.8,109.2,99.723,99.324,0.151,26,98.368,99.102,98.487,98.079,98.174,39.09,33.07,211.52,80.29,2.18862,99.26,13.52
2026-06-10T17:23:00,PCI_8,gNB-3,100.0,377,0,100.0,96.7,122.0,99.675,99.187,0.161,32,98.193,99.141,98.551,97.719,97.306,33.08,34.83,221.15,79.77,2.25693,99.269,9.14
2026-06-10T17:23:00,PCI_9,gNB-3,99.993,343,0,100.0,97.1,124.1,99.81,99.453,0.07,33,98.991,99.201,97.819,98.298,97.599,39.85,37.94,204.83,85.21,2.17525,99.442,11.45
2026-06-10T17:23:00,PCI_10,gNB-3,99.942,316,0,100.0,78.0,103.5,99.219,99.204,0.143,27,98.691,99.043,98.496,98.465,97.846,39.47,26.53,198.43,73.44,2.03906,98.886,8.91
2026-06-10T17:24:00,PCI_1,gNB-1,99.953,337,0,100.0,80.0,94.0,99.277,99.436,0.083,28,98.441,98.619,98.626,98.663,97.851,34.23,30.58,210.94,81.24,2.19133,99.281,9.21
2026-06-10T17:24:00,PCI_2,gNB-1,99.953,343,0,100.0,85.7,113.6,99.422,99.576,0.143,31,87.854,98.873,92.84,98.356,97.927,44.77,27.24,238.82,91.45,2.47705,99.07,26.07
2026-06-10T17:24:00,PCI_3,gNB-1,99.987,357,0,100.0,84.8,118.0,99.707,99.7,0.167,31,98.42,99.041,98.763,97.858,98.177,33.34,33.78,240.49,84.04,2.43401,99.254,8.91
2026-06-10T17:24:00,PCI_4,gNB-1,99.999,347,0,100.0,84.9,112.8,99.432,99.274,0.198,26,98.667,99.037,99.02,98.287,98.371,32.79,33.09,208.34,77.35,2.1427,99.178,9.52
2026-06-10T17:24:00,PCI_5,gNB-2,99.933,356,0,100.0,91.3,119.0,99.87,99.295,0.11,35,98.73,98.953,98.62,98.289,98.562,42.55,31.59,200.44,99.24,2.24761,99.088,6.82
2026-06-10T17:24:00,PCI_6,gNB-2,99.972,336,0,100.0,93.3,112.0,99.592,99.178,0.043,33,98.569,98.848,98.527,98.562,97.828,38.84,27.83,193.18,97.19,2.17772,99.389,11.55
2026-06-10T17:24:00,PCI_7,gNB-2,100.0,338,0,100.0,113.7,138.6,99.538,99.275,0.209,37,98.225,99.441,98.398,97.884,97.93,41.03,33.58,245.19,92.26,2.53085,99.489,11.52
2026-06-10T17:24:00,PCI_8,gNB-3,100.0,359,0,100.0,77.6,106.4,99.737,99.519,0.147,29,98.593,99.331,99.312,98.292,97.987,42.05,30.97,223.9,93.57,2.381,99.519,11.26
2026-06-10T17:24:00,PCI_9,gNB-3,99.929,350,0,100.0,72.5,100.4,99.478,99.847,0.201,28,98.676,98.953,98.754,98.689,97.811,39.64,29.84,179.52,94.62,2.05607,99.497,11.43
2026-06-10T17:24:00,PCI_10,gNB-3,99.973,350,0,100.0,82.2,95.5,99.468,99.52,0.11,32,98.656,98.976,98.273,98.09,98.492,35.55,36.41,218.86,80.62,2.24608,99.237,6.05
2026-06-10T17:25:00,PCI_1,gNB-1,99.988,358,0,100.0,86.1,118.7,99.493,99.615,0.089,32,98.774,98.751,98.583,98.286,98.383,36.27,33.14,186.3,94.38,2.10514,99.123,9.57
2026-06-10T17:25:00,PCI_2,gNB-1,99.972,365,0,100.0,70.4,92.9,99.529,99.439,0.311,23,87.771,98.319,93.347,97.677,97.761,44.52,34.13,221.62,92.01,2.3522,99.468,27.29
2026-06-10T17:25:00,PCI_3,gNB-1,99.922,340,0,100.0,94.5,121.8,99.689,99.703,0.242,27,98.655,98.801,98.504,98.207,97.896,43.36,33.46,236.04,86.9,2.42209,99.053,10.99
2026-06-10T17:25:00,PCI_4,gNB-1,100.0,349,0,100.0,110.3,148.9,99.387,99.517,0.139,40,98.778,98.836,98.644,98.638,97.784,37.03,25.43,201.77,79.33,2.1083,99.358,10.12
2026-06-10T17:25:00,PCI_5,gNB-2,99.945,338,0,100.0,81.2,101.4,99.582,99.247,0.136,30,98.368,99.011,98.688,98.342,97.98,37.02,31.58,203.68,88.04,2.18795,99.211,8.96
2026-06-10T17:25:00,PCI_6,gNB-2,99.987,325,0,100.0,78.8,98.0,99.486,99.79,0.134,24,98.164,98.901,98.812,97.901,97.564,46.08,32.13,209.24,98.29,2.30647,98.807,10.64
2026-06-10T17:25:00,PCI_7,gNB-2,99.962,334,1,99.701,95.2,121.6,99.462,99.289,0.178,33,98.623,98.722,98.956,98.468,97.875,41.74,38.65,222.59,98.96,2.41161,99.086,12.15
2026-06-10T17:25:00,PCI_8,gNB-3,99.905,369,0,100.0,80.8,106.0,99.383,98.745,0.2,26,98.736,99.284,99.056,98.237,97.731,36.02,33.57,191.8,86.28,2.0856,99.475,11.14
2026-06-10T17:25:00,PCI_9,gNB-3,99.97,354,0,100.0,98.4,132.2,99.705,99.274,0.102,35,98.258,98.859,98.417,98.033,97.984,39.49,30.01,244.47,83.72,2.46141,99.173,7.0
2026-06-10T17:25:00,PCI_10,gNB-3,99.983,346,0,100.0,93.7,121.7,99.65,99.057,0.146,31,98.527,99.183,99.198,98.206,98.099,44.86,31.63,183.8,101.09,2.13664,99.384,11.57
2026-06-10T17:26:00,PCI_1,gNB-1,99.981,341,0,100.0,92.7,115.8,99.595,99.059,0.109,32,98.01,98.552,98.91,98.362,97.688,42.51,33.45,212.05,83.59,2.2173,99.02,12.25
2026-06-10T17:26:00,PCI_2,gNB-1,99.949,333,0,100.0,89.5,114.1,99.383,99.604,0.171,35,87.109,98.561,93.025,98.124,98.665,38.87,34.99,176.34,83.23,1.94681,99.415,28.89
2026-06-10T17:26:00,PCI_3,gNB-1,99.972,340,0,100.0,78.3,98.5,99.424,99.57,0.0,28,98.252,99.403,99.104,98.449,98.153,39.95,36.0,184.94,92.78,2.08288,99.081,10.68
2026-06-10T17:26:00,PCI_4,gNB-1,99.987,362,0,100.0,93.2,121.9,99.614,99.104,0.191,29,98.422,98.975,98.618,98.103,97.338,40.14,28.94,178.82,90.43,2.01938,99.23,10.49
2026-06-10T17:26:00,PCI_5,gNB-2,99.965,345,0,100.0,82.3,114.5,99.462,99.359,0.137,25,98.683,99.285,98.112,97.968,97.145,41.7,26.24,233.48,87.87,2.41009,99.276,10.46
2026-06-10T17:26:00,PCI_6,gNB-2,99.997,342,0,100.0,84.6,109.1,99.646,99.499,0.228,27,97.944,99.123,98.515,98.036,97.887,35.0,30.83,224.63,96.82,2.41084,99.01,11.11
2026-06-10T17:26:00,PCI_7,gNB-2,99.954,350,0,100.0,81.0,111.9,99.791,99.073,0.089,25,98.404,98.996,99.045,98.698,98.168,45.9,26.77,165.97,85.1,1.88307,99.079,10.96
2026-06-10T17:26:00,PCI_8,gNB-3,99.976,343,1,99.708,88.4,111.6,99.658,99.691,0.106,29,98.75,98.671,98.815,98.424,97.738,37.81,32.14,216.31,88.31,2.28464,99.138,11.15
2026-06-10T17:26:00,PCI_9,gNB-3,99.957,317,0,100.0,79.9,108.9,99.624,99.326,0.165,26,98.964,98.863,98.751,98.392,98.057,42.05,26.76,226.75,88.48,2.3642,99.335,9.33
2026-06-10T17:26:00,PCI_10,gNB-3,99.975,340,0,100.0,86.0,106.8,99.726,99.15,0.183,27,99.085,99.221,99.135,98.83,97.912,43.48,33.31,185.99,89.16,2.06363,99.378,8.52
2026-06-10T17:27:00,PCI_1,gNB-1,99.955,349,0,100.0,87.6,106.5,99.379,99.044,0.246,25,98.141,98.863,98.896,98.476,98.623,43.91,26.6,204.98,83.04,2.16015,99.293,10.23
2026-06-10T17:27:00,PCI_2,gNB-1,99.972,352,0,100.0,86.5,101.7,99.534,99.364,0.114,28,87.707,99.107,92.822,98.385,98.243,36.96,34.79,268.54,94.76,2.72477,99.38,27.85
2026-06-10T17:27:00,PCI_3,gNB-1,100.0,345,0,100.0,85.9,120.0,99.686,99.022,0.199,32,98.4,98.688,99.204,98.035,98.198,35.75,32.67,237.61,85.04,2.41991,99.073,10.44
2026-06-10T17:27:00,PCI_4,gNB-1,99.971,347,0,100.0,82.2,108.1,99.861,99.216,0.209,31,98.366,98.826,98.855,98.385,98.514,35.69,19.65,214.98,87.82,2.27103,98.958,9.02
2026-06-10T17:27:00,PCI_5,gNB-2,99.905,382,0,100.0,95.1,121.6,99.71,99.297,0.047,33,98.506,98.769,98.152,98.793,98.355,38.66,30.45,255.08,84.59,2.54746,99.64,9.05
2026-06-10T17:27:00,PCI_6,gNB-2,99.954,333,0,100.0,95.4,125.9,99.64,98.934,0.051,31,98.453,98.841,98.562,98.443,98.629,47.47,30.04,154.64,100.69,1.91494,99.41,12.29
2026-06-10T17:27:00,PCI_7,gNB-2,99.981,339,0,100.0,86.0,100.9,99.67,99.256,0.149,28,98.327,98.996,98.794,98.15,98.228,39.19,28.6,199.13,96.55,2.21763,99.053,10.85
2026-06-10T17:27:00,PCI_8,gNB-3,99.965,334,0,100.0,96.0,131.5,99.713,99.292,0.122,31,98.183,98.964,98.684,98.62,97.708,39.02,34.51,193.78,86.6,2.10286,98.871,12.18
2026-06-10T17:27:00,PCI_9,gNB-3,99.944,318,0,100.0,89.5,119.9,99.629,99.673,0.245,31,99.018,98.833,98.339,98.634,97.176,43.9,36.59,222.23,94.02,2.37182,99.441,8.41
2026-06-10T17:27:00,PCI_10,gNB-3,99.963,335,0,100.0,102.9,124.3,99.525,99.215,0.033,32,98.454,98.932,98.258,97.813,97.656,39.5,31.0,221.7,79.87,2.26176,99.125,11.08
2026-06-10T17:28:00,PCI_1,gNB-1,99.992,354,0,100.0,92.3,113.6,99.633,99.35,0.14,25,98.291,98.649,99.526,98.908,97.814,36.21,29.63,194.03,78.02,2.04036,99.353,9.57
2026-06-10T17:28:00,PCI_2,gNB-1,99.922,351,0,100.0,91.8,126.2,99.536,99.235,0.237,27,87.439,98.898,93.151,98.575,97.651,34.89,36.6,202.93,78.08,2.10758,99.227,29.89
2026-06-10T17:28:00,PCI_3,gNB-1,100.0,319,0,100.0,78.7,93.8,99.747,99.459,0.099,27,98.784,99.185,98.906,98.058,97.722,41.04,34.97,244.92,80.08,2.43746,99.107,12.75
2026-06-10T17:28:00,PCI_4,gNB-1,99.949,332,0,100.0,79.9,104.6,99.41,99.166,0.063,33,98.539,99.034,98.71,98.226,97.885,49.76,36.2,182.69,91.97,2.0599,99.423,10.29
2026-06-10T17:28:00,PCI_5,gNB-2,99.982,361,0,100.0,84.7,110.2,99.559,99.54,0.048,35,98.925,99.071,99.02,98.037,97.502,43.27,31.66,226.44,73.03,2.24603,98.955,8.74
2026-06-10T17:28:00,PCI_6,gNB-2,99.982,317,0,100.0,81.3,100.5,99.755,99.308,0.185,27,98.02,98.746,98.878,98.128,98.902,36.42,32.29,202.34,87.52,2.17399,99.334,11.5
2026-06-10T17:28:00,PCI_7,gNB-2,100.0,343,0,100.0,81.0,102.4,99.842,99.169,0.205,24,98.687,99.428,98.309,98.216,98.354,41.92,31.55,205.03,80.55,2.14185,99.395,9.61
2026-06-10T17:28:00,PCI_8,gNB-3,99.979,344,0,100.0,93.3,114.1,99.431,99.675,0.132,28,98.398,98.756,98.657,98.644,97.935,40.79,31.76,220.29,69.53,2.17368,99.307,11.07
2026-06-10T17:28:00,PCI_9,gNB-3,99.944,334,0,100.0,83.6,112.5,99.584,99.771,0.156,27,98.675,98.934,98.785,98.014,98.194,41.67,35.05,194.51,73.65,2.01124,99.483,10.17
2026-06-10T17:28:00,PCI_10,gNB-3,100.0,340,0,100.0,93.2,116.3,99.52,99.53,0.248,31,98.268,99.291,98.963,98.501,98.017,37.78,28.91,247.86,68.26,2.37085,99.383,8.9
2026-06-10T17:29:00,PCI_1,gNB-1,99.985,320,0,100.0,84.4,117.8,99.485,99.748,0.111,28,98.822,98.608,99.414,98.021,98.105,38.46,28.76,185.04,90.95,2.06993,99.07,10.33
2026-06-10T17:29:00,PCI_2,gNB-1,99.987,332,0,100.0,90.6,122.5,99.666,99.165,0.206,33,87.453,99.161,92.649,98.01,98.34,41.6,34.64,203.33,82.54,2.14405,98.889,28.41
2026-06-10T17:29:00,PCI_3,gNB-1,100.0,334,0,100.0,90.7,106.9,99.953,99.471,0.229,31,98.243,99.083,98.498,98.395,98.365,41.58,34.36,214.71,84.51,2.24417,99.454,9.29
2026-06-10T17:29:00,PCI_4,gNB-1,99.959,317,0,100.0,86.1,105.6,99.699,99.642,0.234,30,98.564,99.12,98.821,97.663,98.821,40.49,31.01,252.45,93.62,2.59557,98.976,7.63
2026-06-10T17:29:00,PCI_5,gNB-2,99.911,298,0,100.0,75.5,91.0,99.555,99.617,0.109,21,98.703,99.151,98.893,97.896,97.841,46.19,32.41,175.97,84.14,1.95082,99.37,11.05
2026-06-10T17:29:00,PCI_6,gNB-2,100.0,377,0,100.0,83.2,99.8,99.768,99.225,0.085,30,98.145,98.898,99.016,98.11,97.555,45.62,31.19,232.17,80.08,2.34187,99.518,11.06
2026-06-10T17:29:00,PCI_7,gNB-2,99.967,323,0,100.0,95.3,131.2,99.467,99.606,0.025,32,98.066,99.144,98.796,98.376,98.462,40.61,25.85,251.67,92.01,2.57759,99.251,11.91
2026-06-10T17:29:00,PCI_8,gNB-3,99.949,332,0,100.0,95.2,120.5,99.726,99.454,0.253,34,98.44,98.633,98.879,98.21,97.791,41.78,35.18,172.53,74.64,1.85378,99.358,11.19
2026-06-10T17:29:00,PCI_9,gNB-3,99.93,345,0,100.0,80.9,103.6,99.654,99.68,0.119,28,98.431,98.959,99.072,98.996,98.27,39.88,37.55,212.17,84.34,2.22383,99.034,12.97
2026-06-10T17:29:00,PCI_10,gNB-3,99.925,372,1,99.731,80.7,107.7,99.346,98.904,0.198,30,99.279,98.605,98.248,98.271,98.593,38.19,33.39,245.2,90.14,2.51505,99.295,9.7
2026-06-10T17:30:00,PCI_1,gNB-1,99.961,342,0,100.0,78.6,108.2,99.61,99.378,0.065,23,98.34,99.028,98.635,98.2,97.575,37.9,29.07,204.06,79.97,2.13022,99.038,9.95
2026-06-10T17:30:00,PCI_2,gNB-1,100.0,362,0,100.0,86.2,113.9,99.528,99.449,0.09,28,87.207,98.688,93.129,98.176,98.298,36.02,25.9,161.02,72.82,1.75383,99.115,27.76
2026-06-10T17:30:00,PCI_3,gNB-1,99.938,332,0,100.0,74.2,97.3,99.725,99.665,0.09,34,98.205,99.153,98.003,98.269,97.845,36.7,36.99,228.81,95.43,2.43179,99.178,10.04
2026-06-10T17:30:00,PCI_4,gNB-1,99.96,356,0,100.0,86.4,120.1,99.885,99.114,0.103,32,98.766,98.968,98.515,98.446,97.771,38.36,23.09,185.24,57.69,1.822,99.59,8.21
2026-06-10T17:30:00,PCI_5,gNB-2,99.97,336,0,100.0,81.7,99.6,99.328,99.605,0.236,30,98.766,98.965,97.865,98.267,99.149,39.16,30.29,176.01,98.91,2.06187,98.778,9.77
2026-06-10T17:30:00,PCI_6,gNB-2,99.967,347,0,100.0,72.9,98.2,99.475,99.357,0.108,22,98.767,99.43,99.021,98.667,98.177,36.03,28.69,213.86,84.3,2.23619,99.321,10.95
2026-06-10T17:30:00,PCI_7,gNB-2,99.943,324,0,100.0,80.9,103.3,99.846,99.582,0.207,23,98.349,98.775,98.758,98.767,97.659,40.22,34.38,228.77,88.84,2.38212,98.894,9.67
2026-06-10T17:30:00,PCI_8,gNB-3,100.0,354,0,100.0,72.2,92.6,99.403,99.621,0.316,31,98.385,98.809,98.46,98.175,98.667,45.58,26.85,195.38,78.02,2.05051,99.541,10.84
2026-06-10T17:30:00,PCI_9,gNB-3,99.974,335,0,100.0,87.6,114.3,99.724,99.244,0.137,28,98.156,99.309,98.598,98.413,98.157,44.22,37.72,206.09,76.81,2.12179,99.294,11.71
2026-06-10T17:30:00,PCI_10,gNB-3,100.0,316,0,100.0,86.6,101.7,99.723,99.328,0.131,24,98.397,99.207,98.95,97.813,98.102,40.15,29.86,188.55,86.28,2.06122,99.568,11.27
2026-06-10T17:31:00,PCI_1,gNB-1,99.999,331,0,100.0,85.0,104.1,99.282,99.313,0.199,27,98.747,98.849,98.569,98.701,97.864,34.84,31.77,174.64,72.99,1.85726,98.973,9.37
2026-06-10T17:31:00,PCI_2,gNB-1,99.977,365,0,100.0,83.6,115.7,99.55,99.083,0.178,28,86.845,98.898,93.061,98.08,97.722,34.51,31.0,203.45,87.48,2.18197,98.656,28.47
2026-06-10T17:31:00,PCI_3,gNB-1,99.956,366,0,100.0,87.4,118.7,99.714,99.449,0.106,33,98.48,98.909,98.348,98.772,98.044,41.57,36.26,226.98,86.97,2.35459,99.475,11.82
2026-06-10T17:31:00,PCI_4,gNB-1,100.0,332,0,100.0,87.4,117.5,99.735,99.221,0.175,32,98.418,98.703,99.204,97.99,98.111,35.68,26.9,192.32,77.77,2.02561,99.141,9.6
2026-06-10T17:31:00,PCI_5,gNB-2,99.965,351,0,100.0,82.2,109.5,99.677,99.44,0.254,26,98.48,99.052,98.59,97.821,97.285,43.33,36.08,206.5,74.57,2.10801,98.687,7.93
2026-06-10T17:31:00,PCI_6,gNB-2,99.893,361,0,100.0,84.3,105.2,99.587,99.26,0.113,27,98.357,99.217,98.806,98.145,98.355,39.94,28.06,199.9,76.89,2.07597,98.988,11.04
2026-06-10T17:31:00,PCI_7,gNB-2,99.926,341,0,100.0,82.2,99.2,99.384,99.277,0.147,28,98.244,98.965,99.139,98.362,98.152,42.87,26.0,216.79,69.67,2.1484,99.397,7.86
2026-06-10T17:31:00,PCI_8,gNB-3,99.962,346,0,100.0,91.7,112.6,99.73,99.294,0.136,29,98.98,98.678,98.838,98.283,98.495,35.77,31.34,206.15,82.14,2.16219,99.368,8.77
2026-06-10T17:31:00,PCI_9,gNB-3,99.971,336,0,100.0,78.4,101.1,99.708,99.281,0.111,31,98.716,99.09,98.705,97.631,98.15,37.35,28.0,203.79,81.91,2.14275,99.235,10.77
2026-06-10T17:31:00,PCI_10,gNB-3,99.977,331,0,100.0,73.8,91.6,99.196,99.443,0.183,24,98.651,98.958,99.249,98.22,97.981,42.33,29.81,177.12,104.93,2.11538,99.011,8.89
2026-06-10T17:32:00,PCI_1,gNB-1,99.963,312,0,100.0,74.6,97.5,99.575,99.567,0.152,23,98.285,98.704,98.541,98.203,97.623,40.15,32.89,155.97,76.51,1.74365,99.357,10.11
2026-06-10T17:32:00,PCI_2,gNB-1,99.946,342,0,100.0,58.5,80.6,99.631,99.803,0.274,17,86.859,98.926,92.077,98.225,98.351,41.77,22.5,202.94,78.57,2.11131,99.178,28.67
2026-06-10T17:32:00,PCI_3,gNB-1,99.979,332,0,100.0,88.4,116.6,99.718,99.433,0.085,33,97.808,99.019,98.773,98.465,97.502,37.75,24.83,173.31,79.67,1.89736,98.861,13.0
2026-06-10T17:32:00,PCI_4,gNB-1,100.0,342,0,100.0,93.1,120.5,99.82,99.52,0.019,35,98.773,98.794,98.703,98.071,98.273,43.52,22.06,181.17,79.1,1.95205,98.974,10.02
2026-06-10T17:32:00,PCI_5,gNB-2,99.973,342,0,100.0,78.5,92.1,99.561,99.249,0.034,29,98.355,98.785,98.152,97.495,97.969,44.18,33.24,143.85,94.69,1.78903,99.205,9.54
2026-06-10T17:32:00,PCI_6,gNB-2,100.0,350,0,100.0,81.9,107.7,99.819,99.341,0.0,23,98.813,98.743,98.364,98.531,98.319,42.42,27.98,173.79,88.75,1.96902,99.152,12.65
2026-06-10T17:32:00,PCI_7,gNB-2,99.965,326,0,100.0,81.7,113.9,99.52,99.584,0.146,31,98.745,98.965,98.541,98.204,98.634,47.22,33.22,236.14,75.99,2.34098,99.032,10.28
2026-06-10T17:32:00,PCI_8,gNB-3,100.0,316,0,100.0,84.9,108.5,99.662,99.584,0.126,27,98.591,99.041,98.832,98.548,98.002,44.54,33.12,203.0,91.09,2.20569,98.941,11.68
2026-06-10T17:32:00,PCI_9,gNB-3,99.959,340,0,100.0,89.2,121.2,99.417,99.36,0.151,31,97.887,99.35,98.726,98.315,97.591,33.43,32.4,200.44,68.19,2.01473,99.455,6.64
2026-06-10T17:32:00,PCI_10,gNB-3,100.0,343,0,100.0,83.0,112.2,99.716,99.194,0.165,27,98.292,99.115,98.959,98.17,98.656,38.15,30.96,200.0,83.13,2.12345,99.53,8.24
2026-06-10T17:33:00,PCI_1,gNB-1,99.994,315,0,100.0,75.2,92.6,99.703,99.2,0.188,20,98.253,98.986,98.796,98.725,98.103,43.87,25.96,155.25,92.36,1.8571,98.828,9.04
2026-06-10T17:33:00,PCI_2,gNB-1,100.0,314,0,100.0,85.1,118.6,99.433,99.16,0.014,34,86.571,98.882,93.071,97.657,97.597,39.99,34.72,169.51,91.12,1.95473,99.289,28.1
2026-06-10T17:33:00,PCI_3,gNB-1,100.0,354,0,100.0,91.1,112.3,99.71,99.294,0.084,27,98.754,98.842,98.783,97.999,98.637,46.14,31.79,233.59,78.51,2.34074,99.112,9.0
2026-06-10T17:33:00,PCI_4,gNB-1,99.989,329,0,100.0,91.8,118.1,99.757,98.94,0.114,27,98.36,98.79,98.48,98.889,97.705,41.66,30.07,181.39,88.95,2.02755,99.509,12.0
2026-06-10T17:33:00,PCI_5,gNB-2,99.955,350,0,100.0,80.3,101.3,99.689,99.632,0.217,22,98.908,99.022,98.695,98.814,97.788,38.76,27.88,186.32,85.18,2.03625,99.038,11.54
2026-06-10T17:33:00,PCI_6,gNB-2,99.971,335,0,100.0,77.9,94.9,99.504,99.364,0.142,26,98.71,98.731,98.745,98.264,98.009,36.01,33.52,175.73,80.26,1.91995,99.481,12.74
2026-06-10T17:33:00,PCI_7,gNB-2,99.989,328,0,100.0,81.5,105.4,99.65,99.305,0.185,26,98.192,99.013,98.777,98.219,97.731,41.18,37.69,169.39,69.03,1.78814,99.455,8.17
2026-06-10T17:33:00,PCI_8,gNB-3,99.911,324,0,100.0,88.3,120.9,99.516,99.959,0.087,29,98.273,98.964,98.731,97.675,98.183,42.22,22.48,187.05,82.5,2.0216,99.15,10.17
2026-06-10T17:33:00,PCI_9,gNB-3,99.973,342,0,100.0,86.4,109.8,99.8,99.752,0.218,28,98.671,99.374,98.411,98.084,98.395,41.79,30.37,176.89,84.98,1.96402,99.237,10.87
2026-06-10T17:33:00,PCI_10,gNB-3,99.963,333,0,100.0,79.4,108.4,99.326,99.622,0.285,28,98.916,99.342,99.449,98.52,97.781,37.48,33.19,193.86,74.46,2.01235,99.262,13.72
2026-06-10T17:34:00,PCI_1,gNB-1,99.947,330,0,100.0,87.3,115.9,99.642,99.636,0.073,32,98.397,98.99,98.886,98.52,97.81,40.06,35.31,204.56,84.43,2.16741,98.951,11.32
2026-06-10T17:34:00,PCI_2,gNB-1,99.97,345,0,100.0,80.5,109.1,99.555,99.594,0.114,33,87.012,99.071,92.01,98.204,98.518,37.27,24.7,235.81,73.06,2.31647,99.468,34.11
2026-06-10T17:34:00,PCI_3,gNB-1,99.962,317,0,100.0,88.7,103.7,99.592,99.597,0.126,30,98.396,99.081,99.123,97.689,98.174,34.36,26.17,231.82,87.6,2.39559,99.281,9.63
2026-06-10T17:34:00,PCI_4,gNB-1,99.967,320,0,100.0,86.1,119.0,99.446,99.272,0.13,29,98.798,98.944,98.51,98.738,98.222,38.48,31.35,222.92,78.2,2.25835,99.227,10.15
2026-06-10T17:34:00,PCI_5,gNB-2,100.0,361,1,99.723,78.7,98.0,99.669,99.355,0.178,29,98.247,99.047,98.824,97.791,98.314,42.74,31.98,213.08,86.57,2.24738,98.975,9.3
2026-06-10T17:34:00,PCI_6,gNB-2,99.952,340,0,100.0,67.4,87.0,99.471,99.129,0.099,26,98.88,99.184,98.362,98.262,97.778,36.77,23.77,226.48,104.39,2.48149,98.973,10.49
2026-06-10T17:34:00,PCI_7,gNB-2,99.922,331,0,100.0,82.1,105.7,99.635,99.62,0.126,27,98.892,99.285,98.042,97.939,98.062,38.63,34.97,192.09,81.68,2.05327,99.347,8.43
2026-06-10T17:34:00,PCI_8,gNB-3,99.974,341,0,100.0,75.6,97.3,99.853,99.831,0.263,32,98.581,99.213,98.145,98.271,97.849,35.04,27.64,246.08,73.22,2.39476,99.453,8.46
2026-06-10T17:34:00,PCI_9,gNB-3,99.959,324,0,100.0,86.7,101.8,99.48,99.382,0.195,30,98.453,99.061,98.605,98.168,97.872,38.1,33.03,247.52,87.83,2.5151,99.134,9.38
2026-06-10T17:34:00,PCI_10,gNB-3,99.971,353,0,100.0,64.7,86.9,99.607,99.125,0.08,23,98.782,98.97,99.341,98.553,97.925,40.24,35.75,190.24,85.52,2.06817,99.139,8.76
2026-06-10T17:35:00,PCI_1,gNB-1,99.939,330,0,100.0,83.4,114.4,99.542,99.327,0.133,28,98.382,98.464,98.736,98.578,97.78,39.17,29.02,185.25,73.03,1.93711,99.288,8.77
2026-06-10T17:35:00,PCI_2,gNB-1,99.958,332,0,100.0,84.9,111.4,99.589,99.343,0.016,28,86.832,98.671,92.479,97.969,98.731,40.42,34.41,195.15,80.44,2.06691,99.55,27.22
2026-06-10T17:35:00,PCI_3,gNB-1,99.959,339,0,100.0,75.6,101.1,99.66,99.634,0.288,28,98.827,99.227,98.679,97.751,97.652,38.34,29.86,201.27,77.95,2.09415,99.015,9.96
2026-06-10T17:35:00,PCI_4,gNB-1,99.955,331,0,100.0,90.0,111.9,99.775,99.575,0.257,33,98.291,99.467,98.279,98.245,97.596,32.65,34.35,207.95,93.57,2.26142,99.315,5.97
2026-06-10T17:35:00,PCI_5,gNB-2,99.983,341,0,100.0,91.1,112.6,99.461,99.307,0.11,31,98.778,99.288,98.814,97.664,97.893,40.43,29.66,210.75,80.77,2.18638,99.392,12.56
2026-06-10T17:35:00,PCI_6,gNB-2,100.0,328,0,100.0,91.6,123.6,99.36,99.455,0.282,37,98.117,98.644,98.682,98.67,97.838,41.97,25.28,221.2,82.03,2.27422,99.331,9.49
2026-06-10T17:35:00,PCI_7,gNB-2,99.963,319,0,100.0,90.4,108.2,99.666,99.671,0.0,34,98.422,99.143,98.852,99.026,97.573,30.61,34.45,200.26,99.45,2.24784,98.935,8.36
2026-06-10T17:35:00,PCI_8,gNB-3,100.0,312,0,100.0,75.4,105.3,99.731,99.422,0.0,30,97.507,99.35,98.827,98.735,98.247,39.21,26.05,197.91,74.77,2.04511,99.203,12.16
2026-06-10T17:35:00,PCI_9,gNB-3,99.962,317,0,100.0,76.1,97.0,99.656,99.282,0.135,23,98.339,99.282,98.704,97.978,97.867,37.13,30.72,162.6,80.37,1.82228,99.468,10.88
2026-06-10T17:35:00,PCI_10,gNB-3,99.96,335,0,100.0,79.9,101.8,99.58,99.194,0.105,23,98.722,99.231,98.299,98.226,97.788,38.97,28.71,202.21,90.06,2.19199,99.198,11.34
2026-06-10T17:36:00,PCI_1,gNB-1,99.997,354,1,99.718,82.7,106.9,99.374,99.506,0.0,33,98.563,98.969,98.5,98.473,98.572,41.67,30.78,186.97,83.05,2.02519,99.53,8.58
2026-06-10T17:36:00,PCI_2,gNB-1,99.919,337,0,100.0,77.5,101.1,99.407,99.506,0.226,27,86.924,99.302,92.006,98.278,97.991,33.75,33.25,178.53,81.27,1.94849,99.382,28.4
2026-06-10T17:36:00,PCI_3,gNB-1,99.932,343,0,100.0,93.1,123.1,99.638,99.369,0.11,35,98.101,98.822,98.413,97.863,98.674,37.62,37.18,186.99,83.54,2.02899,99.357,12.47
2026-06-10T17:36:00,PCI_4,gNB-1,99.952,322,0,100.0,89.8,118.4,99.419,99.364,0.219,28,99.245,98.457,97.812,98.34,97.882,32.6,31.0,214.76,77.67,2.1932,99.325,10.37
2026-06-10T17:36:00,PCI_5,gNB-2,100.0,330,0,100.0,79.5,109.2,99.582,99.422,0.102,27,98.014,99.027,98.76,98.448,98.532,41.31,32.1,163.27,71.76,1.76272,99.54,8.06
2026-06-10T17:36:00,PCI_6,gNB-2,99.972,323,0,100.0,97.7,125.6,99.702,99.347,0.134,33,98.998,99.234,98.368,98.244,98.229,38.48,25.92,204.05,81.21,2.13944,99.067,11.73
2026-06-10T17:36:00,PCI_7,gNB-2,99.996,332,0,100.0,85.6,115.7,99.65,99.289,0.174,28,98.472,98.723,98.595,98.217,97.888,39.52,32.62,204.49,74.31,2.09105,98.665,10.49
2026-06-10T17:36:00,PCI_8,gNB-3,99.978,314,0,100.0,90.6,106.3,99.729,99.653,0.109,35,98.352,98.715,99.16,98.31,97.754,37.24,34.01,203.36,78.65,2.11511,99.271,13.38
2026-06-10T17:36:00,PCI_9,gNB-3,100.0,326,0,100.0,88.5,111.7,99.77,99.39,0.123,30,98.774,99.204,98.401,98.133,97.979,35.77,30.88,182.11,83.08,1.98897,98.954,7.87
2026-06-10T17:36:00,PCI_10,gNB-3,99.924,327,0,100.0,72.8,98.2,99.448,99.409,0.194,32,98.58,98.819,98.579,98.294,97.962,33.3,33.92,216.1,75.6,2.18779,98.848,12.41
2026-06-10T17:37:00,PCI_1,gNB-1,99.948,320,0,100.0,74.2,92.2,99.705,99.452,0.0,21,98.916,99.067,98.324,97.439,98.184,42.28,28.82,192.35,76.78,2.01849,98.834,9.28
2026-06-10T17:37:00,PCI_2,gNB-1,99.988,333,0,100.0,88.6,118.0,99.522,99.225,0.298,29,86.258,99.152,91.804,98.667,98.102,41.23,30.06,212.08,90.49,2.26931,99.098,29.48
2026-06-10T17:37:00,PCI_3,gNB-1,100.0,338,0,100.0,83.2,97.5,99.595,99.116,0.042,23,99.013,99.315,98.294,98.986,97.818,35.18,26.23,168.64,82.73,1.88526,99.756,8.69
2026-06-10T17:37:00,PCI_4,gNB-1,99.995,290,0,100.0,91.2,127.2,99.374,99.394,0.129,31,98.556,98.844,98.476,98.694,97.974,39.22,29.21,205.04,84.46,2.17128,99.074,11.4
2026-06-10T17:37:00,PCI_5,gNB-2,100.0,332,0,100.0,93.7,126.2,99.531,99.11,0.198,32,99.065,99.139,98.95,97.68,97.991,39.94,26.84,196.26,96.31,2.19427,99.007,12.25
2026-06-10T17:37:00,PCI_6,gNB-2,99.975,299,0,100.0,91.8,110.3,99.603,99.606,0.135,33,98.397,98.694,99.224,98.208,97.952,39.23,32.41,188.04,78.34,1.99785,99.573,8.9
2026-06-10T17:37:00,PCI_7,gNB-2,99.973,340,0,100.0,71.6,98.7,99.879,99.288,0.187,28,98.4,99.224,98.833,98.484,98.002,43.95,30.36,201.98,68.32,2.02728,99.4,11.58
2026-06-10T17:37:00,PCI_8,gNB-3,99.977,334,0,100.0,76.5,102.8,99.328,99.003,0.186,27,98.612,99.492,98.846,97.874,97.859,42.75,35.53,180.28,88.02,2.01224,99.35,8.6
2026-06-10T17:37:00,PCI_9,gNB-3,99.982,314,0,100.0,83.4,100.7,99.908,99.645,0.092,29,98.708,99.292,98.89,98.105,98.024,43.5,31.53,184.5,85.86,2.02766,99.273,9.85
2026-06-10T17:37:00,PCI_10,gNB-3,99.954,370,0,100.0,71.4,98.0,99.774,99.404,0.0,25,98.437,98.512,98.929,98.523,97.605,39.51,30.16,185.53,84.61,2.0261,98.85,10.64
2026-06-10T17:38:00,PCI_1,gNB-1,99.979,345,0,100.0,89.0,119.3,99.653,99.782,0.112,30,98.811,98.808,98.699,97.877,98.218,37.21,29.32,176.87,77.94,1.91112,98.929,12.36
2026-06-10T17:38:00,PCI_2,gNB-1,99.952,310,0,100.0,87.0,111.1,99.75,99.663,0.215,31,86.012,99.213,91.602,98.624,98.336,35.91,25.92,203.29,86.33,2.17213,99.409,29.28
2026-06-10T17:38:00,PCI_3,gNB-1,99.955,351,0,100.0,80.8,105.2,99.667,99.164,0.325,25,98.504,99.051,98.588,97.824,98.125,40.9,34.0,176.19,74.02,1.87652,99.261,10.3
2026-06-10T17:38:00,PCI_4,gNB-1,99.962,318,0,100.0,82.6,103.3,99.436,99.497,0.172,27,98.616,98.668,98.622,98.099,97.5,34.61,28.57,169.48,84.92,1.90798,98.96,9.21
2026-06-10T17:38:00,PCI_5,gNB-2,99.954,315,0,100.0,69.0,95.4,99.523,99.453,0.143,21,98.749,99.16,98.873,98.614,97.918,34.9,37.64,185.21,69.19,1.90794,98.867,8.81
2026-06-10T17:38:00,PCI_6,gNB-2,99.975,325,0,100.0,67.3,91.1,99.515,99.481,0.064,25,98.245,99.053,98.788,98.439,97.799,43.67,28.38,192.75,92.13,2.13659,98.834,12.19
2026-06-10T17:38:00,PCI_7,gNB-2,99.973,330,0,100.0,84.3,110.8,99.65,99.67,0.221,31,98.477,98.88,98.669,98.653,97.547,40.12,31.38,230.97,85.98,2.37712,99.565,7.61
2026-06-10T17:38:00,PCI_8,gNB-3,99.987,313,0,100.0,80.6,99.3,99.586,99.192,0.201,34,98.82,99.245,98.738,98.625,97.955,39.3,29.77,196.8,72.46,2.0195,99.545,9.26
2026-06-10T17:38:00,PCI_9,gNB-3,100.0,336,0,100.0,97.4,118.0,99.603,99.348,0.18,35,98.595,98.985,98.453,98.836,97.448,32.36,27.48,178.81,71.49,1.87729,99.185,10.43
2026-06-10T17:38:00,PCI_10,gNB-3,99.985,296,0,100.0,91.4,126.7,99.528,99.031,0.219,37,98.275,98.852,98.329,98.686,98.583,37.83,25.29,164.41,97.52,1.96444,99.782,10.12
2026-06-10T17:39:00,PCI_1,gNB-1,99.966,329,0,100.0,77.3,90.6,99.745,99.281,0.255,33,98.107,99.161,98.556,98.128,97.782,33.44,33.65,198.4,81.25,2.09733,99.666,8.92
2026-06-10T17:39:00,PCI_2,gNB-1,100.0,336,0,100.0,82.4,115.2,99.42,99.347,0.241,29,86.516,99.048,92.093,98.108,97.967,38.84,22.48,211.26,79.58,2.18126,98.96,29.82
2026-06-10T17:39:00,PCI_3,gNB-1,99.975,328,0,100.0,84.8,111.3,99.432,99.278,0.067,27,99.054,98.976,98.639,98.244,97.975,37.17,29.29,194.09,78.6,2.04518,98.924,11.09
2026-06-10T17:39:00,PCI_4,gNB-1,99.994,318,0,100.0,76.3,91.2,99.4,99.302,0.207,30,98.352,98.93,98.867,98.248,98.21,30.88,32.1,207.29,82.97,2.17699,99.214,11.24
2026-06-10T17:39:00,PCI_5,gNB-2,99.994,314,0,100.0,68.4,87.7,99.742,99.437,0.072,20,98.33,99.047,98.724,98.064,98.38,43.7,29.73,211.04,83.27,2.20732,99.141,10.41
2026-06-10T17:39:00,PCI_6,gNB-2,99.98,318,0,100.0,76.6,104.8,99.776,99.176,0.261,26,98.797,98.988,98.858,98.311,97.9,38.13,36.68,194.47,76.6,2.03303,98.789,12.73
2026-06-10T17:39:00,PCI_7,gNB-2,100.0,348,0,100.0,89.8,108.8,99.726,99.156,0.207,31,98.667,98.871,98.304,98.239,98.311,39.35,26.18,162.17,80.39,1.81922,98.939,8.07
2026-06-10T17:39:00,PCI_8,gNB-3,99.985,335,0,100.0,65.4,89.2,99.753,99.218,0.203,26,98.441,98.589,98.565,98.532,97.678,38.21,26.74,197.03,89.14,2.14625,99.294,8.7
2026-06-10T17:39:00,PCI_9,gNB-3,99.98,335,0,100.0,92.9,122.9,99.946,99.372,0.145,33,98.4,98.989,99.282,98.158,98.144,49.88,42.35,140.32,76.3,1.62464,98.828,10.1
2026-06-10T17:39:00,PCI_10,gNB-3,99.961,322,0,100.0,95.6,125.1,99.564,99.587,0.034,34,98.706,99.267,98.767,97.658,98.219,39.11,28.79,217.32,87.69,2.2876,98.855,9.09
2026-06-10T17:40:00,PCI_1,gNB-1,99.977,343,0,100.0,75.8,96.2,99.512,99.603,0.038,21,98.851,98.614,98.613,98.555,98.013,45.77,29.45,167.51,89.3,1.92608,99.255,10.04
2026-06-10T17:40:00,PCI_2,gNB-1,99.953,297,0,100.0,84.1,107.1,99.488,99.306,0.231,33,85.855,98.761,91.677,98.258,97.925,42.45,36.2,190.74,82.52,2.0495,99.07,30.89
2026-06-10T17:40:00,PCI_3,gNB-1,99.96,321,0,100.0,59.7,68.9,99.625,99.146,0.154,21,98.323,99.035,98.274,98.141,98.029,39.61,32.89,169.15,91.04,1.95142,99.156,7.23
2026-06-10T17:40:00,PCI_4,gNB-1,99.978,302,0,100.0,89.7,109.9,99.443,99.54,0.167,34,98.429,98.651,98.759,98.273,98.236,35.97,34.83,183.78,84.26,2.0103,99.009,13.11
2026-06-10T17:40:00,PCI_5,gNB-2,99.942,329,0,100.0,89.5,119.9,99.635,99.5,0.218,23,98.613,98.897,98.549,97.872,98.092,42.9,33.46,181.58,77.09,1.94007,99.02,10.08
2026-06-10T17:40:00,PCI_6,gNB-2,99.963,323,0,100.0,65.2,87.7,99.756,99.736,0.114,23,98.342,98.873,98.586,98.452,97.88,38.87,32.36,212.64,79.3,2.18955,99.154,10.62
2026-06-10T17:40:00,PCI_7,gNB-2,99.942,350,0,100.0,98.3,121.6,99.637,99.285,0.162,32,98.495,99.063,98.863,98.436,97.732,36.89,36.04,230.46,75.89,2.29762,99.307,11.7
2026-06-10T17:40:00,PCI_8,gNB-3,99.993,339,0,100.0,69.7,91.3,99.722,99.276,0.241,19,98.691,98.654,98.878,97.857,97.849,42.21,31.37,228.06,85.48,2.35157,99.21,12.26
2026-06-10T17:40:00,PCI_9,gNB-3,99.929,303,0,100.0,84.2,108.9,99.541,99.564,0.193,31,98.494,99.512,98.999,97.826,98.064,39.04,27.56,154.66,74.88,1.72155,99.094,11.46
2026-06-10T17:40:00,PCI_10,gNB-3,99.939,332,0,100.0,79.2,105.4,99.605,99.956,0.149,27,98.387,99.133,98.881,98.014,97.876,35.28,28.62,162.96,77.67,1.8047,99.41,9.57
2026-06-10T17:41:00,PCI_1,gNB-1,99.989,334,0,100.0,79.1,93.3,99.614,99.364,0.119,22,98.651,99.184,98.108,98.086,98.264,38.03,29.24,206.0,73.51,2.09628,99.159,8.95
2026-06-10T17:41:00,PCI_2,gNB-1,99.915,302,0,100.0,81.0,97.2,99.71,99.383,0.164,25,85.748,99.268,91.888,98.26,97.994,38.7,37.8,183.48,73.53,1.92756,99.592,31.15
2026-06-10T17:41:00,PCI_3,gNB-1,99.944,309,0,100.0,66.7,86.7,99.632,99.342,0.127,24,98.395,98.746,98.627,98.673,98.182,35.38,36.13,160.9,77.71,1.78957,99.676,11.39
2026-06-10T17:41:00,PCI_4,gNB-1,99.969,325,0,100.0,69.6,92.5,99.596,99.287,0.189,20,98.719,99.083,98.819,98.281,98.278,34.24,27.8,174.06,79.35,1.90062,99.42,9.92
2026-06-10T17:41:00,PCI_5,gNB-2,99.972,318,0,100.0,78.9,102.4,99.741,99.414,0.298,25,98.545,99.293,98.513,98.469,98.135,40.57,29.46,189.55,95.68,2.13923,99.562,8.28
2026-06-10T17:41:00,PCI_6,gNB-2,99.955,326,0,100.0,82.1,107.4,99.594,99.551,0.242,24,98.296,98.866,98.343,98.584,98.6,43.09,28.82,165.77,65.85,1.73714,99.234,9.78
2026-06-10T17:41:00,PCI_7,gNB-2,99.977,314,0,100.0,77.6,93.1,99.504,99.397,0.309,30,98.361,98.986,98.248,97.496,98.224,36.35,28.82,213.89,94.65,2.31405,98.978,13.58
2026-06-10T17:41:00,PCI_8,gNB-3,99.961,335,0,100.0,73.9,89.2,99.678,99.504,0.04,29,98.471,99.117,98.709,97.675,97.48,36.26,27.06,208.6,84.03,2.19477,99.606,9.72
2026-06-10T17:41:00,PCI_9,gNB-3,100.0,335,0,100.0,86.0,99.9,99.675,99.441,0.314,29,98.061,99.062,98.214,98.483,97.882,38.34,30.28,236.65,90.66,2.45485,99.619,10.77
2026-06-10T17:41:00,PCI_10,gNB-3,100.0,318,0,100.0,89.4,106.0,99.642,99.392,0.131,34,98.248,98.797,98.889,98.424,97.856,40.02,30.46,156.02,94.06,1.87553,99.127,10.04
2026-06-10T17:42:00,PCI_1,gNB-1,99.956,308,0,100.0,86.6,103.7,99.539,99.713,0.078,29,98.325,99.185,98.846,98.33,98.039,38.08,28.67,155.27,88.43,1.82775,99.203,10.3
2026-06-10T17:42:00,PCI_2,gNB-1,99.993,304,0,100.0,82.6,101.7,99.506,99.52,0.18,28,85.57,99.106,91.207,98.109,98.104,35.98,25.84,223.65,86.7,2.32765,99.352,34.45
2026-06-10T17:42:00,PCI_3,gNB-1,99.963,317,0,100.0,91.4,112.2,99.796,99.524,0.258,29,98.282,98.759,98.856,98.314,98.016,38.44,27.06,225.35,79.08,2.28328,99.636,8.99
2026-06-10T17:42:00,PCI_4,gNB-1,99.963,307,0,100.0,90.5,125.7,99.493,98.978,0.092,30,98.627,99.176,98.606,98.535,98.407,43.73,22.27,165.64,76.99,1.81979,99.28,10.91
2026-06-10T17:42:00,PCI_5,gNB-2,100.0,332,0,100.0,82.0,101.0,99.587,99.449,0.075,29,98.508,98.921,98.409,98.885,97.781,36.31,28.03,212.49,75.42,2.15934,99.361,9.35
2026-06-10T17:42:00,PCI_6,gNB-2,99.95,310,0,100.0,84.4,113.8,99.616,99.643,0.243,31,98.86,98.977,98.715,98.835,97.4,41.71,31.88,181.04,76.85,1.93418,99.217,11.48
2026-06-10T17:42:00,PCI_7,gNB-2,99.984,310,0,100.0,83.9,110.3,99.792,99.101,0.131,27,98.165,98.626,98.704,98.631,98.452,39.0,25.67,157.59,90.99,1.86432,99.494,8.17
2026-06-10T17:42:00,PCI_8,gNB-3,99.973,335,0,100.0,65.0,90.8,99.624,99.231,0.159,23,98.459,99.029,98.827,98.287,97.653,32.94,34.09,150.26,76.65,1.70184,98.941,9.28
2026-06-10T17:42:00,PCI_9,gNB-3,99.951,323,0,100.0,80.6,109.9,99.553,99.357,0.067,28,98.505,98.776,98.943,98.435,97.988,39.15,28.75,157.98,81.61,1.79688,98.667,9.44
2026-06-10T17:42:00,PCI_10,gNB-3,99.923,319,0,100.0,76.5,94.1,99.452,99.141,0.136,21,98.806,98.854,98.865,98.334,97.387,33.88,32.69,179.92,88.1,2.01014,99.36,7.7
2026-06-10T17:43:00,PCI_1,gNB-1,99.995,301,0,100.0,81.9,110.3,99.483,99.504,0.03,29,98.662,98.438,98.634,98.243,98.323,39.43,22.95,230.97,76.0,2.3023,99.096,7.25
2026-06-10T17:43:00,PCI_2,gNB-1,99.91,337,0,100.0,74.5,91.5,99.621,99.59,0.21,26,85.778,98.857,91.755,98.791,98.18,39.19,30.92,207.05,86.49,2.2015,99.303,31.9
2026-06-10T17:43:00,PCI_3,gNB-1,100.0,329,0,100.0,85.0,108.6,99.603,99.145,0.1,26,98.54,98.851,98.599,98.351,98.142,36.86,33.81,175.94,78.5,1.90829,99.381,9.23
2026-06-10T17:43:00,PCI_4,gNB-1,99.986,300,0,100.0,64.5,81.9,99.917,99.539,0.112,25,98.59,98.743,99.194,98.038,98.025,35.37,25.46,192.34,77.0,2.02007,99.224,9.88
2026-06-10T17:43:00,PCI_5,gNB-2,99.887,330,0,100.0,81.8,97.4,99.599,99.275,0.044,33,98.269,99.087,98.592,98.614,98.564,38.98,30.81,219.73,79.66,2.24543,98.975,12.98
2026-06-10T17:43:00,PCI_6,gNB-2,99.932,291,0,100.0,92.6,117.8,99.249,99.277,0.209,35,98.107,99.365,98.546,98.159,98.121,39.21,28.48,190.45,63.48,1.90448,99.277,11.82
2026-06-10T17:43:00,PCI_7,gNB-2,99.973,315,0,100.0,79.8,104.1,99.577,99.29,0.132,23,98.52,98.664,98.51,98.406,98.096,35.29,31.64,187.49,87.12,2.0596,99.5,9.93
2026-06-10T17:43:00,PCI_8,gNB-3,99.984,309,0,100.0,65.7,76.8,99.5,99.51,0.099,21,98.065,98.857,98.947,98.51,98.673,42.94,30.71,225.51,84.83,2.32757,99.282,11.7
2026-06-10T17:43:00,PCI_9,gNB-3,99.959,329,0,100.0,102.6,121.8,99.474,99.428,0.172,42,98.131,99.2,98.92,98.488,98.481,33.31,29.34,174.75,75.45,1.87649,99.33,10.29
2026-06-10T17:43:00,PCI_10,gNB-3,99.894,323,0,100.0,89.3,120.8,99.557,99.469,0.039,26,98.503,99.357,98.381,98.4,97.613,35.37,33.89,180.59,73.96,1.90918,99.712,10.77
2026-06-10T17:44:00,PCI_1,gNB-1,99.952,302,0,100.0,79.5,92.4,99.46,99.31,0.123,31,98.828,99.048,98.535,98.419,98.019,33.25,29.34,180.08,75.89,1.91977,99.054,8.32
2026-06-10T17:44:00,PCI_2,gNB-1,99.997,303,0,100.0,70.0,87.6,99.497,99.412,0.081,25,85.139,98.958,91.672,97.952,98.173,30.43,29.28,201.96,83.25,2.13904,99.239,33.01
2026-06-10T17:44:00,PCI_3,gNB-1,99.949,333,0,100.0,76.3,94.1,99.562,98.62,0.168,25,98.938,98.573,98.532,98.807,98.392,32.45,30.05,174.59,79.75,1.90757,99.08,9.58
2026-06-10T17:44:00,PCI_4,gNB-1,99.966,315,0,100.0,78.7,91.3,99.643,99.495,0.237,27,99.023,99.192,99.003,98.112,98.22,45.07,32.32,154.97,79.36,1.75744,99.356,10.02
2026-06-10T17:44:00,PCI_5,gNB-2,99.966,331,0,100.0,72.0,87.4,99.891,99.521,0.049,24,98.244,99.439,98.768,97.399,98.206,37.94,24.88,192.36,99.27,2.18718,98.655,10.39
2026-06-10T17:44:00,PCI_6,gNB-2,99.997,298,0,100.0,78.6,93.9,99.786,99.239,0.192,25,98.048,98.918,98.917,98.043,98.401,41.78,35.86,162.91,76.43,1.79508,99.195,11.35
2026-06-10T17:44:00,PCI_7,gNB-2,99.957,319,0,100.0,82.0,94.9,99.44,99.427,0.063,28,98.39,98.976,98.469,98.885,97.841,36.22,22.19,171.58,82.89,1.90854,99.552,13.7
2026-06-10T17:44:00,PCI_8,gNB-3,99.985,315,0,100.0,81.6,102.6,99.645,99.554,0.228,28,98.451,98.706,98.942,98.289,98.021,33.41,24.9,181.81,73.66,1.91604,99.492,7.8
2026-06-10T17:44:00,PCI_9,gNB-3,100.0,307,0,100.0,75.1,97.8,99.638,99.521,0.109,29,98.567,98.928,98.167,97.971,98.192,36.68,29.49,117.42,81.9,1.4949,99.379,9.58
2026-06-10T17:44:00,PCI_10,gNB-3,99.975,304,0,100.0,74.3,85.8,99.735,99.389,0.238,27,98.712,98.764,98.984,98.167,98.565,37.12,33.72,201.9,78.86,2.10573,99.127,11.24
2026-06-10T17:45:00,PCI_1,gNB-1,99.967,335,0,100.0,70.5,83.2,99.454,99.622,0.118,25,98.416,98.624,98.839,98.702,97.866,40.65,31.74,132.73,78.31,1.58287,99.168,9.06
2026-06-10T17:45:00,PCI_2,gNB-1,99.95,311,0,100.0,83.3,102.7,99.571,99.588,0.03,28,85.18,98.714,91.895,98.257,98.093,44.84,25.18,121.37,67.78,1.4186,99.06,32.52
2026-06-10T17:45:00,PCI_3,gNB-1,99.933,306,0,100.0,83.8,100.7,99.806,99.288,0.004,32,99.03,99.25,98.364,97.681,97.724,36.18,26.51,206.72,80.5,2.15422,98.905,8.11
2026-06-10T17:45:00,PCI_4,gNB-1,99.97,318,0,100.0,77.9,90.0,99.538,99.527,0.089,25,98.897,98.954,99.085,98.915,97.592,39.85,32.53,182.25,81.75,1.98003,99.366,11.27
2026-06-10T17:45:00,PCI_5,gNB-2,99.965,345,0,100.0,75.4,95.2,99.445,99.511,0.258,24,98.466,98.891,98.631,98.26,98.743,37.36,23.35,196.04,81.34,2.08033,99.264,11.44
2026-06-10T17:45:00,PCI_6,gNB-2,100.0,309,0,100.0,88.0,110.2,99.705,99.44,0.074,33,98.351,99.056,98.36,98.195,98.586,39.42,28.07,226.63,77.61,2.28182,99.229,9.65
2026-06-10T17:45:00,PCI_7,gNB-2,100.0,299,0,100.0,76.0,95.8,99.48,99.775,0.186,27,97.563,98.78,98.466,98.155,98.084,35.91,29.29,174.37,77.12,1.88617,99.327,9.22
2026-06-10T17:45:00,PCI_8,gNB-3,99.974,302,0,100.0,90.1,124.4,99.61,99.36,0.108,29,98.382,98.932,98.486,98.346,98.365,29.63,25.08,194.65,86.35,2.10753,99.58,8.29
2026-06-10T17:45:00,PCI_9,gNB-3,99.978,305,0,100.0,78.8,108.6,99.61,99.55,0.127,25,98.687,99.052,98.537,97.77,97.47,38.65,31.13,170.37,67.99,1.78774,99.03,11.04
2026-06-10T17:45:00,PCI_10,gNB-3,99.956,329,0,100.0,77.1,106.3,99.476,99.148,0.145,26,98.439,98.924,98.336,97.952,98.421,32.55,27.28,156.05,77.33,1.75039,99.36,9.84
2026-06-10T17:46:00,PCI_1,gNB-1,99.967,295,0,100.0,82.4,95.0,99.362,99.352,0.257,33,99.104,98.897,98.623,98.16,97.479,42.94,31.76,195.16,72.49,2.00739,99.2,11.49
2026-06-10T17:46:00,PCI_2,gNB-1,99.994,282,0,100.0,92.4,108.9,99.524,99.453,0.06,35,85.562,98.938,91.638,97.965,98.647,43.13,34.19,204.66,82.94,2.15699,99.358,32.51
2026-06-10T17:46:00,PCI_3,gNB-1,99.964,305,0,100.0,80.1,105.4,99.551,99.234,0.217,24,99.505,98.546,99.179,98.636,98.159,32.52,32.87,196.62,79.14,2.06819,99.294,10.49
2026-06-10T17:46:00,PCI_4,gNB-1,100.0,306,0,100.0,70.3,82.9,99.583,99.216,0.041,25,97.849,99.475,99.053,98.325,97.879,39.38,32.37,243.09,89.55,2.49479,98.252,10.22
2026-06-10T17:46:00,PCI_5,gNB-2,99.955,304,0,100.0,87.2,104.1,99.473,99.571,0.192,33,98.949,98.95,98.691,97.872,98.237,36.36,26.86,217.31,78.35,2.21744,98.963,6.73
2026-06-10T17:46:00,PCI_6,gNB-2,99.995,335,0,100.0,75.0,97.0,99.529,99.197,0.236,25,98.54,99.416,99.262,98.354,97.878,45.53,29.99,199.2,87.25,2.14836,99.118,7.8
2026-06-10T17:46:00,PCI_7,gNB-2,99.991,332,0,100.0,66.1,89.4,99.413,99.5,0.056,24,98.996,99.113,98.277,97.713,97.068,38.1,30.66,222.52,81.83,2.28269,98.54,9.22
2026-06-10T17:46:00,PCI_8,gNB-3,99.97,312,0,100.0,77.7,106.5,99.678,99.396,0.172,23,98.23,99.261,98.698,97.718,97.997,44.82,28.15,173.89,87.33,1.95914,99.466,9.49
2026-06-10T17:46:00,PCI_9,gNB-3,99.927,313,0,100.0,84.2,97.0,99.91,99.574,0.132,29,98.317,99.305,98.525,98.223,98.354,35.41,27.75,195.28,68.52,1.97847,99.681,11.64
2026-06-10T17:46:00,PCI_10,gNB-3,99.918,331,0,100.0,82.2,108.5,99.649,99.502,0.154,29,98.674,98.75,99.053,98.129,98.106,30.12,32.96,209.04,77.75,2.1509,99.365,8.34
2026-06-10T17:47:00,PCI_1,gNB-1,99.963,317,0,100.0,88.4,122.5,99.692,99.236,0.034,31,98.533,99.051,98.758,98.204,97.728,33.47,29.92,173.81,80.74,1.90911,99.304,10.81
2026-06-10T17:47:00,PCI_2,gNB-1,100.0,295,0,100.0,69.6,82.0,99.962,99.201,0.146,27,85.287,99.101,91.704,98.629,98.363,38.55,27.58,157.32,92.91,1.87678,99.103,35.18
2026-06-10T17:47:00,PCI_3,gNB-1,99.937,315,0,100.0,87.1,120.7,99.528,99.408,0.149,33,98.619,99.078,98.912,98.429,97.721,34.6,32.56,177.33,77.65,1.91234,99.126,8.87
2026-06-10T17:47:00,PCI_4,gNB-1,99.978,311,0,100.0,78.7,95.4,99.507,99.06,0.162,28,98.84,99.356,98.852,98.066,98.181,39.12,27.95,164.43,73.43,1.78395,99.289,10.58
2026-06-10T17:47:00,PCI_5,gNB-2,100.0,307,0,100.0,68.3,81.7,99.247,99.607,0.209,18,98.651,98.802,98.413,98.623,98.321,35.19,33.09,198.14,69.59,2.00801,99.233,10.37
2026-06-10T17:47:00,PCI_6,gNB-2,99.978,297,0,100.0,85.6,117.3,99.906,99.279,0.203,32,98.486,99.102,98.389,98.961,98.366,38.66,29.97,188.25,91.45,2.09776,99.133,11.37
2026-06-10T17:47:00,PCI_7,gNB-2,99.999,353,0,100.0,73.9,87.1,99.207,99.21,0.205,25,98.3,98.559,99.156,97.524,97.98,39.02,27.78,199.3,76.51,2.06856,99.247,11.37
2026-06-10T17:47:00,PCI_8,gNB-3,99.95,307,0,100.0,66.3,88.1,99.724,99.611,0.228,24,98.628,99.332,98.808,98.175,97.967,43.39,32.39,201.13,76.44,2.08183,99.41,9.13
2026-06-10T17:47:00,PCI_9,gNB-3,100.0,313,0,100.0,85.7,117.7,99.712,99.495,0.247,33,98.51,98.92,98.307,98.297,97.968,37.75,32.39,176.12,80.62,1.9255,99.439,9.37
2026-06-10T17:47:00,PCI_10,gNB-3,99.993,284,0,100.0,76.5,90.8,99.363,99.576,0.211,24,98.966,99.363,99.113,98.942,97.95,33.46,33.76,181.61,94.33,2.06953,99.048,9.19
2026-06-10T17:48:00,PCI_1,gNB-1,99.964,298,0,100.0,74.2,102.6,99.393,99.526,0.113,23,99.036,98.922,99.192,98.426,98.449,39.65,28.84,196.39,71.19,2.00688,99.124,9.47
2026-06-10T17:48:00,PCI_2,gNB-1,99.925,315,0,100.0,69.6,81.8,99.551,99.368,0.086,23,84.922,98.805,91.335,98.905,98.607,35.45,34.03,172.58,62.9,1.76606,99.659,32.5
2026-06-10T17:48:00,PCI_3,gNB-1,99.983,307,0,100.0,79.0,107.8,99.69,99.197,0.171,29,98.83,98.747,98.337,98.266,98.477,40.3,29.4,169.4,89.22,1.93965,98.863,8.3
2026-06-10T17:48:00,PCI_4,gNB-1,99.974,294,0,100.0,84.6,104.7,99.579,99.398,0.266,30,98.645,99.168,98.574,98.142,98.444,38.21,31.65,180.45,86.37,2.00117,99.608,10.17
2026-06-10T17:48:00,PCI_5,gNB-2,99.992,327,0,100.0,86.0,109.1,99.739,99.585,0.089,32,98.176,99.069,99.084,98.286,98.183,39.12,33.08,226.74,86.24,2.34732,98.632,9.92
2026-06-10T17:48:00,PCI_6,gNB-2,100.0,302,0,100.0,85.9,104.0,99.769,99.419,0.145,28,98.686,98.968,98.097,97.62,98.125,31.2,25.51,190.67,88.28,2.09214,99.289,8.03
2026-06-10T17:48:00,PCI_7,gNB-2,99.99,299,0,100.0,77.6,103.5,99.453,99.45,0.159,30,98.496,98.608,98.563,98.148,97.809,43.62,31.42,117.11,71.45,1.41417,99.146,11.4
2026-06-10T17:48:00,PCI_8,gNB-3,99.978,333,0,100.0,81.6,107.4,99.497,99.38,0.161,30,99.08,99.339,98.963,98.064,97.953,30.78,26.39,159.15,64.42,1.67673,98.686,12.13
2026-06-10T17:48:00,PCI_9,gNB-3,99.981,319,0,100.0,82.9,108.8,99.881,99.462,0.147,27,98.541,98.515,98.921,98.597,98.426,31.91,27.62,188.05,80.13,2.01141,99.616,13.49
2026-06-10T17:48:00,PCI_10,gNB-3,99.936,322,0,100.0,63.4,78.0,99.576,99.302,0.218,22,97.887,98.815,98.87,98.264,98.052,34.75,30.58,254.1,75.7,2.47353,99.249,7.96
2026-06-10T17:49:00,PCI_1,gNB-1,99.985,327,0,100.0,87.0,107.6,99.671,99.155,0.168,23,98.439,99.321,98.513,98.123,98.114,37.43,32.27,174.37,83.86,1.93672,99.19,9.92
2026-06-10T17:49:00,PCI_2,gNB-1,99.951,302,0,100.0,77.1,97.1,99.418,99.727,0.179,25,84.364,98.952,91.392,97.479,97.822,35.55,28.76,229.16,77.32,2.29859,99.31,31.68
2026-06-10T17:49:00,PCI_3,gNB-1,99.967,292,0,100.0,87.7,116.6,99.668,99.434,0.158,27,98.462,99.123,98.94,98.764,97.448,37.22,24.22,179.37,64.01,1.82542,99.544,8.84
2026-06-10T17:49:00,PCI_4,gNB-1,99.929,321,0,100.0,80.7,100.1,99.694,99.526,0.121,21,98.462,98.844,98.61,98.357,98.386,43.05,26.69,215.24,91.06,2.29724,99.336,9.19
2026-06-10T17:49:00,PCI_5,gNB-2,99.982,306,0,100.0,77.5,108.0,99.635,99.221,0.267,28,99.224,99.111,97.877,98.165,98.21,37.05,30.65,164.78,74.5,1.79465,99.243,10.47
2026-06-10T17:49:00,PCI_6,gNB-2,100.0,331,0,100.0,80.8,109.5,99.567,99.358,0.238,25,98.565,99.388,98.976,97.873,97.919,41.9,32.98,153.74,86.25,1.7999,98.748,8.96
2026-06-10T17:49:00,PCI_7,gNB-2,100.0,326,0,100.0,73.8,88.6,99.531,99.613,0.115,25,98.538,98.943,99.116,98.271,98.638,38.11,28.72,212.85,73.14,2.14489,98.937,10.31
2026-06-10T17:49:00,PCI_8,gNB-3,99.938,313,0,100.0,74.5,101.6,99.719,99.387,0.139,27,98.083,98.753,98.259,98.615,97.925,34.5,30.27,171.62,74.44,1.84544,99.499,12.27
2026-06-10T17:49:00,PCI_9,gNB-3,100.0,313,0,100.0,72.5,90.8,99.805,99.521,0.03,22,98.481,98.894,98.807,98.444,98.31,38.43,27.07,170.04,70.79,1.80628,99.515,12.17
2026-06-10T17:49:00,PCI_10,gNB-3,99.895,327,0,100.0,70.3,94.6,99.692,99.587,0.1,19,98.436,99.369,98.551,98.654,97.914,37.16,25.36,167.33,71.05,1.78788,99.168,9.36
2026-06-10T17:50:00,PCI_1,gNB-1,99.968,297,0,100.0,74.0,88.8,99.608,99.097,0.194,25,98.593,99.043,99.167,98.699,98.87,36.64,31.65,149.55,66.77,1.62235,99.387,11.64
2026-06-10T17:50:00,PCI_2,gNB-1,99.988,306,0,100.0,74.3,91.3,99.365,99.514,0.172,26,85.032,99.34,91.378,98.109,97.787,33.82,25.34,189.87,76.14,1.99512,99.192,34.68
2026-06-10T17:50:00,PCI_3,gNB-1,99.97,300,0,100.0,81.3,100.2,99.567,99.096,0.062,24,98.244,98.836,98.321,98.122,98.204,27.82,33.56,190.61,82.35,2.04723,99.061,11.85
2026-06-10T17:50:00,PCI_4,gNB-1,99.989,301,0,100.0,92.8,117.1,99.87,99.423,0.058,26,98.206,99.073,98.967,98.228,98.134,27.86,29.66,122.84,72.5,1.46507,99.238,10.68
2026-06-10T17:50:00,PCI_5,gNB-2,100.0,332,0,100.0,65.0,84.0,99.767,99.814,0.117,24,97.954,99.228,99.119,98.505,98.035,37.38,28.08,162.6,77.26,1.79899,99.502,9.84
2026-06-10T17:50:00,PCI_6,gNB-2,99.967,309,0,100.0,78.7,103.8,99.645,99.262,0.158,33,98.506,98.936,98.841,98.171,98.302,37.22,29.25,188.82,78.75,2.00678,99.262,7.63
2026-06-10T17:50:00,PCI_7,gNB-2,100.0,345,0,100.0,75.3,97.8,99.498,99.309,0.158,25,98.543,99.158,98.695,98.41,97.433,39.17,28.48,206.79,64.74,2.03643,98.856,9.33
2026-06-10T17:50:00,PCI_8,gNB-3,99.932,315,0,100.0,94.3,119.9,99.756,99.362,0.107,32,98.733,98.778,98.458,97.704,98.274,36.55,33.06,176.64,81.94,1.93936,99.278,10.54
2026-06-10T17:50:00,PCI_9,gNB-3,99.97,316,0,100.0,78.9,96.0,99.811,99.395,0.236,25,99.175,99.013,99.12,98.658,97.57,39.34,26.64,192.41,73.72,1.99604,99.309,10.69
2026-06-10T17:50:00,PCI_10,gNB-3,100.0,318,0,100.0,75.2,102.2,99.689,99.37,0.102,28,98.028,99.065,98.718,98.627,97.738,41.53,30.34,189.56,80.49,2.02535,99.582,9.41
2026-06-10T17:51:00,PCI_1,gNB-1,99.966,314,0,100.0,78.8,97.1,99.624,99.286,0.103,29,98.57,98.83,98.783,97.773,97.714,39.85,27.65,190.28,64.56,1.91131,98.837,8.72
2026-06-10T17:51:00,PCI_2,gNB-1,99.933,285,0,100.0,76.8,105.5,99.681,99.77,0.195,23,84.261,99.044,91.089,98.617,97.986,38.84,28.05,204.3,77.1,2.11049,99.173,32.12
2026-06-10T17:51:00,PCI_3,gNB-1,99.947,303,0,100.0,69.4,86.9,99.646,99.435,0.156,25,99.059,99.324,98.733,98.95,97.785,38.25,25.89,202.86,73.14,2.06997,99.198,12.44
2026-06-10T17:51:00,PCI_4,gNB-1,99.924,327,0,100.0,94.3,111.4,99.42,99.264,0.108,29,98.552,98.744,98.657,98.136,98.102,36.76,34.55,191.22,82.34,2.05164,99.041,9.98
2026-06-10T17:51:00,PCI_5,gNB-2,99.927,295,0,100.0,72.2,90.5,99.654,99.364,0.094,24,98.642,99.161,98.895,98.045,98.045,28.28,31.6,199.13,83.11,2.11685,99.046,10.77
2026-06-10T17:51:00,PCI_6,gNB-2,99.958,286,0,100.0,75.6,96.9,99.153,99.717,0.187,28,98.721,99.047,98.793,98.143,98.203,49.07,23.62,186.82,83.64,2.02848,99.33,9.58
2026-06-10T17:51:00,PCI_7,gNB-2,99.988,301,0,100.0,85.6,102.2,99.433,99.515,0.159,26,98.879,99.045,98.636,98.512,97.985,36.2,28.02,214.93,77.97,2.19675,99.442,9.34
2026-06-10T17:51:00,PCI_8,gNB-3,99.952,332,0,100.0,90.0,118.7,99.719,99.41,0.1,32,97.806,98.63,98.797,98.955,97.649,39.8,31.1,207.68,78.85,2.14898,99.454,11.92
2026-06-10T17:51:00,PCI_9,gNB-3,99.94,323,0,100.0,93.9,128.6,99.441,99.625,0.195,32,98.924,99.282,98.733,98.143,97.975,40.13,30.84,194.47,65.51,1.94985,98.884,10.22
2026-06-10T17:51:00,PCI_10,gNB-3,99.969,302,0,100.0,57.6,76.3,99.282,99.181,0.175,24,98.421,98.841,98.78,98.247,97.639,40.03,38.87,240.36,79.79,2.40109,98.886,9.49
2026-06-10T17:52:00,PCI_1,gNB-1,99.946,317,0,100.0,91.2,111.7,99.701,99.504,0.144,34,98.48,98.881,98.519,98.499,98.09,38.14,27.06,175.66,69.61,1.83957,98.762,8.66
2026-06-10T17:52:00,PCI_2,gNB-1,99.938,323,0,100.0,69.7,94.0,99.609,99.538,0.121,22,84.358,98.655,91.371,98.634,97.421,34.86,30.35,181.53,78.62,1.95109,98.857,30.19
2026-06-10T17:52:00,PCI_3,gNB-1,100.0,303,0,100.0,83.8,116.9,99.662,99.801,0.123,26,97.872,99.075,99.009,98.783,98.553,39.87,27.12,137.53,69.18,1.55033,99.115,9.33
2026-06-10T17:52:00,PCI_4,gNB-1,99.932,328,0,100.0,86.7,118.3,99.742,99.742,0.102,33,98.264,99.06,98.693,98.614,97.968,41.57,28.81,210.55,77.83,2.16288,98.977,8.41
2026-06-10T17:52:00,PCI_5,gNB-2,100.0,312,0,100.0,69.9,97.5,99.714,99.211,0.09,19,98.626,98.959,99.023,98.101,98.108,46.28,32.68,212.03,79.75,2.18839,99.1,10.96
2026-06-10T17:52:00,PCI_6,gNB-2,99.957,293,0,100.0,73.7,86.9,99.66,99.62,0.079,27,98.89,98.826,99.068,98.25,97.673,33.35,36.72,190.21,78.54,2.01563,99.298,13.22
2026-06-10T17:52:00,PCI_7,gNB-2,99.993,307,0,100.0,76.4,95.1,99.584,99.086,0.049,28,98.247,98.93,98.688,98.371,98.118,34.85,31.89,211.47,78.04,2.17129,99.107,10.2
2026-06-10T17:52:00,PCI_8,gNB-3,99.973,319,0,100.0,66.6,78.2,99.712,99.429,0.188,20,98.769,99.179,98.482,98.046,98.141,37.99,30.56,166.82,53.23,1.65034,98.747,9.11
2026-06-10T17:52:00,PCI_9,gNB-3,99.968,317,0,100.0,68.2,80.6,99.879,99.859,0.009,27,98.066,99.234,98.546,98.09,97.915,34.46,30.88,201.57,94.55,2.22093,99.102,8.42
2026-06-10T17:52:00,PCI_10,gNB-3,99.951,300,0,100.0,77.9,94.1,99.507,99.617,0.166,26,98.281,99.068,98.812,98.029,97.82,45.57,33.53,181.55,63.88,1.84068,99.401,8.81
2026-06-10T17:53:00,PCI_1,gNB-1,100.0,308,0,100.0,79.5,105.3,99.721,99.374,0.308,29,98.474,98.752,98.754,98.279,98.236,36.45,25.16,200.11,77.34,2.08086,99.823,10.9
2026-06-10T17:53:00,PCI_2,gNB-1,100.0,323,0,100.0,83.6,107.6,99.853,99.445,0.173,31,84.339,99.181,91.354,98.701,97.814,37.91,27.98,180.71,74.69,1.91548,99.456,30.61
2026-06-10T17:53:00,PCI_3,gNB-1,99.98,289,0,100.0,79.1,103.9,99.62,99.182,0.249,33,98.626,99.097,98.482,98.059,97.812,26.65,30.05,166.92,93.44,1.9527,98.86,10.98
2026-06-10T17:53:00,PCI_4,gNB-1,99.93,323,0,100.0,73.5,97.5,99.751,99.186,0.17,25,98.923,98.703,99.211,98.263,98.374,37.96,28.92,148.05,75.5,1.67668,99.658,9.59
2026-06-10T17:53:00,PCI_5,gNB-2,100.0,308,0,100.0,82.2,99.5,99.732,98.941,0.153,26,98.837,98.76,98.849,98.339,97.92,36.19,33.46,206.05,75.23,2.10961,98.957,7.89
2026-06-10T17:53:00,PCI_6,gNB-2,99.996,307,0,100.0,63.0,74.9,99.726,99.111,0.023,21,98.353,98.769,98.621,98.523,97.802,37.68,32.32,205.8,82.1,2.15924,98.916,11.31
2026-06-10T17:53:00,PCI_7,gNB-2,99.978,299,0,100.0,80.8,103.1,99.815,99.693,0.089,28,98.661,98.756,98.786,98.357,97.158,31.26,32.61,176.04,75.21,1.88438,99.334,11.95
2026-06-10T17:53:00,PCI_8,gNB-3,99.935,300,0,100.0,66.0,84.0,99.607,99.22,0.136,27,98.62,99.502,99.166,98.15,98.652,40.17,28.15,174.0,65.98,1.79979,99.588,11.7
2026-06-10T17:53:00,PCI_9,gNB-3,99.975,284,0,100.0,75.3,102.6,99.692,99.45,0.133,29,98.506,99.048,98.926,98.315,98.014,35.41,33.06,183.93,69.79,1.90294,99.395,8.39
2026-06-10T17:53:00,PCI_10,gNB-3,99.96,311,0,100.0,61.7,77.8,99.732,99.492,0.171,24,98.242,98.944,98.753,97.839,98.101,42.56,21.35,192.17,80.06,2.0417,99.304,8.82
2026-06-10T17:54:00,PCI_1,gNB-1,99.967,298,0,100.0,71.7,92.1,99.82,99.582,0.119,23,98.163,99.173,98.628,98.046,97.944,41.02,35.02,145.7,90.81,1.77383,99.205,9.33
2026-06-10T17:54:00,PCI_2,gNB-1,100.0,308,0,100.0,82.3,95.4,99.566,99.276,0.145,25,84.232,98.833,90.672,98.974,98.023,38.29,25.28,186.44,86.48,2.04687,99.25,34.19
2026-06-10T17:54:00,PCI_3,gNB-1,99.889,314,0,100.0,83.1,111.6,99.523,99.551,0.131,25,98.413,99.064,98.834,98.462,97.543,38.3,26.08,139.76,75.96,1.61789,99.276,10.69
2026-06-10T17:54:00,PCI_4,gNB-1,99.932,307,0,100.0,82.8,101.0,99.679,99.681,0.135,29,98.576,98.644,98.611,98.57,97.754,37.84,21.39,180.85,93.41,2.05691,99.042,10.07
2026-06-10T17:54:00,PCI_5,gNB-2,100.0,313,0,100.0,68.0,95.1,99.068,98.985,0.109,25,98.726,98.874,98.81,98.203,97.704,31.86,28.64,238.68,77.18,2.36897,99.262,8.58
2026-06-10T17:54:00,PCI_6,gNB-2,99.951,304,0,100.0,70.5,90.4,99.555,99.406,0.09,23,98.757,99.296,98.818,97.876,98.102,40.05,25.13,186.82,68.13,1.91215,99.097,7.02
2026-06-10T17:54:00,PCI_7,gNB-2,99.943,304,0,100.0,64.4,79.2,99.456,99.498,0.092,17,98.504,98.812,99.042,98.58,98.339,40.13,25.07,183.41,78.4,1.96361,99.453,7.59
2026-06-10T17:54:00,PCI_8,gNB-3,99.991,304,0,100.0,89.5,102.9,99.369,99.465,0.166,32,98.816,98.713,98.378,99.142,98.301,34.37,20.07,150.68,87.41,1.78571,98.688,7.52
2026-06-10T17:54:00,PCI_9,gNB-3,99.988,303,0,100.0,75.2,92.3,99.46,99.395,0.179,28,98.539,98.962,98.912,98.581,97.77,34.46,27.14,153.88,91.88,1.84321,99.384,7.69
2026-06-10T17:54:00,PCI_10,gNB-3,99.978,296,0,100.0,82.5,105.4,99.524,99.357,0.149,29,98.71,98.834,98.565,98.538,98.084,37.51,28.2,203.82,77.92,2.11305,99.129,5.95
2026-06-10T17:55:00,PCI_1,gNB-1,100.0,299,0,100.0,68.9,85.6,99.774,99.446,0.281,24,98.966,98.746,98.489,98.038,98.267,41.2,23.11,210.51,75.62,2.14592,99.234,7.47
2026-06-10T17:55:00,PCI_2,gNB-1,99.929,290,0,100.0,65.9,88.5,99.429,99.292,0.201,23,84.467,98.931,91.274,98.38,98.618,35.89,31.81,214.92,87.0,2.26443,99.375,32.87
2026-06-10T17:55:00,PCI_3,gNB-1,99.95,314,0,100.0,84.5,100.7,99.526,99.535,0.083,31,98.992,99.06,98.73,98.729,98.128,49.36,35.2,139.83,73.44,1.59952,98.75,8.97
2026-06-10T17:55:00,PCI_4,gNB-1,99.966,286,0,100.0,75.3,86.7,99.727,99.354,0.11,21,98.267,99.261,98.784,98.411,98.763,33.17,35.47,116.34,87.84,1.53138,99.26,8.63
2026-06-10T17:55:00,PCI_5,gNB-2,99.987,294,0,100.0,85.4,107.4,99.619,99.596,0.052,28,98.603,98.845,98.499,98.481,97.73,41.99,27.6,138.43,80.07,1.6388,98.873,11.66
2026-06-10T17:55:00,PCI_6,gNB-2,99.994,298,0,100.0,66.4,86.2,99.827,99.745,0.06,19,98.66,98.832,98.709,98.775,98.378,35.96,25.01,185.48,75.17,1.95484,99.021,8.55
2026-06-10T17:55:00,PCI_7,gNB-2,100.0,292,0,100.0,70.9,82.6,99.491,99.144,0.155,30,99.121,98.755,98.166,99.12,98.25,35.8,27.45,157.78,63.74,1.66142,99.116,11.27
2026-06-10T17:55:00,PCI_8,gNB-3,99.977,326,0,100.0,73.4,90.7,99.572,99.598,0.07,29,98.636,98.809,98.985,98.136,98.276,43.74,26.14,169.74,80.62,1.87768,99.248,10.56
2026-06-10T17:55:00,PCI_9,gNB-3,99.91,323,0,100.0,73.5,102.4,99.912,99.559,0.107,26,98.536,99.268,98.454,97.96,98.386,37.33,31.71,187.96,76.34,1.98224,99.515,8.83
2026-06-10T17:55:00,PCI_10,gNB-3,99.961,315,0,100.0,82.8,104.8,99.783,99.041,0.13,30,98.605,99.236,98.704,98.35,97.524,34.28,28.85,179.7,73.0,1.89528,98.918,10.54
2026-06-10T17:56:00,PCI_1,gNB-1,99.943,295,0,100.0,72.8,91.1,99.554,99.446,0.07,29,98.951,98.965,98.452,97.968,98.156,34.32,27.9,162.38,69.46,1.73879,98.844,8.6
2026-06-10T17:56:00,PCI_2,gNB-1,100.0,289,0,100.0,76.9,89.9,99.679,99.435,0.123,20,84.338,99.092,91.029,98.512,98.021,38.1,26.67,201.7,71.86,2.05174,98.958,33.2
2026-06-10T17:56:00,PCI_3,gNB-1,99.962,296,0,100.0,80.1,97.0,99.664,99.362,0.208,26,98.603,99.218,98.386,98.208,97.893,34.33,24.26,177.73,71.49,1.86921,99.252,13.35
2026-06-10T17:56:00,PCI_4,gNB-1,99.93,294,0,100.0,81.6,107.6,99.481,99.562,0.148,31,98.172,99.312,99.044,98.871,98.04,34.04,27.8,191.61,76.41,2.01012,99.248,7.57
2026-06-10T17:56:00,PCI_5,gNB-2,99.926,264,0,100.0,74.4,90.6,99.538,99.329,0.114,28,98.591,99.238,99.105,98.012,98.266,30.44,31.68,180.4,71.59,1.88996,98.798,8.89
2026-06-10T17:56:00,PCI_6,gNB-2,99.961,299,0,100.0,81.2,104.2,99.417,99.73,0.14,25,98.09,99.211,98.918,98.219,97.649,34.29,24.04,184.69,79.36,1.98038,99.594,12.6
2026-06-10T17:56:00,PCI_7,gNB-2,99.99,291,0,100.0,58.4,74.2,99.551,99.512,0.188,17,98.476,98.622,98.726,98.811,97.872,35.36,32.49,161.07,63.78,1.68641,99.3,9.52
2026-06-10T17:56:00,PCI_8,gNB-3,99.999,320,0,100.0,65.4,83.8,99.778,99.23,0.226,25,98.543,98.878,98.902,98.139,98.4,32.87,29.1,157.22,86.63,1.82889,99.542,10.68
2026-06-10T17:56:00,PCI_9,gNB-3,99.981,269,0,100.0,73.0,86.2,99.82,99.325,0.176,18,98.846,99.178,98.849,98.475,97.529,37.06,30.38,220.08,76.98,2.22794,99.457,7.33
2026-06-10T17:56:00,PCI_10,gNB-3,99.92,294,0,100.0,55.2,69.2,99.71,99.347,0.151,18,98.034,99.35,98.979,98.35,97.825,33.19,30.26,233.02,71.25,2.28199,99.697,11.02
2026-06-10T17:57:00,PCI_1,gNB-1,99.95,294,0,100.0,74.1,92.6,99.61,99.395,0.071,31,98.594,99.228,98.64,97.626,97.757,36.21,30.56,132.43,59.85,1.44213,99.023,10.0
2026-06-10T17:57:00,PCI_2,gNB-1,99.934,321,0,100.0,68.6,82.3,99.489,99.543,0.109,26,83.548,98.754,91.066,98.588,98.484,37.36,27.38,210.39,83.98,2.20782,99.235,34.91
2026-06-10T17:57:00,PCI_3,gNB-1,99.98,298,0,100.0,66.2,87.6,99.83,99.545,0.117,22,97.98,98.894,98.555,98.461,98.151,35.08,34.94,178.93,88.64,2.00679,98.942,10.17
2026-06-10T17:57:00,PCI_4,gNB-1,99.996,296,0,100.0,68.3,92.6,99.335,99.305,0.116,19,98.177,98.934,98.383,98.302,97.802,33.37,29.34,111.45,67.86,1.34481,98.964,8.72
2026-06-10T17:57:00,PCI_5,gNB-2,99.979,293,0,100.0,48.8,65.9,99.555,99.485,0.232,17,98.348,98.554,99.25,98.282,97.506,40.72,25.75,146.94,77.23,1.68131,98.987,7.05
2026-06-10T17:57:00,PCI_6,gNB-2,100.0,304,0,100.0,75.5,88.4,99.519,99.507,0.151,27,98.186,98.748,98.749,98.056,98.242,44.44,31.23,172.62,86.62,1.94436,99.576,10.34
2026-06-10T17:57:00,PCI_7,gNB-2,99.985,310,0,100.0,84.3,116.3,99.349,99.234,0.029,25,98.788,98.59,98.642,98.03,98.355,41.46,31.08,204.0,80.32,2.13244,99.431,8.55
2026-06-10T17:57:00,PCI_8,gNB-3,99.946,305,0,100.0,82.3,95.7,99.777,99.393,0.113,24,98.49,98.767,98.6,98.544,97.782,36.78,26.29,145.09,73.53,1.63962,99.379,9.26
2026-06-10T17:57:00,PCI_9,gNB-3,99.977,283,0,100.0,76.5,98.2,99.499,99.229,0.188,26,98.302,99.024,98.901,97.637,97.927,30.34,27.2,178.85,68.33,1.8539,99.008,8.95
2026-06-10T17:57:00,PCI_10,gNB-3,99.999,313,0,100.0,67.7,79.0,99.473,99.506,0.131,21,98.609,99.002,98.946,97.983,98.577,35.63,27.68,164.0,75.52,1.79638,99.262,9.99
2026-06-10T17:58:00,PCI_1,gNB-1,99.936,304,0,100.0,68.2,86.1,99.535,99.461,0.204,27,98.903,98.901,98.699,98.288,97.731,38.3,29.55,158.03,71.38,1.72058,99.182,12.14
2026-06-10T17:58:00,PCI_2,gNB-1,99.965,334,0,100.0,70.0,95.3,99.791,99.548,0.128,24,83.897,98.963,91.044,98.487,97.858,37.63,32.0,147.89,91.34,1.7942,99.406,31.86
2026-06-10T17:58:00,PCI_3,gNB-1,99.975,300,0,100.0,80.6,98.9,99.897,99.418,0.157,25,99.311,99.381,98.792,98.33,98.621,38.2,23.85,160.18,82.11,1.81714,99.52,12.06
2026-06-10T17:58:00,PCI_4,gNB-1,100.0,291,0,100.0,69.1,88.6,99.434,99.268,0.137,23,98.66,99.025,99.203,98.27,98.245,37.2,28.83,179.49,71.52,1.88257,98.836,10.14
2026-06-10T17:58:00,PCI_5,gNB-2,99.977,309,0,100.0,72.0,96.0,99.477,99.636,0.148,30,98.361,99.242,98.792,98.203,97.654,33.21,30.6,193.35,92.1,2.14081,98.764,11.47
2026-06-10T17:58:00,PCI_6,gNB-2,100.0,302,0,100.0,80.0,93.8,99.688,99.648,0.117,31,98.144,98.696,98.979,98.63,97.852,36.99,28.07,143.12,94.16,1.77957,99.134,7.15
2026-06-10T17:58:00,PCI_7,gNB-2,99.981,315,0,100.0,75.4,101.1,99.405,99.491,0.045,30,98.809,98.727,98.862,98.187,98.024,33.69,35.2,175.51,82.48,1.93489,98.921,10.71
2026-06-10T17:58:00,PCI_8,gNB-3,100.0,309,0,100.0,72.7,89.6,99.563,98.868,0.094,25,98.138,98.861,99.55,98.346,98.326,37.86,26.54,103.75,77.26,1.35756,99.509,11.22
2026-06-10T17:58:00,PCI_9,gNB-3,100.0,287,0,100.0,84.4,110.1,99.374,98.935,0.121,29,98.596,98.579,98.963,98.643,97.685,33.61,28.24,167.16,69.32,1.77355,99.013,10.27
2026-06-10T17:58:00,PCI_10,gNB-3,99.977,317,0,100.0,76.3,106.2,99.7,99.502,0.159,24,98.801,99.218,98.492,98.031,97.88,31.18,22.36,141.7,92.94,1.75979,99.224,10.01
2026-06-10T17:59:00,PCI_1,gNB-1,100.0,296,0,100.0,64.1,86.4,99.613,99.478,0.253,21,98.261,98.813,98.676,97.934,98.093,31.48,30.35,172.21,72.53,1.83555,99.5,11.81
2026-06-10T17:59:00,PCI_2,gNB-1,100.0,274,0,100.0,78.9,96.0,99.506,99.654,0.228,28,83.368,98.978,90.676,98.673,98.334,34.5,29.67,151.62,65.68,1.62976,99.23,34.64
2026-06-10T17:59:00,PCI_3,gNB-1,99.958,305,0,100.0,87.5,104.8,99.564,99.445,0.239,23,98.66,99.174,99.539,98.544,98.314,34.65,26.73,160.95,54.45,1.61548,98.931,10.23
2026-06-10T17:59:00,PCI_4,gNB-1,99.949,312,0,100.0,67.5,89.1,99.578,99.527,0.244,32,98.624,99.3,98.843,98.031,98.005,26.62,30.86,165.89,72.41,1.78725,99.283,9.66
2026-06-10T17:59:00,PCI_5,gNB-2,99.965,295,0,100.0,76.5,106.9,99.44,98.969,0.194,24,98.145,99.255,98.573,98.366,97.946,37.23,28.68,147.05,89.17,1.77166,99.334,10.72
2026-06-10T17:59:00,PCI_6,gNB-2,100.0,281,0,100.0,71.8,85.5,99.452,99.639,0.127,23,98.665,99.072,98.472,98.575,97.528,36.53,25.71,184.31,94.99,2.09475,98.721,11.65
2026-06-10T17:59:00,PCI_7,gNB-2,99.972,271,0,100.0,75.2,104.5,99.637,99.513,0.171,24,98.103,99.487,98.484,97.927,98.064,38.33,25.09,138.92,87.46,1.69788,99.645,13.63
2026-06-10T17:59:00,PCI_8,gNB-3,99.999,311,0,100.0,74.0,97.1,99.79,99.354,0.213,22,98.361,98.944,98.915,98.449,97.723,24.78,38.47,161.32,74.5,1.76865,99.329,10.94
2026-06-10T17:59:00,PCI_9,gNB-3,99.972,297,0,100.0,74.0,102.7,99.633,99.659,0.25,22,98.461,99.357,98.769,98.538,97.868,35.12,32.22,235.53,83.83,2.39527,99.194,9.04
2026-06-10T17:59:00,PCI_10,gNB-3,99.976,303,0,100.0,77.3,97.7,99.646,99.477,0.161,28,98.858,99.426,98.56,98.446,98.388,36.93,33.41,202.07,76.85,2.09189,99.019,8.03
