timestamp,pci,nof_ue,dl_brate,ul_brate,dl_nof_ok,dl_nof_nok,ul_nof_ok,ul_nof_nok,dl_mcs,ul_mcs,dl_prb,ul_prb,pusch_snr_db,pucch_snr_db
2026-06-13T08:00:00,PCI_1,2,383820046.0,24210050.0,1077,20,948,8,9,9,27.0,30.0,19.33,17.41
2026-06-13T08:00:00,PCI_2,2,327374894.0,22964689.0,896,9,799,17,10,13,43.0,26.0,17.5,22.85
2026-06-13T08:00:00,PCI_3,2,386741373.0,23030720.0,1027,12,678,25,14,10,35.0,26.0,17.49,23.29
2026-06-13T08:00:00,PCI_4,2,309981534.0,24273041.0,925,24,763,7,12,11,48.0,25.0,19.91,16.99
2026-06-13T08:00:00,PCI_5,2,367839107.0,21558146.0,908,6,894,24,8,11,29.0,33.0,7.21,17.11
2026-06-13T08:00:00,PCI_6,1,347820363.0,29684238.0,1078,35,730,19,12,10,31.0,27.0,9.85,15.85
2026-06-13T08:00:00,PCI_7,2,437148622.0,25068971.0,990,18,727,6,11,13,39.0,28.0,14.34,12.18
2026-06-13T08:00:00,PCI_8,3,356834930.0,21600499.0,898,31,903,10,14,11,31.0,13.0,19.28,27.91
2026-06-13T08:00:00,PCI_9,2,22694980.0,11171401.0,878,24,992,6,8,13,36.0,30.0,6.32,9.75
2026-06-13T08:00:00,PCI_10,3,27540166.0,16311608.0,960,36,912,21,8,13,34.0,32.0,5.66,9.13
2026-06-13T08:00:00,PCI_11,1,17300866.0,11082065.0,1116,16,827,18,8,10,38.0,25.0,20.07,10.93
2026-06-13T08:00:00,PCI_12,2,27508794.0,10925234.0,986,6,842,27,15,11,37.0,23.0,5.3,27.5
2026-06-13T08:00:00,PCI_13,2,26767297.0,10791691.0,1148,18,714,11,14,9,36.0,36.0,14.66,11.79
2026-06-13T08:00:00,PCI_14,2,19952189.0,13820041.0,1156,17,678,26,12,14,43.0,32.0,20.04,22.48
2026-06-13T08:00:00,PCI_15,2,26539061.0,9101966.0,1155,15,870,19,9,15,34.0,30.0,6.96,15.04
2026-06-13T08:00:00,PCI_16,2,32598943.0,11206630.0,905,25,854,4,9,11,35.0,29.0,19.67,16.37
2026-06-13T08:01:00,PCI_1,1,418092780.0,26439599.0,977,5,840,12,15,9,36.0,30.0,12.55,19.08
2026-06-13T08:01:00,PCI_2,1,350862421.0,16815601.0,1161,32,869,3,9,15,33.0,23.0,14.85,11.07
2026-06-13T08:01:00,PCI_3,2,472445912.0,31626097.0,1016,37,852,14,9,13,31.0,27.0,10.61,21.64
2026-06-13T08:01:00,PCI_4,1,381032923.0,28656927.0,1134,18,986,13,8,10,35.0,33.0,24.29,26.74
2026-06-13T08:01:00,PCI_5,2,477249105.0,25326369.0,1053,21,933,23,11,8,32.0,27.0,16.89,11.42
2026-06-13T08:01:00,PCI_6,2,412431367.0,20476166.0,992,22,963,7,8,14,43.0,31.0,13.42,27.88
2026-06-13T08:01:00,PCI_7,2,291975391.0,24316334.0,987,19,827,13,8,13,35.0,25.0,7.03,22.12
2026-06-13T08:01:00,PCI_8,2,404746105.0,29681664.0,1158,6,762,29,13,14,36.0,30.0,6.73,19.54
2026-06-13T08:01:00,PCI_9,2,28202700.0,11162581.0,1150,5,952,18,9,11,34.0,27.0,8.67,19.89
2026-06-13T08:01:00,PCI_10,2,20874470.0,12954120.0,1130,5,760,15,8,9,43.0,35.0,19.92,25.28
2026-06-13T08:01:00,PCI_11,2,23904012.0,11716892.0,1133,11,724,18,10,15,39.0,29.0,19.9,27.39
2026-06-13T08:01:00,PCI_12,1,24255693.0,10149700.0,1022,17,904,7,13,15,36.0,20.0,10.61,12.73
2026-06-13T08:01:00,PCI_13,2,24203923.0,13871897.0,1059,10,745,24,10,12,40.0,24.0,16.46,15.73
2026-06-13T08:01:00,PCI_14,3,29676389.0,12148619.0,1086,14,903,23,15,11,34.0,26.0,21.84,21.88
2026-06-13T08:01:00,PCI_15,2,25647094.0,9948716.0,983,30,746,27,14,12,39.0,34.0,14.51,18.75
2026-06-13T08:01:00,PCI_16,1,34204259.0,17681121.0,1070,26,772,12,14,15,36.0,31.0,16.22,20.59
2026-06-13T08:02:00,PCI_1,2,295666541.0,11688444.0,1152,24,848,3,14,12,36.0,25.0,23.83,21.65
2026-06-13T08:02:00,PCI_2,2,306052131.0,21046397.0,1099,26,944,23,11,15,39.0,30.0,15.35,17.91
2026-06-13T08:02:00,PCI_3,2,319500745.0,33118941.0,1099,38,892,6,10,12,36.0,26.0,5.15,8.76
2026-06-13T08:02:00,PCI_4,1,471112891.0,26389676.0,1093,33,835,26,8,11,37.0,30.0,21.39,20.98
2026-06-13T08:02:00,PCI_5,2,427614325.0,21466136.0,900,20,933,21,11,10,36.0,26.0,23.9,20.42
2026-06-13T08:02:00,PCI_6,2,293299381.0,15128490.0,1056,15,760,12,12,11,37.0,29.0,7.12,18.04
2026-06-13T08:02:00,PCI_7,2,400973648.0,18146679.0,1064,9,854,28,8,12,36.0,31.0,12.84,20.49
2026-06-13T08:02:00,PCI_8,2,289582206.0,18799471.0,876,39,766,11,9,10,39.0,33.0,20.18,17.42
2026-06-13T08:02:00,PCI_9,1,29889935.0,13842286.0,1011,10,721,3,13,10,41.0,30.0,5.62,12.12
2026-06-13T08:02:00,PCI_10,1,29666783.0,12360593.0,1080,37,914,19,12,11,36.0,21.0,20.65,11.88
2026-06-13T08:02:00,PCI_11,1,29722532.0,12299586.0,1021,29,893,13,9,11,37.0,32.0,17.12,13.74
2026-06-13T08:02:00,PCI_12,2,19754508.0,10026032.0,1151,19,832,25,9,13,40.0,30.0,14.43,20.52
2026-06-13T08:02:00,PCI_13,2,20113352.0,14234941.0,995,18,833,25,13,10,38.0,39.0,22.32,9.17
2026-06-13T08:02:00,PCI_14,2,13726410.0,9214190.0,1097,33,889,24,8,14,41.0,30.0,21.41,10.59
2026-06-13T08:02:00,PCI_15,2,30211092.0,11324588.0,1179,11,693,16,9,8,37.0,30.0,16.41,10.46
2026-06-13T08:02:00,PCI_16,1,31163726.0,16970711.0,1015,5,957,14,14,14,44.0,30.0,12.9,11.45
2026-06-13T08:03:00,PCI_1,1,248440407.0,33549810.0,1057,33,881,13,12,14,31.0,26.0,8.3,26.46
2026-06-13T08:03:00,PCI_2,2,327525184.0,23081505.0,907,11,839,19,9,11,29.0,31.0,15.94,26.29
2026-06-13T08:03:00,PCI_3,2,460329142.0,22237182.0,963,18,810,21,12,10,38.0,30.0,15.24,25.89
2026-06-13T08:03:00,PCI_4,1,433087269.0,29633648.0,1089,35,714,20,13,12,37.0,17.0,20.6,12.25
2026-06-13T08:03:00,PCI_5,2,417619936.0,19246206.0,1164,7,877,17,8,12,38.0,26.0,6.52,10.58
2026-06-13T08:03:00,PCI_6,2,482639432.0,17539347.0,1071,39,724,18,8,15,40.0,27.0,6.79,25.21
2026-06-13T08:03:00,PCI_7,2,403425164.0,38928372.0,911,5,960,5,11,12,33.0,22.0,9.57,24.22
2026-06-13T08:03:00,PCI_8,2,310422162.0,15312873.0,900,5,771,11,9,8,34.0,32.0,21.96,15.64
2026-06-13T08:03:00,PCI_9,1,27206096.0,16453260.0,1029,8,871,4,12,15,43.0,33.0,24.19,17.36
2026-06-13T08:03:00,PCI_10,1,25589702.0,12761759.0,932,10,699,26,14,8,34.0,31.0,11.12,24.61
2026-06-13T08:03:00,PCI_11,2,14445809.0,12957556.0,1073,15,880,11,11,11,34.0,32.0,24.55,15.79
2026-06-13T08:03:00,PCI_12,2,21188279.0,9218905.0,1083,38,891,20,8,15,40.0,33.0,14.69,11.68
2026-06-13T08:03:00,PCI_13,1,19545400.0,14014751.0,1059,18,810,14,9,12,40.0,26.0,21.81,26.25
2026-06-13T08:03:00,PCI_14,1,16399006.0,12382166.0,944,17,829,24,10,10,35.0,22.0,17.37,9.81
2026-06-13T08:03:00,PCI_15,2,23264863.0,9492255.0,1022,27,795,8,8,9,34.0,27.0,10.01,23.66
2026-06-13T08:03:00,PCI_16,2,31522252.0,12080044.0,1146,29,957,18,14,13,45.0,31.0,15.53,10.25
2026-06-13T08:04:00,PCI_1,1,333468891.0,20835915.0,1115,31,840,20,12,15,38.0,23.0,7.99,25.95
2026-06-13T08:04:00,PCI_2,3,307975138.0,14667524.0,1138,5,902,6,14,14,32.0,32.0,8.8,9.82
2026-06-13T08:04:00,PCI_3,2,462486223.0,20416031.0,1041,25,790,22,11,9,42.0,39.0,10.87,21.7
2026-06-13T08:04:00,PCI_4,3,344916929.0,23946192.0,915,13,786,16,13,13,31.0,27.0,23.65,11.41
2026-06-13T08:04:00,PCI_5,2,258739915.0,23682895.0,992,38,972,4,15,10,33.0,22.0,18.51,21.65
2026-06-13T08:04:00,PCI_6,1,478843690.0,23201870.0,1009,29,712,5,11,10,40.0,25.0,18.37,10.02
2026-06-13T08:04:00,PCI_7,2,333505158.0,23098899.0,901,8,677,26,15,14,40.0,34.0,8.55,17.6
2026-06-13T08:04:00,PCI_8,1,475785073.0,26963749.0,959,17,960,28,15,11,35.0,28.0,24.57,9.0
2026-06-13T08:04:00,PCI_9,2,28285322.0,10838032.0,942,17,880,16,8,11,41.0,31.0,23.46,20.2
2026-06-13T08:04:00,PCI_10,2,31912308.0,13523075.0,1135,24,796,6,12,8,32.0,30.0,6.45,8.57
2026-06-13T08:04:00,PCI_11,1,21530417.0,8961797.0,944,31,944,12,15,9,38.0,30.0,17.96,20.82
2026-06-13T08:04:00,PCI_12,1,25217613.0,11226093.0,1095,18,844,21,12,10,37.0,30.0,6.73,26.77
2026-06-13T08:04:00,PCI_13,2,22080928.0,15967407.0,1104,31,984,4,9,9,38.0,32.0,10.38,8.41
2026-06-13T08:04:00,PCI_14,1,24421445.0,13474007.0,984,35,802,8,8,10,37.0,28.0,5.74,13.9
2026-06-13T08:04:00,PCI_15,2,21446047.0,10720706.0,970,28,725,23,11,10,38.0,23.0,9.68,25.77
2026-06-13T08:04:00,PCI_16,2,32946992.0,13782626.0,896,21,800,5,12,9,37.0,24.0,9.12,14.74
2026-06-13T08:05:00,PCI_1,1,323692463.0,19205634.0,959,26,921,11,15,14,28.0,30.0,13.09,26.94
2026-06-13T08:05:00,PCI_2,2,438155357.0,22826360.0,906,32,744,12,11,14,38.0,24.0,8.22,20.25
2026-06-13T08:05:00,PCI_3,2,372266374.0,21059027.0,961,36,885,7,14,14,34.0,28.0,6.89,9.49
2026-06-13T08:05:00,PCI_4,1,269378383.0,27254861.0,869,34,780,25,14,8,38.0,29.0,6.77,22.05
2026-06-13T08:05:00,PCI_5,1,315318879.0,26498421.0,903,23,895,19,8,8,43.0,27.0,18.98,24.52
2026-06-13T08:05:00,PCI_6,2,445829391.0,23045979.0,1123,20,709,28,8,8,44.0,30.0,23.77,19.61
2026-06-13T08:05:00,PCI_7,2,383107991.0,25281574.0,924,19,707,4,8,9,35.0,27.0,14.34,13.13
2026-06-13T08:05:00,PCI_8,2,445563755.0,20420975.0,893,14,897,16,12,13,43.0,29.0,6.69,26.57
2026-06-13T08:05:00,PCI_9,2,15745371.0,11550927.0,931,26,684,17,9,11,39.0,31.0,17.51,9.07
2026-06-13T08:05:00,PCI_10,2,26095790.0,6290051.0,1143,36,916,6,13,11,31.0,26.0,9.04,21.3
2026-06-13T08:05:00,PCI_11,1,29407310.0,9271601.0,927,20,983,8,12,8,32.0,27.0,20.21,26.15
2026-06-13T08:05:00,PCI_12,1,27635381.0,10757539.0,944,35,829,23,15,15,32.0,23.0,21.78,21.73
2026-06-13T08:05:00,PCI_13,3,28882354.0,10958845.0,1105,31,851,11,10,10,31.0,25.0,9.06,11.93
2026-06-13T08:05:00,PCI_14,3,25680594.0,10559029.0,1113,6,706,5,12,8,39.0,30.0,7.73,15.98
2026-06-13T08:05:00,PCI_15,1,25157514.0,15708675.0,1067,24,724,27,12,12,32.0,24.0,20.92,19.67
2026-06-13T08:05:00,PCI_16,2,28501350.0,15031495.0,1118,38,960,27,11,10,30.0,22.0,23.97,24.31
2026-06-13T08:06:00,PCI_1,2,215835076.0,19052046.0,982,28,747,11,15,15,37.0,32.0,11.44,24.3
2026-06-13T08:06:00,PCI_2,2,275361678.0,23476689.0,938,9,965,9,10,9,36.0,25.0,15.27,19.43
2026-06-13T08:06:00,PCI_3,2,176201802.0,16297660.0,991,20,906,18,10,10,37.0,30.0,11.24,11.84
2026-06-13T08:06:00,PCI_4,2,432848261.0,23128314.0,896,13,976,23,9,13,38.0,34.0,15.49,23.75
2026-06-13T08:06:00,PCI_5,2,418358438.0,29964951.0,933,6,712,26,10,10,39.0,37.0,24.81,23.02
2026-06-13T08:06:00,PCI_6,2,278753593.0,24396091.0,1104,8,810,28,13,9,40.0,19.0,5.08,13.47
2026-06-13T08:06:00,PCI_7,2,398246081.0,31814613.0,945,11,769,9,14,11,36.0,30.0,11.84,15.91
2026-06-13T08:06:00,PCI_8,2,308730596.0,25064820.0,1035,7,696,28,8,9,37.0,21.0,13.31,17.0
2026-06-13T08:06:00,PCI_9,1,24915896.0,12816161.0,937,38,772,27,11,15,36.0,27.0,6.33,10.23
2026-06-13T08:06:00,PCI_10,2,25724781.0,9389932.0,1121,38,801,20,9,8,31.0,18.0,5.07,20.9
2026-06-13T08:06:00,PCI_11,2,16447657.0,9528040.0,1165,32,914,6,12,12,41.0,30.0,20.14,26.01
2026-06-13T08:06:00,PCI_12,1,26201406.0,13046311.0,997,12,780,16,13,9,37.0,35.0,20.47,20.81
2026-06-13T08:06:00,PCI_13,0,26898404.0,12146961.0,1010,15,827,26,15,10,46.0,31.0,23.25,23.09
2026-06-13T08:06:00,PCI_14,1,25513672.0,8589467.0,1074,5,707,8,10,13,34.0,26.0,15.65,18.47
2026-06-13T08:06:00,PCI_15,2,26298092.0,15544346.0,901,28,965,28,9,14,40.0,29.0,7.65,9.33
2026-06-13T08:06:00,PCI_16,2,26490406.0,10215363.0,1082,34,684,22,15,10,38.0,24.0,13.73,10.81
2026-06-13T08:07:00,PCI_1,2,310562084.0,19876917.0,935,27,758,11,15,12,32.0,31.0,14.76,16.39
2026-06-13T08:07:00,PCI_2,2,419018164.0,19885160.0,1030,16,795,16,9,14,38.0,36.0,8.03,12.04
2026-06-13T08:07:00,PCI_3,2,379515867.0,22612488.0,1087,17,960,3,13,12,38.0,29.0,20.29,19.71
2026-06-13T08:07:00,PCI_4,2,405702840.0,31804661.0,1081,23,797,28,11,9,42.0,36.0,11.42,17.26
2026-06-13T08:07:00,PCI_5,2,396165267.0,28482481.0,930,6,914,14,15,12,28.0,28.0,9.94,25.67
2026-06-13T08:07:00,PCI_6,2,297331040.0,28186177.0,1000,16,983,3,11,13,34.0,30.0,13.65,13.08
2026-06-13T08:07:00,PCI_7,2,233625723.0,23916590.0,1157,17,921,4,10,13,30.0,23.0,18.75,11.24
2026-06-13T08:07:00,PCI_8,4,375331166.0,25882025.0,961,35,972,4,14,10,28.0,29.0,12.21,19.73
2026-06-13T08:07:00,PCI_9,2,22027472.0,8459497.0,1100,36,778,19,9,14,39.0,21.0,17.09,25.13
2026-06-13T08:07:00,PCI_10,2,27675376.0,13525756.0,902,12,919,9,9,15,40.0,32.0,21.98,19.55
2026-06-13T08:07:00,PCI_11,2,19842942.0,13749582.0,998,11,711,6,15,14,35.0,39.0,15.14,18.44
2026-06-13T08:07:00,PCI_12,2,26040717.0,13133811.0,881,36,716,22,9,13,41.0,34.0,21.18,22.16
2026-06-13T08:07:00,PCI_13,2,24517211.0,12993883.0,949,24,897,11,15,14,38.0,34.0,12.64,20.41
2026-06-13T08:07:00,PCI_14,2,25150436.0,14780275.0,974,16,721,6,11,10,43.0,31.0,22.17,15.85
2026-06-13T08:07:00,PCI_15,2,34608405.0,14737617.0,902,14,857,5,9,13,38.0,22.0,23.68,16.61
2026-06-13T08:07:00,PCI_16,2,23909116.0,9187522.0,982,10,742,20,9,15,38.0,28.0,16.81,15.51
2026-06-13T08:08:00,PCI_1,1,305648318.0,29479550.0,1056,11,954,18,8,13,37.0,29.0,23.04,11.3
2026-06-13T08:08:00,PCI_2,1,394067402.0,30492085.0,1009,11,688,12,14,15,39.0,36.0,20.49,16.19
2026-06-13T08:08:00,PCI_3,2,502175850.0,28919375.0,1082,5,943,22,12,13,38.0,27.0,17.36,12.34
2026-06-13T08:08:00,PCI_4,2,374359932.0,27146547.0,1060,38,936,23,12,10,38.0,28.0,8.63,21.33
2026-06-13T08:08:00,PCI_5,2,318011706.0,25453062.0,1089,24,895,9,11,12,34.0,28.0,5.82,25.26
2026-06-13T08:08:00,PCI_6,2,286108482.0,29032449.0,1017,10,854,9,12,9,46.0,30.0,10.49,23.49
2026-06-13T08:08:00,PCI_7,2,345317564.0,22843804.0,1081,30,811,21,9,12,35.0,27.0,10.85,10.0
2026-06-13T08:08:00,PCI_8,2,353742838.0,21269879.0,1122,9,803,23,10,14,36.0,25.0,18.14,12.35
2026-06-13T08:08:00,PCI_9,3,30828991.0,19888021.0,1017,17,949,29,8,14,42.0,28.0,9.92,21.64
2026-06-13T08:08:00,PCI_10,3,25737533.0,10836023.0,1119,20,758,14,8,8,36.0,22.0,11.62,27.98
2026-06-13T08:08:00,PCI_11,1,19985974.0,17980793.0,1062,23,870,19,15,10,32.0,33.0,13.17,26.25
2026-06-13T08:08:00,PCI_12,2,27785475.0,15308192.0,944,28,848,4,10,9,47.0,31.0,9.96,18.88
2026-06-13T08:08:00,PCI_13,2,24910628.0,9428768.0,918,29,744,8,14,12,45.0,32.0,5.11,19.58
2026-06-13T08:08:00,PCI_14,2,23504880.0,12420963.0,1149,9,868,28,10,8,40.0,26.0,19.47,10.15
2026-06-13T08:08:00,PCI_15,2,22097600.0,10913202.0,923,9,796,23,15,13,41.0,34.0,19.65,17.94
2026-06-13T08:08:00,PCI_16,2,16196031.0,9302169.0,910,15,795,15,11,10,35.0,25.0,15.01,12.18
2026-06-13T08:09:00,PCI_1,2,466964755.0,29182274.0,1019,15,897,28,13,11,43.0,30.0,22.24,19.21
2026-06-13T08:09:00,PCI_2,2,435604053.0,22696495.0,1035,39,800,18,12,12,44.0,32.0,16.53,16.91
2026-06-13T08:09:00,PCI_3,3,489307322.0,33877560.0,898,13,800,10,13,15,38.0,34.0,15.14,26.06
2026-06-13T08:09:00,PCI_4,2,381839052.0,21425414.0,892,23,703,8,10,9,35.0,25.0,14.09,20.22
2026-06-13T08:09:00,PCI_5,3,423844262.0,27532000.0,1138,12,826,3,13,12,33.0,30.0,14.26,18.52
2026-06-13T08:09:00,PCI_6,2,505478363.0,26762847.0,1163,21,941,10,11,10,33.0,34.0,24.05,16.5
2026-06-13T08:09:00,PCI_7,2,454388815.0,23362835.0,1016,24,840,28,13,10,40.0,26.0,8.16,10.27
2026-06-13T08:09:00,PCI_8,2,373557223.0,29294157.0,952,6,802,7,14,9,38.0,34.0,14.63,24.97
2026-06-13T08:09:00,PCI_9,2,25258140.0,14120752.0,1123,34,749,10,13,8,34.0,33.0,8.96,27.57
2026-06-13T08:09:00,PCI_10,3,28768255.0,16543604.0,1064,20,735,3,15,14,38.0,27.0,7.45,13.55
2026-06-13T08:09:00,PCI_11,2,23839466.0,15012053.0,943,18,829,23,9,13,38.0,34.0,22.03,24.81
2026-06-13T08:09:00,PCI_12,2,23665949.0,12050556.0,1142,33,833,28,10,8,33.0,29.0,5.73,20.22
2026-06-13T08:09:00,PCI_13,1,28633093.0,10169631.0,1031,38,932,24,8,9,37.0,24.0,23.07,11.71
2026-06-13T08:09:00,PCI_14,2,26339446.0,11253324.0,921,19,714,8,12,10,36.0,28.0,15.26,26.68
2026-06-13T08:09:00,PCI_15,2,27554317.0,13752827.0,950,16,950,4,8,10,41.0,32.0,15.36,19.74
2026-06-13T08:09:00,PCI_16,2,18378276.0,12173097.0,950,38,805,18,11,8,36.0,26.0,9.49,25.38
2026-06-13T08:10:00,PCI_1,2,434011426.0,31142462.0,1166,16,845,28,11,10,37.0,25.0,17.74,10.92
2026-06-13T08:10:00,PCI_2,1,452311497.0,26111102.0,953,23,892,17,12,10,31.0,32.0,5.61,24.87
2026-06-13T08:10:00,PCI_3,3,375558630.0,32809849.0,978,31,851,28,15,15,40.0,29.0,15.59,13.14
2026-06-13T08:10:00,PCI_4,2,453655068.0,24973286.0,894,30,894,11,13,13,37.0,29.0,9.97,23.12
2026-06-13T08:10:00,PCI_5,2,409507988.0,28753331.0,877,29,752,14,15,15,39.0,30.0,15.57,12.31
2026-06-13T08:10:00,PCI_6,3,549652043.0,28352753.0,1158,18,854,15,12,12,43.0,36.0,10.14,15.21
2026-06-13T08:10:00,PCI_7,2,254762163.0,27090490.0,1191,7,727,24,10,13,39.0,27.0,20.68,17.91
2026-06-13T08:10:00,PCI_8,2,437421841.0,28077112.0,916,35,817,12,10,8,40.0,28.0,14.01,23.85
2026-06-13T08:10:00,PCI_9,2,32955825.0,15095947.0,1170,13,740,12,13,15,34.0,28.0,21.51,17.01
2026-06-13T08:10:00,PCI_10,2,30735888.0,11852370.0,947,17,710,28,8,11,40.0,26.0,11.18,15.33
2026-06-13T08:10:00,PCI_11,2,24186566.0,15425634.0,1126,31,731,5,11,12,35.0,28.0,23.7,16.33
2026-06-13T08:10:00,PCI_12,2,18560126.0,11383305.0,1100,11,919,14,14,12,40.0,33.0,19.7,21.19
2026-06-13T08:10:00,PCI_13,2,33603274.0,10239213.0,890,19,699,29,13,13,40.0,29.0,12.74,21.46
2026-06-13T08:10:00,PCI_14,1,20075474.0,12630159.0,1124,17,776,20,10,9,38.0,20.0,13.64,16.3
2026-06-13T08:10:00,PCI_15,2,20369025.0,9224224.0,1042,21,866,22,15,13,39.0,36.0,23.72,15.78
2026-06-13T08:10:00,PCI_16,2,29740551.0,15117119.0,1081,37,888,8,10,8,39.0,31.0,12.55,26.82
2026-06-13T08:11:00,PCI_1,1,408305404.0,31661161.0,939,12,879,6,11,10,41.0,26.0,9.91,26.3
2026-06-13T08:11:00,PCI_2,2,371740062.0,22630127.0,1067,8,862,28,12,12,43.0,37.0,22.35,22.47
2026-06-13T08:11:00,PCI_3,2,535292028.0,24837996.0,1044,6,970,23,10,12,39.0,36.0,9.22,26.0
2026-06-13T08:11:00,PCI_4,2,468342952.0,25439806.0,1030,25,967,27,15,11,48.0,24.0,18.42,12.29
2026-06-13T08:11:00,PCI_5,2,364639234.0,19638445.0,949,33,987,9,14,9,41.0,25.0,14.17,16.89
2026-06-13T08:11:00,PCI_6,2,516301001.0,23893494.0,1156,25,873,24,13,15,35.0,28.0,8.46,24.13
2026-06-13T08:11:00,PCI_7,2,419143512.0,25011763.0,1145,10,754,29,12,8,44.0,28.0,5.02,21.71
2026-06-13T08:11:00,PCI_8,2,453898874.0,34463072.0,1131,23,908,20,10,11,45.0,29.0,7.42,8.61
2026-06-13T08:11:00,PCI_9,2,26009178.0,13679107.0,923,28,781,21,13,8,31.0,29.0,21.36,21.52
2026-06-13T08:11:00,PCI_10,2,26961679.0,10386795.0,972,11,913,5,10,14,43.0,32.0,21.88,16.32
2026-06-13T08:11:00,PCI_11,2,28606455.0,11975225.0,964,11,833,11,10,15,45.0,26.0,10.89,19.62
2026-06-13T08:11:00,PCI_12,1,38176121.0,9803078.0,1163,22,972,26,11,15,40.0,37.0,8.0,21.06
2026-06-13T08:11:00,PCI_13,2,22056366.0,15752562.0,1140,10,833,14,15,8,35.0,33.0,10.91,13.95
2026-06-13T08:11:00,PCI_14,2,30093455.0,6437185.0,1012,10,693,23,9,12,35.0,39.0,18.17,13.09
2026-06-13T08:11:00,PCI_15,0,35580690.0,14476799.0,1149,33,863,26,15,14,35.0,36.0,7.11,20.39
2026-06-13T08:11:00,PCI_16,2,19468542.0,13507146.0,1034,23,744,3,9,13,40.0,24.0,17.32,8.07
2026-06-13T08:12:00,PCI_1,3,346921407.0,22454019.0,1028,15,832,4,10,10,43.0,26.0,21.11,22.21
2026-06-13T08:12:00,PCI_2,2,298764457.0,31165624.0,993,22,774,3,14,14,35.0,26.0,8.25,10.63
2026-06-13T08:12:00,PCI_3,2,365702677.0,33091817.0,1124,31,848,5,13,11,39.0,28.0,23.98,11.02
2026-06-13T08:12:00,PCI_4,2,424397935.0,24035683.0,917,36,882,24,12,10,36.0,27.0,13.53,24.49
2026-06-13T08:12:00,PCI_5,2,516655963.0,34191695.0,1099,6,747,28,10,13,44.0,32.0,19.68,13.41
2026-06-13T08:12:00,PCI_6,2,356634028.0,21062823.0,1113,37,785,10,13,9,40.0,30.0,17.0,20.67
2026-06-13T08:12:00,PCI_7,1,348545397.0,21834025.0,931,17,954,21,14,15,38.0,23.0,22.62,16.05
2026-06-13T08:12:00,PCI_8,2,483714839.0,21898775.0,1100,6,725,22,10,13,48.0,26.0,5.22,12.09
2026-06-13T08:12:00,PCI_9,2,27839278.0,14831277.0,1134,8,765,14,8,14,42.0,27.0,10.26,9.25
2026-06-13T08:12:00,PCI_10,2,24895810.0,15615089.0,902,23,762,8,9,14,44.0,34.0,15.76,9.24
2026-06-13T08:12:00,PCI_11,2,36181815.0,15558127.0,977,25,715,28,14,13,39.0,35.0,15.16,22.42
2026-06-13T08:12:00,PCI_12,2,24086682.0,18263236.0,1007,26,945,9,10,9,41.0,30.0,8.99,22.63
2026-06-13T08:12:00,PCI_13,2,36532592.0,10568031.0,982,5,805,3,9,9,35.0,21.0,5.48,22.32
2026-06-13T08:12:00,PCI_14,2,22366234.0,12408775.0,1173,6,717,27,11,14,34.0,21.0,15.83,22.56
2026-06-13T08:12:00,PCI_15,1,26382595.0,14257357.0,1135,23,743,8,13,9,38.0,28.0,22.01,16.75
2026-06-13T08:12:00,PCI_16,2,24953290.0,11587114.0,946,25,874,18,14,12,41.0,33.0,21.99,27.37
2026-06-13T08:13:00,PCI_1,2,529675714.0,22401138.0,882,30,922,14,12,11,35.0,29.0,14.87,19.13
2026-06-13T08:13:00,PCI_2,1,378598429.0,37418602.0,943,31,976,16,10,9,46.0,37.0,13.81,8.64
2026-06-13T08:13:00,PCI_3,2,423450512.0,32526067.0,954,20,700,24,13,15,39.0,32.0,18.9,8.94
2026-06-13T08:13:00,PCI_4,2,381157717.0,30237798.0,1012,26,819,5,12,9,39.0,31.0,16.2,17.5
2026-06-13T08:13:00,PCI_5,2,541863276.0,32208866.0,876,38,782,13,13,10,39.0,32.0,22.98,18.02
2026-06-13T08:13:00,PCI_6,2,450836083.0,30069685.0,1112,22,693,25,8,14,42.0,40.0,21.54,25.22
2026-06-13T08:13:00,PCI_7,1,481129094.0,16302625.0,1031,25,748,18,14,8,45.0,28.0,7.65,19.15
2026-06-13T08:13:00,PCI_8,2,311637902.0,22603498.0,969,38,956,3,14,10,42.0,25.0,10.8,26.84
2026-06-13T08:13:00,PCI_9,2,28291644.0,14006471.0,886,34,678,24,8,15,39.0,34.0,9.48,17.99
2026-06-13T08:13:00,PCI_10,2,37374987.0,11517906.0,1129,23,974,16,8,10,38.0,29.0,15.87,25.23
2026-06-13T08:13:00,PCI_11,3,23029971.0,13010394.0,991,9,816,21,12,15,39.0,27.0,5.19,23.08
2026-06-13T08:13:00,PCI_12,2,28615012.0,15431890.0,913,24,719,29,14,12,38.0,28.0,11.42,13.68
2026-06-13T08:13:00,PCI_13,2,29984426.0,12223748.0,872,36,861,18,12,11,40.0,24.0,5.87,8.58
2026-06-13T08:13:00,PCI_14,2,27172098.0,10932252.0,1121,30,758,4,8,14,39.0,20.0,21.82,14.22
2026-06-13T08:13:00,PCI_15,1,28909867.0,15440904.0,892,12,770,7,14,15,42.0,32.0,22.96,8.42
2026-06-13T08:13:00,PCI_16,2,25527178.0,13789463.0,1154,25,942,22,8,15,37.0,34.0,13.77,23.72
2026-06-13T08:14:00,PCI_1,2,413610860.0,32499656.0,1112,38,840,7,9,12,31.0,32.0,7.71,22.33
2026-06-13T08:14:00,PCI_2,2,505108361.0,30711806.0,1141,10,959,10,9,11,38.0,34.0,15.71,8.02
2026-06-13T08:14:00,PCI_3,2,393721823.0,24529889.0,950,9,874,21,13,14,46.0,34.0,22.71,21.02
2026-06-13T08:14:00,PCI_4,3,471950156.0,22742019.0,1009,8,733,7,13,12,42.0,31.0,18.12,27.83
2026-06-13T08:14:00,PCI_5,2,451948119.0,20426569.0,1080,28,940,27,15,12,38.0,35.0,13.86,8.89
2026-06-13T08:14:00,PCI_6,2,323554962.0,26607703.0,1157,37,905,18,12,10,47.0,34.0,9.33,19.77
2026-06-13T08:14:00,PCI_7,1,425056645.0,26748970.0,1054,29,789,14,11,12,37.0,32.0,21.15,18.05
2026-06-13T08:14:00,PCI_8,1,439503450.0,26747622.0,1040,18,941,4,8,12,32.0,23.0,12.31,8.44
2026-06-13T08:14:00,PCI_9,1,23477555.0,11276047.0,1166,28,906,25,10,12,39.0,35.0,12.67,18.65
2026-06-13T08:14:00,PCI_10,1,23371824.0,12248776.0,1150,34,822,27,14,12,44.0,29.0,8.48,20.96
2026-06-13T08:14:00,PCI_11,2,20397334.0,15746986.0,1155,25,885,25,9,14,33.0,27.0,13.79,10.61
2026-06-13T08:14:00,PCI_12,2,24695096.0,10133161.0,1092,18,742,4,10,15,43.0,34.0,9.11,26.89
2026-06-13T08:14:00,PCI_13,2,31605959.0,14157739.0,912,17,752,17,11,13,39.0,22.0,22.4,26.04
2026-06-13T08:14:00,PCI_14,1,33257019.0,12677172.0,959,12,860,25,9,13,38.0,36.0,14.09,9.21
2026-06-13T08:14:00,PCI_15,2,31845519.0,12289408.0,1133,29,789,11,15,10,37.0,28.0,21.46,24.66
2026-06-13T08:14:00,PCI_16,2,13669547.0,12695815.0,913,33,983,10,10,11,40.0,28.0,22.01,23.99
2026-06-13T08:15:00,PCI_1,2,340184074.0,33775452.0,933,35,902,5,8,12,43.0,33.0,22.54,15.3
2026-06-13T08:15:00,PCI_2,2,394124258.0,27653459.0,1118,31,925,3,15,15,40.0,37.0,21.29,21.05
2026-06-13T08:15:00,PCI_3,2,433669404.0,30733536.0,998,25,703,5,10,8,33.0,27.0,15.92,11.55
2026-06-13T08:15:00,PCI_4,2,369352118.0,25412738.0,999,38,756,13,8,8,39.0,30.0,5.0,24.76
2026-06-13T08:15:00,PCI_5,2,466814360.0,25398894.0,1115,19,763,15,15,11,41.0,32.0,18.84,26.24
2026-06-13T08:15:00,PCI_6,2,397032505.0,39305338.0,879,34,983,14,14,8,38.0,25.0,18.68,10.4
2026-06-13T08:15:00,PCI_7,2,432750173.0,27839094.0,1018,6,809,5,15,12,43.0,29.0,22.21,24.52
2026-06-13T08:15:00,PCI_8,2,485472382.0,29529380.0,893,15,962,29,13,11,36.0,37.0,19.3,18.82
2026-06-13T08:15:00,PCI_9,2,30543558.0,9172491.0,1163,7,871,21,14,9,47.0,34.0,20.79,21.85
2026-06-13T08:15:00,PCI_10,2,27001543.0,14028190.0,1031,30,744,27,9,14,37.0,32.0,6.08,25.32
2026-06-13T08:15:00,PCI_11,2,19813593.0,7104333.0,1015,11,971,17,9,12,38.0,33.0,24.13,23.35
2026-06-13T08:15:00,PCI_12,3,21067562.0,12146813.0,1055,31,733,9,10,13,39.0,27.0,13.55,9.55
2026-06-13T08:15:00,PCI_13,2,31323281.0,11529524.0,1014,12,712,22,9,12,45.0,30.0,23.64,15.46
2026-06-13T08:15:00,PCI_14,1,27756435.0,12824862.0,916,11,826,22,9,8,43.0,30.0,8.01,17.76
2026-06-13T08:15:00,PCI_15,2,27669163.0,11813501.0,1003,23,795,6,12,9,45.0,29.0,11.04,27.89
2026-06-13T08:15:00,PCI_16,3,29220385.0,15495461.0,1103,38,864,3,12,12,35.0,28.0,18.14,15.69
2026-06-13T08:16:00,PCI_1,3,544107369.0,32884253.0,1143,33,828,20,9,14,38.0,25.0,9.83,22.46
2026-06-13T08:16:00,PCI_2,2,407606033.0,28484268.0,975,15,984,12,11,10,32.0,31.0,10.94,22.98
2026-06-13T08:16:00,PCI_3,3,349916768.0,28053627.0,974,31,677,24,11,15,46.0,29.0,10.43,21.59
2026-06-13T08:16:00,PCI_4,2,492168808.0,24487855.0,992,24,722,20,13,9,35.0,31.0,20.75,17.74
2026-06-13T08:16:00,PCI_5,1,407861974.0,33016101.0,1025,31,883,15,12,10,37.0,29.0,18.41,13.94
2026-06-13T08:16:00,PCI_6,2,385804006.0,33920173.0,1031,22,889,5,10,8,36.0,28.0,18.87,18.84
2026-06-13T08:16:00,PCI_7,3,388327966.0,30814848.0,1167,31,879,11,10,8,44.0,40.0,24.84,11.14
2026-06-13T08:16:00,PCI_8,2,337390953.0,23909028.0,1061,22,754,21,12,15,39.0,32.0,17.48,17.72
2026-06-13T08:16:00,PCI_9,2,27587973.0,17392141.0,912,32,724,23,12,8,46.0,36.0,10.75,23.99
2026-06-13T08:16:00,PCI_10,1,15921914.0,16000523.0,1099,30,966,10,9,14,44.0,30.0,22.71,23.82
2026-06-13T08:16:00,PCI_11,2,27036366.0,10968088.0,1063,7,720,18,8,12,32.0,35.0,12.38,14.74
2026-06-13T08:16:00,PCI_12,3,30312097.0,8556227.0,1148,22,831,19,10,14,36.0,26.0,24.24,11.48
2026-06-13T08:16:00,PCI_13,2,22708248.0,12286441.0,874,34,926,22,15,8,42.0,33.0,17.9,11.2
2026-06-13T08:16:00,PCI_14,2,25509659.0,18188814.0,984,37,737,20,8,11,39.0,33.0,21.98,16.75
2026-06-13T08:16:00,PCI_15,2,32103121.0,14126400.0,1013,29,891,3,13,13,42.0,29.0,22.39,8.49
2026-06-13T08:16:00,PCI_16,2,34067576.0,8439176.0,1043,6,919,16,12,10,34.0,35.0,8.04,26.9
2026-06-13T08:17:00,PCI_1,2,335213710.0,24712992.0,1099,13,951,26,10,15,45.0,36.0,11.06,10.83
2026-06-13T08:17:00,PCI_2,2,433641660.0,28427371.0,890,37,909,22,11,14,36.0,32.0,20.12,17.48
2026-06-13T08:17:00,PCI_3,2,518980882.0,23263982.0,1044,6,812,22,10,15,41.0,33.0,8.14,22.65
2026-06-13T08:17:00,PCI_4,2,362456594.0,30882379.0,1024,23,798,19,9,9,37.0,25.0,20.59,14.18
2026-06-13T08:17:00,PCI_5,1,477304956.0,23507793.0,1038,22,703,13,12,13,41.0,33.0,17.2,17.0
2026-06-13T08:17:00,PCI_6,2,442932115.0,22383929.0,1000,22,773,12,9,15,38.0,29.0,18.28,25.14
2026-06-13T08:17:00,PCI_7,2,543099169.0,30723132.0,1036,6,875,25,9,11,43.0,28.0,17.38,23.56
2026-06-13T08:17:00,PCI_8,3,385300163.0,31648659.0,950,22,744,16,14,10,42.0,32.0,16.49,15.53
2026-06-13T08:17:00,PCI_9,1,26534363.0,14340697.0,1123,26,811,26,13,15,43.0,29.0,8.68,20.12
2026-06-13T08:17:00,PCI_10,2,34523722.0,13391306.0,1073,31,687,15,15,13,32.0,31.0,21.79,11.28
2026-06-13T08:17:00,PCI_11,2,35214703.0,14188444.0,927,28,820,29,12,8,40.0,31.0,21.35,9.36
2026-06-13T08:17:00,PCI_12,2,25842421.0,15032613.0,999,8,824,25,8,11,40.0,31.0,15.53,19.16
2026-06-13T08:17:00,PCI_13,2,30483206.0,15808611.0,930,32,785,22,10,10,35.0,30.0,19.88,20.77
2026-06-13T08:17:00,PCI_14,3,24216527.0,13446005.0,975,12,865,17,13,14,40.0,34.0,16.31,21.43
2026-06-13T08:17:00,PCI_15,2,33923706.0,15341169.0,924,11,769,26,12,10,40.0,30.0,13.65,27.17
2026-06-13T08:17:00,PCI_16,2,29333834.0,14014963.0,917,39,794,15,10,9,41.0,29.0,19.17,22.3
2026-06-13T08:18:00,PCI_1,2,358611080.0,32080058.0,1076,33,721,26,15,13,45.0,33.0,9.34,13.0
2026-06-13T08:18:00,PCI_2,2,446199152.0,34248025.0,1126,19,989,9,8,11,40.0,24.0,16.77,11.85
2026-06-13T08:18:00,PCI_3,1,429968472.0,24478163.0,974,22,870,20,12,9,41.0,36.0,23.36,22.86
2026-06-13T08:18:00,PCI_4,1,526936890.0,27241685.0,909,31,784,19,14,13,42.0,23.0,24.48,24.61
2026-06-13T08:18:00,PCI_5,1,530187915.0,27484492.0,1076,6,728,12,9,8,40.0,25.0,20.02,18.55
2026-06-13T08:18:00,PCI_6,2,346305460.0,34055163.0,1131,38,934,18,8,11,43.0,28.0,9.96,22.95
2026-06-13T08:18:00,PCI_7,2,554823412.0,28860640.0,1005,37,906,28,10,14,44.0,38.0,6.17,13.86
2026-06-13T08:18:00,PCI_8,2,531280594.0,34083549.0,1091,38,748,3,10,14,41.0,32.0,6.99,18.78
2026-06-13T08:18:00,PCI_9,2,27511768.0,8655121.0,1115,20,733,29,9,11,45.0,30.0,17.81,10.62
2026-06-13T08:18:00,PCI_10,2,32709318.0,17743317.0,1142,38,750,15,9,9,40.0,42.0,9.74,18.14
2026-06-13T08:18:00,PCI_11,2,29903967.0,17478774.0,1082,25,899,19,15,14,34.0,29.0,17.86,27.4
2026-06-13T08:18:00,PCI_12,2,20203605.0,12623876.0,1015,6,793,11,10,11,43.0,32.0,20.48,24.74
2026-06-13T08:18:00,PCI_13,3,26057574.0,13079617.0,1137,14,870,19,10,8,40.0,31.0,10.9,9.2
2026-06-13T08:18:00,PCI_14,2,27871257.0,15456749.0,1142,20,969,28,13,10,37.0,35.0,19.05,15.47
2026-06-13T08:18:00,PCI_15,2,33674955.0,13991060.0,940,23,952,16,15,11,37.0,36.0,12.43,19.75
2026-06-13T08:18:00,PCI_16,2,32833344.0,16471676.0,1021,10,896,14,9,8,40.0,26.0,5.73,25.77
2026-06-13T08:19:00,PCI_1,2,541110254.0,38873282.0,946,19,849,11,13,15,42.0,34.0,24.6,20.94
2026-06-13T08:19:00,PCI_2,2,496149123.0,32841574.0,1110,8,708,7,15,10,48.0,38.0,14.54,25.36
2026-06-13T08:19:00,PCI_3,2,324934370.0,26110922.0,1177,16,919,11,13,13,42.0,28.0,14.54,8.23
2026-06-13T08:19:00,PCI_4,2,362889171.0,32353408.0,897,29,690,10,15,13,45.0,31.0,15.19,22.28
2026-06-13T08:19:00,PCI_5,3,568498176.0,33552938.0,957,30,686,16,15,8,42.0,31.0,17.78,11.91
2026-06-13T08:19:00,PCI_6,3,458567105.0,37420946.0,1022,16,854,13,11,12,44.0,29.0,10.97,23.6
2026-06-13T08:19:00,PCI_7,2,493519425.0,28521518.0,1155,32,890,16,15,13,38.0,32.0,6.05,9.83
2026-06-13T08:19:00,PCI_8,2,553501529.0,34346455.0,1034,13,973,20,13,10,42.0,35.0,13.94,8.94
2026-06-13T08:19:00,PCI_9,2,36255187.0,9580144.0,1003,6,722,5,13,9,39.0,32.0,15.86,20.84
2026-06-13T08:19:00,PCI_10,2,23805442.0,16828171.0,1125,32,805,20,11,15,42.0,31.0,11.49,22.29
2026-06-13T08:19:00,PCI_11,2,26487610.0,14087553.0,1085,12,883,27,13,13,43.0,26.0,9.38,21.53
2026-06-13T08:19:00,PCI_12,1,26039357.0,12760717.0,1133,28,870,21,14,13,43.0,28.0,12.76,17.48
2026-06-13T08:19:00,PCI_13,2,32515782.0,11995101.0,920,8,909,13,14,13,35.0,38.0,17.38,11.79
2026-06-13T08:19:00,PCI_14,3,35583343.0,12828377.0,1109,18,846,12,10,10,41.0,25.0,8.98,10.6
2026-06-13T08:19:00,PCI_15,2,32558718.0,15039270.0,1130,26,849,8,10,12,40.0,36.0,24.55,18.36
2026-06-13T08:19:00,PCI_16,2,28286374.0,16445544.0,949,16,807,13,8,12,43.0,34.0,16.98,16.03
2026-06-13T08:20:00,PCI_1,1,459500269.0,29774941.0,926,23,919,7,10,14,40.0,28.0,24.57,23.39
2026-06-13T08:20:00,PCI_2,2,352564012.0,32805309.0,1002,23,712,8,14,13,33.0,39.0,11.66,26.16
2026-06-13T08:20:00,PCI_3,2,550508681.0,29310597.0,970,12,810,28,14,14,44.0,32.0,18.32,21.14
2026-06-13T08:20:00,PCI_4,2,284377131.0,24537109.0,883,26,906,27,9,11,34.0,26.0,6.67,12.84
2026-06-13T08:20:00,PCI_5,3,498864964.0,23301459.0,922,13,864,25,14,15,41.0,36.0,5.36,26.52
2026-06-13T08:20:00,PCI_6,3,428998706.0,29531248.0,888,12,764,25,11,11,34.0,36.0,10.76,13.9
2026-06-13T08:20:00,PCI_7,2,259729002.0,27922761.0,972,9,847,26,8,11,41.0,42.0,9.94,20.69
2026-06-13T08:20:00,PCI_8,1,387486464.0,31601849.0,1128,27,849,5,15,8,38.0,32.0,16.81,10.74
2026-06-13T08:20:00,PCI_9,2,39565843.0,17008766.0,997,6,810,6,8,9,41.0,29.0,17.13,17.81
2026-06-13T08:20:00,PCI_10,2,29640095.0,18943886.0,1091,21,938,11,8,8,37.0,30.0,10.52,17.05
2026-06-13T08:20:00,PCI_11,2,29732141.0,12887435.0,917,10,758,22,13,13,44.0,33.0,21.47,24.94
2026-06-13T08:20:00,PCI_12,2,29869945.0,8706721.0,921,29,686,14,13,8,32.0,36.0,19.41,20.57
2026-06-13T08:20:00,PCI_13,2,30804613.0,14022309.0,1095,18,814,7,8,13,45.0,32.0,19.83,17.14
2026-06-13T08:20:00,PCI_14,2,29233678.0,13201520.0,936,27,978,18,9,13,39.0,37.0,13.87,21.83
2026-06-13T08:20:00,PCI_15,1,24453553.0,13779477.0,1152,15,703,11,12,11,39.0,29.0,5.18,10.99
2026-06-13T08:20:00,PCI_16,1,24151816.0,17723867.0,947,7,915,19,12,9,42.0,26.0,18.85,14.93
2026-06-13T08:21:00,PCI_1,3,497938962.0,23683461.0,1039,26,776,14,13,9,41.0,28.0,21.28,19.61
2026-06-13T08:21:00,PCI_2,1,362754675.0,23262339.0,1178,14,751,20,12,8,45.0,28.0,20.96,16.56
2026-06-13T08:21:00,PCI_3,2,523984873.0,28769575.0,883,35,695,21,12,9,39.0,30.0,17.29,14.93
2026-06-13T08:21:00,PCI_4,2,381610730.0,31182544.0,1048,35,780,15,11,13,50.0,29.0,14.92,16.36
2026-06-13T08:21:00,PCI_5,1,405476240.0,30343759.0,1075,7,837,24,8,11,36.0,39.0,10.55,9.98
2026-06-13T08:21:00,PCI_6,3,527966795.0,19624809.0,1116,11,927,16,15,9,46.0,32.0,15.22,17.15
2026-06-13T08:21:00,PCI_7,1,433985036.0,25796914.0,998,6,801,21,12,13,43.0,26.0,17.61,10.26
2026-06-13T08:21:00,PCI_8,2,469040975.0,30387368.0,1016,14,964,4,8,8,47.0,31.0,19.31,18.31
2026-06-13T08:21:00,PCI_9,2,24954743.0,11864737.0,880,32,958,22,8,8,44.0,34.0,15.41,17.39
2026-06-13T08:21:00,PCI_10,2,36644961.0,11510440.0,1168,29,891,12,8,9,46.0,29.0,11.55,8.25
2026-06-13T08:21:00,PCI_11,3,23153490.0,11509443.0,912,5,974,20,14,11,41.0,27.0,7.83,9.45
2026-06-13T08:21:00,PCI_12,2,31171803.0,16922612.0,1017,24,761,17,9,14,39.0,31.0,15.45,16.8
2026-06-13T08:21:00,PCI_13,3,25897472.0,16804401.0,977,33,761,9,15,13,38.0,39.0,15.57,16.17
2026-06-13T08:21:00,PCI_14,3,35309207.0,13515778.0,1148,37,924,24,13,11,37.0,33.0,18.83,17.66
2026-06-13T08:21:00,PCI_15,2,34707747.0,13125491.0,874,35,839,19,11,12,40.0,35.0,15.22,24.53
2026-06-13T08:21:00,PCI_16,1,31875861.0,13851410.0,1152,8,940,6,14,13,34.0,31.0,24.75,11.22
2026-06-13T08:22:00,PCI_1,2,564552426.0,30827011.0,919,27,793,3,10,8,42.0,35.0,20.67,18.83
2026-06-13T08:22:00,PCI_2,3,484202485.0,34205987.0,1115,19,838,21,13,9,45.0,29.0,18.34,23.78
2026-06-13T08:22:00,PCI_3,2,511327850.0,19303452.0,1113,22,966,17,13,10,44.0,28.0,19.22,13.24
2026-06-13T08:22:00,PCI_4,2,455996853.0,35600890.0,1113,35,957,13,8,10,39.0,31.0,18.36,15.29
2026-06-13T08:22:00,PCI_5,2,501315843.0,34660374.0,1167,20,744,18,9,11,44.0,40.0,6.55,21.08
2026-06-13T08:22:00,PCI_6,2,416262428.0,27872315.0,1001,36,953,28,9,12,40.0,33.0,21.18,16.01
2026-06-13T08:22:00,PCI_7,3,620069475.0,29902549.0,1122,21,860,12,9,13,38.0,28.0,21.73,22.69
2026-06-13T08:22:00,PCI_8,2,511533578.0,32159162.0,1136,8,720,19,8,15,42.0,25.0,15.42,20.34
2026-06-13T08:22:00,PCI_9,2,36458751.0,12556696.0,896,24,838,23,9,14,44.0,33.0,24.23,10.31
2026-06-13T08:22:00,PCI_10,3,26285363.0,15430530.0,1149,36,829,14,11,15,43.0,32.0,17.76,21.2
2026-06-13T08:22:00,PCI_11,2,33231129.0,17389293.0,923,35,823,19,13,13,51.0,35.0,16.92,22.72
2026-06-13T08:22:00,PCI_12,3,25324439.0,17180018.0,931,32,797,9,13,13,43.0,37.0,17.88,14.53
2026-06-13T08:22:00,PCI_13,2,26728861.0,9671039.0,1052,6,708,11,12,15,41.0,35.0,6.1,24.47
2026-06-13T08:22:00,PCI_14,2,23232430.0,17778261.0,940,15,792,15,12,14,38.0,32.0,13.97,9.82
2026-06-13T08:22:00,PCI_15,2,23362938.0,14517654.0,949,11,751,20,11,14,43.0,42.0,8.09,14.59
2026-06-13T08:22:00,PCI_16,2,29171404.0,13937472.0,875,26,701,17,11,13,41.0,36.0,15.11,27.31
2026-06-13T08:23:00,PCI_1,2,342101735.0,32651950.0,973,12,866,3,12,12,41.0,31.0,17.86,9.21
2026-06-13T08:23:00,PCI_2,2,366480252.0,34283832.0,946,22,904,4,8,15,36.0,33.0,8.96,13.27
2026-06-13T08:23:00,PCI_3,2,385452394.0,27851956.0,955,5,717,16,9,12,44.0,25.0,17.32,14.47
2026-06-13T08:23:00,PCI_4,2,467744185.0,23264681.0,1165,29,745,8,14,15,45.0,34.0,11.0,12.13
2026-06-13T08:23:00,PCI_5,3,554411596.0,31608124.0,873,36,986,12,13,11,36.0,30.0,15.13,10.66
2026-06-13T08:23:00,PCI_6,2,408114682.0,33429750.0,966,29,698,22,9,12,44.0,30.0,24.35,22.26
2026-06-13T08:23:00,PCI_7,2,487547276.0,35652768.0,1188,7,853,20,11,13,38.0,26.0,7.86,16.0
2026-06-13T08:23:00,PCI_8,3,301430685.0,35668220.0,1105,34,939,4,8,15,46.0,33.0,17.5,13.87
2026-06-13T08:23:00,PCI_9,1,28901287.0,14758971.0,1138,6,747,6,12,10,43.0,31.0,6.91,16.09
2026-06-13T08:23:00,PCI_10,2,38745911.0,18003462.0,1157,8,815,16,11,15,42.0,29.0,15.1,20.79
2026-06-13T08:23:00,PCI_11,2,28486498.0,17690824.0,1021,9,715,26,10,15,43.0,37.0,18.36,18.92
2026-06-13T08:23:00,PCI_12,2,27017267.0,12885015.0,1150,18,850,22,12,14,44.0,29.0,9.83,15.67
2026-06-13T08:23:00,PCI_13,2,38906655.0,16294643.0,927,27,769,8,15,9,34.0,40.0,18.53,14.64
2026-06-13T08:23:00,PCI_14,1,24207577.0,14053569.0,957,31,764,21,9,14,43.0,36.0,16.23,15.01
2026-06-13T08:23:00,PCI_15,1,30878334.0,17825717.0,870,34,704,7,9,8,41.0,30.0,14.44,22.07
2026-06-13T08:23:00,PCI_16,3,34954981.0,16891242.0,968,30,943,27,13,9,36.0,30.0,17.41,22.54
2026-06-13T08:24:00,PCI_1,2,665390395.0,32042055.0,911,36,744,4,13,15,42.0,38.0,6.58,11.1
2026-06-13T08:24:00,PCI_2,3,489456142.0,28328425.0,1030,30,874,4,15,8,41.0,35.0,7.14,19.33
2026-06-13T08:24:00,PCI_3,2,411060881.0,27675324.0,879,37,726,28,13,15,39.0,36.0,15.09,11.43
2026-06-13T08:24:00,PCI_4,2,670289956.0,33142794.0,1112,11,979,15,9,11,41.0,26.0,22.84,12.54
2026-06-13T08:24:00,PCI_5,2,540891381.0,31605762.0,1064,22,696,21,13,14,37.0,32.0,9.31,19.36
2026-06-13T08:24:00,PCI_6,3,443831688.0,32812182.0,980,13,809,14,9,15,38.0,41.0,22.81,15.57
2026-06-13T08:24:00,PCI_7,2,426624395.0,24999562.0,1113,21,890,17,9,14,45.0,34.0,7.01,11.35
2026-06-13T08:24:00,PCI_8,2,434403716.0,29113849.0,935,14,879,12,13,11,45.0,37.0,19.88,19.87
2026-06-13T08:24:00,PCI_9,2,33331137.0,18360661.0,920,24,792,8,13,8,43.0,38.0,20.5,22.38
2026-06-13T08:24:00,PCI_10,2,27135126.0,12827229.0,1107,37,866,11,10,8,41.0,38.0,6.44,13.78
2026-06-13T08:24:00,PCI_11,1,34036684.0,16529377.0,983,26,886,12,11,8,44.0,36.0,20.86,16.33
2026-06-13T08:24:00,PCI_12,2,33601972.0,13119770.0,1007,5,714,9,8,8,43.0,32.0,8.69,11.8
2026-06-13T08:24:00,PCI_13,2,27135229.0,15358221.0,922,30,905,19,10,14,44.0,25.0,16.13,25.29
2026-06-13T08:24:00,PCI_14,2,33451659.0,13762531.0,1125,7,771,24,12,8,48.0,32.0,5.88,9.73
2026-06-13T08:24:00,PCI_15,1,28310654.0,14830433.0,1058,32,891,27,15,10,36.0,36.0,13.03,16.28
2026-06-13T08:24:00,PCI_16,2,21644652.0,15705923.0,916,11,959,23,14,10,45.0,25.0,11.81,17.81
2026-06-13T08:25:00,PCI_1,2,468505301.0,27245590.0,1082,25,792,12,12,12,42.0,33.0,14.06,24.56
2026-06-13T08:25:00,PCI_2,2,560548818.0,36210708.0,902,19,821,8,14,15,46.0,35.0,22.86,9.8
2026-06-13T08:25:00,PCI_3,2,486125324.0,33549666.0,1132,6,753,11,9,13,38.0,34.0,6.52,18.48
2026-06-13T08:25:00,PCI_4,2,318024733.0,25531971.0,976,25,843,21,10,12,36.0,24.0,10.06,16.96
2026-06-13T08:25:00,PCI_5,2,406060344.0,32116824.0,1115,38,951,28,15,15,41.0,29.0,24.95,9.94
2026-06-13T08:25:00,PCI_6,3,323596483.0,32118500.0,914,9,811,14,10,11,44.0,35.0,8.08,11.35
2026-06-13T08:25:00,PCI_7,1,625592953.0,28910684.0,1081,23,807,23,13,11,47.0,33.0,11.94,23.75
2026-06-13T08:25:00,PCI_8,2,484198554.0,31499044.0,1114,38,964,8,14,13,43.0,27.0,17.81,16.61
2026-06-13T08:25:00,PCI_9,2,36881845.0,14497393.0,1159,22,729,21,8,9,33.0,41.0,5.0,27.05
2026-06-13T08:25:00,PCI_10,1,32027957.0,16138820.0,874,34,990,3,15,9,36.0,25.0,19.39,20.51
2026-06-13T08:25:00,PCI_11,1,30864574.0,21160886.0,888,12,737,7,10,13,39.0,36.0,18.98,22.75
2026-06-13T08:25:00,PCI_12,2,38419902.0,16381208.0,1001,19,797,24,10,8,37.0,45.0,9.08,10.39
2026-06-13T08:25:00,PCI_13,3,34211443.0,16852775.0,981,26,888,27,15,8,46.0,37.0,24.55,9.94
2026-06-13T08:25:00,PCI_14,3,27915318.0,15536831.0,1113,39,688,15,14,14,32.0,24.0,15.47,8.77
2026-06-13T08:25:00,PCI_15,2,34452246.0,17825013.0,889,28,847,16,12,15,39.0,37.0,17.51,9.7
2026-06-13T08:25:00,PCI_16,3,24217057.0,16184763.0,1130,30,813,26,9,9,41.0,33.0,19.38,24.55
2026-06-13T08:26:00,PCI_1,2,430526012.0,33578012.0,903,36,703,14,9,13,44.0,36.0,16.93,15.55
2026-06-13T08:26:00,PCI_2,3,487186829.0,36221878.0,1025,7,716,19,15,12,48.0,28.0,21.31,19.56
2026-06-13T08:26:00,PCI_3,2,509165454.0,25210326.0,987,27,744,7,15,9,36.0,31.0,23.58,19.23
2026-06-13T08:26:00,PCI_4,2,445672097.0,26941913.0,882,19,975,15,12,8,36.0,34.0,14.93,14.28
2026-06-13T08:26:00,PCI_5,2,414596214.0,33218421.0,909,8,811,25,15,15,39.0,32.0,11.98,8.23
2026-06-13T08:26:00,PCI_6,2,513814310.0,23138408.0,1069,38,861,29,8,12,36.0,34.0,15.45,17.66
2026-06-13T08:26:00,PCI_7,4,401164515.0,36379775.0,896,13,971,4,8,9,42.0,33.0,15.94,14.08
2026-06-13T08:26:00,PCI_8,2,474896585.0,34511348.0,1098,10,870,5,12,14,41.0,30.0,15.84,10.31
2026-06-13T08:26:00,PCI_9,2,29063724.0,18204000.0,979,35,979,3,13,11,45.0,33.0,21.93,14.4
2026-06-13T08:26:00,PCI_10,2,33360548.0,17418724.0,1090,8,778,5,12,9,49.0,34.0,18.52,10.55
2026-06-13T08:26:00,PCI_11,2,38059298.0,13421196.0,1008,31,990,8,11,8,40.0,29.0,6.17,18.51
2026-06-13T08:26:00,PCI_12,3,30220328.0,18885629.0,943,36,856,21,10,14,48.0,40.0,22.31,19.72
2026-06-13T08:26:00,PCI_13,2,30235996.0,16412015.0,866,37,907,4,11,13,45.0,33.0,15.97,23.99
2026-06-13T08:26:00,PCI_14,2,26033306.0,14313577.0,1081,15,718,11,9,13,43.0,33.0,15.12,11.24
2026-06-13T08:26:00,PCI_15,2,39140787.0,14377128.0,1064,29,752,26,13,11,49.0,28.0,19.05,13.09
2026-06-13T08:26:00,PCI_16,2,27196625.0,10533136.0,1101,38,871,6,10,10,38.0,31.0,12.12,10.32
2026-06-13T08:27:00,PCI_1,2,439332371.0,28567966.0,1023,7,872,5,8,9,44.0,34.0,18.84,19.36
2026-06-13T08:27:00,PCI_2,1,336393483.0,28753092.0,911,29,799,14,9,9,50.0,33.0,24.55,14.58
2026-06-13T08:27:00,PCI_3,2,582264604.0,31343962.0,1165,21,853,27,11,11,41.0,32.0,11.56,12.64
2026-06-13T08:27:00,PCI_4,1,388279850.0,33065139.0,1129,38,801,6,13,12,37.0,41.0,21.07,16.32
2026-06-13T08:27:00,PCI_5,2,447607599.0,28849958.0,1114,33,734,16,14,10,43.0,38.0,9.74,16.75
2026-06-13T08:27:00,PCI_6,1,545687227.0,25816830.0,1040,37,870,17,14,15,44.0,38.0,15.66,21.79
2026-06-13T08:27:00,PCI_7,1,316107985.0,36839546.0,1040,19,742,5,12,10,41.0,36.0,9.98,22.8
2026-06-13T08:27:00,PCI_8,3,566653756.0,37513576.0,888,37,906,22,13,10,43.0,36.0,17.39,8.88
2026-06-13T08:27:00,PCI_9,1,32881160.0,19929407.0,1070,32,768,25,15,12,48.0,32.0,11.82,11.66
2026-06-13T08:27:00,PCI_10,2,23149457.0,19093445.0,928,34,874,14,10,15,47.0,36.0,15.81,15.47
2026-06-13T08:27:00,PCI_11,2,31178343.0,10841361.0,1012,12,766,23,10,10,44.0,32.0,9.09,8.95
2026-06-13T08:27:00,PCI_12,2,35898321.0,13929677.0,1139,26,706,17,10,9,41.0,36.0,13.76,12.11
2026-06-13T08:27:00,PCI_13,2,30705071.0,17794872.0,996,36,935,8,15,11,39.0,35.0,19.07,9.67
2026-06-13T08:27:00,PCI_14,2,32543506.0,14819351.0,882,26,807,8,13,12,44.0,30.0,15.1,26.67
2026-06-13T08:27:00,PCI_15,2,31898944.0,13642905.0,1006,9,789,21,10,10,39.0,39.0,13.04,16.69
2026-06-13T08:27:00,PCI_16,2,39919640.0,13057977.0,992,8,695,15,10,11,39.0,34.0,8.14,10.26
2026-06-13T08:28:00,PCI_1,2,489482384.0,22617355.0,1074,27,805,3,13,10,43.0,37.0,6.98,27.76
2026-06-13T08:28:00,PCI_2,3,464938529.0,33891328.0,1159,25,824,12,13,13,41.0,33.0,18.71,18.09
2026-06-13T08:28:00,PCI_3,1,370548307.0,31381866.0,1166,14,798,5,12,14,43.0,33.0,15.99,13.52
2026-06-13T08:28:00,PCI_4,2,543658399.0,33325630.0,1027,31,721,12,8,8,40.0,34.0,5.78,27.74
2026-06-13T08:28:00,PCI_5,2,510118983.0,27869433.0,962,33,898,19,15,9,43.0,30.0,12.26,24.75
2026-06-13T08:28:00,PCI_6,2,421585411.0,28278964.0,1074,19,847,8,9,12,53.0,38.0,5.55,10.45
2026-06-13T08:28:00,PCI_7,2,490136066.0,33436937.0,1176,19,834,27,10,10,44.0,33.0,24.42,22.32
2026-06-13T08:28:00,PCI_8,2,377025539.0,36424581.0,932,31,978,16,11,9,43.0,38.0,12.02,22.38
2026-06-13T08:28:00,PCI_9,2,36569760.0,18696122.0,1107,25,691,28,12,9,39.0,39.0,22.41,8.85
2026-06-13T08:28:00,PCI_10,2,24679178.0,16273839.0,913,9,812,18,10,14,41.0,24.0,18.39,13.47
2026-06-13T08:28:00,PCI_11,2,34337887.0,14803751.0,946,33,972,26,11,15,39.0,43.0,7.07,27.65
2026-06-13T08:28:00,PCI_12,1,40645949.0,18138964.0,1098,31,980,18,10,8,37.0,44.0,18.41,27.91
2026-06-13T08:28:00,PCI_13,2,36616557.0,15846081.0,985,20,690,20,8,8,42.0,34.0,7.34,16.47
2026-06-13T08:28:00,PCI_14,2,28818491.0,13425665.0,986,22,981,7,13,11,46.0,29.0,10.32,20.06
2026-06-13T08:28:00,PCI_15,2,28824239.0,13634761.0,910,28,969,26,8,15,43.0,28.0,18.42,14.01
2026-06-13T08:28:00,PCI_16,2,25930444.0,12721507.0,1179,6,686,25,13,8,45.0,32.0,10.21,23.1
2026-06-13T08:29:00,PCI_1,2,564193902.0,27991585.0,950,24,741,7,12,9,51.0,32.0,7.59,18.53
2026-06-13T08:29:00,PCI_2,1,521999402.0,28504300.0,1009,18,692,23,10,14,42.0,32.0,11.51,19.87
2026-06-13T08:29:00,PCI_3,0,497474926.0,42673896.0,1065,5,841,13,15,13,34.0,32.0,12.55,15.61
2026-06-13T08:29:00,PCI_4,2,518518690.0,28156871.0,1007,24,862,19,14,12,39.0,28.0,12.79,19.9
2026-06-13T08:29:00,PCI_5,2,522776247.0,30891276.0,997,9,865,28,9,9,48.0,35.0,18.04,27.25
2026-06-13T08:29:00,PCI_6,2,413783253.0,31873337.0,999,5,687,23,11,12,44.0,40.0,21.93,25.13
2026-06-13T08:29:00,PCI_7,2,503564219.0,25182668.0,1060,21,839,7,14,15,50.0,34.0,6.43,21.73
2026-06-13T08:29:00,PCI_8,2,469187163.0,17857141.0,1130,23,930,20,11,10,44.0,38.0,10.22,26.52
2026-06-13T08:29:00,PCI_9,2,34164378.0,16469608.0,1115,8,770,23,15,14,37.0,34.0,14.71,27.21
2026-06-13T08:29:00,PCI_10,2,43214885.0,16835641.0,1042,34,727,21,13,14,44.0,28.0,24.79,27.32
2026-06-13T08:29:00,PCI_11,2,30560044.0,16892909.0,1032,33,925,20,11,13,40.0,36.0,7.6,24.33
2026-06-13T08:29:00,PCI_12,2,28119865.0,17544977.0,1116,17,741,25,12,10,41.0,36.0,6.42,12.94
2026-06-13T08:29:00,PCI_13,2,32656814.0,14566189.0,959,20,734,14,11,10,38.0,35.0,21.67,20.71
2026-06-13T08:29:00,PCI_14,2,38559616.0,13970009.0,1148,38,838,8,8,11,44.0,35.0,16.01,14.04
2026-06-13T08:29:00,PCI_15,2,26745620.0,15301306.0,927,6,817,4,15,15,48.0,41.0,15.51,27.15
2026-06-13T08:29:00,PCI_16,1,26387200.0,16472745.0,1063,32,927,21,10,8,41.0,34.0,23.88,24.61
2026-06-13T08:30:00,PCI_1,3,422330824.0,30486515.0,987,35,847,7,14,10,43.0,38.0,5.24,27.48
2026-06-13T08:30:00,PCI_2,2,487710378.0,27637016.0,1081,36,935,20,14,13,46.0,34.0,13.87,21.9
2026-06-13T08:30:00,PCI_3,1,495567831.0,32177723.0,895,11,731,8,8,15,39.0,35.0,21.04,9.08
2026-06-13T08:30:00,PCI_4,2,585743374.0,33047294.0,1142,38,828,14,9,14,49.0,40.0,8.43,18.1
2026-06-13T08:30:00,PCI_5,3,534481507.0,31816057.0,1078,34,778,7,8,12,36.0,29.0,11.89,21.61
2026-06-13T08:30:00,PCI_6,1,425444759.0,36481715.0,1025,19,810,7,10,12,45.0,37.0,12.38,27.15
2026-06-13T08:30:00,PCI_7,2,703492688.0,30103703.0,1000,20,731,5,13,14,49.0,35.0,12.2,18.66
2026-06-13T08:30:00,PCI_8,2,485421164.0,30954397.0,981,21,754,19,10,9,36.0,42.0,22.26,15.17
2026-06-13T08:30:00,PCI_9,2,24838209.0,14580590.0,1121,29,782,11,14,12,51.0,29.0,20.54,20.83
2026-06-13T08:30:00,PCI_10,2,20806384.0,16167598.0,875,34,883,9,10,15,41.0,36.0,20.94,16.27
2026-06-13T08:30:00,PCI_11,2,33046606.0,15724157.0,996,38,916,22,11,10,44.0,36.0,8.79,27.98
2026-06-13T08:30:00,PCI_12,2,34126668.0,16256791.0,1095,29,940,14,12,15,34.0,32.0,6.06,11.79
2026-06-13T08:30:00,PCI_13,3,30757045.0,20150472.0,1168,16,768,10,14,14,40.0,29.0,24.32,14.22
2026-06-13T08:30:00,PCI_14,2,30571014.0,13593698.0,978,28,949,29,11,10,41.0,34.0,11.44,21.95
2026-06-13T08:30:00,PCI_15,2,25094927.0,21560604.0,968,14,828,6,15,10,47.0,34.0,14.32,10.23
2026-06-13T08:30:00,PCI_16,2,36049634.0,17438707.0,1147,14,768,29,8,10,49.0,32.0,21.01,18.54
2026-06-13T08:31:00,PCI_1,2,458987072.0,30046905.0,1124,31,744,5,8,14,43.0,32.0,24.85,25.12
2026-06-13T08:31:00,PCI_2,3,486045465.0,29661698.0,1050,34,925,20,13,11,38.0,39.0,17.36,14.35
2026-06-13T08:31:00,PCI_3,3,438281576.0,32814317.0,1124,15,955,12,14,11,53.0,33.0,5.4,11.35
2026-06-13T08:31:00,PCI_4,2,455309766.0,32152452.0,979,31,964,3,15,12,47.0,32.0,15.73,23.44
2026-06-13T08:31:00,PCI_5,2,581548552.0,30499524.0,935,27,887,22,9,8,45.0,40.0,24.43,12.12
2026-06-13T08:31:00,PCI_6,2,577378713.0,35255233.0,1018,9,956,26,9,15,38.0,30.0,21.1,11.04
2026-06-13T08:31:00,PCI_7,2,514929863.0,37757487.0,1038,31,809,21,11,10,40.0,39.0,17.99,16.96
2026-06-13T08:31:00,PCI_8,2,555194116.0,34974217.0,1144,23,835,20,10,15,46.0,27.0,14.67,20.28
2026-06-13T08:31:00,PCI_9,3,29214331.0,14704962.0,1016,10,944,12,14,15,39.0,39.0,10.12,15.99
2026-06-13T08:31:00,PCI_10,1,30658592.0,17312775.0,909,30,925,29,14,10,39.0,33.0,9.89,8.67
2026-06-13T08:31:00,PCI_11,2,32425991.0,17961746.0,1032,20,851,12,10,9,44.0,35.0,9.71,13.99
2026-06-13T08:31:00,PCI_12,2,23818131.0,21851569.0,1152,32,730,24,11,9,44.0,33.0,5.45,17.61
2026-06-13T08:31:00,PCI_13,3,29187036.0,19366424.0,979,9,734,25,13,9,49.0,33.0,14.59,18.55
2026-06-13T08:31:00,PCI_14,2,33552323.0,14467022.0,932,5,892,12,14,8,40.0,31.0,13.4,24.69
2026-06-13T08:31:00,PCI_15,1,25514796.0,15887930.0,916,22,682,22,11,13,46.0,46.0,12.74,26.42
2026-06-13T08:31:00,PCI_16,2,38527716.0,15176441.0,1162,11,742,12,11,15,51.0,36.0,11.48,17.78
2026-06-13T08:32:00,PCI_1,2,521814605.0,29444610.0,1033,16,837,10,12,15,48.0,34.0,13.19,26.23
2026-06-13T08:32:00,PCI_2,2,541643880.0,26943938.0,894,10,765,21,8,10,46.0,38.0,11.94,18.66
2026-06-13T08:32:00,PCI_3,2,608338312.0,35592147.0,928,27,710,7,12,14,50.0,31.0,15.04,22.7
2026-06-13T08:32:00,PCI_4,2,440389570.0,25930211.0,1132,30,757,26,15,8,39.0,36.0,21.71,19.13
2026-06-13T08:32:00,PCI_5,2,511720413.0,42890498.0,1105,17,800,6,15,14,38.0,33.0,17.82,16.5
2026-06-13T08:32:00,PCI_6,2,572256681.0,22464519.0,1154,5,949,19,13,13,44.0,26.0,19.96,18.56
2026-06-13T08:32:00,PCI_7,2,532250604.0,29477733.0,958,7,828,3,12,13,41.0,33.0,19.53,13.96
2026-06-13T08:32:00,PCI_8,2,558505503.0,34713589.0,886,37,834,9,9,9,35.0,43.0,10.9,18.03
2026-06-13T08:32:00,PCI_9,2,32749400.0,16049606.0,1079,8,734,25,15,11,47.0,37.0,7.77,10.45
2026-06-13T08:32:00,PCI_10,2,41090402.0,19819378.0,1125,14,855,9,8,11,43.0,28.0,20.55,13.58
2026-06-13T08:32:00,PCI_11,3,39967936.0,16976515.0,979,27,875,23,11,8,53.0,27.0,21.62,11.87
2026-06-13T08:32:00,PCI_12,2,35302093.0,19452505.0,956,28,845,9,9,11,38.0,31.0,9.64,10.83
2026-06-13T08:32:00,PCI_13,2,31608287.0,18292756.0,1153,33,924,3,12,14,47.0,38.0,10.37,26.4
2026-06-13T08:32:00,PCI_14,3,17645677.0,15024530.0,912,26,806,27,9,10,44.0,29.0,23.76,12.26
2026-06-13T08:32:00,PCI_15,2,32479623.0,15901346.0,925,8,984,13,11,14,34.0,43.0,24.71,17.16
2026-06-13T08:32:00,PCI_16,2,31510637.0,20864957.0,895,6,936,8,9,10,42.0,35.0,20.86,10.72
2026-06-13T08:33:00,PCI_1,1,435555215.0,33712594.0,979,17,895,28,10,11,43.0,39.0,14.95,12.54
2026-06-13T08:33:00,PCI_2,2,527664243.0,37500335.0,1130,36,844,6,12,15,51.0,26.0,11.96,19.82
2026-06-13T08:33:00,PCI_3,3,493878746.0,31522529.0,1110,30,706,19,15,13,40.0,34.0,22.35,9.61
2026-06-13T08:33:00,PCI_4,2,454201447.0,33974239.0,1058,11,718,26,11,9,40.0,37.0,6.19,11.9
2026-06-13T08:33:00,PCI_5,2,389027877.0,33306519.0,997,36,728,16,10,11,47.0,40.0,18.03,26.32
2026-06-13T08:33:00,PCI_6,2,539866311.0,27715771.0,919,9,895,16,11,15,37.0,34.0,10.85,21.81
2026-06-13T08:33:00,PCI_7,1,480893857.0,37892970.0,1133,9,972,16,11,14,41.0,34.0,8.74,19.75
2026-06-13T08:33:00,PCI_8,2,377739495.0,32989719.0,1153,9,834,11,11,10,45.0,38.0,17.86,27.96
2026-06-13T08:33:00,PCI_9,2,31856974.0,14511061.0,925,11,958,29,13,15,52.0,33.0,16.15,23.03
2026-06-13T08:33:00,PCI_10,2,33601087.0,16078238.0,1002,28,770,4,15,10,45.0,34.0,11.96,19.89
2026-06-13T08:33:00,PCI_11,3,39093900.0,11298052.0,1127,9,687,20,12,8,46.0,39.0,8.34,24.15
2026-06-13T08:33:00,PCI_12,2,32543211.0,17289824.0,956,25,681,22,12,9,45.0,39.0,14.14,25.27
2026-06-13T08:33:00,PCI_13,2,31875434.0,16645575.0,1159,12,736,29,11,14,48.0,28.0,12.33,25.81
2026-06-13T08:33:00,PCI_14,3,30177160.0,18682097.0,914,27,761,22,14,8,42.0,36.0,10.62,9.51
2026-06-13T08:33:00,PCI_15,3,29826233.0,16473931.0,1076,35,915,5,11,9,48.0,26.0,7.52,11.9
2026-06-13T08:33:00,PCI_16,3,25753701.0,18321722.0,925,28,872,8,13,12,38.0,34.0,8.7,17.79
2026-06-13T08:34:00,PCI_1,1,417137254.0,32802787.0,1163,27,805,19,15,13,45.0,38.0,14.96,24.1
2026-06-13T08:34:00,PCI_2,2,457190911.0,29987159.0,1021,22,939,14,13,15,46.0,37.0,11.19,16.19
2026-06-13T08:34:00,PCI_3,2,596395655.0,38099631.0,1118,21,911,8,15,13,47.0,33.0,19.09,27.85
2026-06-13T08:34:00,PCI_4,2,539459771.0,26137534.0,1102,6,889,22,9,14,49.0,32.0,20.93,20.7
2026-06-13T08:34:00,PCI_5,3,438896508.0,25062103.0,975,28,725,11,13,13,50.0,39.0,7.86,11.27
2026-06-13T08:34:00,PCI_6,2,544363618.0,36292904.0,1080,36,887,14,10,8,50.0,38.0,22.57,13.32
2026-06-13T08:34:00,PCI_7,3,607833944.0,32160607.0,1178,15,894,11,11,15,44.0,38.0,8.39,26.55
2026-06-13T08:34:00,PCI_8,2,555265100.0,34487708.0,1011,6,935,12,12,12,44.0,41.0,6.87,23.39
2026-06-13T08:34:00,PCI_9,2,34750096.0,17108015.0,1133,32,876,27,15,15,49.0,31.0,9.7,19.32
2026-06-13T08:34:00,PCI_10,3,31923059.0,24036501.0,1165,10,976,4,11,13,34.0,36.0,9.75,9.47
2026-06-13T08:34:00,PCI_11,2,37835926.0,15910365.0,1123,32,736,22,10,9,45.0,33.0,23.94,13.73
2026-06-13T08:34:00,PCI_12,2,35373073.0,18062417.0,940,9,945,27,12,15,45.0,32.0,19.32,11.13
2026-06-13T08:34:00,PCI_13,2,28018024.0,16627393.0,874,28,969,11,11,13,41.0,34.0,16.91,8.74
2026-06-13T08:34:00,PCI_14,1,33649226.0,15863232.0,1148,25,854,19,14,13,43.0,34.0,9.61,26.06
2026-06-13T08:34:00,PCI_15,2,23405940.0,17827871.0,936,27,858,11,8,13,43.0,38.0,19.49,9.55
2026-06-13T08:34:00,PCI_16,3,43285524.0,18952747.0,895,5,837,19,9,10,52.0,34.0,10.3,22.0
2026-06-13T08:35:00,PCI_1,1,485592739.0,29777667.0,1129,20,749,28,14,12,47.0,43.0,11.42,26.27
2026-06-13T08:35:00,PCI_2,2,596043123.0,32764618.0,960,28,857,6,14,13,51.0,32.0,19.49,8.03
2026-06-13T08:35:00,PCI_3,2,566433159.0,31449588.0,1023,26,914,10,11,15,47.0,30.0,24.81,23.7
2026-06-13T08:35:00,PCI_4,3,432068312.0,30608437.0,1164,5,763,18,13,13,43.0,38.0,17.62,26.28
2026-06-13T08:35:00,PCI_5,2,461024714.0,41650358.0,1132,19,951,20,14,15,42.0,36.0,17.4,21.87
2026-06-13T08:35:00,PCI_6,2,437521548.0,37578003.0,897,37,808,11,12,15,46.0,38.0,17.84,21.86
2026-06-13T08:35:00,PCI_7,2,591099157.0,27028339.0,908,19,832,9,12,13,46.0,31.0,13.99,21.15
2026-06-13T08:35:00,PCI_8,2,615131246.0,31333372.0,1160,37,753,28,9,9,38.0,33.0,13.25,24.86
2026-06-13T08:35:00,PCI_9,2,33676613.0,12973915.0,933,33,687,20,11,10,48.0,39.0,21.41,16.04
2026-06-13T08:35:00,PCI_10,2,30985193.0,14355795.0,898,35,698,16,10,10,43.0,39.0,23.82,14.42
2026-06-13T08:35:00,PCI_11,4,41011631.0,16503626.0,1112,35,924,27,10,14,40.0,40.0,21.06,16.04
2026-06-13T08:35:00,PCI_12,2,29551055.0,11548047.0,915,38,929,27,10,12,50.0,34.0,8.68,16.14
2026-06-13T08:35:00,PCI_13,3,24859524.0,17736472.0,1115,33,852,23,14,12,54.0,37.0,9.51,27.28
2026-06-13T08:35:00,PCI_14,1,30669640.0,12914645.0,1033,28,866,11,12,13,45.0,26.0,18.98,22.76
2026-06-13T08:35:00,PCI_15,1,31590781.0,15081302.0,1171,8,955,19,8,8,47.0,28.0,13.68,24.17
2026-06-13T08:35:00,PCI_16,3,32908543.0,17336006.0,1115,39,924,10,9,9,40.0,34.0,12.61,14.75
2026-06-13T08:36:00,PCI_1,2,516583186.0,29363590.0,1054,9,882,12,9,14,49.0,40.0,12.76,15.03
2026-06-13T08:36:00,PCI_2,2,370591175.0,29089306.0,922,35,853,9,12,12,40.0,32.0,22.05,24.27
2026-06-13T08:36:00,PCI_3,1,513076723.0,27581587.0,973,22,800,5,12,10,48.0,35.0,20.55,9.6
2026-06-13T08:36:00,PCI_4,2,492867296.0,26792113.0,1188,8,733,26,13,12,45.0,34.0,20.01,16.07
2026-06-13T08:36:00,PCI_5,2,463788470.0,32156613.0,1179,14,943,16,14,14,46.0,38.0,17.39,17.42
2026-06-13T08:36:00,PCI_6,3,457241549.0,28452990.0,1157,20,779,5,14,15,41.0,40.0,21.21,16.29
2026-06-13T08:36:00,PCI_7,2,448007645.0,30536848.0,1092,37,755,25,13,9,37.0,31.0,17.23,8.64
2026-06-13T08:36:00,PCI_8,2,628800788.0,37830594.0,1021,5,797,12,14,8,51.0,36.0,10.84,14.51
2026-06-13T08:36:00,PCI_9,3,36059499.0,19700441.0,1122,29,748,20,14,8,49.0,34.0,23.35,18.97
2026-06-13T08:36:00,PCI_10,2,42545209.0,16734330.0,986,19,729,3,15,14,38.0,42.0,5.66,23.6
2026-06-13T08:36:00,PCI_11,2,41138950.0,14561073.0,1144,37,962,4,9,14,46.0,38.0,18.88,26.14
2026-06-13T08:36:00,PCI_12,2,38494153.0,15843777.0,1154,15,964,15,14,9,44.0,38.0,15.47,9.01
2026-06-13T08:36:00,PCI_13,2,36404832.0,15409075.0,1096,7,793,6,9,15,48.0,35.0,5.31,12.5
2026-06-13T08:36:00,PCI_14,2,35710947.0,11819182.0,939,32,909,10,8,11,42.0,39.0,12.48,27.57
2026-06-13T08:36:00,PCI_15,3,28392032.0,19422334.0,1104,35,911,16,15,15,48.0,33.0,22.3,16.2
2026-06-13T08:36:00,PCI_16,2,35421375.0,18663325.0,1118,15,738,29,15,15,44.0,40.0,12.78,14.5
2026-06-13T08:37:00,PCI_1,2,532266119.0,36866960.0,1133,36,941,8,11,14,42.0,34.0,18.64,14.22
2026-06-13T08:37:00,PCI_2,2,337961175.0,22905979.0,874,37,812,21,13,14,45.0,37.0,11.35,26.95
2026-06-13T08:37:00,PCI_3,3,524713921.0,38734839.0,1133,36,685,26,14,9,44.0,37.0,14.57,24.3
2026-06-13T08:37:00,PCI_4,2,522998930.0,33722857.0,898,8,989,6,13,9,47.0,36.0,14.83,20.69
2026-06-13T08:37:00,PCI_5,2,482351586.0,45570333.0,1032,19,899,25,9,9,44.0,32.0,19.52,15.02
2026-06-13T08:37:00,PCI_6,3,468585017.0,34051622.0,1136,25,860,26,14,13,45.0,41.0,6.35,15.24
2026-06-13T08:37:00,PCI_7,2,447058610.0,33166510.0,1155,21,708,10,10,12,34.0,40.0,22.93,8.1
2026-06-13T08:37:00,PCI_8,3,538366993.0,29364169.0,988,6,728,25,8,15,48.0,26.0,13.48,22.47
2026-06-13T08:37:00,PCI_9,1,40342315.0,14830521.0,1138,18,686,27,11,8,41.0,34.0,21.68,23.46
2026-06-13T08:37:00,PCI_10,2,36207634.0,19677084.0,896,21,913,12,11,14,47.0,39.0,20.93,13.12
2026-06-13T08:37:00,PCI_11,2,36504378.0,20015011.0,1031,27,850,23,9,13,39.0,39.0,14.02,9.17
2026-06-13T08:37:00,PCI_12,2,33619904.0,18365643.0,1169,20,805,28,8,15,45.0,39.0,19.97,8.86
2026-06-13T08:37:00,PCI_13,2,37424904.0,16890612.0,943,25,736,6,10,9,52.0,35.0,18.81,12.29
2026-06-13T08:37:00,PCI_14,1,34533597.0,16853043.0,1011,26,929,19,14,14,45.0,29.0,19.12,10.15
2026-06-13T08:37:00,PCI_15,3,36094277.0,18494375.0,921,38,753,23,8,11,46.0,37.0,16.94,11.65
2026-06-13T08:37:00,PCI_16,3,38286729.0,14002302.0,1127,30,940,18,12,14,49.0,30.0,14.65,22.18
2026-06-13T08:38:00,PCI_1,1,473091121.0,33130711.0,1108,38,951,12,10,14,40.0,29.0,10.22,24.73
2026-06-13T08:38:00,PCI_2,2,667184083.0,33780782.0,884,37,859,6,15,13,44.0,37.0,19.34,26.27
2026-06-13T08:38:00,PCI_3,1,604876048.0,33043505.0,1148,37,710,27,14,15,47.0,35.0,24.96,27.53
2026-06-13T08:38:00,PCI_4,3,546282172.0,27598790.0,884,28,852,15,15,10,44.0,35.0,23.02,25.69
2026-06-13T08:38:00,PCI_5,1,527303413.0,39218048.0,893,39,769,7,9,10,43.0,36.0,9.99,16.75
2026-06-13T08:38:00,PCI_6,2,577087973.0,37726563.0,911,15,728,23,9,9,43.0,35.0,6.34,12.93
2026-06-13T08:38:00,PCI_7,2,442766575.0,39261368.0,1128,12,698,4,13,14,40.0,35.0,16.5,20.36
2026-06-13T08:38:00,PCI_8,3,577231896.0,24762619.0,1169,26,849,16,13,15,44.0,32.0,7.89,25.46
2026-06-13T08:38:00,PCI_9,2,23166175.0,19931070.0,887,34,933,16,13,9,42.0,36.0,19.23,25.82
2026-06-13T08:38:00,PCI_10,2,38506115.0,11974539.0,1148,5,799,12,13,14,45.0,34.0,8.77,16.1
2026-06-13T08:38:00,PCI_11,2,40197495.0,18118771.0,945,38,764,16,14,13,48.0,40.0,10.02,25.16
2026-06-13T08:38:00,PCI_12,2,35486943.0,13453340.0,985,27,958,10,11,13,36.0,36.0,17.19,27.77
2026-06-13T08:38:00,PCI_13,3,30125386.0,20059255.0,1145,15,709,25,12,12,42.0,41.0,15.67,8.35
2026-06-13T08:38:00,PCI_14,2,25850608.0,17824759.0,966,13,690,29,15,10,48.0,34.0,8.59,8.38
2026-06-13T08:38:00,PCI_15,2,28663049.0,18467831.0,1054,7,986,10,10,8,37.0,31.0,12.82,17.83
2026-06-13T08:38:00,PCI_16,2,39831720.0,17566374.0,965,14,836,13,10,15,41.0,33.0,13.81,8.37
2026-06-13T08:39:00,PCI_1,2,604376148.0,33534341.0,904,17,921,6,14,10,53.0,40.0,11.18,22.5
2026-06-13T08:39:00,PCI_2,3,473080796.0,29370489.0,1119,32,860,12,13,15,48.0,34.0,13.99,24.31
2026-06-13T08:39:00,PCI_3,2,475419556.0,34181006.0,975,21,973,3,9,14,49.0,39.0,10.18,8.39
2026-06-13T08:39:00,PCI_4,2,487396769.0,36098627.0,1013,26,797,26,8,11,43.0,32.0,18.58,21.67
2026-06-13T08:39:00,PCI_5,3,516843686.0,38645353.0,995,5,837,14,14,12,46.0,39.0,5.79,21.81
2026-06-13T08:39:00,PCI_6,1,564187199.0,28576057.0,1158,33,854,28,15,11,42.0,37.0,10.98,22.32
2026-06-13T08:39:00,PCI_7,3,640084971.0,37143131.0,1040,11,744,19,13,14,45.0,42.0,8.51,23.17
2026-06-13T08:39:00,PCI_8,2,526548970.0,27489454.0,1107,24,977,19,13,12,50.0,31.0,12.62,14.64
2026-06-13T08:39:00,PCI_9,2,42538207.0,21690962.0,1063,36,987,7,13,9,49.0,35.0,23.6,19.43
2026-06-13T08:39:00,PCI_10,3,34323010.0,19441322.0,1076,22,699,26,11,9,47.0,32.0,10.72,20.19
2026-06-13T08:39:00,PCI_11,3,32861921.0,18480025.0,1147,16,908,16,8,15,47.0,36.0,10.06,26.75
2026-06-13T08:39:00,PCI_12,2,39968447.0,19054531.0,1170,20,786,19,9,9,42.0,43.0,9.41,25.91
2026-06-13T08:39:00,PCI_13,2,33134065.0,18566449.0,1110,9,785,20,14,12,41.0,34.0,22.61,14.81
2026-06-13T08:39:00,PCI_14,2,43171345.0,22082743.0,975,34,939,5,14,11,43.0,38.0,14.85,22.59
2026-06-13T08:39:00,PCI_15,2,32254895.0,23481414.0,881,19,698,13,11,11,41.0,39.0,5.01,24.27
2026-06-13T08:39:00,PCI_16,2,32654643.0,14596464.0,1028,18,967,18,13,9,31.0,33.0,23.46,20.05
2026-06-13T08:40:00,PCI_1,3,607661532.0,39306370.0,1088,16,776,23,15,11,40.0,33.0,18.18,21.34
2026-06-13T08:40:00,PCI_2,2,441940034.0,25362964.0,1067,24,731,18,9,12,46.0,41.0,16.35,9.52
2026-06-13T08:40:00,PCI_3,2,464267066.0,29301180.0,1052,9,871,16,15,10,53.0,33.0,12.38,13.54
2026-06-13T08:40:00,PCI_4,2,544473952.0,46880953.0,989,34,760,13,10,10,44.0,39.0,7.55,22.57
2026-06-13T08:40:00,PCI_5,2,442147955.0,37587829.0,933,18,976,23,12,10,47.0,40.0,14.75,27.38
2026-06-13T08:40:00,PCI_6,2,443007728.0,40350219.0,1141,14,818,28,14,14,47.0,35.0,12.82,13.79
2026-06-13T08:40:00,PCI_7,2,616206479.0,36065142.0,886,39,775,24,8,9,53.0,33.0,18.51,14.87
2026-06-13T08:40:00,PCI_8,1,597770898.0,29231902.0,1053,7,715,22,15,11,44.0,38.0,8.14,25.35
2026-06-13T08:40:00,PCI_9,1,40178631.0,16142395.0,879,39,924,28,15,11,44.0,29.0,17.49,26.16
2026-06-13T08:40:00,PCI_10,2,43450553.0,20390850.0,1009,18,757,20,9,14,46.0,32.0,14.24,13.58
2026-06-13T08:40:00,PCI_11,2,38145157.0,19033691.0,995,19,748,19,12,11,40.0,39.0,17.87,17.96
2026-06-13T08:40:00,PCI_12,3,42599816.0,15804821.0,1041,37,953,7,15,11,52.0,35.0,7.12,20.31
2026-06-13T08:40:00,PCI_13,2,36953871.0,20117923.0,963,13,941,21,10,11,37.0,33.0,7.82,17.51
2026-06-13T08:40:00,PCI_14,3,36810829.0,16332882.0,961,20,799,25,8,11,42.0,44.0,8.03,26.2
2026-06-13T08:40:00,PCI_15,2,44059590.0,19213902.0,1137,31,735,23,9,12,45.0,41.0,12.67,20.69
2026-06-13T08:40:00,PCI_16,2,39861934.0,16405418.0,1044,27,759,28,15,15,47.0,41.0,17.12,22.51
2026-06-13T08:41:00,PCI_1,1,519834326.0,35020614.0,922,5,983,6,9,14,43.0,33.0,20.19,13.52
2026-06-13T08:41:00,PCI_2,2,510525465.0,36197414.0,1126,8,843,19,8,8,44.0,39.0,17.96,19.32
2026-06-13T08:41:00,PCI_3,2,457652834.0,32825451.0,1081,39,710,19,10,11,43.0,36.0,11.83,22.95
2026-06-13T08:41:00,PCI_4,3,515292895.0,30513489.0,1163,24,859,18,10,14,43.0,33.0,13.11,23.68
2026-06-13T08:41:00,PCI_5,2,660056759.0,45954416.0,1143,32,744,19,10,11,46.0,38.0,18.89,24.12
2026-06-13T08:41:00,PCI_6,3,416349383.0,34699621.0,1027,22,764,14,12,14,42.0,40.0,18.16,17.52
2026-06-13T08:41:00,PCI_7,3,578388278.0,27807226.0,1119,29,904,13,12,11,54.0,40.0,11.03,10.74
2026-06-13T08:41:00,PCI_8,2,620256844.0,27096760.0,1042,39,820,13,14,15,47.0,39.0,5.25,12.81
2026-06-13T08:41:00,PCI_9,3,40155292.0,19895281.0,1161,37,778,3,13,11,48.0,41.0,22.09,23.56
2026-06-13T08:41:00,PCI_10,2,36532131.0,22539745.0,900,12,916,13,8,15,39.0,37.0,7.09,17.64
2026-06-13T08:41:00,PCI_11,2,29615876.0,19274519.0,1017,9,783,7,9,8,37.0,31.0,13.0,22.91
2026-06-13T08:41:00,PCI_12,2,41794357.0,18127300.0,1086,34,778,29,13,9,43.0,34.0,17.84,16.2
2026-06-13T08:41:00,PCI_13,2,35090894.0,18685893.0,950,11,736,9,12,12,46.0,35.0,17.89,11.24
2026-06-13T08:41:00,PCI_14,2,38193238.0,23440687.0,1095,33,850,3,8,14,37.0,39.0,14.35,16.32
2026-06-13T08:41:00,PCI_15,3,49646240.0,17698433.0,1096,26,793,25,10,9,49.0,42.0,15.66,14.51
2026-06-13T08:41:00,PCI_16,2,30561661.0,18437274.0,1166,19,934,12,9,15,37.0,33.0,13.93,20.81
2026-06-13T08:42:00,PCI_1,2,608064611.0,44222210.0,1153,30,863,27,10,11,48.0,42.0,22.4,20.08
2026-06-13T08:42:00,PCI_2,2,460195690.0,30247340.0,1050,22,966,25,8,12,50.0,39.0,18.4,11.11
2026-06-13T08:42:00,PCI_3,2,614785858.0,36886329.0,1082,26,968,9,14,11,44.0,33.0,9.49,24.81
2026-06-13T08:42:00,PCI_4,2,506402822.0,43022575.0,1072,25,781,20,8,8,46.0,36.0,19.75,14.97
2026-06-13T08:42:00,PCI_5,3,545926952.0,45502904.0,1106,6,893,13,11,11,46.0,34.0,16.76,22.39
2026-06-13T08:42:00,PCI_6,2,590373299.0,44188978.0,1020,31,712,14,11,8,47.0,28.0,21.25,17.55
2026-06-13T08:42:00,PCI_7,3,533624331.0,34131600.0,984,19,784,9,14,13,50.0,33.0,11.42,15.97
2026-06-13T08:42:00,PCI_8,2,492753758.0,38283085.0,1001,12,707,12,10,9,51.0,41.0,24.39,9.39
2026-06-13T08:42:00,PCI_9,2,42137256.0,22013229.0,895,16,845,24,9,8,43.0,21.0,22.69,17.79
2026-06-13T08:42:00,PCI_10,3,38047938.0,16837197.0,1125,8,777,29,14,12,55.0,31.0,16.96,15.08
2026-06-13T08:42:00,PCI_11,1,40125518.0,19886835.0,1075,24,908,12,8,9,49.0,37.0,20.49,21.14
2026-06-13T08:42:00,PCI_12,2,36942484.0,20403594.0,1128,32,810,10,10,14,47.0,36.0,18.82,10.76
2026-06-13T08:42:00,PCI_13,1,40321107.0,18250365.0,1127,33,762,22,9,13,46.0,38.0,17.73,20.56
2026-06-13T08:42:00,PCI_14,2,44313288.0,13537516.0,983,37,878,19,11,14,52.0,33.0,16.4,10.72
2026-06-13T08:42:00,PCI_15,2,41032725.0,19151226.0,1032,19,726,3,9,15,52.0,38.0,18.37,22.98
2026-06-13T08:42:00,PCI_16,2,34461754.0,20382626.0,891,30,842,5,11,12,44.0,34.0,9.41,13.88
2026-06-13T08:43:00,PCI_1,2,580172327.0,32141234.0,960,23,813,6,12,8,42.0,35.0,7.19,17.31
2026-06-13T08:43:00,PCI_2,2,553482403.0,39245683.0,1058,36,748,26,12,11,46.0,40.0,23.69,26.97
2026-06-13T08:43:00,PCI_3,3,497832608.0,41379044.0,867,38,933,22,9,13,52.0,39.0,13.44,17.91
2026-06-13T08:43:00,PCI_4,2,569445690.0,32489836.0,1087,28,883,6,15,8,47.0,39.0,18.25,20.69
2026-06-13T08:43:00,PCI_5,2,602989899.0,29291980.0,1093,33,785,20,15,8,56.0,37.0,20.74,17.53
2026-06-13T08:43:00,PCI_6,2,545611643.0,31019494.0,1047,25,726,21,12,9,56.0,37.0,14.73,18.57
2026-06-13T08:43:00,PCI_7,2,604382173.0,31628162.0,879,21,914,22,9,11,43.0,32.0,15.27,16.41
2026-06-13T08:43:00,PCI_8,3,512611608.0,38947306.0,1066,9,734,11,12,8,52.0,34.0,10.82,25.94
2026-06-13T08:43:00,PCI_9,2,30503299.0,16330040.0,1107,18,773,26,15,14,40.0,36.0,8.05,26.7
2026-06-13T08:43:00,PCI_10,2,38255638.0,18860611.0,1168,19,772,16,15,14,38.0,43.0,10.05,27.59
2026-06-13T08:43:00,PCI_11,2,26410327.0,23126229.0,1084,37,907,22,13,11,51.0,31.0,14.26,22.42
2026-06-13T08:43:00,PCI_12,1,36425276.0,20289493.0,1135,5,896,10,11,11,42.0,34.0,19.75,21.67
2026-06-13T08:43:00,PCI_13,2,38863421.0,15437303.0,1108,39,860,10,11,11,50.0,40.0,8.56,26.22
2026-06-13T08:43:00,PCI_14,2,39757787.0,19655588.0,1118,10,775,28,9,8,53.0,43.0,7.79,24.29
2026-06-13T08:43:00,PCI_15,3,44561313.0,16840123.0,994,14,846,25,9,12,44.0,36.0,5.03,12.49
2026-06-13T08:43:00,PCI_16,2,35185093.0,12096006.0,1038,21,700,11,13,11,41.0,31.0,16.32,20.61
2026-06-13T08:44:00,PCI_1,3,596831354.0,49845385.0,1176,7,766,16,12,9,47.0,39.0,22.51,17.01
2026-06-13T08:44:00,PCI_2,3,552282276.0,38418547.0,1054,38,722,27,15,13,50.0,45.0,22.61,16.79
2026-06-13T08:44:00,PCI_3,2,491873431.0,34857466.0,944,38,910,11,10,12,44.0,43.0,23.24,24.89
2026-06-13T08:44:00,PCI_4,2,533554119.0,35497064.0,978,11,954,29,13,11,50.0,38.0,8.48,18.66
2026-06-13T08:44:00,PCI_5,3,564796986.0,30966114.0,1154,5,743,5,14,10,48.0,40.0,10.4,13.9
2026-06-13T08:44:00,PCI_6,2,403428805.0,44822260.0,1095,21,836,5,10,10,38.0,42.0,20.78,17.3
2026-06-13T08:44:00,PCI_7,2,587522942.0,27210640.0,929,25,889,10,15,9,46.0,37.0,24.72,19.1
2026-06-13T08:44:00,PCI_8,2,427159500.0,39659915.0,1114,15,953,22,9,15,41.0,32.0,23.97,19.38
2026-06-13T08:44:00,PCI_9,2,37157883.0,20041504.0,974,39,856,19,15,11,54.0,36.0,7.69,25.54
2026-06-13T08:44:00,PCI_10,2,38592081.0,18381780.0,988,39,739,10,9,13,44.0,41.0,11.58,14.61
2026-06-13T08:44:00,PCI_11,2,38051310.0,20569973.0,1012,8,779,3,12,14,42.0,31.0,6.74,21.25
2026-06-13T08:44:00,PCI_12,1,36818090.0,16683504.0,1004,16,754,25,11,10,48.0,36.0,13.75,9.1
2026-06-13T08:44:00,PCI_13,3,38405764.0,16331294.0,1091,34,921,9,11,12,41.0,39.0,14.93,26.73
2026-06-13T08:44:00,PCI_14,2,38240326.0,16108360.0,997,28,810,13,9,13,46.0,43.0,13.57,14.58
2026-06-13T08:44:00,PCI_15,3,35348454.0,15417044.0,1129,35,928,8,12,13,51.0,41.0,16.51,22.52
2026-06-13T08:44:00,PCI_16,2,27486826.0,15021966.0,1162,12,738,27,8,11,51.0,34.0,14.2,16.29
2026-06-13T08:45:00,PCI_1,2,549739455.0,33127358.0,1106,16,935,17,8,9,49.0,41.0,24.02,18.31
2026-06-13T08:45:00,PCI_2,1,556198815.0,34581031.0,1147,6,896,16,14,12,51.0,40.0,23.85,27.07
2026-06-13T08:45:00,PCI_3,2,544880230.0,31506535.0,1137,29,803,11,8,11,42.0,37.0,16.61,21.59
2026-06-13T08:45:00,PCI_4,2,590859718.0,34384156.0,1053,34,909,9,8,15,49.0,38.0,11.28,20.76
2026-06-13T08:45:00,PCI_5,1,501483807.0,29245588.0,1063,26,897,17,15,9,51.0,43.0,20.15,21.07
2026-06-13T08:45:00,PCI_6,2,604227880.0,41249248.0,1155,31,917,17,15,13,51.0,42.0,13.79,20.68
2026-06-13T08:45:00,PCI_7,2,629267124.0,40330644.0,1064,34,809,5,11,11,51.0,32.0,19.57,18.25
2026-06-13T08:45:00,PCI_8,3,539998114.0,28911510.0,982,34,724,23,9,13,41.0,36.0,6.12,15.76
2026-06-13T08:45:00,PCI_9,2,41923209.0,20829003.0,993,31,697,18,14,15,44.0,31.0,5.33,12.07
2026-06-13T08:45:00,PCI_10,2,28227399.0,18184787.0,1142,25,944,7,13,11,54.0,35.0,15.14,17.72
2026-06-13T08:45:00,PCI_11,2,34791146.0,20591088.0,982,29,879,9,15,12,48.0,35.0,9.98,22.05
2026-06-13T08:45:00,PCI_12,3,35840908.0,21742625.0,1097,7,745,23,10,11,42.0,42.0,21.2,24.18
2026-06-13T08:45:00,PCI_13,2,36292255.0,13373193.0,1098,34,816,7,13,9,47.0,37.0,7.7,23.46
2026-06-13T08:45:00,PCI_14,2,32996977.0,18938539.0,1116,20,709,25,8,11,53.0,31.0,23.45,9.24
2026-06-13T08:45:00,PCI_15,3,31008283.0,23048825.0,923,35,780,19,13,11,52.0,36.0,7.53,11.17
2026-06-13T08:45:00,PCI_16,2,36302013.0,16731033.0,1163,16,910,4,13,10,49.0,39.0,16.48,13.1
2026-06-13T08:46:00,PCI_1,3,571798831.0,37494519.0,1109,33,806,19,13,9,42.0,39.0,13.41,15.28
2026-06-13T08:46:00,PCI_2,3,396346840.0,38382996.0,1054,33,804,4,12,13,46.0,42.0,19.16,19.07
2026-06-13T08:46:00,PCI_3,2,559711023.0,38378504.0,1125,6,698,20,10,13,45.0,37.0,14.84,21.5
2026-06-13T08:46:00,PCI_4,2,608920651.0,34727061.0,993,28,936,24,14,12,46.0,32.0,14.05,13.53
2026-06-13T08:46:00,PCI_5,2,564053576.0,27590115.0,1102,22,824,28,14,9,46.0,36.0,13.78,21.97
2026-06-13T08:46:00,PCI_6,2,566477710.0,31042349.0,910,39,924,21,11,14,45.0,37.0,19.98,14.17
2026-06-13T08:46:00,PCI_7,2,507836515.0,34012574.0,906,7,809,8,13,12,49.0,46.0,9.82,15.96
2026-06-13T08:46:00,PCI_8,2,699185597.0,41168135.0,1056,10,762,15,11,11,45.0,43.0,7.25,11.88
2026-06-13T08:46:00,PCI_9,3,31763527.0,17064227.0,1154,6,947,5,8,15,47.0,43.0,22.48,13.96
2026-06-13T08:46:00,PCI_10,2,41730664.0,18187778.0,956,34,746,10,15,9,53.0,38.0,24.28,27.23
2026-06-13T08:46:00,PCI_11,2,23685498.0,21222249.0,1167,10,730,28,15,14,50.0,36.0,24.7,23.56
2026-06-13T08:46:00,PCI_12,3,40062263.0,18806669.0,991,37,921,12,9,15,47.0,31.0,24.39,19.25
2026-06-13T08:46:00,PCI_13,2,40338017.0,14372931.0,1104,13,974,5,14,13,51.0,31.0,23.9,27.11
2026-06-13T08:46:00,PCI_14,3,36540382.0,18759583.0,1084,28,800,16,12,11,46.0,43.0,16.08,24.51
2026-06-13T08:46:00,PCI_15,2,34972941.0,16168673.0,1143,26,904,4,15,8,54.0,49.0,11.94,23.3
2026-06-13T08:46:00,PCI_16,3,41680171.0,19014131.0,1097,11,825,6,12,15,45.0,45.0,21.46,11.06
2026-06-13T08:47:00,PCI_1,2,476456958.0,34315713.0,1168,29,780,16,13,15,49.0,34.0,19.51,21.56
2026-06-13T08:47:00,PCI_2,2,626244840.0,38967093.0,918,14,875,5,9,10,49.0,39.0,14.61,12.29
2026-06-13T08:47:00,PCI_3,2,373139642.0,36761445.0,1143,22,872,15,9,9,51.0,39.0,14.54,22.65
2026-06-13T08:47:00,PCI_4,3,630851544.0,41345650.0,1021,21,938,6,11,8,38.0,43.0,13.94,27.2
2026-06-13T08:47:00,PCI_5,2,706580330.0,34041002.0,992,35,858,18,15,10,51.0,40.0,16.96,16.15
2026-06-13T08:47:00,PCI_6,2,493379787.0,42175641.0,1037,22,711,27,9,15,51.0,33.0,18.36,18.08
2026-06-13T08:47:00,PCI_7,3,649554091.0,31014108.0,961,18,701,21,10,14,52.0,34.0,13.91,18.4
2026-06-13T08:47:00,PCI_8,2,586087562.0,40616133.0,917,10,688,12,15,14,49.0,40.0,8.34,11.08
2026-06-13T08:47:00,PCI_9,2,35287866.0,17271619.0,1128,22,810,7,15,10,52.0,41.0,13.89,12.88
2026-06-13T08:47:00,PCI_10,3,41866661.0,20919000.0,1106,6,735,27,9,12,51.0,38.0,15.85,9.92
2026-06-13T08:47:00,PCI_11,3,37345753.0,19831834.0,1003,33,867,9,10,12,45.0,41.0,20.24,10.99
2026-06-13T08:47:00,PCI_12,2,37967939.0,24637787.0,1136,25,967,12,13,14,49.0,38.0,16.61,13.9
2026-06-13T08:47:00,PCI_13,2,41509735.0,18733401.0,1065,36,960,18,8,9,52.0,43.0,14.66,15.02
2026-06-13T08:47:00,PCI_14,3,36515215.0,13483771.0,1097,5,772,24,12,13,49.0,45.0,13.38,16.81
2026-06-13T08:47:00,PCI_15,2,44818063.0,19505309.0,1047,14,862,6,14,13,49.0,44.0,6.49,24.41
2026-06-13T08:47:00,PCI_16,3,37596641.0,19097374.0,1043,34,983,6,12,13,55.0,35.0,21.25,25.47
2026-06-13T08:48:00,PCI_1,2,691456650.0,36272131.0,908,26,736,23,13,11,48.0,38.0,6.07,22.57
2026-06-13T08:48:00,PCI_2,3,452185774.0,43647407.0,1057,7,866,23,11,14,51.0,46.0,15.37,27.39
2026-06-13T08:48:00,PCI_3,3,576723801.0,33262589.0,1126,19,710,4,15,8,45.0,32.0,19.17,20.37
2026-06-13T08:48:00,PCI_4,3,613812693.0,35823654.0,1127,8,783,11,14,13,51.0,37.0,8.33,24.28
2026-06-13T08:48:00,PCI_5,3,536030600.0,39809313.0,1132,31,816,24,11,10,53.0,36.0,9.13,16.56
2026-06-13T08:48:00,PCI_6,2,484378132.0,41801317.0,1147,29,825,15,12,12,46.0,36.0,19.2,21.53
2026-06-13T08:48:00,PCI_7,3,556465924.0,41761088.0,1049,19,728,20,8,15,47.0,36.0,20.53,12.14
2026-06-13T08:48:00,PCI_8,3,492495695.0,36806258.0,1057,18,850,10,15,15,48.0,43.0,9.43,14.98
2026-06-13T08:48:00,PCI_9,2,39760721.0,20909669.0,957,25,942,24,15,12,60.0,36.0,11.85,23.64
2026-06-13T08:48:00,PCI_10,2,35881565.0,20578429.0,892,11,776,14,14,14,49.0,34.0,14.89,17.47
2026-06-13T08:48:00,PCI_11,3,39313672.0,18510591.0,902,33,926,20,14,8,47.0,46.0,12.96,14.52
2026-06-13T08:48:00,PCI_12,2,33107018.0,17819778.0,973,21,983,11,8,12,50.0,37.0,19.63,15.49
2026-06-13T08:48:00,PCI_13,2,36724653.0,22521887.0,1156,37,770,6,13,9,47.0,44.0,16.39,23.85
2026-06-13T08:48:00,PCI_14,3,38990715.0,16752431.0,1153,7,728,9,13,14,48.0,35.0,13.33,24.05
2026-06-13T08:48:00,PCI_15,3,38101864.0,19309840.0,991,23,946,24,11,9,48.0,45.0,12.21,22.05
2026-06-13T08:48:00,PCI_16,1,29090880.0,16986561.0,1087,25,725,16,12,12,42.0,38.0,13.72,12.69
2026-06-13T08:49:00,PCI_1,2,558369279.0,44629110.0,1026,19,902,13,12,8,51.0,37.0,13.14,21.77
2026-06-13T08:49:00,PCI_2,2,546527097.0,33946415.0,1003,25,844,18,8,15,51.0,41.0,22.08,26.23
2026-06-13T08:49:00,PCI_3,2,437178164.0,36745486.0,1151,11,922,7,14,11,45.0,41.0,14.26,15.78
2026-06-13T08:49:00,PCI_4,2,641712712.0,43445712.0,1112,22,927,6,11,12,41.0,36.0,8.95,19.53
2026-06-13T08:49:00,PCI_5,2,553861721.0,42728434.0,922,21,763,19,9,10,43.0,41.0,5.64,26.94
2026-06-13T08:49:00,PCI_6,2,661576025.0,40954078.0,923,13,930,24,8,12,47.0,33.0,21.01,9.13
2026-06-13T08:49:00,PCI_7,2,542010494.0,41754007.0,925,38,832,23,12,13,48.0,36.0,21.89,20.24
2026-06-13T08:49:00,PCI_8,2,668494364.0,41849715.0,1140,30,969,4,13,9,43.0,37.0,17.81,27.98
2026-06-13T08:49:00,PCI_9,2,33439735.0,15701703.0,927,14,875,3,14,12,50.0,45.0,18.1,14.65
2026-06-13T08:49:00,PCI_10,3,33678519.0,21447052.0,975,26,723,8,15,11,50.0,40.0,9.6,13.14
2026-06-13T08:49:00,PCI_11,3,39489950.0,19649832.0,927,37,758,29,10,15,49.0,39.0,5.88,13.26
2026-06-13T08:49:00,PCI_12,2,35089533.0,21835170.0,1055,26,866,3,11,9,53.0,36.0,7.25,20.85
2026-06-13T08:49:00,PCI_13,2,36752608.0,22508806.0,892,9,778,11,8,8,44.0,31.0,21.72,8.31
2026-06-13T08:49:00,PCI_14,3,46325779.0,19032561.0,1137,21,759,10,14,14,42.0,31.0,15.8,10.55
2026-06-13T08:49:00,PCI_15,2,43992288.0,19738087.0,934,22,811,24,12,12,51.0,40.0,5.55,15.91
2026-06-13T08:49:00,PCI_16,3,36972135.0,18964691.0,975,6,793,7,11,10,47.0,33.0,14.76,23.32
2026-06-13T08:50:00,PCI_1,3,589651898.0,36678250.0,1180,14,941,18,10,8,42.0,33.0,15.26,11.27
2026-06-13T08:50:00,PCI_2,2,560330492.0,39437753.0,1086,10,902,28,9,9,52.0,34.0,8.43,17.5
2026-06-13T08:50:00,PCI_3,1,509512480.0,38260674.0,1015,24,820,5,15,8,47.0,40.0,22.46,20.42
2026-06-13T08:50:00,PCI_4,2,540104898.0,32926481.0,962,19,984,7,14,8,50.0,44.0,21.77,19.19
2026-06-13T08:50:00,PCI_5,3,521168923.0,37518244.0,1116,16,744,17,15,12,49.0,39.0,23.69,22.88
2026-06-13T08:50:00,PCI_6,3,602511503.0,41913676.0,1068,17,805,22,9,10,54.0,33.0,18.49,22.86
2026-06-13T08:50:00,PCI_7,2,444878641.0,46424899.0,992,11,979,7,9,15,37.0,44.0,16.12,27.55
2026-06-13T08:50:00,PCI_8,3,622969779.0,39231351.0,930,20,816,17,10,14,55.0,35.0,5.2,14.36
2026-06-13T08:50:00,PCI_9,3,40246542.0,18770155.0,938,26,825,13,13,12,56.0,43.0,24.22,19.11
2026-06-13T08:50:00,PCI_10,2,41681783.0,23603045.0,931,34,954,18,12,9,49.0,34.0,6.35,27.93
2026-06-13T08:50:00,PCI_11,2,42334626.0,16323416.0,1066,27,907,29,15,8,48.0,38.0,19.4,16.96
2026-06-13T08:50:00,PCI_12,3,32623901.0,21435969.0,1167,11,848,20,13,11,43.0,44.0,14.42,13.94
2026-06-13T08:50:00,PCI_13,2,38572983.0,20393691.0,1152,11,851,23,12,14,49.0,39.0,16.16,25.12
2026-06-13T08:50:00,PCI_14,3,40178581.0,23780971.0,1128,8,710,9,10,10,49.0,41.0,7.64,17.59
2026-06-13T08:50:00,PCI_15,3,30739918.0,19634348.0,1193,5,970,3,10,11,51.0,39.0,5.75,13.17
2026-06-13T08:50:00,PCI_16,2,33387475.0,15895519.0,945,33,919,24,13,12,54.0,39.0,14.81,25.21
2026-06-13T08:51:00,PCI_1,2,518134147.0,37497936.0,921,10,745,7,14,12,50.0,40.0,11.58,19.76
2026-06-13T08:51:00,PCI_2,2,681808265.0,39981241.0,1116,32,952,13,10,14,47.0,39.0,24.43,27.93
2026-06-13T08:51:00,PCI_3,2,614988181.0,33692523.0,899,20,859,6,11,11,44.0,31.0,10.39,27.9
2026-06-13T08:51:00,PCI_4,3,487833305.0,41476244.0,1033,25,821,23,14,10,51.0,38.0,7.1,27.98
2026-06-13T08:51:00,PCI_5,3,569021364.0,33912989.0,898,14,955,3,8,12,52.0,42.0,23.96,21.58
2026-06-13T08:51:00,PCI_6,3,532051639.0,45284050.0,1187,12,831,28,8,11,51.0,45.0,19.82,27.79
2026-06-13T08:51:00,PCI_7,2,628433297.0,40818084.0,1092,28,896,10,8,13,44.0,39.0,6.98,11.22
2026-06-13T08:51:00,PCI_8,2,573432301.0,43883135.0,1038,15,902,16,11,14,43.0,35.0,20.89,19.17
2026-06-13T08:51:00,PCI_9,2,40175850.0,23811221.0,1133,24,859,14,12,15,50.0,40.0,16.69,12.76
2026-06-13T08:51:00,PCI_10,3,40699761.0,22055585.0,1056,36,745,27,9,13,54.0,41.0,6.85,17.52
2026-06-13T08:51:00,PCI_11,1,44701791.0,20397473.0,1183,5,752,12,10,13,47.0,33.0,7.81,8.82
2026-06-13T08:51:00,PCI_12,2,45016210.0,19927019.0,1004,8,987,3,8,15,51.0,30.0,12.4,26.47
2026-06-13T08:51:00,PCI_13,2,44598234.0,19983209.0,1051,6,734,26,15,8,46.0,38.0,24.91,23.53
2026-06-13T08:51:00,PCI_14,3,43609208.0,17501900.0,1156,26,788,19,15,9,52.0,36.0,24.23,9.32
2026-06-13T08:51:00,PCI_15,2,45154772.0,19477250.0,945,38,686,27,15,12,52.0,37.0,17.24,20.8
2026-06-13T08:51:00,PCI_16,3,42030135.0,16855206.0,961,8,796,6,10,14,50.0,35.0,5.1,12.33
2026-06-13T08:52:00,PCI_1,3,697059076.0,40772470.0,1078,8,965,9,12,14,50.0,36.0,6.58,18.04
2026-06-13T08:52:00,PCI_2,3,631808871.0,41209059.0,922,5,790,17,12,14,48.0,45.0,16.36,24.9
2026-06-13T08:52:00,PCI_3,2,561941584.0,38032404.0,1086,17,750,14,12,9,53.0,35.0,5.28,14.86
2026-06-13T08:52:00,PCI_4,2,507593808.0,43914854.0,1075,22,755,19,14,8,49.0,41.0,14.31,13.61
2026-06-13T08:52:00,PCI_5,1,559173924.0,41541399.0,892,9,877,16,14,8,54.0,33.0,8.34,22.39
2026-06-13T08:52:00,PCI_6,2,575707721.0,40503817.0,1042,15,872,11,15,11,49.0,40.0,20.13,18.04
2026-06-13T08:52:00,PCI_7,2,475917329.0,43014530.0,1134,11,908,24,11,14,42.0,43.0,10.23,23.05
2026-06-13T08:52:00,PCI_8,2,719497045.0,41195133.0,915,19,862,28,8,12,47.0,34.0,21.49,25.03
2026-06-13T08:52:00,PCI_9,2,44060449.0,19929596.0,891,28,950,19,13,12,53.0,36.0,7.65,20.02
2026-06-13T08:52:00,PCI_10,3,40969661.0,24719393.0,952,24,692,17,13,10,49.0,38.0,23.99,20.38
2026-06-13T08:52:00,PCI_11,3,34186091.0,22574571.0,1035,7,959,23,15,8,49.0,34.0,12.73,24.55
2026-06-13T08:52:00,PCI_12,2,40014453.0,22315418.0,904,19,706,22,11,12,47.0,46.0,5.17,19.99
2026-06-13T08:52:00,PCI_13,2,28977282.0,20279438.0,929,15,821,6,11,14,49.0,47.0,14.41,21.75
2026-06-13T08:52:00,PCI_14,2,53282249.0,20710453.0,1154,29,794,27,9,10,55.0,34.0,11.56,18.67
2026-06-13T08:52:00,PCI_15,3,47676354.0,19406886.0,1061,38,955,10,12,11,49.0,40.0,11.77,10.09
2026-06-13T08:52:00,PCI_16,2,44172552.0,17686655.0,1161,32,986,8,11,10,48.0,46.0,20.79,12.54
2026-06-13T08:53:00,PCI_1,2,709346198.0,34116119.0,947,31,941,25,12,8,59.0,38.0,8.37,11.55
2026-06-13T08:53:00,PCI_2,3,580666293.0,39315670.0,1003,27,910,14,8,12,53.0,42.0,19.68,12.28
2026-06-13T08:53:00,PCI_3,1,568510883.0,45484339.0,1151,31,902,28,14,15,52.0,33.0,20.7,8.59
2026-06-13T08:53:00,PCI_4,2,536983617.0,41400195.0,959,38,895,7,9,10,54.0,39.0,11.41,11.29
2026-06-13T08:53:00,PCI_5,2,456661189.0,45061640.0,1006,23,797,14,9,8,50.0,39.0,7.42,18.25
2026-06-13T08:53:00,PCI_6,3,569636741.0,34505073.0,1049,38,908,10,8,8,50.0,37.0,18.09,14.54
2026-06-13T08:53:00,PCI_7,2,577064467.0,47119850.0,879,21,981,12,10,15,51.0,36.0,11.69,13.8
2026-06-13T08:53:00,PCI_8,2,487888027.0,37064325.0,1172,12,927,10,12,10,46.0,36.0,15.31,20.25
2026-06-13T08:53:00,PCI_9,3,35274774.0,21398318.0,1179,9,756,17,14,13,45.0,49.0,24.12,12.48
2026-06-13T08:53:00,PCI_10,3,36793964.0,18005640.0,1118,36,901,24,12,14,52.0,50.0,6.71,14.91
2026-06-13T08:53:00,PCI_11,2,36681816.0,20121386.0,1002,8,682,19,15,11,45.0,34.0,18.77,16.24
2026-06-13T08:53:00,PCI_12,3,43902947.0,17983795.0,890,16,962,15,11,15,51.0,43.0,13.12,17.08
2026-06-13T08:53:00,PCI_13,2,31986627.0,18962654.0,981,32,965,4,15,15,48.0,40.0,7.4,23.02
2026-06-13T08:53:00,PCI_14,2,37177301.0,20572924.0,948,12,742,23,10,15,52.0,37.0,6.98,27.19
2026-06-13T08:53:00,PCI_15,2,37180574.0,18747668.0,1146,27,688,23,14,15,47.0,36.0,22.07,9.39
2026-06-13T08:53:00,PCI_16,3,46984156.0,15108487.0,917,32,960,11,9,12,49.0,43.0,17.53,20.29
2026-06-13T08:54:00,PCI_1,3,528821900.0,31476140.0,965,21,836,3,9,13,51.0,39.0,18.31,11.96
2026-06-13T08:54:00,PCI_2,2,577581740.0,34373843.0,1138,12,696,15,11,14,52.0,42.0,5.45,12.17
2026-06-13T08:54:00,PCI_3,2,493520922.0,39643041.0,1084,38,860,29,12,8,54.0,43.0,17.51,25.89
2026-06-13T08:54:00,PCI_4,2,644918064.0,36403796.0,1055,37,951,9,14,12,42.0,43.0,24.01,9.06
2026-06-13T08:54:00,PCI_5,2,701258614.0,46293500.0,1025,11,929,5,10,14,41.0,34.0,24.45,24.72
2026-06-13T08:54:00,PCI_6,2,549687300.0,33427479.0,1050,27,783,29,11,8,52.0,40.0,12.82,25.44
2026-06-13T08:54:00,PCI_7,3,514842292.0,42387541.0,1084,22,844,4,13,11,53.0,37.0,6.84,18.51
2026-06-13T08:54:00,PCI_8,3,453920827.0,35082979.0,1164,22,883,25,10,8,52.0,40.0,10.4,17.39
2026-06-13T08:54:00,PCI_9,2,43810815.0,16400062.0,1037,25,743,4,9,14,55.0,42.0,23.39,14.73
2026-06-13T08:54:00,PCI_10,2,49739152.0,22760777.0,880,26,783,23,9,13,50.0,43.0,18.84,10.5
2026-06-13T08:54:00,PCI_11,3,51395139.0,27497595.0,1095,38,802,6,15,13,51.0,45.0,19.09,21.77
2026-06-13T08:54:00,PCI_12,2,41343514.0,19450203.0,909,36,741,8,9,12,48.0,50.0,7.99,11.62
2026-06-13T08:54:00,PCI_13,2,46412781.0,18832757.0,917,28,794,17,10,9,48.0,44.0,6.23,19.28
2026-06-13T08:54:00,PCI_14,3,47120419.0,27282660.0,929,18,776,12,14,10,48.0,41.0,24.37,19.54
2026-06-13T08:54:00,PCI_15,1,39385799.0,16157219.0,1069,21,681,29,9,10,47.0,39.0,10.22,22.8
2026-06-13T08:54:00,PCI_16,3,34300800.0,23096687.0,936,17,919,11,14,13,52.0,35.0,19.92,16.85
2026-06-13T08:55:00,PCI_1,3,621977809.0,46096856.0,900,12,730,23,14,14,44.0,34.0,8.27,23.91
2026-06-13T08:55:00,PCI_2,3,675085011.0,35936494.0,1029,15,972,25,12,14,52.0,36.0,12.99,22.56
2026-06-13T08:55:00,PCI_3,3,586591168.0,38084706.0,1066,37,718,25,14,12,53.0,41.0,24.82,17.46
2026-06-13T08:55:00,PCI_4,2,654723028.0,42649000.0,967,9,737,7,12,11,46.0,40.0,6.51,19.73
2026-06-13T08:55:00,PCI_5,4,645357745.0,41851259.0,936,14,889,11,12,15,52.0,41.0,16.46,27.77
2026-06-13T08:55:00,PCI_6,2,650943757.0,42115569.0,889,16,775,7,15,8,49.0,41.0,11.47,15.31
2026-06-13T08:55:00,PCI_7,3,637808681.0,47037679.0,956,22,738,5,13,8,49.0,44.0,13.51,20.08
2026-06-13T08:55:00,PCI_8,2,573810096.0,46006941.0,1065,19,906,5,11,10,54.0,43.0,18.0,17.22
2026-06-13T08:55:00,PCI_9,3,44170171.0,19868082.0,917,6,889,7,9,15,44.0,39.0,12.95,26.57
2026-06-13T08:55:00,PCI_10,3,49147505.0,20059125.0,1022,31,893,13,9,13,54.0,37.0,15.8,26.25
2026-06-13T08:55:00,PCI_11,2,42645430.0,19425340.0,1169,21,917,27,10,15,47.0,40.0,15.37,17.41
2026-06-13T08:55:00,PCI_12,3,51183447.0,19152669.0,913,8,896,14,15,8,54.0,36.0,16.61,25.11
2026-06-13T08:55:00,PCI_13,3,37296929.0,25702026.0,1172,7,891,29,15,13,49.0,33.0,12.87,19.52
2026-06-13T08:55:00,PCI_14,2,38898326.0,18286810.0,1193,6,781,26,9,10,51.0,36.0,7.69,18.11
2026-06-13T08:55:00,PCI_15,3,37612521.0,22417789.0,907,30,929,12,14,11,45.0,35.0,10.66,11.6
2026-06-13T08:55:00,PCI_16,3,40025551.0,22892262.0,954,35,739,22,9,11,47.0,44.0,6.48,24.45
2026-06-13T08:56:00,PCI_1,2,702260098.0,41996203.0,1110,35,846,16,11,15,56.0,40.0,7.35,24.55
2026-06-13T08:56:00,PCI_2,2,694602048.0,34280127.0,1043,5,727,6,14,10,50.0,38.0,17.7,24.16
2026-06-13T08:56:00,PCI_3,2,544089273.0,47476929.0,1063,24,720,10,10,15,58.0,37.0,15.63,11.32
2026-06-13T08:56:00,PCI_4,2,611411776.0,41830688.0,1038,16,844,17,12,14,47.0,41.0,7.05,21.81
2026-06-13T08:56:00,PCI_5,2,447830280.0,42655485.0,958,10,863,10,9,11,50.0,45.0,10.22,26.39
2026-06-13T08:56:00,PCI_6,2,597115880.0,44396890.0,1114,11,722,23,10,13,51.0,40.0,12.34,9.52
2026-06-13T08:56:00,PCI_7,3,721410628.0,41216988.0,950,19,756,15,12,11,52.0,38.0,22.31,23.72
2026-06-13T08:56:00,PCI_8,2,380550675.0,36714107.0,1049,14,689,14,11,8,54.0,43.0,14.06,24.48
2026-06-13T08:56:00,PCI_9,2,43047807.0,19771614.0,1156,17,829,19,12,12,53.0,44.0,22.37,12.63
2026-06-13T08:56:00,PCI_10,2,39614784.0,23087754.0,1039,34,674,27,10,10,48.0,41.0,20.39,9.44
2026-06-13T08:56:00,PCI_11,2,36109544.0,19390126.0,1175,12,823,15,10,15,47.0,42.0,6.6,20.64
2026-06-13T08:56:00,PCI_12,3,41058385.0,21601368.0,1034,28,906,8,14,8,52.0,30.0,17.88,25.33
2026-06-13T08:56:00,PCI_13,3,37904574.0,25798221.0,896,9,850,7,12,9,51.0,40.0,6.76,14.14
2026-06-13T08:56:00,PCI_14,3,38086852.0,22593734.0,914,11,799,11,14,11,51.0,44.0,19.38,15.29
2026-06-13T08:56:00,PCI_15,2,43215931.0,18097735.0,919,22,780,7,11,10,56.0,31.0,5.64,17.02
2026-06-13T08:56:00,PCI_16,2,45001658.0,18515608.0,1035,20,968,16,10,15,52.0,40.0,19.29,24.24
2026-06-13T08:57:00,PCI_1,2,668896482.0,40859808.0,1068,31,921,18,8,13,52.0,36.0,12.53,20.96
2026-06-13T08:57:00,PCI_2,2,670913391.0,35830288.0,1126,9,843,28,9,15,55.0,49.0,5.29,22.82
2026-06-13T08:57:00,PCI_3,2,547214204.0,43005198.0,986,19,955,9,14,8,51.0,49.0,19.18,19.84
2026-06-13T08:57:00,PCI_4,2,714509498.0,38862256.0,1020,14,970,24,13,9,54.0,43.0,22.74,8.99
2026-06-13T08:57:00,PCI_5,3,754842081.0,38649548.0,1130,9,896,12,13,15,49.0,44.0,19.62,26.48
2026-06-13T08:57:00,PCI_6,2,515228082.0,35534128.0,948,36,858,12,12,15,49.0,43.0,23.89,18.74
2026-06-13T08:57:00,PCI_7,2,451906240.0,40330483.0,1029,8,757,15,14,13,54.0,46.0,21.34,15.75
2026-06-13T08:57:00,PCI_8,2,676726561.0,39676747.0,976,28,938,20,15,13,41.0,43.0,15.27,23.36
2026-06-13T08:57:00,PCI_9,4,37208400.0,21485089.0,923,28,849,29,15,8,55.0,33.0,8.49,18.09
2026-06-13T08:57:00,PCI_10,2,37399508.0,24927510.0,907,38,882,20,10,9,55.0,51.0,21.36,16.18
2026-06-13T08:57:00,PCI_11,3,46814427.0,19539227.0,1131,14,790,17,12,13,57.0,39.0,21.27,23.59
2026-06-13T08:57:00,PCI_12,3,39614342.0,22253292.0,977,31,824,5,8,8,51.0,46.0,21.1,17.03
2026-06-13T08:57:00,PCI_13,2,40355646.0,26898279.0,1007,9,845,13,15,13,50.0,36.0,13.08,10.41
2026-06-13T08:57:00,PCI_14,3,40103699.0,17513487.0,1025,36,910,27,8,9,52.0,53.0,11.74,17.8
2026-06-13T08:57:00,PCI_15,2,42947214.0,13957497.0,1166,16,830,15,12,13,52.0,38.0,12.56,21.22
2026-06-13T08:57:00,PCI_16,2,34027488.0,17921718.0,935,20,827,3,9,11,50.0,39.0,8.18,27.11
2026-06-13T08:58:00,PCI_1,2,754421923.0,38964025.0,1064,5,871,8,12,15,62.0,39.0,24.5,26.2
2026-06-13T08:58:00,PCI_2,3,679289691.0,48488165.0,1155,32,735,20,14,9,48.0,41.0,22.56,21.78
2026-06-13T08:58:00,PCI_3,2,605315471.0,44748978.0,894,10,867,17,13,14,58.0,40.0,10.72,27.14
2026-06-13T08:58:00,PCI_4,2,619845102.0,46305153.0,1120,8,820,18,14,10,52.0,38.0,21.57,16.96
2026-06-13T08:58:00,PCI_5,2,610052167.0,34942180.0,1042,9,835,16,15,13,54.0,39.0,20.01,14.16
2026-06-13T08:58:00,PCI_6,2,661962399.0,49214626.0,1004,12,703,18,15,8,53.0,49.0,14.85,15.66
2026-06-13T08:58:00,PCI_7,2,767175855.0,44417376.0,882,35,801,3,12,15,42.0,35.0,8.7,21.37
2026-06-13T08:58:00,PCI_8,2,695660172.0,37905860.0,1023,17,827,14,12,9,47.0,43.0,13.58,22.88
2026-06-13T08:58:00,PCI_9,3,45352866.0,20657380.0,1126,32,887,14,8,14,50.0,45.0,6.77,8.1
2026-06-13T08:58:00,PCI_10,2,42745906.0,18885409.0,1048,34,919,28,15,14,46.0,40.0,19.05,11.64
2026-06-13T08:58:00,PCI_11,2,38010971.0,19055635.0,1120,16,829,25,12,12,49.0,35.0,10.0,10.21
2026-06-13T08:58:00,PCI_12,2,38579034.0,23496340.0,1125,13,742,29,15,8,54.0,40.0,14.09,12.7
2026-06-13T08:58:00,PCI_13,1,51121305.0,17674481.0,1148,7,733,27,8,12,57.0,36.0,9.75,17.37
2026-06-13T08:58:00,PCI_14,3,45186961.0,17342167.0,1044,32,913,15,15,12,51.0,41.0,9.52,12.82
2026-06-13T08:58:00,PCI_15,3,38287541.0,21418461.0,1052,18,892,17,15,9,50.0,42.0,6.03,24.21
2026-06-13T08:58:00,PCI_16,2,40990329.0,20502996.0,1028,27,885,20,13,15,54.0,37.0,10.96,26.63
2026-06-13T08:59:00,PCI_1,3,663839476.0,45024476.0,975,35,694,29,8,9,59.0,48.0,14.49,14.92
2026-06-13T08:59:00,PCI_2,2,650970200.0,46970300.0,1123,8,884,7,12,14,51.0,42.0,7.0,15.9
2026-06-13T08:59:00,PCI_3,2,694028448.0,42411181.0,1049,39,679,23,8,9,52.0,34.0,6.18,25.7
2026-06-13T08:59:00,PCI_4,3,617007832.0,37331796.0,1098,20,719,26,13,11,51.0,45.0,13.26,18.77
2026-06-13T08:59:00,PCI_5,2,580019154.0,45362809.0,951,35,700,13,14,11,43.0,45.0,11.11,13.58
2026-06-13T08:59:00,PCI_6,4,500288908.0,43943107.0,1172,19,740,20,10,15,55.0,34.0,20.11,8.02
2026-06-13T08:59:00,PCI_7,2,735360399.0,46688508.0,1025,35,775,19,9,15,50.0,39.0,18.99,21.63
2026-06-13T08:59:00,PCI_8,3,638562664.0,42425177.0,995,23,856,23,12,9,48.0,43.0,23.67,23.93
2026-06-13T08:59:00,PCI_9,2,40920553.0,20459942.0,1136,23,766,19,10,14,54.0,43.0,5.04,23.16
2026-06-13T08:59:00,PCI_10,2,41902781.0,18669891.0,971,18,738,14,8,13,51.0,37.0,11.84,24.08
2026-06-13T08:59:00,PCI_11,1,52597811.0,17917976.0,1071,29,807,24,10,13,50.0,43.0,22.58,23.15
2026-06-13T08:59:00,PCI_12,2,35594375.0,18044838.0,1166,12,866,4,8,12,50.0,41.0,23.48,9.25
2026-06-13T08:59:00,PCI_13,2,44000535.0,24100055.0,999,37,783,18,11,15,49.0,34.0,5.84,20.52
2026-06-13T08:59:00,PCI_14,2,36698933.0,18162092.0,920,14,712,16,11,13,45.0,39.0,12.42,23.46
2026-06-13T08:59:00,PCI_15,2,36036862.0,21463405.0,875,33,731,25,15,15,45.0,42.0,21.53,22.57
2026-06-13T08:59:00,PCI_16,2,39153281.0,19697320.0,1153,32,772,28,9,9,56.0,42.0,23.43,22.94
2026-06-13T09:00:00,PCI_1,2,524182354.0,50968849.0,921,6,770,17,14,12,47.0,42.0,14.42,23.79
2026-06-13T09:00:00,PCI_2,2,667111627.0,43230541.0,993,29,966,24,12,15,54.0,37.0,11.14,21.7
2026-06-13T09:00:00,PCI_3,2,691301496.0,39894606.0,1061,21,968,26,14,15,56.0,43.0,19.25,24.36
2026-06-13T09:00:00,PCI_4,3,637963523.0,39612459.0,974,7,817,17,9,12,50.0,48.0,12.36,20.46
2026-06-13T09:00:00,PCI_5,3,737722206.0,52405597.0,1125,22,721,10,8,10,54.0,39.0,16.25,8.93
2026-06-13T09:00:00,PCI_6,2,673274305.0,40364427.0,1027,18,742,19,14,8,58.0,41.0,15.6,16.28
2026-06-13T09:00:00,PCI_7,3,691504435.0,45679125.0,874,26,803,11,8,14,52.0,41.0,5.61,24.6
2026-06-13T09:00:00,PCI_8,2,710762607.0,45238855.0,954,23,726,23,9,9,52.0,44.0,17.98,23.44
2026-06-13T09:00:00,PCI_9,2,35704927.0,20930246.0,1080,10,700,22,11,10,49.0,39.0,14.04,12.52
2026-06-13T09:00:00,PCI_10,3,50791102.0,16965566.0,1015,39,744,8,10,10,41.0,40.0,20.06,26.22
2026-06-13T09:00:00,PCI_11,2,42624256.0,21499702.0,1087,24,795,27,13,10,58.0,47.0,8.56,15.41
2026-06-13T09:00:00,PCI_12,4,39722101.0,17905359.0,1050,19,769,18,13,15,49.0,44.0,6.42,13.64
2026-06-13T09:00:00,PCI_13,2,42181385.0,24611026.0,1110,14,837,29,12,13,52.0,47.0,10.33,14.36
2026-06-13T09:00:00,PCI_14,3,38944496.0,23802843.0,968,12,734,23,12,9,47.0,42.0,7.39,17.7
2026-06-13T09:00:00,PCI_15,3,47539183.0,22077488.0,986,11,793,16,11,11,55.0,48.0,22.96,26.51
2026-06-13T09:00:00,PCI_16,2,43951816.0,20407921.0,933,39,900,22,15,9,45.0,36.0,20.86,9.31
2026-06-13T09:01:00,PCI_1,3,586298424.0,41377551.0,1026,37,895,25,15,10,51.0,38.0,18.59,23.55
2026-06-13T09:01:00,PCI_2,3,633244993.0,43434131.0,889,31,939,16,14,14,55.0,50.0,10.4,12.71
2026-06-13T09:01:00,PCI_3,3,697087380.0,42947890.0,1112,9,748,10,14,8,58.0,47.0,24.51,15.13
2026-06-13T09:01:00,PCI_4,2,532251631.0,51659741.0,1132,25,767,4,12,12,52.0,40.0,21.37,24.85
2026-06-13T09:01:00,PCI_5,2,700770668.0,44258352.0,914,29,719,9,9,8,54.0,43.0,8.63,19.77
2026-06-13T09:01:00,PCI_6,4,625667101.0,31969233.0,948,17,774,13,14,12,47.0,39.0,5.22,27.51
2026-06-13T09:01:00,PCI_7,3,611849669.0,41233723.0,1158,10,871,27,15,14,46.0,38.0,24.85,24.59
2026-06-13T09:01:00,PCI_8,2,536644898.0,37978998.0,941,28,803,28,10,15,57.0,37.0,9.43,23.85
2026-06-13T09:01:00,PCI_9,2,47199166.0,20072767.0,1012,21,886,3,11,11,51.0,41.0,24.01,19.22
2026-06-13T09:01:00,PCI_10,3,44592227.0,20527427.0,875,32,909,17,10,13,54.0,33.0,24.3,25.39
2026-06-13T09:01:00,PCI_11,3,43358130.0,20704927.0,1094,27,914,15,11,8,47.0,42.0,23.44,17.81
2026-06-13T09:01:00,PCI_12,1,33447545.0,20247701.0,1083,20,747,13,10,11,49.0,40.0,10.31,16.47
2026-06-13T09:01:00,PCI_13,3,48667777.0,15939614.0,872,31,768,5,10,8,54.0,44.0,8.25,20.96
2026-06-13T09:01:00,PCI_14,3,52695973.0,23096391.0,964,13,856,17,12,10,52.0,44.0,18.66,24.64
2026-06-13T09:01:00,PCI_15,2,44387753.0,22204451.0,1107,11,771,5,14,12,53.0,32.0,12.85,9.8
2026-06-13T09:01:00,PCI_16,3,35323209.0,22998837.0,1124,12,971,23,10,8,49.0,43.0,20.5,12.89
2026-06-13T09:02:00,PCI_1,3,745527853.0,46255640.0,904,6,705,22,8,12,56.0,49.0,10.93,12.51
2026-06-13T09:02:00,PCI_2,3,583551977.0,37197664.0,1117,33,901,20,14,10,57.0,45.0,18.97,8.92
2026-06-13T09:02:00,PCI_3,3,581722852.0,42156315.0,1063,18,760,18,12,14,50.0,46.0,12.73,23.34
2026-06-13T09:02:00,PCI_4,2,697731308.0,41631677.0,939,30,882,29,9,12,53.0,43.0,12.97,26.32
2026-06-13T09:02:00,PCI_5,3,590931738.0,47636317.0,1156,35,903,4,8,15,50.0,44.0,11.06,12.7
2026-06-13T09:02:00,PCI_6,2,648588549.0,42148591.0,1022,9,889,21,15,10,60.0,41.0,12.96,15.62
2026-06-13T09:02:00,PCI_7,3,769424603.0,45219124.0,960,38,858,18,15,13,46.0,37.0,14.67,14.65
2026-06-13T09:02:00,PCI_8,3,700951883.0,41487186.0,1150,7,707,16,13,8,53.0,47.0,21.23,27.73
2026-06-13T09:02:00,PCI_9,3,39799467.0,19820440.0,1006,10,921,28,9,13,45.0,42.0,24.55,15.16
2026-06-13T09:02:00,PCI_10,2,44788642.0,20154152.0,964,17,943,5,15,13,58.0,51.0,11.06,10.19
2026-06-13T09:02:00,PCI_11,3,46270421.0,21878131.0,898,38,847,27,8,12,55.0,41.0,10.09,22.38
2026-06-13T09:02:00,PCI_12,3,48414818.0,22910477.0,1030,10,751,4,11,12,55.0,33.0,12.79,13.56
2026-06-13T09:02:00,PCI_13,2,42449627.0,16908070.0,1134,12,947,7,15,11,46.0,43.0,17.47,16.79
2026-06-13T09:02:00,PCI_14,3,40738444.0,20232289.0,940,36,709,23,8,13,53.0,40.0,12.32,13.18
2026-06-13T09:02:00,PCI_15,3,39315304.0,19604892.0,1109,39,735,22,9,15,50.0,34.0,23.26,25.43
2026-06-13T09:02:00,PCI_16,3,49061532.0,24212481.0,1002,5,936,27,12,8,54.0,40.0,21.34,18.51
2026-06-13T09:03:00,PCI_1,2,772819073.0,42027748.0,896,29,834,6,12,13,51.0,52.0,22.68,14.24
2026-06-13T09:03:00,PCI_2,3,738117484.0,43398439.0,1063,19,941,29,8,10,54.0,43.0,5.0,15.53
2026-06-13T09:03:00,PCI_3,3,547947905.0,60242382.0,1137,36,791,10,9,12,54.0,45.0,13.03,9.8
2026-06-13T09:03:00,PCI_4,2,600491032.0,35561527.0,1082,38,970,27,10,11,49.0,38.0,15.67,23.2
2026-06-13T09:03:00,PCI_5,2,680757752.0,46758723.0,996,16,950,15,14,13,56.0,52.0,18.36,20.31
2026-06-13T09:03:00,PCI_6,3,635369903.0,57130757.0,928,13,951,27,11,9,52.0,37.0,16.82,9.5
2026-06-13T09:03:00,PCI_7,3,660918917.0,41107433.0,971,32,816,6,12,11,50.0,35.0,19.07,10.33
2026-06-13T09:03:00,PCI_8,3,701308495.0,41601932.0,1005,39,699,26,14,12,50.0,38.0,22.38,15.28
2026-06-13T09:03:00,PCI_9,2,40137219.0,23563048.0,1171,5,917,25,14,13,54.0,42.0,24.03,15.85
2026-06-13T09:03:00,PCI_10,3,52590022.0,27406754.0,1021,5,699,6,9,14,52.0,45.0,18.48,19.46
2026-06-13T09:03:00,PCI_11,3,41218743.0,23628349.0,1089,6,777,14,8,9,50.0,45.0,17.19,11.66
2026-06-13T09:03:00,PCI_12,2,40084298.0,25126959.0,1026,29,850,16,8,10,56.0,39.0,9.67,15.26
2026-06-13T09:03:00,PCI_13,3,56473571.0,22859621.0,919,20,733,15,9,9,51.0,41.0,14.39,25.62
2026-06-13T09:03:00,PCI_14,2,44626759.0,22631400.0,960,15,823,5,12,9,55.0,41.0,20.34,19.35
2026-06-13T09:03:00,PCI_15,2,41635019.0,20762395.0,1121,33,708,10,12,13,51.0,36.0,21.82,24.78
2026-06-13T09:03:00,PCI_16,2,39999801.0,23864538.0,949,8,750,25,10,13,58.0,42.0,23.51,27.48
2026-06-13T09:04:00,PCI_1,3,615300175.0,37140644.0,905,12,734,29,10,14,58.0,45.0,11.19,9.48
2026-06-13T09:04:00,PCI_2,3,662315680.0,48511752.0,926,16,865,24,8,8,51.0,40.0,19.86,9.78
2026-06-13T09:04:00,PCI_3,2,746619685.0,47257003.0,1174,9,753,8,10,10,47.0,46.0,22.34,21.88
2026-06-13T09:04:00,PCI_4,3,650662398.0,45962996.0,1035,12,894,6,15,13,59.0,44.0,10.28,22.62
2026-06-13T09:04:00,PCI_5,2,602701744.0,39920055.0,892,21,746,9,11,14,54.0,44.0,22.98,24.58
2026-06-13T09:04:00,PCI_6,3,748512605.0,43934353.0,865,38,977,5,14,11,52.0,44.0,6.02,24.46
2026-06-13T09:04:00,PCI_7,3,671804496.0,46299346.0,1101,9,914,8,13,9,57.0,45.0,24.44,27.36
2026-06-13T09:04:00,PCI_8,2,731687053.0,35941916.0,892,11,698,21,9,12,50.0,42.0,14.32,22.91
2026-06-13T09:04:00,PCI_9,2,46761138.0,21686381.0,953,23,786,16,15,10,52.0,42.0,6.48,27.34
2026-06-13T09:04:00,PCI_10,3,44194640.0,22310327.0,982,21,718,12,10,8,56.0,48.0,20.02,21.99
2026-06-13T09:04:00,PCI_11,3,54165920.0,22451885.0,1114,10,921,12,14,13,53.0,42.0,9.32,19.78
2026-06-13T09:04:00,PCI_12,2,39429663.0,23109347.0,1168,9,730,24,9,10,60.0,39.0,14.52,12.79
2026-06-13T09:04:00,PCI_13,3,38921654.0,18944960.0,1146,38,745,18,12,15,51.0,43.0,11.01,15.13
2026-06-13T09:04:00,PCI_14,3,52940003.0,24869470.0,902,8,847,21,14,9,48.0,44.0,6.1,23.43
2026-06-13T09:04:00,PCI_15,4,36709252.0,23056090.0,994,28,894,13,12,11,62.0,41.0,24.87,27.96
2026-06-13T09:04:00,PCI_16,2,42908268.0,24427167.0,891,18,773,8,13,11,52.0,44.0,9.1,21.46
2026-06-13T09:05:00,PCI_1,2,504771839.0,38247736.0,876,27,817,6,14,13,54.0,49.0,19.32,15.72
2026-06-13T09:05:00,PCI_2,3,571985365.0,39026699.0,1018,24,791,26,10,12,53.0,46.0,11.21,16.35
2026-06-13T09:05:00,PCI_3,3,579575653.0,39015306.0,1139,9,784,3,10,15,57.0,44.0,24.43,16.89
2026-06-13T09:05:00,PCI_4,1,565172435.0,43937292.0,954,24,686,29,13,12,51.0,44.0,17.93,9.59
2026-06-13T09:05:00,PCI_5,4,604519719.0,45157554.0,980,27,917,14,11,12,48.0,40.0,6.94,12.71
2026-06-13T09:05:00,PCI_6,2,594581712.0,47342957.0,1013,13,916,3,12,12,55.0,49.0,12.85,18.3
2026-06-13T09:05:00,PCI_7,3,682103335.0,46144603.0,1102,31,879,6,12,15,55.0,42.0,17.87,11.77
2026-06-13T09:05:00,PCI_8,3,650238930.0,44429272.0,1005,33,785,7,8,15,50.0,44.0,9.4,21.13
2026-06-13T09:05:00,PCI_9,2,43775705.0,21565711.0,944,17,922,4,14,13,56.0,40.0,8.36,24.93
2026-06-13T09:05:00,PCI_10,3,42582876.0,24175327.0,1040,35,926,12,14,14,53.0,38.0,24.1,8.78
2026-06-13T09:05:00,PCI_11,3,44879460.0,20858698.0,928,13,878,24,10,9,56.0,36.0,6.69,15.04
2026-06-13T09:05:00,PCI_12,3,43086113.0,21845650.0,930,15,804,5,8,8,52.0,48.0,14.34,8.31
2026-06-13T09:05:00,PCI_13,2,39369733.0,25407558.0,1165,18,990,6,13,14,55.0,35.0,10.79,8.23
2026-06-13T09:05:00,PCI_14,3,48474360.0,23325232.0,885,18,817,15,13,10,56.0,40.0,22.86,14.45
2026-06-13T09:05:00,PCI_15,2,41245780.0,25548337.0,1172,18,914,24,13,9,56.0,44.0,17.78,22.87
2026-06-13T09:05:00,PCI_16,2,48192918.0,25045682.0,980,24,969,11,9,8,53.0,41.0,17.88,9.85
2026-06-13T09:06:00,PCI_1,3,696117409.0,40250473.0,1008,28,897,12,10,15,52.0,47.0,14.79,22.02
2026-06-13T09:06:00,PCI_2,1,712249031.0,39896191.0,901,12,677,28,9,11,55.0,40.0,9.21,27.36
2026-06-13T09:06:00,PCI_3,3,621447716.0,42580707.0,946,24,722,18,11,12,53.0,42.0,11.93,10.04
2026-06-13T09:06:00,PCI_4,3,675581302.0,45744048.0,1028,5,696,26,14,9,57.0,42.0,10.85,14.4
2026-06-13T09:06:00,PCI_5,3,823800436.0,43181789.0,895,12,990,7,15,13,51.0,42.0,15.79,9.47
2026-06-13T09:06:00,PCI_6,3,550940538.0,41876508.0,1140,16,873,15,12,13,52.0,40.0,23.0,14.86
2026-06-13T09:06:00,PCI_7,2,734755137.0,35501118.0,1119,29,791,5,15,13,57.0,41.0,7.99,18.16
2026-06-13T09:06:00,PCI_8,2,687914192.0,41973608.0,932,18,764,5,11,14,52.0,48.0,7.27,12.27
2026-06-13T09:06:00,PCI_9,3,41137483.0,20800601.0,964,33,788,26,15,12,53.0,39.0,21.8,13.89
2026-06-13T09:06:00,PCI_10,3,45795716.0,22419959.0,1010,31,756,14,11,11,47.0,46.0,6.18,15.9
2026-06-13T09:06:00,PCI_11,2,43673950.0,22579533.0,1170,10,957,9,8,13,52.0,49.0,21.98,11.93
2026-06-13T09:06:00,PCI_12,2,42582279.0,23310111.0,980,24,794,4,15,9,57.0,51.0,10.53,10.47
2026-06-13T09:06:00,PCI_13,3,41203869.0,23696809.0,1003,22,809,16,14,14,57.0,42.0,11.51,11.42
2026-06-13T09:06:00,PCI_14,2,42276021.0,20546800.0,877,28,742,22,11,13,51.0,42.0,12.65,9.25
2026-06-13T09:06:00,PCI_15,3,44707636.0,23391601.0,939,31,772,13,13,15,57.0,44.0,11.44,16.8
2026-06-13T09:06:00,PCI_16,3,41141719.0,24689455.0,1143,19,721,9,9,11,55.0,38.0,19.19,11.17
2026-06-13T09:07:00,PCI_1,3,562642165.0,51502520.0,1125,30,731,14,11,14,58.0,43.0,21.5,14.03
2026-06-13T09:07:00,PCI_2,3,582200232.0,46174078.0,1142,26,927,17,14,11,56.0,48.0,23.02,19.03
2026-06-13T09:07:00,PCI_3,3,707917704.0,45231826.0,1005,21,801,12,14,11,50.0,40.0,23.36,13.81
2026-06-13T09:07:00,PCI_4,3,753045979.0,34489455.0,994,34,685,23,10,9,53.0,43.0,14.82,18.18
2026-06-13T09:07:00,PCI_5,3,694705481.0,41294102.0,1144,37,810,12,12,12,60.0,39.0,15.39,13.2
2026-06-13T09:07:00,PCI_6,3,743894412.0,47910901.0,1006,16,938,29,13,12,59.0,47.0,16.41,13.97
2026-06-13T09:07:00,PCI_7,3,786956265.0,45714568.0,1162,24,815,5,13,13,51.0,41.0,8.85,16.28
2026-06-13T09:07:00,PCI_8,3,722873432.0,43434803.0,1065,8,738,20,9,10,45.0,42.0,9.4,27.61
2026-06-13T09:07:00,PCI_9,3,49892540.0,18914046.0,916,5,848,11,10,14,56.0,41.0,11.61,15.71
2026-06-13T09:07:00,PCI_10,2,48599799.0,26894288.0,931,33,865,10,10,10,54.0,45.0,17.02,16.47
2026-06-13T09:07:00,PCI_11,3,60270072.0,23065526.0,1149,23,926,16,15,14,46.0,43.0,14.81,19.94
2026-06-13T09:07:00,PCI_12,2,45273182.0,32904017.0,919,19,749,20,9,15,47.0,50.0,9.03,18.14
2026-06-13T09:07:00,PCI_13,3,38880814.0,23396125.0,974,22,956,22,15,13,53.0,41.0,21.35,27.92
2026-06-13T09:07:00,PCI_14,2,49227260.0,22008107.0,1175,7,703,21,14,11,50.0,44.0,5.53,9.23
2026-06-13T09:07:00,PCI_15,3,38913426.0,21959251.0,933,30,816,28,9,14,58.0,39.0,10.01,14.09
2026-06-13T09:07:00,PCI_16,3,44740194.0,25043608.0,999,28,750,4,12,10,60.0,46.0,21.07,19.09
2026-06-13T09:08:00,PCI_1,3,601967622.0,42717348.0,945,39,882,17,8,15,50.0,43.0,7.79,10.88
2026-06-13T09:08:00,PCI_2,3,697744327.0,43457509.0,1118,35,920,22,8,12,55.0,43.0,16.75,19.0
2026-06-13T09:08:00,PCI_3,3,758090889.0,54041745.0,1076,38,751,8,15,10,59.0,41.0,22.28,15.06
2026-06-13T09:08:00,PCI_4,4,712586223.0,43212463.0,1137,5,955,9,10,8,51.0,44.0,8.78,13.21
2026-06-13T09:08:00,PCI_5,2,623367896.0,50286280.0,1099,35,854,4,13,9,53.0,48.0,23.12,18.96
2026-06-13T09:08:00,PCI_6,3,654434672.0,41195022.0,1062,36,725,3,12,15,58.0,36.0,12.1,19.93
2026-06-13T09:08:00,PCI_7,2,664846320.0,48600873.0,1026,12,832,22,9,10,53.0,50.0,8.46,20.95
2026-06-13T09:08:00,PCI_8,2,507581010.0,55083841.0,965,29,758,16,10,11,53.0,47.0,19.85,19.11
2026-06-13T09:08:00,PCI_9,3,43887687.0,19290699.0,1154,23,783,22,11,14,54.0,45.0,9.42,22.65
2026-06-13T09:08:00,PCI_10,4,49854188.0,22283728.0,1021,13,917,19,13,8,58.0,47.0,23.6,21.26
2026-06-13T09:08:00,PCI_11,3,48019734.0,28048392.0,953,14,866,19,14,8,61.0,45.0,18.84,11.09
2026-06-13T09:08:00,PCI_12,3,51338310.0,28751911.0,947,18,847,6,11,13,56.0,45.0,9.12,25.15
2026-06-13T09:08:00,PCI_13,3,41022942.0,22022576.0,1048,6,937,29,8,8,53.0,48.0,14.93,17.29
2026-06-13T09:08:00,PCI_14,4,43678617.0,20488010.0,940,38,734,12,9,11,48.0,43.0,24.34,25.31
2026-06-13T09:08:00,PCI_15,2,45650888.0,21070636.0,979,34,790,7,14,15,53.0,42.0,16.92,13.57
2026-06-13T09:08:00,PCI_16,3,37146563.0,23714593.0,955,12,817,18,14,8,59.0,44.0,7.3,13.39
2026-06-13T09:09:00,PCI_1,2,635677045.0,46550625.0,965,23,940,14,15,9,56.0,42.0,22.52,11.6
2026-06-13T09:09:00,PCI_2,2,783675380.0,39497470.0,985,12,887,24,9,9,56.0,41.0,12.9,9.39
2026-06-13T09:09:00,PCI_3,2,744450980.0,40236754.0,998,11,729,6,8,8,49.0,44.0,22.76,14.82
2026-06-13T09:09:00,PCI_4,3,726357685.0,53303497.0,1098,16,725,10,15,12,55.0,44.0,19.73,9.62
2026-06-13T09:09:00,PCI_5,3,729042525.0,45189846.0,874,30,907,20,12,15,57.0,43.0,22.75,8.07
2026-06-13T09:09:00,PCI_6,3,693866914.0,49920190.0,1025,11,861,9,10,8,53.0,48.0,19.99,22.7
2026-06-13T09:09:00,PCI_7,2,807966544.0,50037885.0,1174,24,784,9,15,9,58.0,43.0,21.59,16.79
2026-06-13T09:09:00,PCI_8,3,674076883.0,47078763.0,916,5,764,15,10,14,53.0,43.0,11.09,22.04
2026-06-13T09:09:00,PCI_9,2,53125371.0,21101634.0,981,6,748,21,12,15,64.0,39.0,8.27,26.55
2026-06-13T09:09:00,PCI_10,4,48268896.0,26603262.0,1093,31,898,29,11,15,60.0,46.0,8.83,8.23
2026-06-13T09:09:00,PCI_11,3,34293808.0,23849086.0,936,30,728,29,12,11,63.0,45.0,14.29,16.52
2026-06-13T09:09:00,PCI_12,4,44035982.0,24920189.0,957,14,795,7,12,12,56.0,42.0,22.68,27.52
2026-06-13T09:09:00,PCI_13,2,39503857.0,23276564.0,1155,8,983,12,13,9,58.0,38.0,17.34,25.28
2026-06-13T09:09:00,PCI_14,3,45325493.0,23067737.0,1017,26,823,4,8,15,51.0,41.0,10.23,9.59
2026-06-13T09:09:00,PCI_15,3,42034628.0,24135406.0,996,24,733,20,13,12,54.0,42.0,22.6,15.94
2026-06-13T09:09:00,PCI_16,2,48891088.0,27596022.0,923,19,686,29,15,9,49.0,43.0,17.06,24.93
2026-06-13T09:10:00,PCI_1,3,626445111.0,40073947.0,1060,23,853,25,13,9,51.0,42.0,21.46,22.3
2026-06-13T09:10:00,PCI_2,3,579161693.0,40964207.0,1105,13,951,7,15,9,58.0,50.0,13.52,26.93
2026-06-13T09:10:00,PCI_3,3,696914099.0,43478730.0,1038,11,824,19,11,12,58.0,41.0,13.47,14.85
2026-06-13T09:10:00,PCI_4,3,638278248.0,43561244.0,1112,12,697,6,8,14,64.0,35.0,7.97,14.01
2026-06-13T09:10:00,PCI_5,3,777970376.0,46349874.0,1111,30,721,28,12,8,53.0,45.0,22.66,11.55
2026-06-13T09:10:00,PCI_6,3,635654348.0,45947934.0,1169,5,677,24,8,13,61.0,40.0,16.6,10.1
2026-06-13T09:10:00,PCI_7,3,769320153.0,44008435.0,1128,33,801,22,10,10,51.0,37.0,16.27,22.05
2026-06-13T09:10:00,PCI_8,3,751811084.0,45910780.0,1136,19,848,22,15,9,51.0,47.0,20.83,15.46
2026-06-13T09:10:00,PCI_9,3,41971029.0,21539140.0,1026,15,771,8,8,15,54.0,52.0,18.96,14.09
2026-06-13T09:10:00,PCI_10,3,38612701.0,26288485.0,1116,34,799,7,15,8,49.0,39.0,12.22,8.62
2026-06-13T09:10:00,PCI_11,2,52848790.0,24562026.0,1147,28,882,20,15,14,61.0,40.0,24.78,12.5
2026-06-13T09:10:00,PCI_12,3,46112626.0,21541698.0,1052,17,926,16,14,10,54.0,45.0,10.71,8.22
2026-06-13T09:10:00,PCI_13,3,44832150.0,23925803.0,1034,6,901,12,15,10,55.0,39.0,6.98,11.18
2026-06-13T09:10:00,PCI_14,3,52235634.0,21392463.0,1125,7,937,10,8,9,56.0,40.0,14.32,27.82
2026-06-13T09:10:00,PCI_15,2,50105147.0,24899583.0,898,25,826,28,10,9,48.0,40.0,23.61,13.96
2026-06-13T09:10:00,PCI_16,3,48359619.0,22707620.0,916,7,909,15,10,9,55.0,42.0,24.5,10.47
2026-06-13T09:11:00,PCI_1,3,641783449.0,45595929.0,1054,16,921,29,14,8,49.0,33.0,10.89,15.49
2026-06-13T09:11:00,PCI_2,3,778461354.0,53703468.0,1048,5,968,24,9,10,48.0,40.0,16.34,11.05
2026-06-13T09:11:00,PCI_3,2,660155628.0,41664144.0,1144,27,860,16,14,8,48.0,46.0,23.19,21.4
2026-06-13T09:11:00,PCI_4,4,687182861.0,47827784.0,928,16,964,14,14,9,52.0,48.0,12.72,13.45
2026-06-13T09:11:00,PCI_5,3,688799517.0,51012692.0,1013,27,720,28,13,11,55.0,36.0,15.04,19.7
2026-06-13T09:11:00,PCI_6,3,640208220.0,39192479.0,873,31,833,8,14,15,55.0,42.0,20.93,22.24
2026-06-13T09:11:00,PCI_7,2,660260166.0,41229289.0,910,11,702,22,15,8,54.0,51.0,6.43,11.86
2026-06-13T09:11:00,PCI_8,3,678426457.0,50568914.0,1151,35,873,18,8,15,62.0,46.0,21.24,21.15
2026-06-13T09:11:00,PCI_9,2,36393956.0,23048698.0,922,32,790,10,10,11,52.0,44.0,14.37,12.72
2026-06-13T09:11:00,PCI_10,3,45318533.0,25928102.0,1095,38,856,22,14,10,49.0,45.0,9.72,24.69
2026-06-13T09:11:00,PCI_11,2,46233470.0,24529425.0,1131,13,943,3,8,14,60.0,51.0,14.68,14.88
2026-06-13T09:11:00,PCI_12,2,53481291.0,20897367.0,968,26,813,11,9,11,64.0,43.0,20.56,16.02
2026-06-13T09:11:00,PCI_13,2,38905468.0,27912540.0,1161,8,800,25,14,13,54.0,42.0,17.55,14.63
2026-06-13T09:11:00,PCI_14,2,43410795.0,23164847.0,1139,21,742,14,14,11,51.0,44.0,7.2,24.05
2026-06-13T09:11:00,PCI_15,2,48916384.0,26386174.0,1036,36,901,26,15,12,60.0,37.0,14.88,21.99
2026-06-13T09:11:00,PCI_16,2,38177401.0,24399011.0,932,11,944,19,13,8,58.0,39.0,22.17,25.54
2026-06-13T09:12:00,PCI_1,3,599952920.0,37507178.0,896,9,910,19,13,14,55.0,44.0,16.34,13.41
2026-06-13T09:12:00,PCI_2,3,777911525.0,43171770.0,1045,28,799,4,11,12,50.0,44.0,19.74,13.7
2026-06-13T09:12:00,PCI_3,2,694325012.0,45687326.0,869,35,720,4,8,9,56.0,46.0,20.42,25.31
2026-06-13T09:12:00,PCI_4,2,671144745.0,40696520.0,991,10,928,4,12,8,57.0,49.0,21.33,16.5
2026-06-13T09:12:00,PCI_5,3,581316024.0,50162065.0,953,26,921,7,10,10,53.0,46.0,7.61,13.41
2026-06-13T09:12:00,PCI_6,2,638913962.0,53456797.0,1010,7,697,9,10,14,49.0,39.0,20.45,24.05
2026-06-13T09:12:00,PCI_7,2,699730381.0,50200059.0,1058,19,842,15,12,9,54.0,47.0,22.59,11.84
2026-06-13T09:12:00,PCI_8,2,640205875.0,50529664.0,1043,17,845,26,14,15,60.0,44.0,12.95,13.69
2026-06-13T09:12:00,PCI_9,3,46592513.0,26807678.0,1148,13,758,21,15,15,57.0,45.0,11.11,26.49
2026-06-13T09:12:00,PCI_10,3,45583206.0,22403735.0,1153,26,837,20,12,15,56.0,42.0,12.08,13.2
2026-06-13T09:12:00,PCI_11,3,47428877.0,22614113.0,1035,39,940,26,14,10,57.0,46.0,5.4,17.78
2026-06-13T09:12:00,PCI_12,3,45185059.0,26812919.0,1139,29,815,15,12,10,54.0,45.0,17.31,14.39
2026-06-13T09:12:00,PCI_13,3,45712392.0,23465559.0,1172,24,894,26,10,13,64.0,55.0,5.33,22.41
2026-06-13T09:12:00,PCI_14,2,42674062.0,23181525.0,1171,20,831,5,15,8,57.0,47.0,22.4,11.07
2026-06-13T09:12:00,PCI_15,3,54231238.0,23256388.0,1091,20,788,11,14,13,51.0,44.0,12.84,9.77
2026-06-13T09:12:00,PCI_16,2,47001020.0,25113268.0,1049,24,698,3,15,10,45.0,48.0,20.48,24.98
2026-06-13T09:13:00,PCI_1,3,647427511.0,48361866.0,1099,7,824,25,11,9,55.0,46.0,6.41,10.04
2026-06-13T09:13:00,PCI_2,2,601998046.0,43094061.0,1038,15,773,12,8,10,53.0,45.0,12.71,9.34
2026-06-13T09:13:00,PCI_3,3,726891551.0,46912116.0,972,8,722,11,11,10,53.0,40.0,12.2,21.97
2026-06-13T09:13:00,PCI_4,3,617226567.0,42281565.0,909,13,983,8,13,13,57.0,39.0,12.54,14.54
2026-06-13T09:13:00,PCI_5,3,600474849.0,49868136.0,888,12,699,25,13,13,55.0,47.0,21.17,19.71
2026-06-13T09:13:00,PCI_6,3,673059650.0,46222419.0,876,28,873,20,9,13,58.0,46.0,17.06,27.61
2026-06-13T09:13:00,PCI_7,3,655682231.0,39226327.0,1022,23,784,8,12,8,55.0,43.0,14.66,9.95
2026-06-13T09:13:00,PCI_8,2,748082715.0,44336154.0,1146,10,742,3,14,13,57.0,46.0,23.65,13.33
2026-06-13T09:13:00,PCI_9,3,47116039.0,25645446.0,1042,28,956,5,14,13,56.0,46.0,13.65,24.62
2026-06-13T09:13:00,PCI_10,3,53642292.0,23390466.0,1083,22,730,13,14,12,59.0,44.0,15.49,12.54
2026-06-13T09:13:00,PCI_11,2,49193474.0,25924342.0,891,27,824,19,9,12,53.0,45.0,22.04,18.68
2026-06-13T09:13:00,PCI_12,3,37615529.0,22123768.0,1126,31,701,8,8,8,50.0,41.0,11.76,15.0
2026-06-13T09:13:00,PCI_13,3,44763919.0,24175932.0,1136,38,903,20,15,9,53.0,45.0,24.28,18.78
2026-06-13T09:13:00,PCI_14,3,53560605.0,23679422.0,997,22,850,3,15,8,58.0,47.0,16.51,18.33
2026-06-13T09:13:00,PCI_15,2,48363909.0,26814694.0,1113,37,884,21,13,9,51.0,48.0,22.89,25.86
2026-06-13T09:13:00,PCI_16,3,51459861.0,24728916.0,1176,5,765,21,10,12,52.0,39.0,8.67,17.21
2026-06-13T09:14:00,PCI_1,3,844303330.0,47130402.0,1183,7,725,28,8,8,56.0,50.0,10.7,25.13
2026-06-13T09:14:00,PCI_2,2,646048170.0,46636239.0,1019,24,750,9,13,12,66.0,45.0,14.93,13.97
2026-06-13T09:14:00,PCI_3,2,687128555.0,37263536.0,1051,33,717,14,10,9,55.0,43.0,15.12,16.26
2026-06-13T09:14:00,PCI_4,3,866552662.0,50704076.0,1103,19,692,29,12,10,48.0,51.0,16.52,8.88
2026-06-13T09:14:00,PCI_5,2,653741017.0,54614513.0,1029,14,774,22,13,15,60.0,47.0,5.48,12.56
2026-06-13T09:14:00,PCI_6,3,708183527.0,38254817.0,900,20,687,21,14,12,58.0,48.0,20.16,20.82
2026-06-13T09:14:00,PCI_7,2,672179252.0,46726867.0,1138,11,731,18,15,8,59.0,45.0,24.39,20.62
2026-06-13T09:14:00,PCI_8,3,650758068.0,52221569.0,1034,10,805,15,11,10,61.0,46.0,21.16,19.2
2026-06-13T09:14:00,PCI_9,3,46327156.0,23848393.0,997,16,762,19,14,8,55.0,48.0,23.69,15.92
2026-06-13T09:14:00,PCI_10,4,47215627.0,25407675.0,1075,24,838,29,10,11,56.0,47.0,18.99,15.68
2026-06-13T09:14:00,PCI_11,3,48754248.0,20105645.0,1141,36,834,16,14,13,60.0,42.0,10.59,24.43
2026-06-13T09:14:00,PCI_12,3,48237675.0,24048818.0,1189,6,923,27,14,13,54.0,43.0,15.54,12.66
2026-06-13T09:14:00,PCI_13,3,47136391.0,26685476.0,1014,24,964,10,12,9,53.0,42.0,22.85,11.78
2026-06-13T09:14:00,PCI_14,2,41654335.0,24210002.0,1110,37,850,29,14,9,50.0,47.0,5.15,17.78
2026-06-13T09:14:00,PCI_15,2,52217592.0,25708197.0,1005,18,737,26,9,13,55.0,50.0,20.89,8.22
2026-06-13T09:14:00,PCI_16,4,43635865.0,24573854.0,954,5,899,4,11,14,61.0,41.0,5.54,20.2
2026-06-13T09:15:00,PCI_1,2,816754456.0,50476466.0,1157,20,854,21,8,13,61.0,46.0,17.7,25.56
2026-06-13T09:15:00,PCI_2,3,914580041.0,39439307.0,1114,21,957,27,9,9,57.0,36.0,8.98,20.59
2026-06-13T09:15:00,PCI_3,3,732073453.0,45827340.0,970,8,968,21,12,12,60.0,38.0,10.99,14.79
2026-06-13T09:15:00,PCI_4,2,620757795.0,50083993.0,963,19,829,20,13,12,58.0,44.0,21.26,14.25
2026-06-13T09:15:00,PCI_5,2,731982013.0,52138677.0,1114,10,933,8,9,10,48.0,39.0,22.74,27.32
2026-06-13T09:15:00,PCI_6,2,770171948.0,51920746.0,1056,20,793,19,9,10,63.0,45.0,16.65,15.7
2026-06-13T09:15:00,PCI_7,2,667361792.0,43229305.0,1191,7,920,11,8,15,60.0,47.0,6.44,14.83
2026-06-13T09:15:00,PCI_8,2,748505758.0,52958007.0,914,36,732,18,13,15,54.0,39.0,19.74,17.37
2026-06-13T09:15:00,PCI_9,3,51271116.0,28318018.0,1070,22,965,15,13,10,55.0,42.0,17.78,8.01
2026-06-13T09:15:00,PCI_10,3,45007345.0,25622869.0,903,25,820,25,8,15,51.0,42.0,8.88,15.05
2026-06-13T09:15:00,PCI_11,2,50514429.0,25185785.0,1068,17,786,26,11,13,50.0,35.0,7.9,21.29
2026-06-13T09:15:00,PCI_12,4,39059998.0,23976452.0,885,29,679,22,15,13,54.0,43.0,8.12,25.87
2026-06-13T09:15:00,PCI_13,3,49771158.0,21834285.0,1073,16,814,11,13,9,56.0,38.0,22.77,24.59
2026-06-13T09:15:00,PCI_14,3,41722962.0,23741636.0,1049,21,801,6,14,11,61.0,47.0,5.76,20.44
2026-06-13T09:15:00,PCI_15,2,55620444.0,24810853.0,1090,32,950,23,14,8,65.0,43.0,11.18,26.12
2026-06-13T09:15:00,PCI_16,3,49413649.0,24034307.0,933,20,806,25,11,11,58.0,52.0,6.32,11.9
2026-06-13T09:16:00,PCI_1,3,727973200.0,48984089.0,1046,19,944,25,8,13,60.0,44.0,10.45,16.47
2026-06-13T09:16:00,PCI_2,3,778435456.0,45595710.0,959,8,689,27,15,14,57.0,42.0,7.76,27.58
2026-06-13T09:16:00,PCI_3,3,851910954.0,47381798.0,1108,34,814,15,11,8,54.0,39.0,24.63,27.66
2026-06-13T09:16:00,PCI_4,3,811184735.0,49269991.0,940,13,688,20,15,11,60.0,53.0,6.73,9.65
2026-06-13T09:16:00,PCI_5,3,738605750.0,54809843.0,880,38,946,24,9,15,59.0,43.0,24.58,15.48
2026-06-13T09:16:00,PCI_6,2,714664316.0,51636661.0,1009,21,966,17,10,8,54.0,50.0,8.37,15.29
2026-06-13T09:16:00,PCI_7,3,737506902.0,49843743.0,890,10,972,25,15,10,51.0,37.0,20.55,25.63
2026-06-13T09:16:00,PCI_8,2,792064212.0,53217980.0,1001,25,827,23,12,15,55.0,45.0,21.87,16.48
2026-06-13T09:16:00,PCI_9,3,51174332.0,28542896.0,1095,25,775,8,14,15,55.0,43.0,18.42,17.75
2026-06-13T09:16:00,PCI_10,3,54398179.0,22531019.0,1052,31,858,3,9,9,52.0,47.0,23.68,12.64
2026-06-13T09:16:00,PCI_11,2,48999883.0,23419399.0,1012,17,846,3,11,11,57.0,46.0,15.61,10.48
2026-06-13T09:16:00,PCI_12,2,48586881.0,24110797.0,993,12,789,12,11,11,53.0,48.0,8.31,21.25
2026-06-13T09:16:00,PCI_13,3,48462396.0,23362421.0,1154,35,909,28,15,10,52.0,49.0,23.53,8.88
2026-06-13T09:16:00,PCI_14,3,54926696.0,25120117.0,1160,15,728,4,11,9,58.0,51.0,20.64,13.05
2026-06-13T09:16:00,PCI_15,3,48355029.0,23627044.0,892,29,893,16,10,8,48.0,41.0,13.76,25.06
2026-06-13T09:16:00,PCI_16,2,43356748.0,23100234.0,1014,19,971,9,12,12,64.0,51.0,8.52,14.89
2026-06-13T09:17:00,PCI_1,3,664844584.0,50582868.0,951,29,950,29,10,15,67.0,51.0,6.33,24.89
2026-06-13T09:17:00,PCI_2,3,877145730.0,48259780.0,908,35,759,12,15,13,60.0,50.0,6.15,16.51
2026-06-13T09:17:00,PCI_3,3,634689000.0,43934914.0,1069,10,690,21,10,9,54.0,43.0,6.87,25.53
2026-06-13T09:17:00,PCI_4,4,782664529.0,48148762.0,1163,8,844,9,8,8,59.0,45.0,8.43,8.05
2026-06-13T09:17:00,PCI_5,3,743725253.0,47565467.0,977,16,845,18,10,15,61.0,47.0,8.42,21.05
2026-06-13T09:17:00,PCI_6,3,777867026.0,50964956.0,1049,22,953,15,12,15,52.0,48.0,19.27,10.29
2026-06-13T09:17:00,PCI_7,3,858170757.0,52141252.0,1062,5,978,4,9,15,55.0,41.0,8.57,22.48
2026-06-13T09:17:00,PCI_8,3,721155120.0,52652422.0,1105,28,789,13,10,9,56.0,41.0,19.37,23.77
2026-06-13T09:17:00,PCI_9,3,47272839.0,22609405.0,957,28,921,3,8,9,52.0,50.0,14.0,20.91
2026-06-13T09:17:00,PCI_10,3,41131429.0,26152078.0,1063,7,787,19,15,10,55.0,38.0,8.42,15.64
2026-06-13T09:17:00,PCI_11,3,43477702.0,21568173.0,1141,29,722,13,8,13,59.0,45.0,22.01,8.93
2026-06-13T09:17:00,PCI_12,2,57784718.0,26772540.0,942,6,824,18,11,15,56.0,50.0,6.12,22.16
2026-06-13T09:17:00,PCI_13,3,43210271.0,21235110.0,1104,16,896,21,12,8,53.0,34.0,10.6,9.39
2026-06-13T09:17:00,PCI_14,3,59293841.0,24061572.0,1014,26,948,11,8,11,58.0,47.0,22.19,24.91
2026-06-13T09:17:00,PCI_15,3,55721471.0,24261954.0,966,5,702,3,14,12,59.0,50.0,14.5,15.61
2026-06-13T09:17:00,PCI_16,2,50293011.0,23642967.0,947,29,847,28,10,11,51.0,46.0,23.56,12.55
2026-06-13T09:18:00,PCI_1,2,863372060.0,42073124.0,1123,7,784,8,13,15,57.0,49.0,19.57,16.83
2026-06-13T09:18:00,PCI_2,3,849849692.0,49007568.0,1008,20,974,4,10,12,52.0,44.0,21.71,21.07
2026-06-13T09:18:00,PCI_3,2,682026902.0,49817258.0,890,34,962,23,8,8,54.0,40.0,15.91,17.33
2026-06-13T09:18:00,PCI_4,3,790621860.0,51335392.0,992,7,822,15,14,8,65.0,45.0,8.23,23.38
2026-06-13T09:18:00,PCI_5,2,892005233.0,60345940.0,1105,34,963,28,12,11,56.0,52.0,21.82,27.68
2026-06-13T09:18:00,PCI_6,3,636453141.0,53927784.0,1031,37,816,19,11,8,57.0,38.0,17.48,21.28
2026-06-13T09:18:00,PCI_7,2,702812269.0,62041274.0,876,36,936,23,9,11,58.0,52.0,21.41,16.63
2026-06-13T09:18:00,PCI_8,3,801853002.0,40056127.0,932,19,905,29,8,14,61.0,45.0,20.8,13.26
2026-06-13T09:18:00,PCI_9,3,56810964.0,22295637.0,981,7,705,5,8,13,62.0,42.0,5.16,14.58
2026-06-13T09:18:00,PCI_10,2,36742990.0,26293529.0,1131,20,877,12,8,8,65.0,49.0,18.0,9.75
2026-06-13T09:18:00,PCI_11,3,48260986.0,25570562.0,1026,29,745,9,9,9,55.0,40.0,22.12,19.3
2026-06-13T09:18:00,PCI_12,3,40122939.0,28838449.0,959,17,856,15,14,11,56.0,47.0,21.72,13.85
2026-06-13T09:18:00,PCI_13,3,46953513.0,25363599.0,1016,14,731,28,10,13,58.0,48.0,16.27,21.32
2026-06-13T09:18:00,PCI_14,2,43326803.0,23991908.0,1146,39,779,12,11,13,52.0,50.0,6.92,13.34
2026-06-13T09:18:00,PCI_15,3,58914475.0,23492948.0,1027,19,937,14,15,10,54.0,41.0,16.13,14.05
2026-06-13T09:18:00,PCI_16,2,54915134.0,24488208.0,920,12,880,7,13,13,60.0,45.0,10.67,14.07
2026-06-13T09:19:00,PCI_1,3,745060545.0,45609316.0,1069,28,926,19,13,9,59.0,47.0,8.66,26.63
2026-06-13T09:19:00,PCI_2,2,803290480.0,49139896.0,987,21,905,12,11,15,54.0,53.0,6.38,22.45
2026-06-13T09:19:00,PCI_3,3,664691649.0,50803287.0,1058,10,852,16,8,11,56.0,43.0,16.18,9.95
2026-06-13T09:19:00,PCI_4,3,830106853.0,52365735.0,1151,34,925,6,11,15,62.0,46.0,17.64,15.85
2026-06-13T09:19:00,PCI_5,3,722566665.0,48968229.0,1012,8,733,21,9,12,54.0,48.0,21.26,10.09
2026-06-13T09:19:00,PCI_6,3,752514774.0,49088762.0,1159,32,768,7,11,9,59.0,36.0,15.97,9.25
2026-06-13T09:19:00,PCI_7,2,796768298.0,48142357.0,890,31,721,22,15,8,57.0,53.0,8.68,26.45
2026-06-13T09:19:00,PCI_8,3,812188828.0,40867710.0,1093,11,877,17,10,8,56.0,42.0,11.94,24.67
2026-06-13T09:19:00,PCI_9,3,53626747.0,28031742.0,1098,22,968,20,12,15,57.0,43.0,20.21,10.13
2026-06-13T09:19:00,PCI_10,2,54555019.0,21178880.0,1053,24,881,11,15,13,51.0,45.0,8.17,14.54
2026-06-13T09:19:00,PCI_11,3,47204157.0,25904179.0,928,8,798,29,12,8,55.0,42.0,8.04,26.07
2026-06-13T09:19:00,PCI_12,3,50400124.0,26637400.0,1099,9,881,29,14,12,63.0,45.0,9.4,26.75
2026-06-13T09:19:00,PCI_13,3,47442200.0,26685167.0,1163,13,796,26,11,8,53.0,40.0,23.01,11.67
2026-06-13T09:19:00,PCI_14,2,42249269.0,24666634.0,1108,21,759,17,13,14,54.0,51.0,8.54,13.31
2026-06-13T09:19:00,PCI_15,2,50052497.0,24675191.0,897,16,882,8,15,10,55.0,46.0,21.78,20.47
2026-06-13T09:19:00,PCI_16,2,51752789.0,24011744.0,999,31,789,17,15,13,63.0,49.0,5.28,23.77
2026-06-13T09:20:00,PCI_1,3,788394015.0,45756059.0,1013,12,747,17,14,9,61.0,48.0,9.47,26.24
2026-06-13T09:20:00,PCI_2,3,864957267.0,51257462.0,974,17,709,5,13,10,57.0,45.0,8.99,20.17
2026-06-13T09:20:00,PCI_3,2,716257470.0,51051225.0,985,22,966,12,10,8,58.0,44.0,10.34,12.6
2026-06-13T09:20:00,PCI_4,3,893219060.0,43481706.0,914,8,879,7,9,12,57.0,46.0,24.72,13.81
2026-06-13T09:20:00,PCI_5,2,815809667.0,52973209.0,918,39,946,6,9,10,58.0,50.0,11.09,26.22
2026-06-13T09:20:00,PCI_6,2,776206317.0,57130272.0,1171,5,846,14,13,14,64.0,51.0,18.41,12.57
2026-06-13T09:20:00,PCI_7,3,899017041.0,45924110.0,884,35,877,25,11,12,60.0,50.0,18.2,9.68
2026-06-13T09:20:00,PCI_8,3,744453758.0,47542244.0,1069,5,830,15,15,12,57.0,50.0,5.26,9.96
2026-06-13T09:20:00,PCI_9,2,49742583.0,27114551.0,1089,7,810,23,8,13,56.0,52.0,18.22,18.62
2026-06-13T09:20:00,PCI_10,3,48837541.0,20932196.0,1070,36,963,10,9,8,64.0,45.0,18.83,25.86
2026-06-13T09:20:00,PCI_11,3,50740085.0,22005707.0,1096,25,781,29,15,13,63.0,44.0,13.47,8.24
2026-06-13T09:20:00,PCI_12,2,43163786.0,26017866.0,1169,6,803,22,8,14,60.0,48.0,11.45,16.67
2026-06-13T09:20:00,PCI_13,4,57940739.0,22170134.0,956,9,772,24,15,15,54.0,55.0,17.14,16.4
2026-06-13T09:20:00,PCI_14,3,56267163.0,27031563.0,922,9,764,22,9,11,54.0,45.0,6.37,23.38
2026-06-13T09:20:00,PCI_15,3,48449824.0,25338612.0,1070,19,895,16,15,10,55.0,46.0,6.39,11.32
2026-06-13T09:20:00,PCI_16,2,54251137.0,22873276.0,1158,14,791,7,9,15,56.0,39.0,17.35,12.39
2026-06-13T09:21:00,PCI_1,3,725813317.0,43615155.0,1000,37,770,11,10,15,63.0,47.0,5.93,13.31
2026-06-13T09:21:00,PCI_2,2,784170320.0,52095635.0,918,21,744,21,9,9,59.0,38.0,15.27,15.36
2026-06-13T09:21:00,PCI_3,3,776162096.0,42440238.0,1184,5,914,14,14,8,49.0,41.0,11.67,15.96
2026-06-13T09:21:00,PCI_4,3,750650684.0,54734196.0,1100,10,730,29,10,11,59.0,45.0,16.63,18.87
2026-06-13T09:21:00,PCI_5,2,909938787.0,35710745.0,1122,36,978,20,15,11,62.0,38.0,11.18,23.21
2026-06-13T09:21:00,PCI_6,3,680671286.0,48495350.0,876,25,761,8,10,14,60.0,51.0,18.34,25.76
2026-06-13T09:21:00,PCI_7,3,794448569.0,54213601.0,892,20,849,28,10,15,64.0,52.0,18.29,25.96
2026-06-13T09:21:00,PCI_8,3,715144695.0,51526750.0,1082,24,986,7,15,11,61.0,47.0,24.51,8.91
2026-06-13T09:21:00,PCI_9,2,45214779.0,24341295.0,1054,25,740,21,10,14,61.0,50.0,23.03,26.97
2026-06-13T09:21:00,PCI_10,3,48004192.0,29421911.0,1071,9,944,17,9,14,61.0,45.0,14.22,15.0
2026-06-13T09:21:00,PCI_11,2,48487330.0,27587412.0,942,32,799,3,9,9,60.0,44.0,23.98,20.37
2026-06-13T09:21:00,PCI_12,3,44677796.0,25881646.0,1094,16,830,17,12,8,59.0,52.0,19.22,19.65
2026-06-13T09:21:00,PCI_13,2,53948851.0,24151067.0,1009,33,973,5,8,13,58.0,44.0,20.28,12.72
2026-06-13T09:21:00,PCI_14,3,62216402.0,20636702.0,944,30,789,4,8,15,65.0,53.0,18.59,19.96
2026-06-13T09:21:00,PCI_15,3,48189309.0,26805509.0,1062,17,799,28,13,15,59.0,51.0,15.94,8.98
2026-06-13T09:21:00,PCI_16,2,54705351.0,23131955.0,1105,13,744,5,15,12,61.0,48.0,15.86,25.74
2026-06-13T09:22:00,PCI_1,3,768176552.0,54279905.0,1027,38,717,25,11,15,50.0,44.0,18.34,24.75
2026-06-13T09:22:00,PCI_2,3,782927383.0,47068573.0,916,32,747,19,14,10,59.0,44.0,22.53,21.86
2026-06-13T09:22:00,PCI_3,2,838411874.0,44802835.0,1058,37,953,23,9,14,54.0,49.0,12.42,20.49
2026-06-13T09:22:00,PCI_4,2,679065874.0,52116508.0,1080,26,775,27,11,14,55.0,41.0,24.22,16.49
2026-06-13T09:22:00,PCI_5,3,811329459.0,51694611.0,1000,35,827,19,9,9,65.0,41.0,16.04,8.38
2026-06-13T09:22:00,PCI_6,3,733396275.0,53622299.0,931,24,693,10,12,12,55.0,46.0,10.35,12.85
2026-06-13T09:22:00,PCI_7,3,792456281.0,46383422.0,957,11,951,6,12,9,63.0,45.0,20.48,26.89
2026-06-13T09:22:00,PCI_8,3,641148302.0,56647810.0,918,25,867,25,13,13,65.0,44.0,11.04,10.66
2026-06-13T09:22:00,PCI_9,3,46589537.0,27191389.0,1056,23,781,16,10,13,58.0,51.0,11.21,20.0
2026-06-13T09:22:00,PCI_10,3,46343657.0,21565529.0,1019,30,823,13,10,9,55.0,50.0,17.85,27.61
2026-06-13T09:22:00,PCI_11,3,48265105.0,29722800.0,1052,38,804,5,13,9,61.0,53.0,22.95,18.15
2026-06-13T09:22:00,PCI_12,3,48942354.0,25354419.0,1057,34,892,24,10,13,57.0,44.0,5.36,24.75
2026-06-13T09:22:00,PCI_13,3,51995644.0,22648874.0,904,28,967,29,10,13,57.0,49.0,24.11,12.66
2026-06-13T09:22:00,PCI_14,3,38836249.0,25846483.0,1066,11,788,26,10,15,58.0,39.0,20.63,26.61
2026-06-13T09:22:00,PCI_15,3,51818296.0,21039946.0,1063,38,944,25,14,8,62.0,42.0,9.38,13.02
2026-06-13T09:22:00,PCI_16,3,52627926.0,23565237.0,961,11,972,14,12,9,58.0,51.0,13.1,19.9
2026-06-13T09:23:00,PCI_1,2,756686201.0,46695898.0,900,39,705,7,8,10,63.0,45.0,11.72,27.41
2026-06-13T09:23:00,PCI_2,2,740374914.0,48431098.0,943,38,701,23,8,14,58.0,49.0,8.73,25.33
2026-06-13T09:23:00,PCI_3,3,788951373.0,49812053.0,1065,12,743,8,12,10,54.0,46.0,5.1,23.6
2026-06-13T09:23:00,PCI_4,3,780533702.0,50451496.0,1028,6,957,12,15,10,61.0,44.0,24.91,19.18
2026-06-13T09:23:00,PCI_5,3,686497508.0,48062608.0,1149,7,720,29,15,11,58.0,44.0,7.52,19.51
2026-06-13T09:23:00,PCI_6,3,906920787.0,48024947.0,1132,30,949,20,10,15,59.0,49.0,12.33,27.47
2026-06-13T09:23:00,PCI_7,2,911138496.0,42964210.0,1053,15,945,13,13,14,61.0,43.0,6.96,13.28
2026-06-13T09:23:00,PCI_8,3,880946861.0,57722059.0,932,30,934,11,15,9,59.0,47.0,22.34,26.41
2026-06-13T09:23:00,PCI_9,3,52404893.0,22245157.0,1154,30,884,21,12,8,60.0,51.0,11.5,20.34
2026-06-13T09:23:00,PCI_10,3,49413401.0,25402116.0,883,25,853,19,14,14,62.0,44.0,7.07,22.11
2026-06-13T09:23:00,PCI_11,3,50505421.0,24877624.0,1073,29,755,16,8,10,58.0,48.0,10.15,25.72
2026-06-13T09:23:00,PCI_12,2,50973866.0,28006522.0,1117,12,865,5,15,8,54.0,51.0,19.43,19.12
2026-06-13T09:23:00,PCI_13,3,41145939.0,30236677.0,1123,10,701,8,11,11,50.0,49.0,7.31,24.28
2026-06-13T09:23:00,PCI_14,3,50131465.0,29747069.0,1045,5,835,6,14,10,57.0,43.0,7.72,24.95
2026-06-13T09:23:00,PCI_15,3,52860503.0,27945793.0,1023,31,834,14,12,13,55.0,44.0,15.86,26.27
2026-06-13T09:23:00,PCI_16,3,61554870.0,29492789.0,980,33,822,12,11,8,57.0,46.0,18.01,8.03
2026-06-13T09:24:00,PCI_1,3,815240469.0,50549715.0,1006,28,723,24,11,11,53.0,47.0,11.32,11.17
2026-06-13T09:24:00,PCI_2,2,739913325.0,44824888.0,971,6,747,22,14,10,62.0,48.0,20.2,24.9
2026-06-13T09:24:00,PCI_3,3,842455714.0,52363443.0,1167,16,728,23,13,13,57.0,43.0,11.64,16.38
2026-06-13T09:24:00,PCI_4,3,713582728.0,46977477.0,1009,27,968,3,15,10,61.0,47.0,19.75,26.23
2026-06-13T09:24:00,PCI_5,3,638956413.0,59136083.0,1193,5,863,5,9,12,56.0,49.0,23.66,25.21
2026-06-13T09:24:00,PCI_6,3,870668658.0,48168836.0,1074,30,958,5,14,15,61.0,47.0,23.63,18.67
2026-06-13T09:24:00,PCI_7,3,850251103.0,43247337.0,893,34,923,15,12,15,56.0,47.0,11.56,14.81
2026-06-13T09:24:00,PCI_8,2,827371797.0,49572549.0,1122,10,976,8,14,11,63.0,47.0,22.59,26.0
2026-06-13T09:24:00,PCI_9,3,51031313.0,26315826.0,911,19,855,4,15,9,53.0,47.0,18.95,8.55
2026-06-13T09:24:00,PCI_10,3,48444727.0,26554284.0,878,35,765,18,12,14,66.0,42.0,10.26,12.49
2026-06-13T09:24:00,PCI_11,3,48741289.0,23538964.0,976,38,984,4,11,11,60.0,49.0,24.45,20.07
2026-06-13T09:24:00,PCI_12,3,58778113.0,21970783.0,907,39,973,9,8,12,56.0,42.0,13.05,13.63
2026-06-13T09:24:00,PCI_13,2,52500739.0,23063559.0,1171,16,812,19,14,14,66.0,47.0,9.5,27.0
2026-06-13T09:24:00,PCI_14,3,51153365.0,24909714.0,900,8,880,6,13,14,56.0,49.0,10.22,22.76
2026-06-13T09:24:00,PCI_15,3,54382772.0,25681868.0,1140,19,914,29,15,10,57.0,47.0,15.62,10.89
2026-06-13T09:24:00,PCI_16,3,55543766.0,22439908.0,942,24,894,9,15,9,65.0,47.0,15.11,20.55
2026-06-13T09:25:00,PCI_1,2,829562486.0,51459533.0,964,10,909,23,13,13,57.0,51.0,16.43,9.2
2026-06-13T09:25:00,PCI_2,3,765681729.0,46061179.0,974,22,849,12,8,14,58.0,44.0,13.12,12.04
2026-06-13T09:25:00,PCI_3,2,755001220.0,62858622.0,1070,22,868,24,9,12,58.0,49.0,19.16,17.29
2026-06-13T09:25:00,PCI_4,2,647389387.0,56137804.0,1094,14,824,27,11,10,56.0,47.0,15.19,15.3
2026-06-13T09:25:00,PCI_5,3,800932222.0,50079803.0,929,29,839,8,10,8,62.0,48.0,23.97,27.31
2026-06-13T09:25:00,PCI_6,3,676435691.0,65699763.0,1063,10,845,19,9,12,64.0,43.0,10.03,13.3
2026-06-13T09:25:00,PCI_7,4,886693158.0,55468089.0,915,21,878,20,9,12,57.0,49.0,23.8,13.55
2026-06-13T09:25:00,PCI_8,3,758862198.0,45861152.0,1033,35,903,5,13,10,60.0,49.0,19.0,15.98
2026-06-13T09:25:00,PCI_9,3,48929688.0,24676298.0,1118,26,870,14,8,9,66.0,48.0,12.05,24.41
2026-06-13T09:25:00,PCI_10,3,48189028.0,22103669.0,1019,35,936,9,10,9,52.0,46.0,22.22,20.15
2026-06-13T09:25:00,PCI_11,3,53493844.0,31997237.0,894,33,789,4,14,8,60.0,44.0,16.24,11.91
2026-06-13T09:25:00,PCI_12,2,51663846.0,26282725.0,959,9,897,13,15,12,62.0,52.0,13.49,24.08
2026-06-13T09:25:00,PCI_13,3,47260955.0,26627217.0,1071,33,767,19,15,11,64.0,53.0,12.47,23.42
2026-06-13T09:25:00,PCI_14,3,49415013.0,24713134.0,1031,27,835,25,9,15,56.0,43.0,22.06,13.94
2026-06-13T09:25:00,PCI_15,3,53959278.0,25383030.0,952,7,897,17,14,12,58.0,51.0,20.69,8.72
2026-06-13T09:25:00,PCI_16,2,49419964.0,26956310.0,1045,39,683,27,14,13,57.0,46.0,15.08,26.59
2026-06-13T09:26:00,PCI_1,3,780721641.0,48416264.0,871,29,766,27,11,8,62.0,48.0,21.21,16.19
2026-06-13T09:26:00,PCI_2,2,846016614.0,47187634.0,1101,21,734,23,15,12,58.0,59.0,9.22,26.28
2026-06-13T09:26:00,PCI_3,4,641000258.0,48051021.0,898,8,946,7,11,15,58.0,50.0,18.38,19.39
2026-06-13T09:26:00,PCI_4,3,851040136.0,49493274.0,1109,38,877,15,14,14,69.0,40.0,24.78,9.96
2026-06-13T09:26:00,PCI_5,3,863616209.0,55199054.0,1037,34,927,5,9,8,55.0,40.0,23.53,13.63
2026-06-13T09:26:00,PCI_6,3,628624161.0,58812377.0,979,16,723,24,12,9,58.0,47.0,7.2,15.14
2026-06-13T09:26:00,PCI_7,2,991886425.0,53782516.0,918,7,803,14,15,9,60.0,51.0,23.87,15.36
2026-06-13T09:26:00,PCI_8,3,767116637.0,51874530.0,1103,38,767,22,10,15,56.0,49.0,11.6,11.4
2026-06-13T09:26:00,PCI_9,3,54642064.0,22128405.0,1068,20,710,25,13,8,63.0,48.0,16.15,19.28
2026-06-13T09:26:00,PCI_10,3,56414164.0,22593838.0,910,12,817,11,12,12,65.0,45.0,15.76,12.53
2026-06-13T09:26:00,PCI_11,3,52064949.0,24303524.0,1010,19,957,15,13,15,58.0,54.0,10.53,11.51
2026-06-13T09:26:00,PCI_12,3,58216057.0,26588235.0,1145,10,865,29,8,10,53.0,41.0,6.24,23.5
2026-06-13T09:26:00,PCI_13,3,51789698.0,24876582.0,1150,24,714,20,14,10,60.0,42.0,21.46,24.36
2026-06-13T09:26:00,PCI_14,3,55506056.0,25892093.0,1117,26,806,22,9,15,63.0,48.0,10.28,9.13
2026-06-13T09:26:00,PCI_15,3,53139089.0,28011431.0,895,29,809,20,13,8,62.0,50.0,11.77,24.58
2026-06-13T09:26:00,PCI_16,3,55637130.0,29140062.0,935,13,970,4,13,14,60.0,53.0,9.92,11.48
2026-06-13T09:27:00,PCI_1,3,696192212.0,40924614.0,932,6,710,17,9,11,63.0,43.0,5.49,27.13
2026-06-13T09:27:00,PCI_2,3,801263222.0,53122453.0,1123,21,861,16,10,14,57.0,41.0,8.95,19.29
2026-06-13T09:27:00,PCI_3,3,733056856.0,48270760.0,1160,30,874,25,14,13,66.0,55.0,9.74,17.74
2026-06-13T09:27:00,PCI_4,3,847060113.0,51148490.0,1110,14,711,5,14,8,57.0,51.0,9.9,20.47
2026-06-13T09:27:00,PCI_5,3,682923295.0,49036354.0,1060,23,774,29,9,8,63.0,42.0,23.06,26.03
2026-06-13T09:27:00,PCI_6,2,738824794.0,53333339.0,1009,9,694,20,14,8,65.0,45.0,19.0,17.32
2026-06-13T09:27:00,PCI_7,3,878685735.0,51655002.0,872,37,971,4,15,15,64.0,52.0,6.52,22.53
2026-06-13T09:27:00,PCI_8,2,740139683.0,48948907.0,978,25,809,20,8,10,64.0,48.0,21.5,18.22
2026-06-13T09:27:00,PCI_9,3,49209782.0,30336703.0,884,33,902,14,10,10,64.0,44.0,18.44,24.38
2026-06-13T09:27:00,PCI_10,3,50601019.0,27104469.0,883,25,724,16,9,14,60.0,45.0,19.71,25.95
2026-06-13T09:27:00,PCI_11,4,53721828.0,25841399.0,903,32,714,24,15,15,62.0,43.0,14.88,15.68
2026-06-13T09:27:00,PCI_12,4,55237557.0,29627246.0,1169,20,903,20,15,9,64.0,49.0,10.45,13.83
2026-06-13T09:27:00,PCI_13,3,51052320.0,25499188.0,1112,14,885,19,10,11,55.0,45.0,20.73,11.72
2026-06-13T09:27:00,PCI_14,3,59742072.0,25240309.0,1110,20,840,14,10,8,62.0,42.0,5.9,16.58
2026-06-13T09:27:00,PCI_15,3,54910953.0,26188166.0,1103,16,715,15,12,12,58.0,49.0,21.82,14.39
2026-06-13T09:27:00,PCI_16,3,61488663.0,29376180.0,1137,20,946,14,12,12,63.0,48.0,23.31,16.99
2026-06-13T09:28:00,PCI_1,3,802330654.0,56109549.0,972,16,743,14,10,8,63.0,45.0,13.68,13.26
2026-06-13T09:28:00,PCI_2,2,695231527.0,59101185.0,964,29,819,14,8,14,60.0,46.0,20.55,26.3
2026-06-13T09:28:00,PCI_3,4,823082262.0,58848297.0,951,29,947,7,15,14,57.0,46.0,22.83,16.12
2026-06-13T09:28:00,PCI_4,4,757742738.0,54869355.0,1083,13,833,15,8,13,57.0,53.0,18.03,16.03
2026-06-13T09:28:00,PCI_5,3,739897023.0,49940248.0,1094,23,834,29,14,9,62.0,48.0,21.69,23.35
2026-06-13T09:28:00,PCI_6,3,770402007.0,57293906.0,1119,12,851,19,12,12,59.0,46.0,15.04,10.54
2026-06-13T09:28:00,PCI_7,2,876665827.0,53701414.0,985,10,915,6,8,13,54.0,49.0,17.25,16.86
2026-06-13T09:28:00,PCI_8,3,827476117.0,57281626.0,898,5,744,22,8,9,58.0,48.0,18.42,10.09
2026-06-13T09:28:00,PCI_9,2,53739462.0,26812021.0,1008,15,796,29,14,10,56.0,57.0,15.2,18.25
2026-06-13T09:28:00,PCI_10,4,42241365.0,26136513.0,1160,7,975,11,12,14,59.0,54.0,7.65,22.73
2026-06-13T09:28:00,PCI_11,4,45809021.0,25375727.0,1171,16,763,8,15,13,65.0,53.0,16.55,15.04
2026-06-13T09:28:00,PCI_12,2,58014504.0,26318575.0,971,17,901,21,15,14,61.0,46.0,22.29,8.77
2026-06-13T09:28:00,PCI_13,2,55146436.0,23664085.0,901,29,790,9,15,8,56.0,47.0,16.47,25.15
2026-06-13T09:28:00,PCI_14,4,42865082.0,25549366.0,1080,6,757,21,15,10,57.0,50.0,8.15,18.65
2026-06-13T09:28:00,PCI_15,3,51504852.0,26669231.0,938,16,820,6,12,14,57.0,42.0,12.51,9.99
2026-06-13T09:28:00,PCI_16,2,52942234.0,28121069.0,1155,7,720,22,15,10,53.0,45.0,17.33,10.46
2026-06-13T09:29:00,PCI_1,3,838174611.0,49153720.0,1146,31,909,25,15,12,67.0,46.0,9.41,23.55
2026-06-13T09:29:00,PCI_2,3,744356888.0,55144472.0,993,20,766,20,11,10,61.0,41.0,22.96,14.38
2026-06-13T09:29:00,PCI_3,3,756570878.0,50162902.0,975,7,862,9,9,8,60.0,46.0,16.5,20.7
2026-06-13T09:29:00,PCI_4,3,757023342.0,42102624.0,920,25,712,29,11,14,56.0,48.0,9.67,12.51
2026-06-13T09:29:00,PCI_5,3,891959312.0,54566310.0,933,14,773,9,8,10,60.0,46.0,12.88,13.02
2026-06-13T09:29:00,PCI_6,3,843175009.0,57927421.0,1175,9,930,6,15,12,56.0,47.0,11.65,12.62
2026-06-13T09:29:00,PCI_7,3,870584149.0,55379351.0,1114,25,736,24,8,15,62.0,47.0,21.65,21.45
2026-06-13T09:29:00,PCI_8,3,868965494.0,56051816.0,1071,8,971,17,15,11,67.0,49.0,8.37,12.87
2026-06-13T09:29:00,PCI_9,3,55225249.0,22983441.0,1101,24,849,9,15,14,55.0,54.0,9.46,18.01
2026-06-13T09:29:00,PCI_10,3,53609945.0,28653300.0,1153,12,751,24,13,15,57.0,40.0,15.83,13.77
2026-06-13T09:29:00,PCI_11,3,54624356.0,24828568.0,929,7,794,25,10,12,64.0,46.0,24.62,25.04
2026-06-13T09:29:00,PCI_12,3,46890431.0,27583499.0,942,17,810,12,14,10,58.0,54.0,8.1,17.12
2026-06-13T09:29:00,PCI_13,3,57699830.0,28687053.0,890,31,844,7,13,9,55.0,47.0,11.15,12.63
2026-06-13T09:29:00,PCI_14,3,49580622.0,24317176.0,983,6,776,24,12,12,62.0,52.0,11.39,26.44
2026-06-13T09:29:00,PCI_15,3,47416035.0,27837326.0,1099,20,780,11,9,12,61.0,49.0,8.9,19.3
2026-06-13T09:29:00,PCI_16,3,46079268.0,29053988.0,1117,26,685,27,10,10,63.0,48.0,14.41,14.74
2026-06-13T09:30:00,PCI_1,3,748744971.0,57999434.0,1113,38,962,10,13,13,63.0,52.0,7.05,22.5
2026-06-13T09:30:00,PCI_2,3,944270419.0,51907915.0,953,38,954,3,12,8,58.0,53.0,18.8,12.91
2026-06-13T09:30:00,PCI_3,4,239397166.0,20385983.0,738,173,774,131,2,5,83.0,61.0,-1.77,2.61
2026-06-13T09:30:00,PCI_4,3,772714160.0,56623712.0,1173,8,986,3,11,11,60.0,47.0,19.67,12.02
2026-06-13T09:30:00,PCI_5,3,791866596.0,61785220.0,949,8,939,19,15,11,65.0,47.0,5.0,9.41
2026-06-13T09:30:00,PCI_6,3,803382637.0,51260285.0,1165,6,839,7,15,13,60.0,46.0,12.37,17.87
2026-06-13T09:30:00,PCI_7,3,771922802.0,59987784.0,1070,37,713,27,11,11,60.0,44.0,23.85,21.87
2026-06-13T09:30:00,PCI_8,4,735122424.0,48341103.0,966,26,912,21,14,10,64.0,47.0,6.04,26.33
2026-06-13T09:30:00,PCI_9,3,55094360.0,27641162.0,1125,14,785,25,15,9,60.0,42.0,24.53,11.12
2026-06-13T09:30:00,PCI_10,2,56917548.0,23603568.0,1176,11,858,3,10,9,65.0,55.0,22.17,26.82
2026-06-13T09:30:00,PCI_11,2,52478184.0,22550327.0,1103,39,906,24,15,9,60.0,48.0,9.73,16.18
2026-06-13T09:30:00,PCI_12,3,51587770.0,26759445.0,1073,12,692,9,13,10,67.0,47.0,14.33,23.88
2026-06-13T09:30:00,PCI_13,4,50987439.0,30192775.0,910,22,752,4,15,14,60.0,49.0,22.19,13.72
2026-06-13T09:30:00,PCI_14,3,53153444.0,27682200.0,1022,14,753,21,11,15,58.0,49.0,12.04,24.36
2026-06-13T09:30:00,PCI_15,4,53549985.0,25551438.0,994,31,848,21,8,9,59.0,46.0,5.71,10.76
2026-06-13T09:30:00,PCI_16,4,68335376.0,25139054.0,1012,26,879,5,11,12,59.0,49.0,20.81,26.09
2026-06-13T09:31:00,PCI_1,3,840339024.0,61395213.0,980,34,894,5,15,13,57.0,48.0,9.43,20.05
2026-06-13T09:31:00,PCI_2,3,828578753.0,59168667.0,1186,13,948,5,8,9,67.0,49.0,5.93,27.23
2026-06-13T09:31:00,PCI_3,3,209900971.0,20116600.0,995,143,766,114,3,5,82.0,76.0,2.23,4.54
2026-06-13T09:31:00,PCI_4,3,826051601.0,57048676.0,1167,8,746,8,10,12,59.0,45.0,14.27,27.69
2026-06-13T09:31:00,PCI_5,3,758405289.0,47972958.0,904,37,928,21,12,11,60.0,46.0,6.52,15.1
2026-06-13T09:31:00,PCI_6,3,794215282.0,56421886.0,967,5,948,24,13,10,55.0,54.0,23.37,18.23
2026-06-13T09:31:00,PCI_7,2,884175854.0,48071917.0,1154,5,725,12,11,11,60.0,54.0,20.21,16.59
2026-06-13T09:31:00,PCI_8,3,718659879.0,48931341.0,885,19,851,21,15,11,63.0,50.0,14.49,11.95
2026-06-13T09:31:00,PCI_9,3,50278846.0,32639243.0,1005,5,728,9,9,14,65.0,47.0,13.89,11.56
2026-06-13T09:31:00,PCI_10,2,54394354.0,28012586.0,1156,37,700,24,11,13,56.0,47.0,14.28,22.11
2026-06-13T09:31:00,PCI_11,4,49110711.0,26469770.0,1126,26,891,27,10,12,63.0,51.0,12.99,21.62
2026-06-13T09:31:00,PCI_12,3,51125217.0,27605870.0,1119,23,741,26,9,12,62.0,55.0,19.35,25.12
2026-06-13T09:31:00,PCI_13,3,49783394.0,28874023.0,1037,23,734,10,9,14,64.0,52.0,9.37,24.26
2026-06-13T09:31:00,PCI_14,4,51117513.0,21732285.0,899,17,817,28,11,14,56.0,55.0,23.97,14.19
2026-06-13T09:31:00,PCI_15,2,51447444.0,20196698.0,1052,39,966,12,14,12,62.0,46.0,20.01,8.97
2026-06-13T09:31:00,PCI_16,3,61307274.0,30537840.0,935,20,836,20,10,11,60.0,51.0,11.21,9.32
2026-06-13T09:32:00,PCI_1,3,864890212.0,52614484.0,1138,24,758,26,12,11,64.0,44.0,20.49,22.03
2026-06-13T09:32:00,PCI_2,3,797312922.0,60353131.0,1113,31,703,9,11,8,58.0,50.0,11.97,20.3
2026-06-13T09:32:00,PCI_3,3,153276731.0,16511366.0,874,116,633,150,5,2,89.0,73.0,-4.77,-0.13
2026-06-13T09:32:00,PCI_4,4,793010619.0,54138916.0,1053,17,913,25,8,9,62.0,39.0,10.93,19.01
2026-06-13T09:32:00,PCI_5,3,933517911.0,52086865.0,1082,20,979,5,13,12,64.0,45.0,23.6,12.34
2026-06-13T09:32:00,PCI_6,3,636727141.0,46567150.0,906,16,726,20,11,8,65.0,46.0,23.15,12.69
2026-06-13T09:32:00,PCI_7,3,863019384.0,48920472.0,884,37,771,5,8,12,60.0,49.0,17.92,23.46
2026-06-13T09:32:00,PCI_8,3,835025836.0,51912098.0,1149,26,940,6,11,12,57.0,49.0,8.08,8.57
2026-06-13T09:32:00,PCI_9,3,53459701.0,27589335.0,945,21,853,14,13,8,65.0,52.0,22.34,22.24
2026-06-13T09:32:00,PCI_10,3,52069348.0,27839950.0,1034,9,901,24,10,13,70.0,53.0,16.41,13.6
2026-06-13T09:32:00,PCI_11,2,53135821.0,29469502.0,920,5,772,3,12,15,67.0,50.0,16.01,20.33
2026-06-13T09:32:00,PCI_12,3,60080476.0,32557532.0,905,7,811,20,8,15,58.0,51.0,13.95,27.91
2026-06-13T09:32:00,PCI_13,3,54451111.0,24339819.0,920,16,806,8,10,15,60.0,45.0,8.28,19.33
2026-06-13T09:32:00,PCI_14,3,45997858.0,24817576.0,973,38,746,7,14,13,59.0,52.0,17.8,16.96
2026-06-13T09:32:00,PCI_15,3,48567960.0,29622915.0,1167,27,911,15,11,10,55.0,52.0,19.56,11.53
2026-06-13T09:32:00,PCI_16,3,53571761.0,24016127.0,947,7,754,15,12,10,70.0,40.0,23.69,19.29
2026-06-13T09:33:00,PCI_1,3,749031159.0,55075227.0,1073,17,714,3,15,9,57.0,54.0,19.18,27.85
2026-06-13T09:33:00,PCI_2,3,816674972.0,53239166.0,1088,15,977,6,8,14,64.0,53.0,8.49,25.89
2026-06-13T09:33:00,PCI_3,3,191464674.0,20020258.0,896,121,843,113,3,2,82.0,61.0,7.78,-1.7
2026-06-13T09:33:00,PCI_4,3,832976403.0,51974729.0,1148,14,883,16,9,12,55.0,50.0,13.76,17.39
2026-06-13T09:33:00,PCI_5,3,974989554.0,54872257.0,1160,21,888,15,15,10,62.0,51.0,20.55,26.58
2026-06-13T09:33:00,PCI_6,3,923829983.0,48940416.0,914,22,751,23,15,12,62.0,48.0,17.88,9.7
2026-06-13T09:33:00,PCI_7,2,815285024.0,48545008.0,1023,31,706,29,14,9,63.0,48.0,19.56,25.73
2026-06-13T09:33:00,PCI_8,3,898423260.0,59416723.0,1125,12,745,13,15,8,59.0,50.0,18.79,20.95
2026-06-13T09:33:00,PCI_9,4,54824904.0,25337656.0,1073,17,870,20,10,11,65.0,46.0,7.72,26.1
2026-06-13T09:33:00,PCI_10,2,61017694.0,26020062.0,962,17,943,19,11,11,58.0,53.0,21.56,11.26
2026-06-13T09:33:00,PCI_11,2,48915140.0,26716426.0,885,23,738,3,9,12,63.0,45.0,19.11,11.04
2026-06-13T09:33:00,PCI_12,3,62129796.0,26784180.0,1075,11,963,17,9,13,55.0,47.0,20.43,14.67
2026-06-13T09:33:00,PCI_13,2,50307651.0,27011032.0,1149,9,830,3,13,10,63.0,48.0,6.66,12.73
2026-06-13T09:33:00,PCI_14,3,54627145.0,28877440.0,908,5,971,28,13,15,64.0,46.0,11.2,23.5
2026-06-13T09:33:00,PCI_15,3,58701814.0,26782112.0,886,39,715,22,14,11,65.0,49.0,11.84,26.27
2026-06-13T09:33:00,PCI_16,3,60605964.0,24717931.0,1152,23,953,6,13,10,54.0,52.0,18.63,10.44
2026-06-13T09:34:00,PCI_1,4,843411792.0,63779083.0,909,35,853,6,8,14,58.0,58.0,19.68,20.16
2026-06-13T09:34:00,PCI_2,4,867268894.0,51302306.0,952,26,840,20,14,9,57.0,46.0,11.78,12.0
2026-06-13T09:34:00,PCI_3,3,202081894.0,18812212.0,749,238,539,179,6,4,81.0,68.0,-0.28,-2.41
2026-06-13T09:34:00,PCI_4,3,867908514.0,55834997.0,1088,28,948,23,13,8,66.0,54.0,6.47,12.04
2026-06-13T09:34:00,PCI_5,2,810487404.0,48490949.0,1154,29,932,8,9,14,72.0,45.0,24.06,21.69
2026-06-13T09:34:00,PCI_6,3,734961860.0,56157789.0,1031,35,982,16,14,14,62.0,48.0,7.69,10.5
2026-06-13T09:34:00,PCI_7,3,760593902.0,62874555.0,985,39,903,26,15,14,62.0,50.0,23.41,18.89
2026-06-13T09:34:00,PCI_8,2,940076325.0,60651118.0,925,17,843,18,10,12,66.0,47.0,19.86,8.58
2026-06-13T09:34:00,PCI_9,3,56529513.0,32982784.0,1079,38,931,23,13,9,63.0,46.0,17.63,20.47
2026-06-13T09:34:00,PCI_10,2,47726462.0,28021799.0,1127,36,846,21,10,15,66.0,47.0,20.36,27.73
2026-06-13T09:34:00,PCI_11,2,53664985.0,27160521.0,921,12,800,24,8,11,65.0,50.0,9.53,12.42
2026-06-13T09:34:00,PCI_12,3,46832477.0,24957731.0,865,36,922,24,15,12,65.0,49.0,24.13,25.91
2026-06-13T09:34:00,PCI_13,3,58581222.0,30140760.0,1036,7,893,6,11,9,61.0,44.0,21.25,11.49
2026-06-13T09:34:00,PCI_14,3,58456720.0,27033810.0,1163,30,874,16,11,9,60.0,50.0,6.14,18.12
2026-06-13T09:34:00,PCI_15,3,53740098.0,28761652.0,1002,32,973,19,8,15,63.0,52.0,19.53,20.62
2026-06-13T09:34:00,PCI_16,3,58984291.0,31203803.0,1166,15,859,16,15,14,69.0,47.0,18.62,24.63
2026-06-13T09:35:00,PCI_1,3,868506688.0,51159046.0,923,34,804,8,9,10,55.0,53.0,14.43,19.7
2026-06-13T09:35:00,PCI_2,2,885140728.0,51787033.0,1164,9,748,5,12,8,57.0,52.0,8.38,9.71
2026-06-13T09:35:00,PCI_3,3,266079518.0,18934033.0,962,80,598,177,3,4,94.0,67.0,-3.71,3.34
2026-06-13T09:35:00,PCI_4,4,948950470.0,49837033.0,983,37,934,24,8,11,57.0,47.0,7.41,10.46
2026-06-13T09:35:00,PCI_5,3,700382360.0,57865416.0,1127,15,744,18,15,12,69.0,51.0,20.65,19.02
2026-06-13T09:35:00,PCI_6,3,851431150.0,54612222.0,1078,35,945,18,10,14,68.0,48.0,13.05,19.39
2026-06-13T09:35:00,PCI_7,3,751014168.0,59661553.0,1000,5,746,9,11,11,64.0,50.0,22.82,25.76
2026-06-13T09:35:00,PCI_8,3,811783491.0,54887689.0,1178,19,855,22,8,9,59.0,52.0,20.05,20.62
2026-06-13T09:35:00,PCI_9,3,56998770.0,25314379.0,997,5,721,23,15,15,60.0,53.0,21.05,11.85
2026-06-13T09:35:00,PCI_10,3,54355253.0,28679767.0,945,5,935,5,12,15,55.0,53.0,15.4,10.24
2026-06-13T09:35:00,PCI_11,3,59286717.0,28039669.0,900,37,883,19,10,9,67.0,50.0,24.61,20.58
2026-06-13T09:35:00,PCI_12,3,52175855.0,25920824.0,950,37,932,28,12,15,62.0,54.0,21.96,15.36
2026-06-13T09:35:00,PCI_13,3,55955619.0,28727353.0,886,20,931,15,13,14,66.0,50.0,7.49,14.95
2026-06-13T09:35:00,PCI_14,2,52621511.0,27040496.0,909,8,794,20,13,13,59.0,50.0,16.33,13.07
2026-06-13T09:35:00,PCI_15,2,52858033.0,24214180.0,1129,9,691,10,12,8,67.0,50.0,11.4,20.62
2026-06-13T09:35:00,PCI_16,3,59618659.0,30348755.0,1044,29,712,9,8,15,54.0,54.0,21.32,22.45
2026-06-13T09:36:00,PCI_1,3,715215425.0,53846407.0,922,35,841,28,14,9,67.0,48.0,17.64,23.17
2026-06-13T09:36:00,PCI_2,3,858275191.0,55309698.0,1024,36,726,13,12,8,70.0,40.0,22.0,12.25
2026-06-13T09:36:00,PCI_3,3,249111287.0,20234211.0,754,214,730,114,2,6,88.0,72.0,7.22,8.23
2026-06-13T09:36:00,PCI_4,3,710237224.0,56671551.0,1169,20,734,10,11,15,60.0,50.0,6.64,21.1
2026-06-13T09:36:00,PCI_5,3,725199936.0,52058650.0,878,26,818,11,10,14,65.0,51.0,10.07,10.65
2026-06-13T09:36:00,PCI_6,2,732469313.0,56292912.0,897,6,781,25,14,13,64.0,46.0,21.37,9.88
2026-06-13T09:36:00,PCI_7,4,1004143972.0,53085649.0,950,29,870,14,14,15,68.0,53.0,6.74,17.11
2026-06-13T09:36:00,PCI_8,2,795560963.0,47911651.0,954,36,959,24,10,10,60.0,46.0,24.29,13.54
2026-06-13T09:36:00,PCI_9,3,59307667.0,24277315.0,1148,22,750,26,12,15,66.0,45.0,21.12,16.24
2026-06-13T09:36:00,PCI_10,3,58660352.0,23928267.0,1141,37,764,22,13,11,63.0,48.0,16.15,8.83
2026-06-13T09:36:00,PCI_11,3,48860102.0,30986509.0,916,14,756,11,9,12,70.0,56.0,16.35,14.75
2026-06-13T09:36:00,PCI_12,3,61099043.0,22553390.0,1171,5,771,26,14,10,64.0,57.0,8.05,21.24
2026-06-13T09:36:00,PCI_13,3,63890115.0,22996351.0,954,15,871,25,9,10,57.0,52.0,11.95,15.71
2026-06-13T09:36:00,PCI_14,3,66060731.0,28022262.0,969,7,679,25,15,8,66.0,51.0,7.26,25.87
2026-06-13T09:36:00,PCI_15,3,52392455.0,25967027.0,1123,35,841,14,11,14,63.0,47.0,13.22,26.9
2026-06-13T09:36:00,PCI_16,3,57396425.0,26070086.0,913,29,919,18,12,10,64.0,46.0,12.38,16.69
2026-06-13T09:37:00,PCI_1,2,721045110.0,48985805.0,911,6,880,7,14,15,65.0,55.0,8.1,24.49
2026-06-13T09:37:00,PCI_2,3,821516246.0,54771171.0,1049,13,798,8,10,10,60.0,54.0,5.89,10.5
2026-06-13T09:37:00,PCI_3,3,165346447.0,19005057.0,942,175,828,101,7,2,90.0,62.0,1.13,8.33
2026-06-13T09:37:00,PCI_4,2,876073081.0,64506104.0,947,26,772,8,10,12,62.0,54.0,14.68,10.96
2026-06-13T09:37:00,PCI_5,4,883066117.0,62697899.0,1056,37,762,17,12,13,63.0,53.0,13.3,14.53
2026-06-13T09:37:00,PCI_6,3,902762082.0,56167830.0,1144,8,780,16,11,9,60.0,42.0,12.38,23.14
2026-06-13T09:37:00,PCI_7,3,1015006485.0,54180914.0,980,15,761,27,11,13,74.0,50.0,20.08,19.09
2026-06-13T09:37:00,PCI_8,3,933338530.0,59753650.0,1137,35,933,26,10,11,67.0,49.0,13.86,15.03
2026-06-13T09:37:00,PCI_9,3,63810311.0,25947044.0,1177,19,748,21,15,13,61.0,43.0,9.79,12.52
2026-06-13T09:37:00,PCI_10,3,49793094.0,28830341.0,927,7,820,25,8,8,64.0,48.0,5.87,27.16
2026-06-13T09:37:00,PCI_11,3,52133160.0,24277592.0,1005,22,751,14,15,9,62.0,47.0,14.07,21.78
2026-06-13T09:37:00,PCI_12,3,54602970.0,31193361.0,1148,16,747,12,14,8,55.0,46.0,18.26,21.51
2026-06-13T09:37:00,PCI_13,2,59127088.0,27117374.0,910,6,742,21,9,12,63.0,53.0,14.37,14.5
2026-06-13T09:37:00,PCI_14,3,53387385.0,27503533.0,1052,7,699,6,12,13,65.0,48.0,23.6,13.09
2026-06-13T09:37:00,PCI_15,3,54633867.0,26513943.0,1119,19,922,26,9,13,63.0,44.0,18.53,26.96
2026-06-13T09:37:00,PCI_16,4,51482175.0,25712840.0,1010,11,804,28,10,9,64.0,45.0,21.92,10.75
2026-06-13T09:38:00,PCI_1,2,911732788.0,52756409.0,1101,30,784,29,11,15,59.0,52.0,22.9,10.42
2026-06-13T09:38:00,PCI_2,3,841508396.0,57452583.0,917,14,829,22,14,12,64.0,46.0,8.24,12.43
2026-06-13T09:38:00,PCI_3,3,213695090.0,17352112.0,905,202,687,129,5,6,90.0,77.0,-2.04,6.1
2026-06-13T09:38:00,PCI_4,3,772856632.0,56807939.0,1099,30,753,12,10,10,62.0,58.0,10.83,20.49
2026-06-13T09:38:00,PCI_5,3,979847072.0,47088001.0,893,10,698,27,13,10,65.0,53.0,11.61,25.0
2026-06-13T09:38:00,PCI_6,3,774860452.0,57204805.0,970,22,904,21,15,9,65.0,55.0,24.53,10.07
2026-06-13T09:38:00,PCI_7,3,762689498.0,55368025.0,1115,20,718,5,8,12,63.0,57.0,21.34,16.67
2026-06-13T09:38:00,PCI_8,4,834964981.0,51055117.0,978,37,901,11,15,10,71.0,53.0,14.23,26.77
2026-06-13T09:38:00,PCI_9,3,44121163.0,24231840.0,1030,15,924,19,12,9,60.0,55.0,6.5,19.52
2026-06-13T09:38:00,PCI_10,2,61618634.0,33465589.0,1133,38,921,7,8,14,58.0,53.0,8.48,20.79
2026-06-13T09:38:00,PCI_11,3,58561388.0,30656199.0,916,12,764,5,8,14,67.0,48.0,13.24,20.97
2026-06-13T09:38:00,PCI_12,3,48070326.0,25287282.0,1029,9,699,7,11,8,62.0,54.0,16.14,21.76
2026-06-13T09:38:00,PCI_13,3,50727269.0,29566641.0,964,7,776,5,12,8,65.0,46.0,17.72,19.28
2026-06-13T09:38:00,PCI_14,3,56557619.0,27457934.0,1134,25,932,8,12,15,62.0,49.0,19.19,10.53
2026-06-13T09:38:00,PCI_15,2,48915835.0,28287683.0,1023,32,778,7,8,13,69.0,50.0,15.54,8.23
2026-06-13T09:38:00,PCI_16,2,55484963.0,30503985.0,940,12,872,14,8,14,66.0,51.0,14.39,25.18
2026-06-13T09:39:00,PCI_1,4,897567166.0,57960887.0,1027,27,809,25,8,9,61.0,52.0,5.65,8.31
2026-06-13T09:39:00,PCI_2,2,743508576.0,58850486.0,909,8,914,17,15,15,59.0,48.0,12.58,15.45
2026-06-13T09:39:00,PCI_3,3,247880577.0,21715400.0,841,235,591,138,5,2,89.0,65.0,1.86,-2.18
2026-06-13T09:39:00,PCI_4,3,922776520.0,58350059.0,902,21,704,24,12,9,63.0,56.0,22.3,8.72
2026-06-13T09:39:00,PCI_5,2,755758597.0,61014817.0,1145,20,725,22,11,8,64.0,53.0,22.7,13.14
2026-06-13T09:39:00,PCI_6,3,764852543.0,54005493.0,1123,20,854,6,13,11,56.0,51.0,18.21,20.87
2026-06-13T09:39:00,PCI_7,3,811619505.0,54788176.0,916,24,730,25,8,13,69.0,49.0,5.21,12.24
2026-06-13T09:39:00,PCI_8,2,879161414.0,54384444.0,913,31,707,23,9,9,62.0,47.0,6.86,20.55
2026-06-13T09:39:00,PCI_9,4,56142714.0,29141400.0,941,8,870,11,9,13,63.0,53.0,17.72,15.11
2026-06-13T09:39:00,PCI_10,3,49417003.0,29052789.0,1001,38,814,8,8,12,61.0,51.0,11.48,21.19
2026-06-13T09:39:00,PCI_11,2,57371241.0,22563823.0,1013,6,954,15,13,14,68.0,50.0,16.37,11.37
2026-06-13T09:39:00,PCI_12,3,53914861.0,25170343.0,938,14,835,26,8,8,61.0,53.0,7.88,13.51
2026-06-13T09:39:00,PCI_13,3,63352202.0,27757907.0,1135,32,984,15,13,12,63.0,50.0,16.13,12.61
2026-06-13T09:39:00,PCI_14,3,65010359.0,30378001.0,1109,28,862,15,12,12,70.0,53.0,9.55,13.61
2026-06-13T09:39:00,PCI_15,3,60280229.0,31187888.0,933,5,975,22,10,11,70.0,51.0,8.35,14.78
2026-06-13T09:39:00,PCI_16,2,60819431.0,27398081.0,1032,23,980,9,14,10,62.0,44.0,18.77,12.8
2026-06-13T09:40:00,PCI_1,3,857194942.0,58592676.0,972,36,712,5,9,10,62.0,50.0,23.8,27.61
2026-06-13T09:40:00,PCI_2,4,890502726.0,62770855.0,903,38,964,16,14,12,63.0,54.0,14.85,10.93
2026-06-13T09:40:00,PCI_3,3,189685553.0,15953281.0,840,117,912,76,7,4,91.0,70.0,1.79,7.46
2026-06-13T09:40:00,PCI_4,3,894360317.0,58688978.0,1094,35,926,23,14,11,58.0,50.0,14.74,13.19
2026-06-13T09:40:00,PCI_5,3,775932624.0,60489796.0,1151,32,732,22,15,12,62.0,51.0,9.35,17.27
2026-06-13T09:40:00,PCI_6,3,850597123.0,55653838.0,1018,36,889,20,13,15,67.0,43.0,5.06,20.31
2026-06-13T09:40:00,PCI_7,3,1002950935.0,51182147.0,937,21,845,16,10,9,66.0,52.0,15.23,8.83
2026-06-13T09:40:00,PCI_8,3,1004919280.0,61427553.0,1032,16,969,19,11,14,70.0,50.0,17.37,27.82
2026-06-13T09:40:00,PCI_9,3,57405623.0,32115818.0,973,22,704,28,15,12,63.0,58.0,17.24,21.91
2026-06-13T09:40:00,PCI_10,2,44494257.0,25890135.0,905,38,726,24,12,9,63.0,48.0,18.1,26.84
2026-06-13T09:40:00,PCI_11,2,57570111.0,26858344.0,1024,28,898,15,13,12,53.0,54.0,7.59,27.01
2026-06-13T09:40:00,PCI_12,3,49569555.0,27401125.0,1074,16,772,20,12,15,71.0,49.0,11.3,15.57
2026-06-13T09:40:00,PCI_13,3,56628546.0,27288237.0,1175,18,772,8,12,13,61.0,49.0,12.04,20.73
2026-06-13T09:40:00,PCI_14,3,54953260.0,29443896.0,896,16,835,18,14,15,63.0,42.0,6.57,25.29
2026-06-13T09:40:00,PCI_15,3,55894210.0,29829411.0,1003,32,757,11,10,9,59.0,49.0,9.24,24.14
2026-06-13T09:40:00,PCI_16,4,56434333.0,25175896.0,1003,18,965,7,10,8,63.0,50.0,8.81,16.34
2026-06-13T09:41:00,PCI_1,3,777609695.0,54835049.0,1051,29,824,20,8,13,66.0,54.0,11.88,19.65
2026-06-13T09:41:00,PCI_2,4,827452331.0,54844415.0,1023,10,891,15,15,10,65.0,54.0,14.07,22.53
2026-06-13T09:41:00,PCI_3,3,166596377.0,19707693.0,806,123,727,169,4,7,81.0,69.0,-1.92,3.56
2026-06-13T09:41:00,PCI_4,2,961770634.0,57456056.0,1034,31,878,24,9,14,67.0,50.0,17.23,11.23
2026-06-13T09:41:00,PCI_5,3,962215864.0,61094953.0,895,35,721,13,14,8,71.0,47.0,20.02,8.83
2026-06-13T09:41:00,PCI_6,3,824703549.0,65054254.0,951,10,833,22,10,8,66.0,49.0,6.4,20.29
2026-06-13T09:41:00,PCI_7,3,751507692.0,53048240.0,1156,27,759,19,14,12,66.0,56.0,11.78,11.57
2026-06-13T09:41:00,PCI_8,2,813527877.0,61175867.0,972,6,941,29,10,10,62.0,57.0,12.74,21.07
2026-06-13T09:41:00,PCI_9,3,58080932.0,25912275.0,1025,7,703,26,9,9,60.0,54.0,6.71,23.39
2026-06-13T09:41:00,PCI_10,3,56474959.0,30511228.0,915,16,749,29,13,11,70.0,47.0,20.54,16.76
2026-06-13T09:41:00,PCI_11,3,59011412.0,22706394.0,1127,13,954,16,9,10,64.0,58.0,12.32,15.56
2026-06-13T09:41:00,PCI_12,3,51620339.0,35519793.0,1080,30,715,9,15,11,70.0,44.0,15.88,24.6
2026-06-13T09:41:00,PCI_13,3,58484288.0,24631465.0,1014,18,740,27,11,15,58.0,56.0,21.46,9.37
2026-06-13T09:41:00,PCI_14,3,56573930.0,24414592.0,1031,39,708,11,10,8,69.0,49.0,18.1,18.56
2026-06-13T09:41:00,PCI_15,3,45264142.0,27862342.0,1140,13,783,16,8,12,66.0,54.0,21.43,25.12
2026-06-13T09:41:00,PCI_16,3,58179824.0,28878045.0,933,19,913,16,13,13,64.0,53.0,24.36,27.2
2026-06-13T09:42:00,PCI_1,3,818506542.0,52961789.0,953,7,904,13,15,10,67.0,52.0,15.96,14.65
2026-06-13T09:42:00,PCI_2,2,827723498.0,56132553.0,1177,13,917,27,9,14,65.0,54.0,23.36,24.62
2026-06-13T09:42:00,PCI_3,1,268211288.0,17231497.0,927,246,768,167,5,2,91.0,76.0,5.68,4.48
2026-06-13T09:42:00,PCI_4,4,865190038.0,56076106.0,965,22,790,3,12,9,56.0,45.0,11.09,27.95
2026-06-13T09:42:00,PCI_5,2,821017970.0,58012820.0,1000,18,949,3,11,9,62.0,56.0,21.52,18.3
2026-06-13T09:42:00,PCI_6,3,909101670.0,62818714.0,1058,22,903,14,8,13,70.0,51.0,23.5,24.66
2026-06-13T09:42:00,PCI_7,3,828440448.0,49584727.0,896,7,911,29,10,9,61.0,60.0,10.06,25.39
2026-06-13T09:42:00,PCI_8,4,769089179.0,60243253.0,1094,22,823,4,15,15,68.0,51.0,15.64,13.04
2026-06-13T09:42:00,PCI_9,3,63054249.0,28244880.0,886,14,720,18,9,8,56.0,51.0,5.73,10.78
2026-06-13T09:42:00,PCI_10,3,55648053.0,27409419.0,1079,15,710,25,9,9,61.0,50.0,11.31,23.39
2026-06-13T09:42:00,PCI_11,3,60040085.0,27473804.0,1110,29,848,11,11,9,62.0,58.0,15.93,27.41
2026-06-13T09:42:00,PCI_12,3,56367471.0,32433152.0,969,12,803,17,14,12,63.0,52.0,24.8,13.76
2026-06-13T09:42:00,PCI_13,3,53822414.0,26186075.0,985,12,959,3,9,8,64.0,52.0,18.24,18.28
2026-06-13T09:42:00,PCI_14,3,55814271.0,27489896.0,1124,18,765,27,8,9,53.0,46.0,8.32,16.76
2026-06-13T09:42:00,PCI_15,3,58158150.0,29207281.0,942,32,884,25,12,12,63.0,47.0,16.76,8.97
2026-06-13T09:42:00,PCI_16,3,55522658.0,33254541.0,968,14,984,10,9,9,65.0,51.0,9.67,24.73
2026-06-13T09:43:00,PCI_1,3,810547302.0,59752591.0,1011,18,790,12,8,15,67.0,52.0,8.78,10.87
2026-06-13T09:43:00,PCI_2,3,832493252.0,53901940.0,1153,35,772,24,12,12,66.0,49.0,10.7,17.34
2026-06-13T09:43:00,PCI_3,3,271587502.0,13213468.0,876,114,696,91,7,6,94.0,67.0,-3.14,2.02
2026-06-13T09:43:00,PCI_4,2,890099853.0,58537732.0,950,37,956,14,12,14,67.0,54.0,7.54,19.42
2026-06-13T09:43:00,PCI_5,3,843217164.0,48485122.0,1115,16,833,23,15,9,65.0,53.0,15.34,24.93
2026-06-13T09:43:00,PCI_6,3,786352064.0,54595133.0,1000,24,929,13,15,15,61.0,48.0,21.48,18.22
2026-06-13T09:43:00,PCI_7,3,772823976.0,55013701.0,918,16,721,21,14,8,67.0,54.0,12.79,22.18
2026-06-13T09:43:00,PCI_8,3,951555364.0,50438089.0,1037,22,820,23,15,15,63.0,41.0,9.99,18.53
2026-06-13T09:43:00,PCI_9,3,58598476.0,28254431.0,920,38,693,19,11,8,57.0,52.0,16.07,8.77
2026-06-13T09:43:00,PCI_10,4,57380754.0,27134620.0,1158,22,789,6,15,13,66.0,53.0,18.12,21.45
2026-06-13T09:43:00,PCI_11,4,53264058.0,30690299.0,1133,34,774,24,9,14,61.0,54.0,6.02,20.4
2026-06-13T09:43:00,PCI_12,3,57092954.0,32585294.0,881,27,852,3,12,11,69.0,50.0,20.55,10.74
2026-06-13T09:43:00,PCI_13,3,58699665.0,29121663.0,1123,39,819,25,11,11,65.0,53.0,10.05,21.37
2026-06-13T09:43:00,PCI_14,3,58686383.0,31248939.0,893,13,791,17,14,12,73.0,47.0,22.67,24.79
2026-06-13T09:43:00,PCI_15,3,59678582.0,36152245.0,1163,17,850,24,9,10,63.0,49.0,13.38,9.27
2026-06-13T09:43:00,PCI_16,3,61588899.0,31090970.0,1139,26,831,29,10,10,63.0,46.0,6.01,12.72
2026-06-13T09:44:00,PCI_1,3,947051561.0,60720951.0,958,9,881,5,14,8,66.0,54.0,12.78,18.05
2026-06-13T09:44:00,PCI_2,3,933113354.0,54429865.0,1171,26,971,3,11,14,66.0,52.0,5.77,18.99
2026-06-13T09:44:00,PCI_3,3,276408457.0,23939570.0,895,91,811,74,4,4,88.0,78.0,1.93,-1.14
2026-06-13T09:44:00,PCI_4,3,964591196.0,57290534.0,1079,28,747,21,10,11,57.0,51.0,14.57,25.12
2026-06-13T09:44:00,PCI_5,3,805442963.0,60509239.0,1061,6,842,7,8,9,67.0,60.0,10.73,25.33
2026-06-13T09:44:00,PCI_6,2,922157649.0,61481999.0,1178,20,965,6,10,13,62.0,60.0,10.91,24.63
2026-06-13T09:44:00,PCI_7,3,786294421.0,59772978.0,883,28,900,11,15,9,62.0,44.0,7.2,8.15
2026-06-13T09:44:00,PCI_8,2,889407071.0,54686644.0,927,34,939,9,12,13,70.0,56.0,7.38,19.16
2026-06-13T09:44:00,PCI_9,3,53798464.0,25754803.0,1078,36,901,10,10,15,68.0,48.0,9.2,22.85
2026-06-13T09:44:00,PCI_10,4,64131097.0,26875471.0,962,36,871,21,15,10,65.0,55.0,18.89,19.61
2026-06-13T09:44:00,PCI_11,3,53397068.0,28146285.0,1035,19,720,18,10,11,68.0,58.0,20.83,26.82
2026-06-13T09:44:00,PCI_12,3,54481396.0,27393333.0,1069,37,863,17,14,8,67.0,49.0,12.91,20.14
2026-06-13T09:44:00,PCI_13,3,56754113.0,28318279.0,1132,33,789,18,15,15,59.0,57.0,7.08,19.66
2026-06-13T09:44:00,PCI_14,3,59169080.0,31082963.0,1010,22,953,24,14,11,64.0,39.0,19.11,12.68
2026-06-13T09:44:00,PCI_15,3,63957587.0,27199099.0,1038,24,884,15,8,10,60.0,55.0,23.44,12.84
2026-06-13T09:44:00,PCI_16,3,57003185.0,28889553.0,1004,30,825,9,8,13,60.0,60.0,15.45,26.09
2026-06-13T09:45:00,PCI_1,4,862957991.0,58514089.0,1150,31,844,12,14,11,65.0,45.0,22.63,12.05
2026-06-13T09:45:00,PCI_2,4,726734902.0,54097364.0,1048,28,961,4,15,13,62.0,47.0,6.25,21.93
2026-06-13T09:45:00,PCI_3,2,289417372.0,18618037.0,943,180,817,105,4,4,89.0,86.0,-3.65,0.28
2026-06-13T09:45:00,PCI_4,4,915140245.0,59850750.0,944,33,820,18,8,14,67.0,55.0,13.29,26.14
2026-06-13T09:45:00,PCI_5,3,774979071.0,61156646.0,884,20,957,20,13,12,65.0,53.0,23.77,13.15
2026-06-13T09:45:00,PCI_6,4,721344981.0,60929271.0,1138,34,766,20,8,14,66.0,52.0,5.22,24.39
2026-06-13T09:45:00,PCI_7,3,784600804.0,57812267.0,907,27,893,4,14,8,59.0,58.0,17.42,23.42
2026-06-13T09:45:00,PCI_8,3,972844188.0,60648968.0,1044,26,981,6,9,9,64.0,61.0,15.95,8.98
2026-06-13T09:45:00,PCI_9,3,54152992.0,29960329.0,950,23,892,6,9,14,59.0,52.0,16.65,15.64
2026-06-13T09:45:00,PCI_10,3,58154473.0,29217303.0,960,8,926,14,12,11,60.0,58.0,16.62,16.61
2026-06-13T09:45:00,PCI_11,3,57930315.0,29862152.0,930,11,830,7,11,14,64.0,53.0,7.35,15.38
2026-06-13T09:45:00,PCI_12,4,66935018.0,28974425.0,969,16,915,6,9,12,68.0,51.0,12.14,17.71
2026-06-13T09:45:00,PCI_13,3,56324900.0,26873615.0,1144,21,770,28,14,11,57.0,55.0,10.96,24.73
2026-06-13T09:45:00,PCI_14,3,50779399.0,27883565.0,879,21,746,16,12,10,67.0,57.0,7.99,10.19
2026-06-13T09:45:00,PCI_15,3,48240180.0,27633410.0,1079,34,951,17,14,10,64.0,54.0,7.89,20.37
2026-06-13T09:45:00,PCI_16,3,67171368.0,27811971.0,1077,13,778,16,11,15,59.0,48.0,19.61,10.47
2026-06-13T09:46:00,PCI_1,3,900694357.0,62640858.0,1018,15,759,14,9,10,63.0,45.0,11.61,18.08
2026-06-13T09:46:00,PCI_2,3,898814143.0,53197745.0,1135,26,891,17,14,14,62.0,51.0,23.66,18.54
2026-06-13T09:46:00,PCI_3,4,263748099.0,17858862.0,811,209,705,100,2,7,89.0,76.0,4.94,5.98
2026-06-13T09:46:00,PCI_4,2,873294223.0,50401405.0,1025,24,737,10,8,10,67.0,53.0,7.38,24.93
2026-06-13T09:46:00,PCI_5,4,911949778.0,56915639.0,904,18,689,16,13,15,60.0,52.0,8.0,21.36
2026-06-13T09:46:00,PCI_6,3,757099824.0,60365607.0,1009,20,777,4,11,10,64.0,58.0,11.44,9.44
2026-06-13T09:46:00,PCI_7,4,846613204.0,56171146.0,963,9,821,27,12,12,68.0,48.0,7.0,13.16
2026-06-13T09:46:00,PCI_8,2,956857672.0,57226676.0,1108,22,942,7,8,9,66.0,53.0,5.59,8.77
2026-06-13T09:46:00,PCI_9,4,66225524.0,29295777.0,1106,6,765,19,11,9,64.0,60.0,14.8,8.81
2026-06-13T09:46:00,PCI_10,3,52930345.0,28183727.0,920,15,897,23,12,15,69.0,46.0,8.52,13.44
2026-06-13T09:46:00,PCI_11,2,68294221.0,28580403.0,955,39,962,29,14,8,59.0,47.0,8.84,25.34
2026-06-13T09:46:00,PCI_12,3,59550329.0,28299405.0,1049,14,819,26,9,11,66.0,51.0,21.63,21.41
2026-06-13T09:46:00,PCI_13,3,63511269.0,26369632.0,1154,5,898,5,12,8,61.0,47.0,20.98,18.86
2026-06-13T09:46:00,PCI_14,3,51814540.0,27288963.0,1157,38,774,12,14,14,64.0,55.0,14.61,17.66
2026-06-13T09:46:00,PCI_15,2,49613131.0,25266775.0,1079,18,697,17,11,15,69.0,51.0,13.91,10.3
2026-06-13T09:46:00,PCI_16,3,57755410.0,30608898.0,1075,12,686,27,15,8,64.0,50.0,17.02,15.38
2026-06-13T09:47:00,PCI_1,3,948205003.0,56403757.0,916,19,690,12,11,9,63.0,51.0,14.32,23.45
2026-06-13T09:47:00,PCI_2,3,787987605.0,64947817.0,1123,35,716,22,13,11,65.0,52.0,21.16,19.14
2026-06-13T09:47:00,PCI_3,3,277933050.0,15823497.0,833,80,766,124,5,5,84.0,73.0,0.96,5.84
2026-06-13T09:47:00,PCI_4,3,883611349.0,62201058.0,896,28,757,3,12,9,59.0,49.0,16.91,9.91
2026-06-13T09:47:00,PCI_5,3,1012402965.0,64426881.0,977,11,703,19,9,13,65.0,56.0,10.91,10.79
2026-06-13T09:47:00,PCI_6,3,885130825.0,53851862.0,942,37,962,10,10,14,68.0,61.0,5.05,9.47
2026-06-13T09:47:00,PCI_7,3,782825735.0,55162743.0,1045,34,835,7,14,8,63.0,51.0,11.81,21.5
2026-06-13T09:47:00,PCI_8,2,765522538.0,62991926.0,1013,16,893,8,15,13,65.0,56.0,16.26,9.84
2026-06-13T09:47:00,PCI_9,3,57199016.0,25727190.0,931,12,837,29,10,8,66.0,50.0,23.84,24.31
2026-06-13T09:47:00,PCI_10,2,63438351.0,30139867.0,977,28,699,7,8,15,62.0,53.0,7.93,14.72
2026-06-13T09:47:00,PCI_11,4,47191951.0,32429495.0,1060,32,763,12,11,14,70.0,49.0,16.72,26.31
2026-06-13T09:47:00,PCI_12,3,55099648.0,29667447.0,1107,12,829,9,14,9,62.0,53.0,10.85,9.75
2026-06-13T09:47:00,PCI_13,3,46185170.0,30795255.0,981,30,786,27,15,11,65.0,52.0,15.6,14.2
2026-06-13T09:47:00,PCI_14,4,49798703.0,29497160.0,1032,18,783,15,13,10,58.0,44.0,11.82,12.71
2026-06-13T09:47:00,PCI_15,3,59634833.0,26460657.0,985,36,795,9,14,12,67.0,54.0,19.88,22.87
2026-06-13T09:47:00,PCI_16,3,66155354.0,31933239.0,956,32,690,22,14,9,66.0,51.0,23.09,10.73
2026-06-13T09:48:00,PCI_1,3,732540950.0,55662797.0,1010,8,797,15,10,13,63.0,53.0,14.86,16.47
2026-06-13T09:48:00,PCI_2,4,999312875.0,68921331.0,1137,26,928,4,13,12,66.0,52.0,19.96,10.93
2026-06-13T09:48:00,PCI_3,3,288551787.0,14863725.0,1083,86,609,167,6,2,86.0,74.0,-2.42,9.64
2026-06-13T09:48:00,PCI_4,3,887531718.0,64700292.0,895,34,803,6,14,11,65.0,54.0,10.87,9.64
2026-06-13T09:48:00,PCI_5,4,926572103.0,67115835.0,1087,32,961,12,9,12,62.0,57.0,20.19,26.79
2026-06-13T09:48:00,PCI_6,2,969029395.0,57836421.0,1008,34,871,13,11,9,66.0,55.0,12.52,15.24
2026-06-13T09:48:00,PCI_7,3,874343158.0,59603325.0,892,8,856,17,15,12,75.0,59.0,13.88,12.03
2026-06-13T09:48:00,PCI_8,4,945190887.0,59780182.0,1021,34,944,18,9,8,66.0,48.0,18.78,16.3
2026-06-13T09:48:00,PCI_9,2,68537937.0,28773853.0,1185,11,776,4,12,15,62.0,52.0,17.08,9.96
2026-06-13T09:48:00,PCI_10,2,54560643.0,30210392.0,959,30,872,3,13,10,61.0,53.0,24.03,11.64
2026-06-13T09:48:00,PCI_11,4,57782583.0,29003146.0,1037,28,773,12,10,12,64.0,53.0,7.12,10.23
2026-06-13T09:48:00,PCI_12,4,48850217.0,26132757.0,1084,35,943,8,14,10,63.0,53.0,16.36,15.12
2026-06-13T09:48:00,PCI_13,3,59207123.0,21537521.0,1012,19,756,29,10,8,74.0,54.0,22.91,26.14
2026-06-13T09:48:00,PCI_14,3,59259372.0,29848082.0,1005,25,806,24,9,8,68.0,57.0,16.44,18.86
2026-06-13T09:48:00,PCI_15,2,60440099.0,26650373.0,951,26,932,20,13,11,63.0,52.0,15.02,27.55
2026-06-13T09:48:00,PCI_16,4,59408552.0,32412146.0,930,28,698,25,13,11,68.0,47.0,7.29,27.67
2026-06-13T09:49:00,PCI_1,3,873630686.0,55998796.0,1129,8,737,22,10,15,64.0,57.0,14.8,20.88
2026-06-13T09:49:00,PCI_2,3,945742770.0,62036505.0,1152,6,676,24,8,15,70.0,60.0,13.96,9.08
2026-06-13T09:49:00,PCI_3,3,273851313.0,15568854.0,891,242,867,80,5,7,93.0,71.0,4.15,1.79
2026-06-13T09:49:00,PCI_4,4,1055434076.0,56845408.0,903,17,958,24,10,15,69.0,52.0,21.63,17.59
2026-06-13T09:49:00,PCI_5,3,1002283904.0,49134657.0,873,34,891,21,11,9,65.0,57.0,22.76,19.65
2026-06-13T09:49:00,PCI_6,4,809368418.0,58119923.0,1050,10,960,25,13,10,59.0,59.0,12.53,21.89
2026-06-13T09:49:00,PCI_7,3,990815167.0,60873012.0,1141,38,754,9,15,8,66.0,58.0,21.89,23.4
2026-06-13T09:49:00,PCI_8,4,980387087.0,50652714.0,1084,39,744,26,15,15,66.0,55.0,5.37,12.22
2026-06-13T09:49:00,PCI_9,2,65536730.0,27679571.0,936,6,856,7,12,8,64.0,56.0,9.39,20.59
2026-06-13T09:49:00,PCI_10,3,59639543.0,26779087.0,962,5,702,8,14,8,59.0,55.0,8.62,15.38
2026-06-13T09:49:00,PCI_11,3,61867130.0,27642002.0,992,11,792,3,15,15,63.0,53.0,7.33,19.36
2026-06-13T09:49:00,PCI_12,2,56190057.0,30842085.0,972,29,854,7,13,14,61.0,61.0,17.97,27.15
2026-06-13T09:49:00,PCI_13,4,55290460.0,30427710.0,1057,11,838,16,8,10,64.0,55.0,24.21,20.91
2026-06-13T09:49:00,PCI_14,3,68314408.0,27732839.0,1182,7,880,12,13,11,71.0,55.0,20.31,26.0
2026-06-13T09:49:00,PCI_15,3,58213400.0,29166397.0,967,9,945,8,14,8,65.0,53.0,15.38,10.75
2026-06-13T09:49:00,PCI_16,3,58743728.0,29909339.0,955,23,745,27,12,11,64.0,43.0,7.35,17.1
2026-06-13T09:50:00,PCI_1,3,822627208.0,55349096.0,1094,34,704,6,14,8,68.0,48.0,5.41,24.5
2026-06-13T09:50:00,PCI_2,3,934171315.0,65748243.0,987,25,871,26,9,9,64.0,54.0,6.66,26.99
2026-06-13T09:50:00,PCI_3,3,220088270.0,20681534.0,953,92,834,88,2,4,93.0,77.0,7.03,-0.41
2026-06-13T09:50:00,PCI_4,3,814459863.0,59581133.0,1147,24,688,22,14,10,60.0,60.0,11.36,11.16
2026-06-13T09:50:00,PCI_5,3,1089275159.0,61373744.0,1158,30,957,8,8,12,68.0,49.0,21.44,14.96
2026-06-13T09:50:00,PCI_6,3,924120532.0,61054500.0,1109,13,690,24,11,13,61.0,59.0,14.12,19.17
2026-06-13T09:50:00,PCI_7,3,1004160548.0,69183128.0,1000,30,752,15,8,8,66.0,54.0,14.78,20.3
2026-06-13T09:50:00,PCI_8,3,952181427.0,57468578.0,978,21,766,28,15,15,66.0,56.0,5.47,27.88
2026-06-13T09:50:00,PCI_9,3,55684779.0,26584614.0,1097,6,831,27,10,14,62.0,53.0,21.87,13.79
2026-06-13T09:50:00,PCI_10,3,50127774.0,28197853.0,958,7,852,22,13,10,68.0,51.0,15.95,19.26
2026-06-13T09:50:00,PCI_11,3,53293410.0,30628486.0,1095,6,904,4,10,9,65.0,59.0,6.69,14.7
2026-06-13T09:50:00,PCI_12,3,56699098.0,24903663.0,1165,6,846,19,8,12,68.0,54.0,23.24,17.11
2026-06-13T09:50:00,PCI_13,3,67292281.0,33688910.0,1165,17,878,25,13,14,58.0,54.0,15.77,15.79
2026-06-13T09:50:00,PCI_14,3,53544108.0,25403460.0,1132,20,842,14,15,9,70.0,54.0,23.27,10.86
2026-06-13T09:50:00,PCI_15,3,63335951.0,33421999.0,918,31,868,27,8,13,63.0,54.0,13.97,9.73
2026-06-13T09:50:00,PCI_16,3,57375961.0,29612593.0,1045,11,907,23,15,14,64.0,51.0,5.46,23.04
2026-06-13T09:51:00,PCI_1,4,802342873.0,54814485.0,978,26,697,10,12,12,61.0,59.0,22.66,13.97
2026-06-13T09:51:00,PCI_2,3,850463427.0,68115050.0,1105,9,769,6,11,14,74.0,49.0,22.63,14.64
2026-06-13T09:51:00,PCI_3,3,281590851.0,21099621.0,882,157,795,116,3,7,98.0,70.0,0.93,7.35
2026-06-13T09:51:00,PCI_4,3,914776442.0,52489355.0,1058,20,836,5,15,13,67.0,53.0,9.0,9.46
2026-06-13T09:51:00,PCI_5,3,977000224.0,64426807.0,870,30,977,11,13,15,69.0,51.0,24.96,20.79
2026-06-13T09:51:00,PCI_6,3,961567470.0,56247477.0,896,39,842,11,11,12,71.0,51.0,19.1,24.42
2026-06-13T09:51:00,PCI_7,3,786625707.0,64014159.0,935,19,707,8,9,14,70.0,50.0,11.41,27.52
2026-06-13T09:51:00,PCI_8,3,819653502.0,76470863.0,1006,16,874,8,10,8,67.0,60.0,5.03,21.02
2026-06-13T09:51:00,PCI_9,3,51387311.0,29929044.0,1059,25,894,13,14,8,64.0,48.0,18.92,16.54
2026-06-13T09:51:00,PCI_10,3,60561821.0,28933977.0,1074,20,965,8,9,15,57.0,50.0,8.99,26.04
2026-06-13T09:51:00,PCI_11,2,50189034.0,29353638.0,1183,5,966,11,15,11,66.0,55.0,14.57,16.96
2026-06-13T09:51:00,PCI_12,4,61002166.0,33760684.0,1004,31,916,29,15,14,75.0,41.0,17.87,23.95
2026-06-13T09:51:00,PCI_13,3,64911920.0,28965068.0,1009,13,800,13,15,14,68.0,53.0,11.18,26.83
2026-06-13T09:51:00,PCI_14,4,59381010.0,30984298.0,926,11,912,5,11,12,62.0,52.0,19.28,21.65
2026-06-13T09:51:00,PCI_15,4,54034625.0,29621035.0,1162,10,830,9,9,13,64.0,54.0,14.78,10.17
2026-06-13T09:51:00,PCI_16,3,65193690.0,27404205.0,1110,36,869,21,9,10,66.0,53.0,14.52,12.53
2026-06-13T09:52:00,PCI_1,3,833383457.0,54734935.0,1052,7,830,29,12,8,69.0,51.0,16.95,22.83
2026-06-13T09:52:00,PCI_2,4,913657878.0,64164274.0,1028,33,682,22,11,8,67.0,55.0,10.04,26.28
2026-06-13T09:52:00,PCI_3,4,226320847.0,16433466.0,787,119,584,132,7,6,88.0,77.0,3.07,9.72
2026-06-13T09:52:00,PCI_4,3,803009959.0,56434576.0,1090,35,850,16,9,10,74.0,50.0,21.58,12.02
2026-06-13T09:52:00,PCI_5,3,862207323.0,53939269.0,910,26,967,18,14,8,75.0,57.0,16.09,11.54
2026-06-13T09:52:00,PCI_6,4,910767016.0,63550213.0,1114,7,717,18,15,13,65.0,53.0,5.96,26.07
2026-06-13T09:52:00,PCI_7,3,901802804.0,59488380.0,971,9,924,19,14,9,67.0,52.0,24.76,23.32
2026-06-13T09:52:00,PCI_8,2,830321461.0,62646904.0,1153,38,864,19,8,11,70.0,58.0,5.81,20.16
2026-06-13T09:52:00,PCI_9,3,59109560.0,30051309.0,895,9,955,20,12,12,76.0,51.0,13.07,19.41
2026-06-13T09:52:00,PCI_10,3,64592343.0,34549429.0,979,17,963,23,10,10,67.0,52.0,21.19,19.23
2026-06-13T09:52:00,PCI_11,4,61118024.0,33454738.0,1179,7,823,17,9,10,73.0,54.0,9.66,12.86
2026-06-13T09:52:00,PCI_12,4,59991804.0,21202078.0,952,5,951,20,11,12,66.0,49.0,23.65,21.1
2026-06-13T09:52:00,PCI_13,2,52951248.0,25572251.0,1173,26,984,15,15,8,68.0,57.0,7.17,14.32
2026-06-13T09:52:00,PCI_14,3,65486563.0,22984503.0,1092,5,926,25,15,15,66.0,47.0,10.0,24.45
2026-06-13T09:52:00,PCI_15,3,57019104.0,27576727.0,968,7,714,27,13,13,62.0,49.0,18.88,13.24
2026-06-13T09:52:00,PCI_16,3,54364658.0,33632199.0,1096,39,773,29,11,15,65.0,58.0,17.8,21.34
2026-06-13T09:53:00,PCI_1,4,860061177.0,57193185.0,1055,19,709,26,8,14,62.0,55.0,10.56,12.12
2026-06-13T09:53:00,PCI_2,2,912084373.0,63698157.0,1152,10,825,6,15,15,66.0,62.0,8.33,19.61
2026-06-13T09:53:00,PCI_3,3,278815960.0,26124645.0,920,231,681,121,3,2,87.0,69.0,2.77,0.67
2026-06-13T09:53:00,PCI_4,3,978630005.0,53242464.0,1094,5,822,17,12,12,68.0,52.0,6.75,12.75
2026-06-13T09:53:00,PCI_5,3,878688583.0,61373543.0,1109,16,939,10,10,8,71.0,48.0,8.55,25.29
2026-06-13T09:53:00,PCI_6,2,884085752.0,62037400.0,1151,36,856,25,14,15,67.0,58.0,10.24,14.52
2026-06-13T09:53:00,PCI_7,3,756085842.0,63932804.0,1126,30,857,14,13,8,71.0,59.0,13.63,12.18
2026-06-13T09:53:00,PCI_8,3,876327769.0,67856090.0,1004,26,865,16,9,12,68.0,57.0,19.71,26.63
2026-06-13T09:53:00,PCI_9,3,58518601.0,27843274.0,1130,11,720,26,13,14,68.0,61.0,23.12,20.09
2026-06-13T09:53:00,PCI_10,3,58691440.0,25715068.0,955,21,716,24,9,9,72.0,60.0,7.3,17.43
2026-06-13T09:53:00,PCI_11,2,55538437.0,30564480.0,1008,18,939,7,14,10,75.0,55.0,19.46,10.48
2026-06-13T09:53:00,PCI_12,3,61649735.0,30116510.0,998,27,951,10,8,10,65.0,47.0,16.63,18.04
2026-06-13T09:53:00,PCI_13,4,55236116.0,32861048.0,892,19,962,19,9,9,64.0,54.0,5.53,24.89
2026-06-13T09:53:00,PCI_14,3,59470562.0,36099505.0,1129,27,797,12,10,12,65.0,55.0,13.83,17.65
2026-06-13T09:53:00,PCI_15,3,63179219.0,30651886.0,1029,23,973,4,12,14,65.0,53.0,18.77,16.82
2026-06-13T09:53:00,PCI_16,4,56569276.0,27581666.0,1002,18,871,22,12,13,68.0,59.0,14.5,11.89
2026-06-13T09:54:00,PCI_1,3,894147104.0,60138659.0,1026,20,711,6,9,8,74.0,59.0,9.7,15.25
2026-06-13T09:54:00,PCI_2,3,905545784.0,54389988.0,906,39,810,18,15,13,66.0,65.0,20.43,25.4
2026-06-13T09:54:00,PCI_3,3,276717404.0,18272140.0,1016,172,849,115,6,3,97.0,71.0,-3.44,-1.44
2026-06-13T09:54:00,PCI_4,3,1016676778.0,60318233.0,1004,24,821,29,9,12,71.0,52.0,8.98,22.2
2026-06-13T09:54:00,PCI_5,4,945557403.0,55678816.0,1142,7,808,20,15,8,64.0,58.0,24.77,10.21
2026-06-13T09:54:00,PCI_6,3,855662442.0,74022723.0,1088,17,707,14,14,10,69.0,52.0,16.33,12.93
2026-06-13T09:54:00,PCI_7,4,961874353.0,64365168.0,1119,34,834,13,8,14,64.0,55.0,11.52,10.79
2026-06-13T09:54:00,PCI_8,3,1018274891.0,59404697.0,1003,24,773,26,12,11,62.0,49.0,9.91,9.15
2026-06-13T09:54:00,PCI_9,4,53120934.0,27437678.0,1105,25,963,17,8,10,76.0,57.0,12.96,9.13
2026-06-13T09:54:00,PCI_10,3,67346832.0,31394800.0,934,8,945,20,15,10,66.0,55.0,18.3,9.99
2026-06-13T09:54:00,PCI_11,3,59847744.0,30007035.0,1116,16,825,20,13,13,67.0,51.0,7.48,25.55
2026-06-13T09:54:00,PCI_12,3,57183122.0,32184650.0,1011,12,868,3,13,12,66.0,54.0,12.22,19.78
2026-06-13T09:54:00,PCI_13,4,58094465.0,29273530.0,1097,31,864,10,9,13,71.0,54.0,24.51,21.07
2026-06-13T09:54:00,PCI_14,3,54338359.0,30121346.0,1138,37,968,11,11,12,64.0,50.0,20.51,24.94
2026-06-13T09:54:00,PCI_15,4,54748026.0,31829761.0,893,10,942,14,12,13,66.0,50.0,9.02,25.36
2026-06-13T09:54:00,PCI_16,3,56000464.0,35715859.0,1072,7,942,5,15,13,63.0,51.0,16.88,23.63
2026-06-13T09:55:00,PCI_1,3,877787616.0,62414171.0,1032,12,695,17,15,10,68.0,57.0,9.66,10.43
2026-06-13T09:55:00,PCI_2,3,1052862478.0,64442310.0,919,24,788,6,12,10,60.0,53.0,5.65,25.45
2026-06-13T09:55:00,PCI_3,3,319405735.0,21211973.0,972,212,656,161,4,4,92.0,72.0,6.44,3.51
2026-06-13T09:55:00,PCI_4,3,1020010192.0,65387243.0,1134,30,926,21,8,12,71.0,45.0,11.96,22.0
2026-06-13T09:55:00,PCI_5,3,873746455.0,63296451.0,957,29,907,28,11,14,65.0,60.0,15.31,8.7
2026-06-13T09:55:00,PCI_6,4,853163395.0,63028269.0,946,18,737,4,14,9,73.0,49.0,16.54,8.91
2026-06-13T09:55:00,PCI_7,3,976027482.0,57670068.0,973,24,793,27,10,11,67.0,59.0,8.04,13.59
2026-06-13T09:55:00,PCI_8,3,963504849.0,48230583.0,1085,7,925,27,12,11,67.0,55.0,19.49,19.4
2026-06-13T09:55:00,PCI_9,3,56909711.0,27825204.0,1029,38,754,15,11,14,61.0,54.0,8.51,20.52
2026-06-13T09:55:00,PCI_10,3,60529082.0,32740351.0,932,24,902,3,15,12,72.0,50.0,18.93,10.81
2026-06-13T09:55:00,PCI_11,3,67596625.0,28096506.0,1042,34,919,27,8,11,66.0,59.0,10.17,24.85
2026-06-13T09:55:00,PCI_12,3,59589427.0,34534757.0,1029,29,759,19,10,15,75.0,56.0,12.37,21.5
2026-06-13T09:55:00,PCI_13,3,57653684.0,29827974.0,913,11,822,11,14,12,65.0,50.0,16.82,17.96
2026-06-13T09:55:00,PCI_14,3,60510547.0,26432219.0,1009,14,951,14,13,9,73.0,48.0,13.92,19.17
2026-06-13T09:55:00,PCI_15,3,53669978.0,28257593.0,1089,6,805,28,14,14,67.0,55.0,6.29,15.1
2026-06-13T09:55:00,PCI_16,3,61678137.0,35912130.0,905,9,938,29,14,9,69.0,51.0,13.94,10.48
2026-06-13T09:56:00,PCI_1,4,979207263.0,61242739.0,1160,25,800,5,13,13,71.0,53.0,6.23,16.92
2026-06-13T09:56:00,PCI_2,3,856545497.0,54648811.0,947,9,682,25,15,15,67.0,53.0,5.87,22.94
2026-06-13T09:56:00,PCI_3,3,186867085.0,22198997.0,743,226,796,170,4,3,97.0,75.0,-0.73,-0.39
2026-06-13T09:56:00,PCI_4,3,778424721.0,62878293.0,1099,6,869,25,13,8,66.0,52.0,21.83,19.0
2026-06-13T09:56:00,PCI_5,4,816857761.0,68363264.0,1036,11,965,21,10,10,65.0,54.0,22.88,24.81
2026-06-13T09:56:00,PCI_6,4,1087264420.0,66449376.0,1076,24,781,13,9,14,60.0,50.0,14.05,16.41
2026-06-13T09:56:00,PCI_7,2,909178374.0,63779312.0,1089,13,972,8,8,11,61.0,54.0,23.29,23.19
2026-06-13T09:56:00,PCI_8,3,900450337.0,60296166.0,1115,11,758,13,9,12,70.0,60.0,6.04,15.73
2026-06-13T09:56:00,PCI_9,3,57052759.0,30769433.0,908,14,685,25,11,15,62.0,59.0,22.62,22.84
2026-06-13T09:56:00,PCI_10,3,71951181.0,32577082.0,883,21,775,28,13,14,72.0,61.0,6.47,18.59
2026-06-13T09:56:00,PCI_11,2,61643480.0,26983497.0,943,34,737,24,12,9,66.0,50.0,18.83,26.83
2026-06-13T09:56:00,PCI_12,2,68366051.0,32923845.0,988,24,733,16,9,8,75.0,53.0,13.89,19.47
2026-06-13T09:56:00,PCI_13,2,57287675.0,31618896.0,1171,15,910,20,12,12,69.0,44.0,23.49,10.17
2026-06-13T09:56:00,PCI_14,4,70457309.0,29424684.0,1167,30,982,11,8,14,66.0,52.0,17.98,9.87
2026-06-13T09:56:00,PCI_15,3,58908471.0,30577058.0,912,12,965,4,11,10,69.0,52.0,23.9,10.99
2026-06-13T09:56:00,PCI_16,3,59311047.0,33354909.0,929,18,868,24,14,11,69.0,53.0,8.42,12.45
2026-06-13T09:57:00,PCI_1,4,745670719.0,63422432.0,985,8,914,24,10,13,62.0,52.0,13.69,8.69
2026-06-13T09:57:00,PCI_2,4,892063285.0,59939374.0,919,23,842,16,8,11,67.0,58.0,24.84,16.36
2026-06-13T09:57:00,PCI_3,3,217061136.0,16843703.0,817,86,786,114,3,6,93.0,74.0,-0.2,2.04
2026-06-13T09:57:00,PCI_4,3,1054657269.0,56443909.0,995,21,854,8,10,12,69.0,56.0,20.61,17.97
2026-06-13T09:57:00,PCI_5,4,907769132.0,69164972.0,1006,38,759,7,8,11,73.0,55.0,19.22,12.58
2026-06-13T09:57:00,PCI_6,4,807021565.0,68541553.0,1023,8,906,26,11,14,61.0,59.0,19.74,15.07
2026-06-13T09:57:00,PCI_7,3,907468597.0,61985981.0,936,24,793,12,10,12,73.0,54.0,13.26,25.61
2026-06-13T09:57:00,PCI_8,3,914713847.0,64296714.0,987,34,699,20,11,14,65.0,54.0,23.36,24.89
2026-06-13T09:57:00,PCI_9,3,68508672.0,33866122.0,1129,14,692,21,15,8,71.0,53.0,8.67,9.51
2026-06-13T09:57:00,PCI_10,3,50051948.0,32085205.0,1124,24,720,19,15,10,67.0,56.0,17.55,18.2
2026-06-13T09:57:00,PCI_11,3,65940873.0,33953014.0,903,10,869,21,9,12,67.0,52.0,22.4,15.69
2026-06-13T09:57:00,PCI_12,3,58898404.0,32470195.0,897,33,809,23,13,8,65.0,51.0,11.63,23.73
2026-06-13T09:57:00,PCI_13,3,65770777.0,31258301.0,1066,34,757,25,12,10,64.0,58.0,12.08,20.04
2026-06-13T09:57:00,PCI_14,4,55934858.0,31728653.0,981,29,922,22,10,12,69.0,59.0,11.14,20.76
2026-06-13T09:57:00,PCI_15,3,63268864.0,30646204.0,980,16,864,17,12,13,64.0,54.0,24.58,19.56
2026-06-13T09:57:00,PCI_16,2,66708298.0,33055594.0,1161,32,676,27,11,9,73.0,58.0,22.46,22.11
2026-06-13T09:58:00,PCI_1,4,917019423.0,61046500.0,929,12,789,18,9,8,67.0,58.0,14.28,26.2
2026-06-13T09:58:00,PCI_2,4,884238708.0,60632963.0,878,23,911,15,12,8,63.0,55.0,13.09,8.22
2026-06-13T09:58:00,PCI_3,4,249131619.0,16391283.0,1009,80,639,61,4,3,92.0,70.0,1.97,-1.53
2026-06-13T09:58:00,PCI_4,2,873917263.0,49880858.0,997,19,913,7,9,15,66.0,57.0,14.48,24.44
2026-06-13T09:58:00,PCI_5,3,920194047.0,67188138.0,1126,9,800,20,12,10,65.0,51.0,12.85,17.57
2026-06-13T09:58:00,PCI_6,2,926578461.0,62435254.0,1140,21,963,17,10,14,65.0,55.0,17.58,20.83
2026-06-13T09:58:00,PCI_7,3,1017020900.0,65081217.0,957,18,825,20,11,14,62.0,56.0,6.1,15.59
2026-06-13T09:58:00,PCI_8,3,974963262.0,62025918.0,968,28,757,26,9,15,63.0,57.0,5.04,21.7
2026-06-13T09:58:00,PCI_9,3,66477931.0,28996025.0,919,17,771,23,15,13,59.0,55.0,17.29,12.56
2026-06-13T09:58:00,PCI_10,3,58954823.0,26611007.0,994,10,733,5,9,11,57.0,61.0,8.35,10.91
2026-06-13T09:58:00,PCI_11,4,60671818.0,31214747.0,933,35,862,12,10,13,64.0,57.0,7.29,20.06
2026-06-13T09:58:00,PCI_12,2,61045167.0,28793862.0,1049,10,700,26,11,11,70.0,52.0,15.67,19.66
2026-06-13T09:58:00,PCI_13,3,51737108.0,32769042.0,937,39,744,17,10,11,66.0,55.0,21.18,21.18
2026-06-13T09:58:00,PCI_14,2,66577251.0,35846644.0,1095,32,973,13,13,11,64.0,46.0,11.75,14.74
2026-06-13T09:58:00,PCI_15,3,59505856.0,29213943.0,949,9,904,29,9,15,63.0,59.0,7.9,14.66
2026-06-13T09:58:00,PCI_16,3,66295582.0,31161641.0,1014,5,933,22,14,14,65.0,56.0,22.77,26.98
2026-06-13T09:59:00,PCI_1,3,907760482.0,59495516.0,885,18,986,13,11,10,69.0,52.0,6.75,22.83
2026-06-13T09:59:00,PCI_2,4,1009462803.0,64621665.0,971,25,817,29,8,12,72.0,47.0,6.85,8.73
2026-06-13T09:59:00,PCI_3,4,280301228.0,21742582.0,736,232,621,130,3,4,91.0,78.0,-0.07,4.49
2026-06-13T09:59:00,PCI_4,3,961232325.0,65394432.0,1169,28,873,20,12,9,71.0,51.0,21.93,24.79
2026-06-13T09:59:00,PCI_5,3,941317251.0,63261189.0,1075,39,981,3,15,13,67.0,55.0,23.62,22.54
2026-06-13T09:59:00,PCI_6,3,1007173955.0,57695733.0,893,19,951,27,13,12,60.0,60.0,9.75,24.21
2026-06-13T09:59:00,PCI_7,2,902042216.0,58894153.0,1159,19,900,26,14,14,67.0,49.0,10.83,21.86
2026-06-13T09:59:00,PCI_8,3,819769612.0,67713738.0,924,11,699,7,15,12,73.0,55.0,21.86,20.2
2026-06-13T09:59:00,PCI_9,3,58678042.0,29860561.0,981,10,932,11,10,10,68.0,58.0,18.45,22.74
2026-06-13T09:59:00,PCI_10,3,64108915.0,32133998.0,1054,11,836,12,12,14,69.0,50.0,6.54,24.82
2026-06-13T09:59:00,PCI_11,3,56862432.0,32345048.0,921,22,714,9,14,11,69.0,51.0,9.6,11.44
2026-06-13T09:59:00,PCI_12,3,65196857.0,32006988.0,933,15,954,18,12,10,71.0,60.0,13.38,9.43
2026-06-13T09:59:00,PCI_13,3,59718487.0,31035787.0,1151,8,883,29,15,9,67.0,56.0,18.3,9.32
2026-06-13T09:59:00,PCI_14,4,74808678.0,29383288.0,953,32,738,12,10,13,70.0,55.0,23.07,21.97
2026-06-13T09:59:00,PCI_15,3,58870424.0,30637142.0,1054,6,903,11,15,11,76.0,56.0,15.92,13.27
2026-06-13T09:59:00,PCI_16,4,62849665.0,33389173.0,1023,33,872,4,12,9,65.0,57.0,9.78,17.83
2026-06-13T10:00:00,PCI_1,3,1050071312.0,60369833.0,1065,20,878,3,10,12,69.0,53.0,23.0,27.43
2026-06-13T10:00:00,PCI_2,4,1135524534.0,60888461.0,1134,35,833,9,10,8,80.0,56.0,13.15,10.57
2026-06-13T10:00:00,PCI_3,3,246263604.0,14194519.0,912,123,607,172,7,4,100.0,81.0,1.24,4.65
2026-06-13T10:00:00,PCI_4,3,948689782.0,63813464.0,1034,21,961,7,14,12,68.0,63.0,14.07,27.21
2026-06-13T10:00:00,PCI_5,3,1140887123.0,62248803.0,1156,30,877,14,12,9,72.0,60.0,13.82,14.2
2026-06-13T10:00:00,PCI_6,4,907092330.0,69135281.0,1155,19,967,28,9,8,66.0,53.0,13.93,11.08
2026-06-13T10:00:00,PCI_7,4,959809316.0,67337627.0,890,38,755,13,11,8,68.0,54.0,19.86,14.75
2026-06-13T10:00:00,PCI_8,3,1039907989.0,53050671.0,1086,12,941,20,12,12,73.0,53.0,9.74,15.82
2026-06-13T10:00:00,PCI_9,3,74439318.0,28101734.0,1024,15,970,12,9,14,67.0,54.0,14.12,10.43
2026-06-13T10:00:00,PCI_10,3,59832838.0,33129398.0,1059,10,741,16,12,8,74.0,58.0,20.4,18.53
2026-06-13T10:00:00,PCI_11,3,56101754.0,30615704.0,1143,19,884,8,9,15,68.0,56.0,16.68,8.81
2026-06-13T10:00:00,PCI_12,4,65237786.0,30244341.0,1117,33,827,29,9,9,67.0,53.0,8.76,13.72
2026-06-13T10:00:00,PCI_13,3,62567594.0,31617222.0,1170,17,945,21,8,9,71.0,50.0,18.92,10.78
2026-06-13T10:00:00,PCI_14,3,65277187.0,29646280.0,1168,20,845,21,11,11,66.0,55.0,14.57,14.85
2026-06-13T10:00:00,PCI_15,3,72280250.0,29149334.0,1057,30,954,6,11,8,67.0,47.0,14.88,12.06
2026-06-13T10:00:00,PCI_16,4,62102137.0,33439387.0,1096,18,935,20,15,13,72.0,59.0,20.93,27.3
2026-06-13T10:01:00,PCI_1,4,949107003.0,73064331.0,1173,22,712,14,8,8,66.0,55.0,6.54,27.06
2026-06-13T10:01:00,PCI_2,3,896519208.0,61239281.0,1024,18,777,14,11,13,64.0,52.0,21.26,27.44
2026-06-13T10:01:00,PCI_3,3,220583246.0,16641391.0,1037,94,862,135,7,7,85.0,80.0,-0.45,0.43
2026-06-13T10:01:00,PCI_4,3,935794732.0,67325907.0,1167,15,751,18,13,10,65.0,53.0,8.12,19.71
2026-06-13T10:01:00,PCI_5,3,925423157.0,59287488.0,1035,20,750,9,15,11,67.0,57.0,5.55,11.48
2026-06-13T10:01:00,PCI_6,3,881601629.0,68760352.0,880,31,937,18,13,12,66.0,58.0,6.4,17.42
2026-06-13T10:01:00,PCI_7,4,1061243443.0,64387393.0,1151,22,707,7,12,14,75.0,61.0,16.69,15.96
2026-06-13T10:01:00,PCI_8,3,1007930110.0,57921872.0,1077,11,911,25,11,8,63.0,55.0,18.27,21.21
2026-06-13T10:01:00,PCI_9,4,60320117.0,30656036.0,890,32,803,15,8,11,66.0,49.0,15.42,24.16
2026-06-13T10:01:00,PCI_10,3,61367688.0,31880957.0,1120,22,847,3,8,13,70.0,53.0,23.41,16.38
2026-06-13T10:01:00,PCI_11,3,52449851.0,32776327.0,897,23,899,28,9,10,70.0,55.0,16.98,18.09
2026-06-13T10:01:00,PCI_12,3,75214978.0,29496783.0,1135,32,745,29,12,8,61.0,56.0,21.83,16.88
2026-06-13T10:01:00,PCI_13,3,64573227.0,30138032.0,1082,17,923,20,11,15,73.0,57.0,20.86,23.78
2026-06-13T10:01:00,PCI_14,3,54428622.0,34656219.0,888,12,906,9,9,8,67.0,52.0,24.62,14.41
2026-06-13T10:01:00,PCI_15,3,54612074.0,32036391.0,1061,7,814,12,9,11,63.0,53.0,11.69,10.07
2026-06-13T10:01:00,PCI_16,3,66469463.0,32763354.0,983,34,955,6,11,12,61.0,54.0,19.55,18.06
2026-06-13T10:02:00,PCI_1,4,939757371.0,62057562.0,1096,32,849,3,15,9,73.0,59.0,16.93,20.53
2026-06-13T10:02:00,PCI_2,4,1027003157.0,60933224.0,971,17,929,3,14,9,70.0,56.0,8.22,11.34
2026-06-13T10:02:00,PCI_3,3,249108146.0,18885070.0,741,165,637,169,7,2,89.0,71.0,6.73,-1.63
2026-06-13T10:02:00,PCI_4,4,998292493.0,70627818.0,957,8,714,18,11,15,69.0,59.0,8.65,13.88
2026-06-13T10:02:00,PCI_5,3,989157156.0,59337667.0,965,6,936,10,9,10,70.0,51.0,22.07,21.95
2026-06-13T10:02:00,PCI_6,3,1075674935.0,61304913.0,1136,31,965,27,8,14,62.0,58.0,13.21,26.03
2026-06-13T10:02:00,PCI_7,3,1002817168.0,52081601.0,1170,14,885,18,11,15,65.0,53.0,8.28,11.12
2026-06-13T10:02:00,PCI_8,3,976469009.0,59606046.0,1007,7,852,20,14,10,71.0,48.0,14.03,27.53
2026-06-13T10:02:00,PCI_9,3,63506901.0,29638318.0,959,18,739,4,8,15,70.0,63.0,6.47,19.27
2026-06-13T10:02:00,PCI_10,3,63522608.0,30297219.0,1151,36,842,16,13,8,74.0,52.0,6.09,9.37
2026-06-13T10:02:00,PCI_11,3,59894673.0,32692018.0,1130,27,777,12,13,15,68.0,50.0,5.19,17.61
2026-06-13T10:02:00,PCI_12,3,55711006.0,33593410.0,940,31,746,17,13,15,59.0,54.0,17.95,26.95
2026-06-13T10:02:00,PCI_13,4,59310133.0,30134563.0,1186,7,902,21,11,8,75.0,56.0,10.4,23.42
2026-06-13T10:02:00,PCI_14,3,60364556.0,29961487.0,1109,36,775,25,14,12,73.0,60.0,8.55,12.42
2026-06-13T10:02:00,PCI_15,3,66265224.0,28442020.0,1052,38,759,14,9,8,68.0,51.0,8.55,22.04
2026-06-13T10:02:00,PCI_16,3,62623260.0,31015860.0,1084,39,840,28,12,10,68.0,57.0,18.53,23.05
2026-06-13T10:03:00,PCI_1,3,845810999.0,71536716.0,976,8,885,3,11,9,72.0,49.0,7.96,16.45
2026-06-13T10:03:00,PCI_2,3,872898724.0,68293738.0,901,27,845,27,15,14,71.0,58.0,23.15,11.8
2026-06-13T10:03:00,PCI_3,3,244098728.0,21319545.0,768,183,606,171,7,7,98.0,67.0,6.95,8.26
2026-06-13T10:03:00,PCI_4,2,1038908157.0,59004198.0,1024,21,690,17,8,9,64.0,52.0,18.59,13.92
2026-06-13T10:03:00,PCI_5,4,1011569132.0,62157880.0,1104,32,824,4,11,13,71.0,54.0,23.19,18.8
2026-06-13T10:03:00,PCI_6,3,1043988469.0,57166352.0,945,9,891,8,13,11,64.0,58.0,15.22,26.47
2026-06-13T10:03:00,PCI_7,3,932831114.0,71203598.0,1094,27,953,9,8,8,68.0,54.0,8.12,23.91
2026-06-13T10:03:00,PCI_8,3,802918673.0,64241832.0,1020,24,692,26,11,8,67.0,52.0,10.26,8.7
2026-06-13T10:03:00,PCI_9,3,73009262.0,30369967.0,1120,35,936,16,10,10,74.0,53.0,5.79,9.42
2026-06-13T10:03:00,PCI_10,4,62658567.0,31623517.0,998,36,941,15,13,10,66.0,57.0,18.77,12.0
2026-06-13T10:03:00,PCI_11,3,59457738.0,28760415.0,1106,19,877,3,10,9,73.0,63.0,11.72,26.01
2026-06-13T10:03:00,PCI_12,2,64541394.0,33124982.0,1096,38,825,3,10,12,75.0,58.0,24.4,15.6
2026-06-13T10:03:00,PCI_13,4,69022770.0,32388311.0,1113,37,916,28,11,12,70.0,52.0,17.24,20.0
2026-06-13T10:03:00,PCI_14,3,62578147.0,31886031.0,992,29,892,11,9,13,68.0,47.0,23.77,12.21
2026-06-13T10:03:00,PCI_15,3,57905092.0,30000353.0,1181,16,830,15,15,9,69.0,53.0,8.73,15.21
2026-06-13T10:03:00,PCI_16,3,50127461.0,34292429.0,1091,27,936,29,12,13,65.0,56.0,20.25,18.92
2026-06-13T10:04:00,PCI_1,3,994055925.0,63490681.0,1020,23,883,14,13,12,72.0,60.0,13.29,19.72
2026-06-13T10:04:00,PCI_2,4,961386264.0,62920256.0,930,24,872,25,10,8,69.0,54.0,13.33,11.39
2026-06-13T10:04:00,PCI_3,3,312745493.0,19643392.0,967,163,671,62,5,3,100.0,67.0,7.05,1.16
2026-06-13T10:04:00,PCI_4,4,919459277.0,60731785.0,1158,26,910,10,12,11,65.0,52.0,17.18,13.14
2026-06-13T10:04:00,PCI_5,4,771702758.0,71252713.0,908,37,822,19,8,10,61.0,57.0,14.2,11.2
2026-06-13T10:04:00,PCI_6,3,1031450905.0,65784699.0,1077,35,730,19,14,13,71.0,66.0,6.53,9.05
2026-06-13T10:04:00,PCI_7,4,1059704435.0,62814146.0,1165,6,897,21,13,9,60.0,59.0,13.29,27.29
2026-06-13T10:04:00,PCI_8,2,943450804.0,68593155.0,1115,8,770,14,12,15,69.0,56.0,9.64,11.67
2026-06-13T10:04:00,PCI_9,3,60113952.0,30848356.0,1092,34,833,25,14,8,62.0,50.0,18.74,26.93
2026-06-13T10:04:00,PCI_10,3,61263809.0,31231740.0,946,14,729,29,14,8,68.0,58.0,21.22,23.07
2026-06-13T10:04:00,PCI_11,3,70921033.0,32617649.0,976,32,876,3,10,12,68.0,55.0,12.77,25.7
2026-06-13T10:04:00,PCI_12,4,60333750.0,30421412.0,977,16,803,18,15,10,71.0,51.0,13.44,23.99
2026-06-13T10:04:00,PCI_13,3,59035174.0,32779298.0,1083,7,741,3,12,11,70.0,55.0,6.27,26.41
2026-06-13T10:04:00,PCI_14,3,55883671.0,30899849.0,888,13,776,4,9,12,75.0,53.0,10.68,20.57
2026-06-13T10:04:00,PCI_15,3,55501017.0,31382068.0,990,37,927,26,12,15,65.0,55.0,14.91,19.02
2026-06-13T10:04:00,PCI_16,3,64386395.0,33576940.0,1179,9,762,27,8,9,72.0,64.0,19.87,27.53
2026-06-13T10:05:00,PCI_1,2,951518084.0,68788370.0,885,21,917,19,14,14,72.0,53.0,9.37,22.41
2026-06-13T10:05:00,PCI_2,3,967996328.0,66605741.0,919,36,711,3,15,12,65.0,56.0,18.01,11.77
2026-06-13T10:05:00,PCI_3,3,236050361.0,26888837.0,699,212,668,139,4,6,96.0,74.0,1.32,4.79
2026-06-13T10:05:00,PCI_4,4,898603500.0,53139134.0,974,38,846,26,12,13,74.0,50.0,8.98,10.86
2026-06-13T10:05:00,PCI_5,2,965811971.0,68089032.0,1106,35,956,6,9,11,68.0,60.0,19.34,18.57
2026-06-13T10:05:00,PCI_6,3,931825604.0,67722327.0,994,37,727,4,8,15,70.0,56.0,11.29,26.64
2026-06-13T10:05:00,PCI_7,3,866066697.0,63980747.0,1037,23,943,4,12,14,69.0,56.0,24.69,20.48
2026-06-13T10:05:00,PCI_8,2,1088576915.0,58769327.0,1165,17,816,15,11,11,71.0,53.0,14.07,23.23
2026-06-13T10:05:00,PCI_9,3,65543651.0,33584701.0,1097,28,948,17,9,10,72.0,50.0,18.1,18.06
2026-06-13T10:05:00,PCI_10,3,65100556.0,31046895.0,991,12,713,27,11,14,75.0,51.0,8.17,10.89
2026-06-13T10:05:00,PCI_11,2,66384980.0,29972288.0,995,33,811,25,15,13,74.0,60.0,16.03,21.5
2026-06-13T10:05:00,PCI_12,4,65471126.0,32234952.0,988,8,938,4,14,9,73.0,58.0,18.67,18.48
2026-06-13T10:05:00,PCI_13,3,68358393.0,31932374.0,889,38,982,12,14,12,71.0,52.0,20.06,18.85
2026-06-13T10:05:00,PCI_14,3,72334332.0,34763446.0,942,12,765,9,15,15,73.0,51.0,22.94,19.48
2026-06-13T10:05:00,PCI_15,3,66702117.0,33785743.0,1109,11,774,18,14,13,66.0,54.0,15.65,12.64
2026-06-13T10:05:00,PCI_16,4,65906439.0,27549719.0,992,16,784,6,15,9,75.0,46.0,19.84,20.4
2026-06-13T10:06:00,PCI_1,4,980279341.0,58673332.0,1152,21,808,14,12,13,69.0,57.0,18.7,8.01
2026-06-13T10:06:00,PCI_2,3,1055203054.0,63260700.0,1146,36,855,11,11,10,69.0,53.0,8.45,19.25
2026-06-13T10:06:00,PCI_3,3,328357760.0,22829896.0,879,203,692,81,7,3,97.0,70.0,-2.46,8.85
2026-06-13T10:06:00,PCI_4,4,930042378.0,68107262.0,915,13,916,7,9,9,71.0,53.0,14.83,10.82
2026-06-13T10:06:00,PCI_5,4,963482984.0,66004887.0,946,15,884,26,8,8,72.0,62.0,8.46,15.87
2026-06-13T10:06:00,PCI_6,3,1025271431.0,70106367.0,965,19,893,11,8,9,71.0,53.0,17.7,16.61
2026-06-13T10:06:00,PCI_7,3,950765535.0,60750795.0,1068,24,983,6,14,11,66.0,60.0,11.0,10.98
2026-06-13T10:06:00,PCI_8,3,945082641.0,61275575.0,1034,19,936,24,15,8,68.0,58.0,15.16,25.92
2026-06-13T10:06:00,PCI_9,3,60569655.0,29284246.0,1044,19,769,3,11,10,69.0,51.0,10.45,20.64
2026-06-13T10:06:00,PCI_10,3,67408891.0,30821357.0,1044,27,687,15,8,14,71.0,59.0,17.73,24.92
2026-06-13T10:06:00,PCI_11,4,65546705.0,33842335.0,925,32,740,8,11,10,68.0,56.0,5.22,17.89
2026-06-13T10:06:00,PCI_12,1,70322709.0,29720575.0,992,7,826,16,13,11,74.0,57.0,24.05,20.77
2026-06-13T10:06:00,PCI_13,3,63030517.0,34203830.0,1097,34,829,25,15,8,65.0,59.0,17.56,23.54
2026-06-13T10:06:00,PCI_14,3,60888255.0,31114330.0,979,7,949,3,10,9,71.0,55.0,9.12,10.18
2026-06-13T10:06:00,PCI_15,3,68513175.0,31477518.0,1060,33,917,23,12,12,69.0,62.0,11.83,14.52
2026-06-13T10:06:00,PCI_16,3,55119335.0,32024290.0,1062,39,784,8,8,8,75.0,59.0,13.11,15.64
2026-06-13T10:07:00,PCI_1,4,969349658.0,61304813.0,1109,9,788,23,12,15,69.0,52.0,23.27,21.1
2026-06-13T10:07:00,PCI_2,3,1096065339.0,60285124.0,1091,28,776,21,10,8,69.0,52.0,14.13,27.19
2026-06-13T10:07:00,PCI_3,3,304395717.0,16340104.0,864,84,719,115,7,6,100.0,82.0,3.1,8.77
2026-06-13T10:07:00,PCI_4,3,908219487.0,59371133.0,1013,22,940,8,15,8,75.0,59.0,11.38,9.07
2026-06-13T10:07:00,PCI_5,4,1010512950.0,66448126.0,1127,7,944,13,10,14,70.0,50.0,24.42,15.06
2026-06-13T10:07:00,PCI_6,3,855644890.0,65513004.0,1173,18,723,6,10,12,72.0,52.0,20.67,14.39
2026-06-13T10:07:00,PCI_7,3,801681555.0,67247723.0,1014,36,836,6,8,14,68.0,61.0,8.75,17.19
2026-06-13T10:07:00,PCI_8,3,1005008604.0,65976144.0,1129,15,754,13,13,15,70.0,59.0,13.24,25.61
2026-06-13T10:07:00,PCI_9,4,63813893.0,33034604.0,1090,21,799,27,12,9,73.0,55.0,6.09,8.84
2026-06-13T10:07:00,PCI_10,4,67847741.0,32831934.0,1148,26,725,28,10,15,71.0,53.0,7.66,21.29
2026-06-13T10:07:00,PCI_11,3,59572109.0,36218486.0,990,30,965,5,12,13,77.0,60.0,14.29,9.15
2026-06-13T10:07:00,PCI_12,3,72674894.0,30170253.0,1154,30,896,26,14,12,71.0,55.0,5.46,24.69
2026-06-13T10:07:00,PCI_13,3,54890190.0,32333508.0,1185,8,855,23,14,13,69.0,55.0,8.11,10.19
2026-06-13T10:07:00,PCI_14,4,67296194.0,30519926.0,990,37,780,5,10,11,69.0,54.0,20.07,24.46
2026-06-13T10:07:00,PCI_15,3,64021089.0,29535552.0,1015,26,969,14,8,14,74.0,63.0,23.69,14.93
2026-06-13T10:07:00,PCI_16,4,62991257.0,28000246.0,1102,11,893,24,10,12,71.0,64.0,22.17,25.63
2026-06-13T10:08:00,PCI_1,4,898969284.0,70476761.0,1093,30,828,18,15,10,69.0,54.0,23.52,16.23
2026-06-13T10:08:00,PCI_2,3,1035874092.0,66008144.0,1168,20,881,27,15,10,65.0,60.0,19.47,27.46
2026-06-13T10:08:00,PCI_3,4,252311147.0,27475476.0,778,248,822,168,6,5,93.0,75.0,3.1,9.41
2026-06-13T10:08:00,PCI_4,3,928664170.0,70214890.0,964,33,898,23,8,15,74.0,60.0,18.72,20.13
2026-06-13T10:08:00,PCI_5,3,963554931.0,65165771.0,1000,18,808,27,12,13,70.0,60.0,15.28,12.3
2026-06-13T10:08:00,PCI_6,3,968644233.0,60086047.0,1018,7,821,13,9,9,63.0,53.0,14.24,27.81
2026-06-13T10:08:00,PCI_7,4,902269318.0,55098528.0,1032,21,876,21,15,9,67.0,55.0,23.62,13.68
2026-06-13T10:08:00,PCI_8,4,886769641.0,57971932.0,1178,19,773,9,15,15,75.0,63.0,23.75,23.37
2026-06-13T10:08:00,PCI_9,4,69916045.0,33606097.0,948,39,719,24,11,12,65.0,52.0,15.04,17.77
2026-06-13T10:08:00,PCI_10,3,71191604.0,36660383.0,1081,21,904,21,14,15,67.0,60.0,11.32,11.17
2026-06-13T10:08:00,PCI_11,3,71673730.0,32292731.0,897,38,807,10,14,15,77.0,54.0,17.94,9.57
2026-06-13T10:08:00,PCI_12,3,65562946.0,33787756.0,1044,20,784,6,15,10,70.0,56.0,23.75,11.17
2026-06-13T10:08:00,PCI_13,3,53825578.0,37052276.0,1046,26,850,17,9,13,62.0,60.0,5.9,16.94
2026-06-13T10:08:00,PCI_14,3,66698513.0,32224711.0,1021,34,734,29,11,11,66.0,55.0,9.67,25.54
2026-06-13T10:08:00,PCI_15,3,71623487.0,27856018.0,971,11,742,6,11,14,70.0,55.0,14.59,11.35
2026-06-13T10:08:00,PCI_16,3,64224277.0,35345059.0,966,7,762,9,11,15,69.0,56.0,22.23,20.74
2026-06-13T10:09:00,PCI_1,3,924812519.0,59545983.0,1099,13,938,8,14,8,70.0,52.0,18.13,26.35
2026-06-13T10:09:00,PCI_2,3,931802757.0,50106795.0,892,28,930,18,10,14,64.0,56.0,16.84,26.96
2026-06-13T10:09:00,PCI_3,3,285361817.0,18056669.0,912,214,716,151,3,5,97.0,73.0,0.8,-2.01
2026-06-13T10:09:00,PCI_4,4,1030812978.0,71482224.0,1006,29,809,8,15,14,74.0,55.0,13.5,20.98
2026-06-13T10:09:00,PCI_5,3,948074175.0,58425464.0,982,6,891,14,11,9,73.0,50.0,5.94,15.22
2026-06-13T10:09:00,PCI_6,4,1007362445.0,67698416.0,874,34,834,14,15,15,69.0,59.0,15.05,12.08
2026-06-13T10:09:00,PCI_7,3,1046084719.0,62085745.0,1093,23,901,18,13,14,65.0,58.0,8.86,15.35
2026-06-13T10:09:00,PCI_8,4,869770822.0,72394724.0,1131,14,739,7,15,12,71.0,56.0,10.19,19.87
2026-06-13T10:09:00,PCI_9,4,61936355.0,33205602.0,1105,38,830,25,12,9,65.0,53.0,21.56,21.31
2026-06-13T10:09:00,PCI_10,4,74913158.0,30806078.0,897,32,720,5,10,12,70.0,52.0,11.09,27.45
2026-06-13T10:09:00,PCI_11,3,62627200.0,32041548.0,952,38,830,17,9,9,67.0,59.0,12.01,18.34
2026-06-13T10:09:00,PCI_12,4,59582613.0,27458361.0,893,27,902,17,15,9,69.0,57.0,13.64,21.88
2026-06-13T10:09:00,PCI_13,3,56575056.0,33801775.0,973,28,790,19,15,15,79.0,59.0,24.1,10.34
2026-06-13T10:09:00,PCI_14,4,64597773.0,31611174.0,1158,18,805,22,12,15,71.0,58.0,18.64,22.81
2026-06-13T10:09:00,PCI_15,3,68254204.0,31789634.0,979,17,772,10,15,12,72.0,52.0,10.74,25.81
2026-06-13T10:09:00,PCI_16,4,62319320.0,29321461.0,873,35,938,13,11,13,66.0,60.0,19.28,14.4
2026-06-13T10:10:00,PCI_1,3,945360681.0,56645257.0,1057,25,917,21,8,10,69.0,57.0,19.95,21.69
2026-06-13T10:10:00,PCI_2,4,887124659.0,56544797.0,1092,33,762,13,11,15,71.0,56.0,8.78,8.8
2026-06-13T10:10:00,PCI_3,3,321847303.0,22485691.0,834,235,852,71,7,4,92.0,80.0,6.44,-2.52
2026-06-13T10:10:00,PCI_4,3,921033021.0,53400054.0,986,26,740,26,10,8,72.0,52.0,21.69,11.8
2026-06-13T10:10:00,PCI_5,4,784858805.0,60827295.0,1137,20,906,5,10,12,73.0,60.0,16.55,21.44
2026-06-13T10:10:00,PCI_6,4,944258289.0,66462328.0,909,30,911,22,8,8,69.0,51.0,7.27,27.61
2026-06-13T10:10:00,PCI_7,3,985598675.0,58194218.0,993,12,762,23,8,12,73.0,55.0,22.07,26.14
2026-06-13T10:10:00,PCI_8,4,914431589.0,73709926.0,959,30,844,17,14,10,66.0,54.0,14.89,24.14
2026-06-13T10:10:00,PCI_9,4,69499073.0,27020208.0,1061,38,974,22,12,13,66.0,55.0,13.79,8.4
2026-06-13T10:10:00,PCI_10,4,64938400.0,30738304.0,934,15,822,6,10,13,68.0,57.0,13.37,13.69
2026-06-13T10:10:00,PCI_11,3,59795408.0,32010074.0,1020,31,678,27,8,11,70.0,68.0,19.66,25.08
2026-06-13T10:10:00,PCI_12,2,70048476.0,33097159.0,1173,19,913,18,13,8,75.0,58.0,24.1,12.01
2026-06-13T10:10:00,PCI_13,3,66847164.0,32208832.0,1000,8,848,28,9,9,72.0,52.0,8.15,25.81
2026-06-13T10:10:00,PCI_14,3,64930464.0,28067435.0,1118,15,763,19,14,9,74.0,58.0,10.49,27.1
2026-06-13T10:10:00,PCI_15,4,62217162.0,36193374.0,1072,34,768,14,9,12,68.0,60.0,8.66,19.01
2026-06-13T10:10:00,PCI_16,4,54073786.0,32337175.0,1147,38,741,25,15,13,69.0,61.0,21.66,17.09
2026-06-13T10:11:00,PCI_1,4,872326014.0,56341082.0,1138,17,759,18,10,11,68.0,56.0,8.24,15.34
2026-06-13T10:11:00,PCI_2,4,969853967.0,59092852.0,1028,15,914,5,11,9,78.0,55.0,5.18,9.62
2026-06-13T10:11:00,PCI_3,3,364971985.0,21310518.0,764,192,844,115,4,4,88.0,68.0,-4.3,9.48
2026-06-13T10:11:00,PCI_4,3,973544850.0,65980632.0,1142,28,852,26,10,15,67.0,61.0,24.01,10.37
2026-06-13T10:11:00,PCI_5,3,874359669.0,57069723.0,992,20,804,7,12,13,69.0,52.0,24.43,19.46
2026-06-13T10:11:00,PCI_6,3,936584655.0,63613685.0,1074,27,863,12,8,9,75.0,55.0,9.06,12.13
2026-06-13T10:11:00,PCI_7,3,1053329073.0,66952530.0,978,35,811,15,9,9,68.0,60.0,17.75,10.93
2026-06-13T10:11:00,PCI_8,4,1060561161.0,72684719.0,948,12,886,24,13,14,75.0,61.0,20.88,23.1
2026-06-13T10:11:00,PCI_9,3,67881248.0,35839581.0,1161,14,860,8,15,8,73.0,54.0,17.21,9.04
2026-06-13T10:11:00,PCI_10,3,68511555.0,33881561.0,940,30,739,15,8,15,69.0,61.0,19.67,19.19
2026-06-13T10:11:00,PCI_11,4,67000107.0,34594762.0,1107,25,763,11,12,11,69.0,59.0,11.74,19.12
2026-06-13T10:11:00,PCI_12,3,58259807.0,29994000.0,1020,33,843,6,12,14,72.0,49.0,24.76,14.4
2026-06-13T10:11:00,PCI_13,3,71365078.0,32609218.0,1093,37,765,23,12,9,71.0,52.0,5.94,19.7
2026-06-13T10:11:00,PCI_14,4,63820082.0,29380714.0,1071,10,937,21,10,15,69.0,56.0,12.41,13.49
2026-06-13T10:11:00,PCI_15,3,61693357.0,30760771.0,1147,20,914,13,9,11,66.0,49.0,10.29,16.52
2026-06-13T10:11:00,PCI_16,3,69137219.0,33402444.0,1002,18,785,29,13,9,67.0,59.0,19.35,20.7
2026-06-13T10:12:00,PCI_1,3,919134186.0,65697648.0,1126,28,780,20,12,12,72.0,49.0,17.74,10.42
2026-06-13T10:12:00,PCI_2,3,1043326798.0,67769213.0,992,15,699,14,10,8,71.0,56.0,19.64,19.44
2026-06-13T10:12:00,PCI_3,3,252370203.0,21572467.0,697,232,676,155,6,5,89.0,70.0,-0.18,-0.45
2026-06-13T10:12:00,PCI_4,3,1013487508.0,62328138.0,1171,20,713,5,11,11,73.0,55.0,23.32,10.43
2026-06-13T10:12:00,PCI_5,3,1046442227.0,62495092.0,928,16,873,25,8,10,73.0,59.0,13.03,22.37
2026-06-13T10:12:00,PCI_6,3,980571860.0,57324951.0,885,34,754,7,13,14,69.0,54.0,20.73,21.47
2026-06-13T10:12:00,PCI_7,4,1007140976.0,59145923.0,889,16,782,28,12,14,73.0,55.0,15.52,23.27
2026-06-13T10:12:00,PCI_8,3,963824700.0,70806859.0,1131,19,859,15,14,13,71.0,57.0,23.45,14.5
2026-06-13T10:12:00,PCI_9,3,64607638.0,33155810.0,1040,25,914,26,8,8,70.0,52.0,6.28,15.56
2026-06-13T10:12:00,PCI_10,3,60838169.0,34941614.0,936,25,933,23,8,14,79.0,62.0,13.85,10.61
2026-06-13T10:12:00,PCI_11,4,63214138.0,32513292.0,1104,8,771,26,12,9,71.0,62.0,16.77,21.94
2026-06-13T10:12:00,PCI_12,3,68496108.0,27903077.0,1037,18,805,4,12,10,67.0,58.0,11.76,21.7
2026-06-13T10:12:00,PCI_13,3,61437843.0,37046375.0,1037,13,796,28,11,10,71.0,55.0,24.68,24.77
2026-06-13T10:12:00,PCI_14,3,59048560.0,30583832.0,1116,17,796,21,11,8,61.0,60.0,11.22,9.38
2026-06-13T10:12:00,PCI_15,3,59635810.0,29563723.0,993,18,805,20,13,13,70.0,59.0,21.12,22.69
2026-06-13T10:12:00,PCI_16,4,62876987.0,29922897.0,1051,22,746,17,11,10,73.0,53.0,23.44,20.73
2026-06-13T10:13:00,PCI_1,4,1021060538.0,53758306.0,1129,25,929,26,8,8,72.0,55.0,21.17,15.37
2026-06-13T10:13:00,PCI_2,3,952232487.0,64497765.0,1017,32,953,11,15,8,72.0,59.0,23.9,24.02
2026-06-13T10:13:00,PCI_3,4,257344924.0,19215498.0,668,238,826,165,6,7,100.0,72.0,-1.31,3.97
2026-06-13T10:13:00,PCI_4,3,843638415.0,64361765.0,1043,30,961,16,8,13,70.0,61.0,17.5,26.74
2026-06-13T10:13:00,PCI_5,4,859899423.0,70844138.0,995,28,756,16,11,11,73.0,61.0,13.45,21.92
2026-06-13T10:13:00,PCI_6,4,919778386.0,63325985.0,1137,35,766,6,12,8,68.0,51.0,14.82,22.32
2026-06-13T10:13:00,PCI_7,2,892059416.0,65588196.0,916,8,714,15,13,11,64.0,60.0,13.44,16.53
2026-06-13T10:13:00,PCI_8,3,910606224.0,63018333.0,908,23,858,6,14,8,66.0,63.0,8.14,18.41
2026-06-13T10:13:00,PCI_9,2,68899193.0,34388382.0,982,18,869,14,14,15,66.0,53.0,13.67,21.25
2026-06-13T10:13:00,PCI_10,3,60568754.0,33587269.0,903,19,849,14,9,15,72.0,59.0,14.6,14.28
2026-06-13T10:13:00,PCI_11,4,66554427.0,32622325.0,1042,34,754,19,12,12,68.0,55.0,12.53,15.47
2026-06-13T10:13:00,PCI_12,3,65440131.0,28954328.0,967,21,792,6,12,15,69.0,51.0,21.96,15.59
2026-06-13T10:13:00,PCI_13,2,55291480.0,34341874.0,1155,31,948,5,8,11,72.0,53.0,6.0,9.25
2026-06-13T10:13:00,PCI_14,3,66641797.0,33714979.0,989,38,959,9,13,8,68.0,56.0,10.15,20.56
2026-06-13T10:13:00,PCI_15,3,68653634.0,34223502.0,970,14,698,28,10,11,67.0,49.0,10.44,20.79
2026-06-13T10:13:00,PCI_16,4,58083066.0,30015572.0,916,38,808,16,15,15,66.0,59.0,21.0,11.99
2026-06-13T10:14:00,PCI_1,3,915137741.0,49548615.0,962,36,769,25,9,9,77.0,60.0,18.75,15.78
2026-06-13T10:14:00,PCI_2,3,977883147.0,65575353.0,1164,28,818,6,8,9,69.0,59.0,12.72,14.09
2026-06-13T10:14:00,PCI_3,4,281700975.0,24404522.0,742,159,728,150,7,2,99.0,78.0,1.0,8.72
2026-06-13T10:14:00,PCI_4,4,874154515.0,68968039.0,1042,21,768,9,13,9,71.0,53.0,9.49,13.02
2026-06-13T10:14:00,PCI_5,3,1029886291.0,63712231.0,1105,20,842,19,14,14,68.0,68.0,21.61,8.83
2026-06-13T10:14:00,PCI_6,3,803122593.0,71305137.0,1135,19,885,13,10,8,64.0,60.0,18.18,8.82
2026-06-13T10:14:00,PCI_7,4,1084339977.0,74801702.0,1136,24,777,13,8,8,73.0,59.0,7.71,24.02
2026-06-13T10:14:00,PCI_8,3,940751417.0,55695142.0,896,29,829,5,13,13,68.0,60.0,24.81,21.3
2026-06-13T10:14:00,PCI_9,3,64393887.0,32794668.0,922,24,786,14,13,13,67.0,56.0,7.03,26.09
2026-06-13T10:14:00,PCI_10,3,58682143.0,30459602.0,1097,6,866,23,15,11,64.0,57.0,19.41,24.06
2026-06-13T10:14:00,PCI_11,3,63779281.0,32826061.0,931,27,762,21,15,12,71.0,53.0,8.76,16.83
2026-06-13T10:14:00,PCI_12,3,61677168.0,33427961.0,1160,19,920,28,10,12,63.0,57.0,22.6,9.28
2026-06-13T10:14:00,PCI_13,2,73709926.0,33529220.0,899,18,950,12,10,15,71.0,51.0,23.04,15.95
2026-06-13T10:14:00,PCI_14,4,64624066.0,35193123.0,985,14,865,19,8,14,71.0,63.0,21.12,26.94
2026-06-13T10:14:00,PCI_15,3,63788633.0,32353084.0,1026,20,938,13,11,10,77.0,59.0,13.73,21.18
2026-06-13T10:14:00,PCI_16,4,65088128.0,31757333.0,1025,20,843,8,14,11,71.0,58.0,11.8,11.38
2026-06-13T10:15:00,PCI_1,4,940391481.0,67829542.0,962,34,885,22,8,11,68.0,54.0,13.47,11.17
2026-06-13T10:15:00,PCI_2,3,986841998.0,58805053.0,1100,28,727,24,8,15,72.0,55.0,5.43,11.45
2026-06-13T10:15:00,PCI_3,4,347858041.0,19863066.0,876,149,783,83,2,5,100.0,81.0,-0.28,0.85
2026-06-13T10:15:00,PCI_4,3,898977084.0,60459299.0,882,26,965,21,11,13,68.0,58.0,15.95,24.21
2026-06-13T10:15:00,PCI_5,4,939476531.0,69817694.0,925,20,712,4,9,13,74.0,56.0,14.93,23.57
2026-06-13T10:15:00,PCI_6,3,990870299.0,53368282.0,1137,39,758,21,9,8,73.0,51.0,16.07,15.45
2026-06-13T10:15:00,PCI_7,3,905138740.0,61237960.0,896,26,704,24,11,8,71.0,55.0,11.0,25.37
2026-06-13T10:15:00,PCI_8,3,974239748.0,65298725.0,935,17,903,21,8,15,76.0,51.0,7.76,20.39
2026-06-13T10:15:00,PCI_9,3,58421276.0,30284102.0,1110,7,757,4,8,15,75.0,64.0,10.69,13.82
2026-06-13T10:15:00,PCI_10,3,69026173.0,31507569.0,1130,7,906,21,12,8,65.0,61.0,19.22,24.79
2026-06-13T10:15:00,PCI_11,3,69330592.0,33267574.0,953,31,945,11,11,13,73.0,59.0,19.74,21.03
2026-06-13T10:15:00,PCI_12,3,68207882.0,37483413.0,925,38,811,21,11,12,68.0,58.0,24.41,17.57
2026-06-13T10:15:00,PCI_13,4,67387712.0,32861964.0,1157,12,845,18,10,12,72.0,52.0,16.23,24.47
2026-06-13T10:15:00,PCI_14,4,66184903.0,32497152.0,1157,27,749,5,10,9,68.0,57.0,12.02,26.59
2026-06-13T10:15:00,PCI_15,4,71165993.0,32118903.0,1054,33,911,16,15,11,75.0,52.0,7.38,19.95
2026-06-13T10:15:00,PCI_16,4,59790410.0,32677940.0,1122,21,683,25,14,11,71.0,54.0,15.81,20.92
2026-06-13T10:16:00,PCI_1,4,1057671734.0,65296235.0,1077,16,727,20,13,11,78.0,58.0,11.34,8.45
2026-06-13T10:16:00,PCI_2,3,963269087.0,61005760.0,1087,19,949,20,14,11,68.0,52.0,15.46,14.48
2026-06-13T10:16:00,PCI_3,3,212826023.0,22317913.0,1013,158,784,89,3,6,100.0,80.0,-1.18,3.35
2026-06-13T10:16:00,PCI_4,4,1022347050.0,62637268.0,1042,6,951,4,8,8,69.0,54.0,10.33,16.69
2026-06-13T10:16:00,PCI_5,3,978488687.0,69977682.0,1091,9,983,15,9,14,74.0,61.0,22.31,20.78
2026-06-13T10:16:00,PCI_6,4,982089883.0,68942425.0,911,37,761,5,8,11,71.0,60.0,18.75,11.15
2026-06-13T10:16:00,PCI_7,4,998334618.0,68079622.0,956,14,913,24,15,15,75.0,55.0,15.08,19.64
2026-06-13T10:16:00,PCI_8,4,942546882.0,65899280.0,897,17,910,23,9,11,77.0,57.0,9.44,17.27
2026-06-13T10:16:00,PCI_9,4,68804283.0,36367932.0,1106,5,838,22,14,12,72.0,61.0,12.29,12.71
2026-06-13T10:16:00,PCI_10,3,62546238.0,34205761.0,968,9,784,24,12,14,68.0,56.0,13.3,15.93
2026-06-13T10:16:00,PCI_11,2,67998832.0,29864849.0,899,39,921,15,13,13,74.0,56.0,14.1,14.78
2026-06-13T10:16:00,PCI_12,3,61728708.0,32075532.0,1059,20,673,29,11,9,66.0,54.0,20.72,16.35
2026-06-13T10:16:00,PCI_13,3,61057624.0,33102055.0,1085,19,869,13,9,15,76.0,62.0,20.9,24.36
2026-06-13T10:16:00,PCI_14,4,72262818.0,34930559.0,1102,12,717,18,14,8,62.0,58.0,13.83,22.87
2026-06-13T10:16:00,PCI_15,3,69855666.0,33508563.0,932,28,745,21,10,12,76.0,55.0,6.99,19.08
2026-06-13T10:16:00,PCI_16,3,65063929.0,29675344.0,1123,20,823,8,13,12,60.0,60.0,10.49,8.72
2026-06-13T10:17:00,PCI_1,3,980560074.0,58835866.0,908,37,718,14,8,12,67.0,57.0,5.2,26.27
2026-06-13T10:17:00,PCI_2,3,855367701.0,64620210.0,1125,33,727,17,8,8,72.0,61.0,13.5,15.44
2026-06-13T10:17:00,PCI_3,4,319447236.0,20776437.0,860,98,637,119,6,2,96.0,77.0,-2.13,9.71
2026-06-13T10:17:00,PCI_4,4,944351767.0,68220161.0,869,36,944,8,10,9,72.0,52.0,22.91,19.88
2026-06-13T10:17:00,PCI_5,4,934550141.0,62769527.0,946,22,912,22,14,11,76.0,60.0,18.84,17.19
2026-06-13T10:17:00,PCI_6,3,921979371.0,60890015.0,919,29,714,8,8,10,69.0,54.0,15.16,21.11
2026-06-13T10:17:00,PCI_7,4,1039963254.0,62632969.0,936,18,854,12,8,12,79.0,57.0,15.24,23.1
2026-06-13T10:17:00,PCI_8,4,1126244581.0,61947079.0,1159,25,772,10,11,13,73.0,57.0,7.15,13.02
2026-06-13T10:17:00,PCI_9,4,72309008.0,33957929.0,930,25,753,27,10,8,72.0,56.0,12.41,20.38
2026-06-13T10:17:00,PCI_10,3,78662863.0,39104130.0,947,36,867,29,12,9,70.0,64.0,20.32,20.14
2026-06-13T10:17:00,PCI_11,3,62990171.0,29511137.0,958,39,803,29,11,14,68.0,53.0,20.35,19.51
2026-06-13T10:17:00,PCI_12,3,62685150.0,33428154.0,910,15,811,20,15,10,64.0,51.0,15.39,20.7
2026-06-13T10:17:00,PCI_13,4,75572632.0,32359679.0,980,39,756,10,10,10,74.0,63.0,6.88,19.09
2026-06-13T10:17:00,PCI_14,4,63435594.0,34529780.0,1010,15,859,13,13,8,73.0,66.0,14.26,15.04
2026-06-13T10:17:00,PCI_15,3,60242683.0,29901082.0,1028,34,674,27,14,10,72.0,57.0,6.81,21.84
2026-06-13T10:17:00,PCI_16,4,65999764.0,32584385.0,1110,33,692,8,13,9,74.0,63.0,7.72,10.02
2026-06-13T10:18:00,PCI_1,2,1006006680.0,67584188.0,1016,18,751,12,8,9,69.0,56.0,18.62,10.38
2026-06-13T10:18:00,PCI_2,2,954563999.0,67039945.0,1022,10,938,27,11,12,66.0,58.0,22.07,13.31
2026-06-13T10:18:00,PCI_3,4,242421307.0,21899525.0,873,136,785,120,7,7,100.0,71.0,7.18,1.65
2026-06-13T10:18:00,PCI_4,3,1002217100.0,70689230.0,1158,11,786,14,13,10,75.0,58.0,18.17,21.59
2026-06-13T10:18:00,PCI_5,3,1084297740.0,65350984.0,947,24,743,9,9,9,68.0,60.0,20.38,22.19
2026-06-13T10:18:00,PCI_6,3,1080577364.0,57312633.0,1065,14,787,8,11,12,76.0,60.0,24.99,12.42
2026-06-13T10:18:00,PCI_7,4,1055517944.0,68405334.0,1032,19,936,5,14,13,74.0,56.0,18.47,20.41
2026-06-13T10:18:00,PCI_8,3,1000334984.0,64343901.0,1107,6,922,6,9,12,82.0,64.0,18.33,21.95
2026-06-13T10:18:00,PCI_9,3,69031510.0,30369689.0,890,24,754,11,8,13,77.0,58.0,24.1,11.01
2026-06-13T10:18:00,PCI_10,3,70718334.0,33683790.0,1154,38,703,22,11,9,65.0,58.0,23.67,19.61
2026-06-13T10:18:00,PCI_11,3,62537241.0,38746685.0,970,27,685,22,9,13,69.0,55.0,7.5,25.31
2026-06-13T10:18:00,PCI_12,4,55852381.0,34203019.0,1043,32,968,21,9,13,72.0,53.0,15.14,11.71
2026-06-13T10:18:00,PCI_13,3,67923626.0,33485185.0,1031,8,799,28,14,9,71.0,58.0,12.26,15.8
2026-06-13T10:18:00,PCI_14,4,67110797.0,38240688.0,1034,23,855,22,11,13,71.0,54.0,6.45,22.71
2026-06-13T10:18:00,PCI_15,3,63432949.0,32336078.0,939,11,724,7,15,10,73.0,53.0,5.6,22.68
2026-06-13T10:18:00,PCI_16,3,68427528.0,26469409.0,1151,20,700,4,8,9,79.0,56.0,15.15,27.36
2026-06-13T10:19:00,PCI_1,4,906125417.0,71108655.0,996,15,919,6,11,14,75.0,61.0,20.53,12.55
2026-06-13T10:19:00,PCI_2,2,1057724670.0,70470420.0,1060,26,879,25,13,8,79.0,65.0,6.74,12.82
2026-06-13T10:19:00,PCI_3,3,215023533.0,18958439.0,757,199,683,125,6,2,94.0,82.0,-0.74,4.8
2026-06-13T10:19:00,PCI_4,3,994330612.0,72770615.0,896,16,690,14,11,8,64.0,59.0,6.19,11.26
2026-06-13T10:19:00,PCI_5,3,987688844.0,69477821.0,912,36,713,27,9,8,74.0,52.0,20.6,16.49
2026-06-13T10:19:00,PCI_6,3,783987742.0,59995354.0,1051,28,949,3,10,12,79.0,51.0,7.04,12.23
2026-06-13T10:19:00,PCI_7,3,1015062238.0,68166771.0,1049,23,772,10,13,9,71.0,56.0,15.42,19.81
2026-06-13T10:19:00,PCI_8,3,949010969.0,66485557.0,941,34,684,24,11,13,75.0,59.0,15.16,11.1
2026-06-13T10:19:00,PCI_9,3,66948123.0,28384677.0,1044,15,720,10,9,9,77.0,59.0,17.12,17.44
2026-06-13T10:19:00,PCI_10,3,65309441.0,35665352.0,1172,20,789,26,13,14,72.0,57.0,17.09,18.9
2026-06-13T10:19:00,PCI_11,4,64919977.0,38914344.0,1036,21,695,20,10,10,65.0,54.0,10.78,23.21
2026-06-13T10:19:00,PCI_12,4,61905909.0,34993173.0,1092,18,925,16,12,14,69.0,51.0,23.41,9.09
2026-06-13T10:19:00,PCI_13,4,62977135.0,37078251.0,1133,37,931,16,15,9,65.0,62.0,5.41,8.78
2026-06-13T10:19:00,PCI_14,4,69576517.0,34843230.0,938,19,708,9,9,15,74.0,54.0,13.45,8.91
2026-06-13T10:19:00,PCI_15,4,66203123.0,31454839.0,1113,35,724,19,12,10,75.0,61.0,10.79,22.34
2026-06-13T10:19:00,PCI_16,3,64386031.0,36156850.0,1078,6,829,23,15,15,65.0,56.0,21.78,26.29
2026-06-13T10:20:00,PCI_1,3,847714688.0,62691740.0,1094,19,962,21,9,12,74.0,56.0,23.26,13.7
2026-06-13T10:20:00,PCI_2,3,1051973475.0,54909514.0,890,14,706,18,8,13,79.0,51.0,5.08,12.57
2026-06-13T10:20:00,PCI_3,4,337900884.0,14792853.0,699,205,847,112,5,5,97.0,81.0,2.02,5.53
2026-06-13T10:20:00,PCI_4,4,977569411.0,67128134.0,1177,14,952,16,14,11,71.0,63.0,15.9,26.62
2026-06-13T10:20:00,PCI_5,3,970546704.0,68805555.0,1127,37,874,10,9,12,71.0,54.0,23.95,25.05
2026-06-13T10:20:00,PCI_6,3,895367002.0,68545649.0,1134,23,747,16,10,10,65.0,56.0,15.41,14.87
2026-06-13T10:20:00,PCI_7,3,1096421565.0,56833928.0,1009,27,902,21,10,13,70.0,54.0,7.11,19.54
2026-06-13T10:20:00,PCI_8,4,913611993.0,69499468.0,1110,7,842,24,13,10,72.0,58.0,24.31,13.55
2026-06-13T10:20:00,PCI_9,4,63353568.0,26384389.0,1163,22,924,23,8,13,76.0,56.0,20.68,15.88
2026-06-13T10:20:00,PCI_10,3,70034078.0,35879168.0,903,19,716,9,14,15,75.0,57.0,10.96,26.63
2026-06-13T10:20:00,PCI_11,3,62984564.0,36251821.0,978,8,907,7,9,15,68.0,55.0,15.36,20.41
2026-06-13T10:20:00,PCI_12,4,65130479.0,30603824.0,970,12,779,21,13,10,69.0,56.0,22.21,21.03
2026-06-13T10:20:00,PCI_13,3,61677032.0,37934340.0,1055,5,947,22,10,9,72.0,59.0,14.67,17.92
2026-06-13T10:20:00,PCI_14,3,68607607.0,36879414.0,1018,33,786,25,12,14,65.0,64.0,11.69,14.17
2026-06-13T10:20:00,PCI_15,3,67535382.0,30320938.0,1012,19,789,20,10,14,72.0,58.0,24.98,25.98
2026-06-13T10:20:00,PCI_16,3,68648887.0,30985403.0,1097,26,825,26,8,11,72.0,54.0,22.39,9.13
2026-06-13T10:21:00,PCI_1,3,960774394.0,64856258.0,1041,5,932,8,9,14,75.0,58.0,11.65,12.01
2026-06-13T10:21:00,PCI_2,3,951743050.0,72033882.0,1006,8,741,8,9,14,69.0,62.0,14.76,27.93
2026-06-13T10:21:00,PCI_3,3,255181671.0,18709042.0,733,213,620,130,3,4,99.0,72.0,7.35,4.38
2026-06-13T10:21:00,PCI_4,3,1048748352.0,71901458.0,1084,32,867,8,11,11,73.0,56.0,24.36,23.59
2026-06-13T10:21:00,PCI_5,4,828360714.0,60402506.0,915,5,863,20,14,15,75.0,60.0,14.34,25.94
2026-06-13T10:21:00,PCI_6,3,1001340294.0,64601939.0,1129,38,917,20,12,13,76.0,59.0,23.42,9.88
2026-06-13T10:21:00,PCI_7,3,1048822278.0,69771007.0,992,5,785,25,14,12,76.0,54.0,16.54,11.87
2026-06-13T10:21:00,PCI_8,3,1038357367.0,60714050.0,1164,27,915,17,11,10,68.0,66.0,24.51,9.72
2026-06-13T10:21:00,PCI_9,4,59571539.0,34043668.0,1091,12,923,28,8,14,72.0,58.0,21.06,9.52
2026-06-13T10:21:00,PCI_10,4,64646157.0,30695420.0,1013,16,891,18,15,14,70.0,55.0,20.5,17.35
2026-06-13T10:21:00,PCI_11,4,64347664.0,33762783.0,918,10,830,29,9,13,71.0,53.0,5.25,25.19
2026-06-13T10:21:00,PCI_12,4,68584445.0,33015509.0,1033,19,993,4,13,12,69.0,56.0,7.11,16.42
2026-06-13T10:21:00,PCI_13,3,72447760.0,30994133.0,1141,17,718,9,9,12,68.0,57.0,21.21,15.49
2026-06-13T10:21:00,PCI_14,3,73252259.0,31569107.0,1184,7,692,22,15,15,75.0,54.0,23.27,10.46
2026-06-13T10:21:00,PCI_15,4,60009137.0,35056710.0,1086,11,868,13,11,14,71.0,61.0,14.48,11.52
2026-06-13T10:21:00,PCI_16,3,59587518.0,35436140.0,1032,22,784,19,8,11,78.0,62.0,7.86,20.27
2026-06-13T10:22:00,PCI_1,3,1088482995.0,64446996.0,1002,33,891,23,13,14,77.0,58.0,19.91,26.3
2026-06-13T10:22:00,PCI_2,2,958108227.0,74228467.0,1096,24,820,16,12,14,72.0,52.0,9.62,16.54
2026-06-13T10:22:00,PCI_3,4,238631791.0,21308997.0,1014,155,717,75,7,7,99.0,74.0,-0.67,7.13
2026-06-13T10:22:00,PCI_4,4,925160280.0,64087819.0,952,19,863,17,14,12,70.0,60.0,5.78,22.83
2026-06-13T10:22:00,PCI_5,4,1010239730.0,67765405.0,985,14,696,10,14,8,69.0,50.0,13.17,11.47
2026-06-13T10:22:00,PCI_6,4,1020284305.0,59473366.0,962,30,718,28,11,10,76.0,57.0,8.75,25.16
2026-06-13T10:22:00,PCI_7,4,1038723449.0,61993670.0,1021,6,883,20,8,9,74.0,51.0,13.57,19.49
2026-06-13T10:22:00,PCI_8,3,1002033775.0,73864717.0,923,8,788,21,12,10,80.0,59.0,19.77,10.01
2026-06-13T10:22:00,PCI_9,3,62050243.0,31485016.0,1129,6,784,14,15,14,69.0,60.0,18.87,8.23
2026-06-13T10:22:00,PCI_10,3,61180527.0,38641640.0,910,36,944,23,8,9,70.0,66.0,12.53,10.33
2026-06-13T10:22:00,PCI_11,3,61476384.0,35074538.0,1110,15,680,24,15,14,66.0,61.0,21.44,25.0
2026-06-13T10:22:00,PCI_12,4,69330352.0,34266215.0,1042,23,699,4,11,11,76.0,57.0,14.57,23.62
2026-06-13T10:22:00,PCI_13,4,73663610.0,32000793.0,1117,8,916,29,8,12,68.0,50.0,11.15,8.75
2026-06-13T10:22:00,PCI_14,3,69499682.0,31861721.0,930,25,833,26,13,11,70.0,55.0,15.33,21.38
2026-06-13T10:22:00,PCI_15,4,65762777.0,31928952.0,1017,15,842,24,15,9,69.0,59.0,23.41,10.65
2026-06-13T10:22:00,PCI_16,4,67220403.0,33993080.0,1066,8,946,28,12,10,68.0,58.0,8.14,15.52
2026-06-13T10:23:00,PCI_1,4,917945098.0,73561380.0,1001,5,792,27,13,8,68.0,59.0,6.63,22.62
2026-06-13T10:23:00,PCI_2,3,1055423255.0,60415977.0,1080,30,878,29,14,10,71.0,59.0,5.15,11.59
2026-06-13T10:23:00,PCI_3,4,288571919.0,20597054.0,887,148,858,109,2,4,92.0,79.0,-3.98,0.03
2026-06-13T10:23:00,PCI_4,4,905102395.0,61827675.0,1177,5,710,8,15,14,75.0,58.0,21.07,12.59
2026-06-13T10:23:00,PCI_5,3,960794162.0,66137974.0,925,35,973,20,11,9,75.0,53.0,13.62,21.52
2026-06-13T10:23:00,PCI_6,3,1015704376.0,64639727.0,1046,33,921,4,11,9,74.0,60.0,23.66,26.86
2026-06-13T10:23:00,PCI_7,4,943727328.0,70005700.0,1065,32,802,27,11,9,75.0,58.0,17.95,14.5
2026-06-13T10:23:00,PCI_8,4,976099839.0,61052816.0,1103,37,705,19,13,8,75.0,60.0,9.19,11.62
2026-06-13T10:23:00,PCI_9,3,63241716.0,34586622.0,951,32,945,15,14,14,67.0,55.0,10.95,9.81
2026-06-13T10:23:00,PCI_10,3,68580879.0,30790487.0,877,30,685,21,14,15,79.0,60.0,22.5,20.35
2026-06-13T10:23:00,PCI_11,4,64658124.0,35470398.0,936,33,858,12,8,10,71.0,60.0,12.91,14.52
2026-06-13T10:23:00,PCI_12,3,68100439.0,32969718.0,1060,23,777,3,9,14,80.0,60.0,24.09,15.78
2026-06-13T10:23:00,PCI_13,2,64247605.0,36173139.0,1094,6,961,28,11,11,67.0,56.0,11.74,19.84
2026-06-13T10:23:00,PCI_14,3,65498523.0,33799243.0,1033,18,918,23,14,15,72.0,59.0,24.81,23.53
2026-06-13T10:23:00,PCI_15,4,68821050.0,34611892.0,1060,11,927,12,11,13,69.0,64.0,13.76,16.56
2026-06-13T10:23:00,PCI_16,3,65705073.0,31430477.0,1110,6,688,15,10,12,71.0,58.0,19.01,10.41
2026-06-13T10:24:00,PCI_1,3,1039928886.0,70464243.0,1024,7,750,8,9,14,71.0,60.0,15.98,21.37
2026-06-13T10:24:00,PCI_2,3,1107389817.0,69919481.0,1056,37,906,29,10,13,70.0,49.0,19.21,22.79
2026-06-13T10:24:00,PCI_3,3,283646669.0,17759206.0,835,163,646,158,4,5,86.0,77.0,-2.51,9.37
2026-06-13T10:24:00,PCI_4,3,1114264928.0,73443156.0,977,32,830,6,13,8,78.0,61.0,23.38,18.8
2026-06-13T10:24:00,PCI_5,3,1059073367.0,72082600.0,1025,9,867,5,14,9,67.0,47.0,12.11,19.61
2026-06-13T10:24:00,PCI_6,4,964657332.0,62709266.0,1015,11,910,15,13,15,75.0,62.0,6.32,26.97
2026-06-13T10:24:00,PCI_7,3,976027855.0,67013024.0,1004,23,932,18,14,10,77.0,65.0,10.27,27.21
2026-06-13T10:24:00,PCI_8,3,989039217.0,70250614.0,1191,5,715,4,10,15,68.0,61.0,23.89,22.43
2026-06-13T10:24:00,PCI_9,4,75391692.0,32036835.0,1174,5,701,12,9,15,73.0,55.0,24.08,18.95
2026-06-13T10:24:00,PCI_10,4,69536447.0,30023144.0,963,27,700,16,8,12,71.0,57.0,22.01,13.9
2026-06-13T10:24:00,PCI_11,3,70152288.0,36797448.0,981,6,938,3,11,8,73.0,57.0,11.21,21.59
2026-06-13T10:24:00,PCI_12,3,65474365.0,32258426.0,951,17,864,20,8,15,72.0,57.0,18.49,12.48
2026-06-13T10:24:00,PCI_13,4,71185094.0,35915033.0,989,33,853,25,13,11,63.0,54.0,18.23,17.55
2026-06-13T10:24:00,PCI_14,4,67630480.0,35506592.0,1073,26,730,18,8,10,71.0,59.0,11.04,21.76
2026-06-13T10:24:00,PCI_15,3,66379241.0,39867045.0,1055,25,917,8,10,15,71.0,55.0,16.15,18.16
2026-06-13T10:24:00,PCI_16,4,73796234.0,34171068.0,1003,37,918,14,12,14,73.0,57.0,19.9,13.78
2026-06-13T10:25:00,PCI_1,3,1054453661.0,64439249.0,1183,8,949,3,14,14,70.0,53.0,14.87,20.71
2026-06-13T10:25:00,PCI_2,2,971515882.0,65187290.0,1139,7,974,22,10,11,70.0,54.0,17.54,16.04
2026-06-13T10:25:00,PCI_3,3,317021705.0,23460272.0,967,201,609,91,6,2,100.0,84.0,-3.88,4.08
2026-06-13T10:25:00,PCI_4,4,1008509911.0,62681929.0,1133,5,773,27,13,11,73.0,62.0,11.75,13.42
2026-06-13T10:25:00,PCI_5,3,1008219609.0,79146236.0,1041,35,987,9,14,15,72.0,64.0,17.94,15.4
2026-06-13T10:25:00,PCI_6,4,982969312.0,76858063.0,1097,21,952,23,15,10,64.0,68.0,20.93,13.02
2026-06-13T10:25:00,PCI_7,4,985524298.0,72522519.0,1089,11,789,21,14,10,69.0,55.0,9.7,10.26
2026-06-13T10:25:00,PCI_8,3,948241899.0,68718305.0,952,8,778,13,8,10,72.0,50.0,12.61,18.97
2026-06-13T10:25:00,PCI_9,4,65815772.0,30264276.0,1131,24,743,15,8,10,68.0,52.0,16.71,25.91
2026-06-13T10:25:00,PCI_10,4,59623244.0,32876229.0,1117,35,860,29,13,15,71.0,56.0,19.53,22.58
2026-06-13T10:25:00,PCI_11,3,61778855.0,32892085.0,980,18,742,5,15,8,71.0,55.0,5.6,23.99
2026-06-13T10:25:00,PCI_12,4,73610955.0,31654513.0,1065,19,964,14,11,12,69.0,60.0,6.77,12.23
2026-06-13T10:25:00,PCI_13,4,67271041.0,38097932.0,1067,28,920,4,13,9,79.0,51.0,24.72,20.61
2026-06-13T10:25:00,PCI_14,3,74932194.0,30397648.0,1028,10,896,19,9,12,67.0,62.0,24.14,17.11
2026-06-13T10:25:00,PCI_15,3,71085067.0,31346240.0,1080,10,749,6,12,8,77.0,65.0,23.87,17.77
2026-06-13T10:25:00,PCI_16,3,70173557.0,32510252.0,1017,38,709,27,12,13,73.0,58.0,14.36,27.62
2026-06-13T10:26:00,PCI_1,3,966932113.0,61230181.0,926,36,828,27,8,14,72.0,67.0,10.39,12.83
2026-06-13T10:26:00,PCI_2,3,1045316949.0,63009550.0,1012,12,888,19,15,8,74.0,64.0,6.7,27.26
2026-06-13T10:26:00,PCI_3,4,243608825.0,17804388.0,845,219,836,146,5,2,100.0,79.0,6.46,5.06
2026-06-13T10:26:00,PCI_4,4,1014154730.0,73752562.0,1091,22,763,21,14,8,67.0,57.0,16.61,9.93
2026-06-13T10:26:00,PCI_5,3,1130300880.0,65511202.0,1072,12,943,6,13,8,75.0,57.0,20.49,23.02
2026-06-13T10:26:00,PCI_6,4,992847622.0,66965397.0,886,30,831,12,11,15,70.0,50.0,21.26,14.4
2026-06-13T10:26:00,PCI_7,2,927654102.0,68818938.0,932,39,840,13,15,13,70.0,60.0,5.02,21.86
2026-06-13T10:26:00,PCI_8,3,978101161.0,63172138.0,929,14,900,29,10,13,75.0,57.0,14.43,9.72
2026-06-13T10:26:00,PCI_9,2,81206510.0,36977880.0,938,36,719,19,9,14,79.0,60.0,23.8,9.21
2026-06-13T10:26:00,PCI_10,3,60993388.0,34293655.0,1130,29,723,4,14,8,71.0,56.0,22.56,9.36
2026-06-13T10:26:00,PCI_11,3,60798838.0,34003694.0,979,35,776,17,13,9,70.0,58.0,16.7,17.77
2026-06-13T10:26:00,PCI_12,3,63223936.0,34796520.0,879,37,851,8,8,10,77.0,62.0,13.26,27.84
2026-06-13T10:26:00,PCI_13,3,63701219.0,27250920.0,922,27,880,18,13,8,71.0,59.0,13.58,10.86
2026-06-13T10:26:00,PCI_14,3,65149079.0,33429474.0,958,39,939,14,9,14,70.0,58.0,22.49,9.93
2026-06-13T10:26:00,PCI_15,3,76753224.0,30841746.0,1159,17,809,27,14,13,79.0,54.0,17.56,20.72
2026-06-13T10:26:00,PCI_16,3,59600955.0,37196828.0,1141,35,711,23,8,12,75.0,60.0,8.01,20.85
2026-06-13T10:27:00,PCI_1,3,943884079.0,73090121.0,885,19,911,4,11,11,69.0,60.0,18.94,26.72
2026-06-13T10:27:00,PCI_2,3,1066627281.0,68846523.0,1101,28,857,26,15,8,80.0,66.0,17.24,9.88
2026-06-13T10:27:00,PCI_3,4,317159945.0,20030358.0,858,196,847,113,6,5,98.0,86.0,-1.86,4.25
2026-06-13T10:27:00,PCI_4,2,1091890580.0,68653142.0,1007,29,814,23,9,15,75.0,59.0,22.36,13.09
2026-06-13T10:27:00,PCI_5,3,990222971.0,63264118.0,910,35,789,10,11,14,74.0,63.0,21.89,8.83
2026-06-13T10:27:00,PCI_6,4,1132027457.0,54041951.0,1092,31,905,13,8,13,77.0,53.0,20.54,22.05
2026-06-13T10:27:00,PCI_7,4,999779363.0,68297047.0,1142,31,834,19,10,13,69.0,61.0,13.99,11.77
2026-06-13T10:27:00,PCI_8,3,958122965.0,66075943.0,1047,18,719,4,8,15,74.0,54.0,7.25,14.13
2026-06-13T10:27:00,PCI_9,4,73360664.0,33422555.0,1067,20,973,9,10,15,77.0,58.0,6.91,12.65
2026-06-13T10:27:00,PCI_10,4,62120792.0,35716445.0,1048,14,948,7,11,8,71.0,54.0,17.39,13.25
2026-06-13T10:27:00,PCI_11,3,60426335.0,33999197.0,1037,27,718,26,13,14,70.0,60.0,23.74,26.05
2026-06-13T10:27:00,PCI_12,4,68771521.0,37770212.0,1107,16,957,9,12,9,74.0,53.0,19.21,21.37
2026-06-13T10:27:00,PCI_13,3,74829908.0,32841801.0,1010,38,831,13,8,14,70.0,56.0,7.32,16.31
2026-06-13T10:27:00,PCI_14,3,63336122.0,38125786.0,1000,31,892,17,15,10,72.0,55.0,19.09,16.05
2026-06-13T10:27:00,PCI_15,2,63427977.0,34468336.0,997,34,899,17,13,13,68.0,63.0,10.38,19.06
2026-06-13T10:27:00,PCI_16,3,64633178.0,30864139.0,1068,11,707,9,11,11,72.0,55.0,19.59,9.74
2026-06-13T10:28:00,PCI_1,4,896954381.0,71200753.0,900,29,757,4,12,13,68.0,51.0,12.13,22.55
2026-06-13T10:28:00,PCI_2,3,1022409590.0,71568282.0,868,37,761,28,9,9,74.0,63.0,21.62,12.97
2026-06-13T10:28:00,PCI_3,4,206847000.0,22486926.0,1052,108,796,77,3,7,100.0,80.0,2.11,3.35
2026-06-13T10:28:00,PCI_4,3,980846341.0,64448489.0,1177,6,706,8,12,14,76.0,59.0,22.05,12.92
2026-06-13T10:28:00,PCI_5,4,978209179.0,75987732.0,1191,5,792,29,10,9,75.0,53.0,23.34,27.51
2026-06-13T10:28:00,PCI_6,3,1160762765.0,63253977.0,987,23,764,18,10,8,73.0,64.0,23.73,22.27
2026-06-13T10:28:00,PCI_7,5,1034366273.0,77778500.0,1074,18,835,24,9,15,74.0,59.0,10.12,21.73
2026-06-13T10:28:00,PCI_8,3,912495795.0,71290440.0,1067,15,682,25,10,14,80.0,55.0,13.15,18.06
2026-06-13T10:28:00,PCI_9,3,66107614.0,33376612.0,985,35,798,18,9,11,70.0,60.0,8.8,21.16
2026-06-13T10:28:00,PCI_10,4,58075210.0,34133702.0,959,22,719,16,14,9,73.0,52.0,15.41,21.3
2026-06-13T10:28:00,PCI_11,4,66894786.0,31796243.0,983,16,857,19,10,10,74.0,58.0,16.1,25.86
2026-06-13T10:28:00,PCI_12,3,68878360.0,34880829.0,1106,17,905,7,10,15,77.0,67.0,5.65,12.64
2026-06-13T10:28:00,PCI_13,4,68184714.0,36691697.0,1087,8,713,21,11,10,74.0,58.0,9.46,19.93
2026-06-13T10:28:00,PCI_14,3,67645064.0,30648434.0,1120,30,825,12,9,10,77.0,62.0,5.15,14.65
2026-06-13T10:28:00,PCI_15,3,58154620.0,34520991.0,950,6,909,4,8,14,75.0,66.0,20.9,16.41
2026-06-13T10:28:00,PCI_16,3,64968513.0,34708126.0,985,8,709,15,8,13,64.0,63.0,23.5,20.18
2026-06-13T10:29:00,PCI_1,3,1043844035.0,65095374.0,1093,12,857,20,9,11,80.0,55.0,9.07,23.93
2026-06-13T10:29:00,PCI_2,4,1004117391.0,64913570.0,999,9,824,12,11,8,73.0,59.0,10.2,24.67
2026-06-13T10:29:00,PCI_3,4,236487875.0,27528556.0,919,139,725,92,7,6,91.0,80.0,6.67,1.63
2026-06-13T10:29:00,PCI_4,3,919651375.0,70174334.0,1160,31,791,23,12,11,77.0,64.0,11.76,15.79
2026-06-13T10:29:00,PCI_5,3,969386849.0,67648622.0,1077,7,802,13,8,8,71.0,49.0,5.09,26.72
2026-06-13T10:29:00,PCI_6,3,1107857590.0,73423799.0,970,29,855,17,11,8,79.0,55.0,5.44,8.7
2026-06-13T10:29:00,PCI_7,4,1011240557.0,65677728.0,870,33,859,9,8,12,69.0,56.0,11.48,17.56
2026-06-13T10:29:00,PCI_8,3,1008525231.0,78244214.0,982,8,721,10,10,8,77.0,63.0,16.18,23.16
2026-06-13T10:29:00,PCI_9,4,59284396.0,33330882.0,969,28,797,28,15,13,65.0,59.0,5.6,23.37
2026-06-13T10:29:00,PCI_10,3,63546170.0,30946070.0,997,11,775,7,10,9,68.0,55.0,21.19,19.86
2026-06-13T10:29:00,PCI_11,3,68315685.0,34804167.0,1145,39,697,15,14,8,71.0,59.0,14.61,13.81
2026-06-13T10:29:00,PCI_12,4,66788462.0,33295584.0,899,26,692,14,13,8,74.0,59.0,11.12,11.78
2026-06-13T10:29:00,PCI_13,3,67670856.0,35142108.0,959,19,918,3,9,10,73.0,56.0,8.4,9.49
2026-06-13T10:29:00,PCI_14,3,63379567.0,26840882.0,1123,14,837,20,8,14,76.0,69.0,18.59,26.73
2026-06-13T10:29:00,PCI_15,4,72933695.0,29970340.0,1080,21,818,18,11,8,74.0,60.0,12.06,26.25
2026-06-13T10:29:00,PCI_16,4,74508918.0,36286103.0,921,24,767,21,10,12,73.0,51.0,7.44,18.88
2026-06-13T10:30:00,PCI_1,4,1153386061.0,76178276.0,1009,15,684,22,11,11,75.0,63.0,7.0,27.24
2026-06-13T10:30:00,PCI_2,3,1221402502.0,66655776.0,1092,30,777,17,8,8,75.0,62.0,7.05,9.02
2026-06-13T10:30:00,PCI_3,4,1039912086.0,62397194.0,1045,33,885,7,9,14,74.0,59.0,17.89,12.29
2026-06-13T10:30:00,PCI_4,4,1119880552.0,63827645.0,1065,16,685,23,8,10,77.0,59.0,18.59,24.73
2026-06-13T10:30:00,PCI_5,4,1050703850.0,66180277.0,880,26,929,4,13,13,71.0,55.0,23.7,20.44
2026-06-13T10:30:00,PCI_6,4,978775840.0,69142332.0,1008,24,905,13,11,10,77.0,63.0,20.72,15.99
2026-06-13T10:30:00,PCI_7,4,1012913440.0,73366996.0,881,27,756,13,14,8,66.0,57.0,21.36,21.16
2026-06-13T10:30:00,PCI_8,3,1017697380.0,71902085.0,1044,23,831,3,9,12,76.0,58.0,5.85,27.48
2026-06-13T10:30:00,PCI_9,3,69414904.0,34292293.0,1121,21,818,10,12,13,68.0,59.0,8.32,10.77
2026-06-13T10:30:00,PCI_10,3,64799924.0,32475236.0,1053,22,978,19,13,14,73.0,66.0,23.47,9.55
2026-06-13T10:30:00,PCI_11,3,69113303.0,32834176.0,1030,27,729,22,9,11,73.0,59.0,21.48,13.62
2026-06-13T10:30:00,PCI_12,4,69815961.0,37412765.0,1128,12,836,16,11,9,77.0,61.0,18.37,23.87
2026-06-13T10:30:00,PCI_13,3,63770563.0,33630126.0,966,30,904,12,14,14,77.0,51.0,24.37,24.86
2026-06-13T10:30:00,PCI_14,3,70374348.0,35411504.0,937,35,938,8,12,9,68.0,56.0,7.55,8.07
2026-06-13T10:30:00,PCI_15,4,64591194.0,34725801.0,1121,35,866,3,11,12,77.0,60.0,15.35,17.58
2026-06-13T10:30:00,PCI_16,4,64729276.0,38289699.0,1069,11,884,4,11,8,77.0,62.0,8.65,18.6
2026-06-13T10:31:00,PCI_1,3,903588120.0,66099125.0,1071,11,972,19,10,9,71.0,60.0,5.16,19.99
2026-06-13T10:31:00,PCI_2,2,1168398283.0,70339812.0,893,13,926,13,12,13,67.0,54.0,21.13,26.49
2026-06-13T10:31:00,PCI_3,4,995681277.0,62960747.0,1013,12,823,24,10,9,66.0,61.0,21.64,14.67
2026-06-13T10:31:00,PCI_4,3,1093995381.0,72012516.0,1047,39,879,17,13,12,68.0,54.0,15.46,11.49
2026-06-13T10:31:00,PCI_5,4,963486915.0,66994443.0,882,39,950,9,13,12,71.0,54.0,24.73,9.81
2026-06-13T10:31:00,PCI_6,4,1001439619.0,70989280.0,1021,39,760,8,14,9,74.0,62.0,24.17,11.45
2026-06-13T10:31:00,PCI_7,3,1028368380.0,71282562.0,946,25,926,6,14,10,68.0,55.0,6.64,26.74
2026-06-13T10:31:00,PCI_8,5,1057020954.0,68304016.0,1031,7,879,14,10,14,75.0,64.0,20.1,9.88
2026-06-13T10:31:00,PCI_9,3,76151954.0,29659732.0,1037,33,794,22,12,14,76.0,65.0,6.91,16.49
2026-06-13T10:31:00,PCI_10,3,68134657.0,37240194.0,1020,35,760,14,13,11,78.0,58.0,18.14,21.76
2026-06-13T10:31:00,PCI_11,4,69134822.0,37053102.0,879,22,914,4,13,9,71.0,61.0,16.27,16.22
2026-06-13T10:31:00,PCI_12,3,68412889.0,35688005.0,1015,14,843,12,9,15,74.0,54.0,5.75,22.18
2026-06-13T10:31:00,PCI_13,4,69950010.0,32338894.0,984,16,873,22,11,11,70.0,61.0,14.21,16.51
2026-06-13T10:31:00,PCI_14,4,72069860.0,34350932.0,1068,19,901,17,15,9,68.0,56.0,10.55,27.33
2026-06-13T10:31:00,PCI_15,3,65236248.0,34058019.0,1158,38,821,23,8,15,70.0,60.0,13.06,24.3
2026-06-13T10:31:00,PCI_16,3,73332329.0,35799737.0,1132,25,766,16,15,13,69.0,58.0,8.02,21.56
2026-06-13T10:32:00,PCI_1,3,1060099419.0,69035911.0,1078,33,921,14,12,10,70.0,57.0,20.93,12.61
2026-06-13T10:32:00,PCI_2,4,973759769.0,65386136.0,1128,32,722,8,14,14,75.0,61.0,21.56,14.71
2026-06-13T10:32:00,PCI_3,3,980810754.0,69861399.0,1084,18,872,28,15,8,71.0,64.0,11.35,20.74
2026-06-13T10:32:00,PCI_4,3,1027454611.0,64917051.0,1166,8,697,12,15,15,68.0,59.0,18.6,11.11
2026-06-13T10:32:00,PCI_5,3,1052033405.0,64582151.0,961,17,949,12,9,11,73.0,62.0,15.11,13.3
2026-06-13T10:32:00,PCI_6,3,922652401.0,67472157.0,1095,22,883,6,13,12,83.0,60.0,8.58,19.99
2026-06-13T10:32:00,PCI_7,3,1116950009.0,79399279.0,1157,38,865,6,15,9,77.0,65.0,14.35,20.11
2026-06-13T10:32:00,PCI_8,4,949832060.0,62167450.0,1117,11,885,12,13,9,78.0,58.0,19.76,20.37
2026-06-13T10:32:00,PCI_9,4,61523918.0,36011251.0,1074,27,835,22,15,12,78.0,60.0,5.06,10.85
2026-06-13T10:32:00,PCI_10,3,66841189.0,35622510.0,926,14,921,11,12,8,75.0,62.0,12.43,12.52
2026-06-13T10:32:00,PCI_11,3,75520825.0,32298665.0,1129,11,835,23,11,15,75.0,56.0,19.23,16.53
2026-06-13T10:32:00,PCI_12,3,68208946.0,30672645.0,966,8,744,4,9,10,70.0,65.0,18.74,26.78
2026-06-13T10:32:00,PCI_13,4,76640452.0,36447753.0,1158,20,801,10,13,11,73.0,65.0,5.64,11.55
2026-06-13T10:32:00,PCI_14,4,68117446.0,38605246.0,867,36,770,5,14,14,73.0,59.0,10.04,17.76
2026-06-13T10:32:00,PCI_15,3,70009565.0,35527622.0,993,17,903,12,15,10,68.0,57.0,23.74,13.2
2026-06-13T10:32:00,PCI_16,3,60928103.0,35732665.0,1116,30,719,12,14,15,74.0,56.0,20.77,14.29
2026-06-13T10:33:00,PCI_1,4,1042192678.0,66749598.0,1097,23,856,11,11,8,77.0,57.0,19.8,25.98
2026-06-13T10:33:00,PCI_2,3,1074311421.0,73723733.0,980,33,882,20,13,11,77.0,60.0,7.84,22.18
2026-06-13T10:33:00,PCI_3,3,950855325.0,65708818.0,896,14,779,15,12,9,73.0,62.0,20.59,20.32
2026-06-13T10:33:00,PCI_4,4,1024624816.0,65511531.0,952,33,771,23,14,11,75.0,59.0,16.6,17.99
2026-06-13T10:33:00,PCI_5,4,1072131764.0,66102034.0,1116,17,980,13,9,14,66.0,53.0,10.4,9.16
2026-06-13T10:33:00,PCI_6,4,1106582694.0,66748531.0,973,38,768,21,15,13,73.0,61.0,13.34,14.56
2026-06-13T10:33:00,PCI_7,3,1076787591.0,69046112.0,1125,8,983,3,15,11,75.0,52.0,12.26,19.77
2026-06-13T10:33:00,PCI_8,3,1054933513.0,67289745.0,880,36,934,27,15,8,75.0,60.0,5.49,15.94
2026-06-13T10:33:00,PCI_9,3,73747151.0,36320177.0,1137,32,791,9,9,9,75.0,64.0,11.49,8.63
2026-06-13T10:33:00,PCI_10,4,65988069.0,36925383.0,927,10,801,21,10,9,72.0,61.0,12.36,17.91
2026-06-13T10:33:00,PCI_11,4,60438228.0,29590602.0,1085,16,810,12,15,12,71.0,63.0,8.14,15.54
2026-06-13T10:33:00,PCI_12,3,60917583.0,30224000.0,931,19,814,25,15,13,70.0,59.0,8.07,20.63
2026-06-13T10:33:00,PCI_13,4,66007295.0,37271526.0,981,37,828,10,8,15,78.0,59.0,8.85,20.58
2026-06-13T10:33:00,PCI_14,4,72748503.0,33541616.0,1093,29,715,19,13,10,66.0,54.0,10.72,27.3
2026-06-13T10:33:00,PCI_15,3,65025814.0,34041078.0,1031,39,929,21,12,11,72.0,64.0,10.24,20.8
2026-06-13T10:33:00,PCI_16,4,64801369.0,31442687.0,1123,8,932,22,15,14,71.0,57.0,13.63,10.74
2026-06-13T10:34:00,PCI_1,3,1038436603.0,72456854.0,998,9,755,13,10,9,82.0,55.0,22.91,21.98
2026-06-13T10:34:00,PCI_2,3,1062708430.0,67174103.0,982,15,795,20,15,8,71.0,57.0,8.69,23.59
2026-06-13T10:34:00,PCI_3,3,1076631090.0,67533746.0,1133,38,865,14,11,12,67.0,60.0,15.53,17.52
2026-06-13T10:34:00,PCI_4,3,996972084.0,73275585.0,1055,39,943,8,8,9,76.0,56.0,23.03,14.1
2026-06-13T10:34:00,PCI_5,4,932371075.0,73651160.0,1169,24,756,21,12,15,72.0,58.0,12.89,8.43
2026-06-13T10:34:00,PCI_6,3,979702037.0,74291305.0,1025,17,909,3,14,8,82.0,66.0,24.34,13.24
2026-06-13T10:34:00,PCI_7,3,965561882.0,74534653.0,1046,13,738,15,11,15,77.0,63.0,17.12,17.08
2026-06-13T10:34:00,PCI_8,4,1083199770.0,68384922.0,1161,27,850,26,14,11,73.0,60.0,11.01,26.66
2026-06-13T10:34:00,PCI_9,4,71872945.0,35920528.0,992,24,697,23,13,8,73.0,62.0,8.52,22.83
2026-06-13T10:34:00,PCI_10,3,72420804.0,34358561.0,1085,37,956,20,13,11,72.0,55.0,23.91,16.61
2026-06-13T10:34:00,PCI_11,4,65040123.0,32875908.0,1060,34,853,25,10,12,78.0,62.0,23.78,14.44
2026-06-13T10:34:00,PCI_12,3,63858820.0,34018895.0,1028,8,752,5,10,13,79.0,57.0,9.05,10.35
2026-06-13T10:34:00,PCI_13,4,62911992.0,34507975.0,895,39,702,7,9,12,77.0,60.0,17.31,19.43
2026-06-13T10:34:00,PCI_14,4,73448297.0,34873704.0,916,33,752,21,13,14,76.0,52.0,17.63,24.3
2026-06-13T10:34:00,PCI_15,3,60788903.0,32689342.0,1136,34,957,14,12,10,75.0,60.0,19.91,20.44
2026-06-13T10:34:00,PCI_16,3,65045959.0,33358133.0,1129,15,781,13,10,13,72.0,59.0,11.75,23.8
2026-06-13T10:35:00,PCI_1,4,1042251316.0,67274062.0,1036,12,790,6,14,10,74.0,58.0,23.58,16.96
2026-06-13T10:35:00,PCI_2,2,1011299701.0,65080665.0,928,12,795,19,13,12,73.0,62.0,18.99,25.37
2026-06-13T10:35:00,PCI_3,3,1063012141.0,66869295.0,1120,7,788,9,12,13,78.0,57.0,20.99,12.51
2026-06-13T10:35:00,PCI_4,3,1080541873.0,61375177.0,943,13,906,6,12,15,78.0,54.0,16.59,21.52
2026-06-13T10:35:00,PCI_5,4,1063298356.0,59828780.0,939,5,696,4,12,11,76.0,63.0,14.4,18.27
2026-06-13T10:35:00,PCI_6,4,1172599863.0,60802316.0,1006,38,684,18,11,10,75.0,56.0,13.61,18.27
2026-06-13T10:35:00,PCI_7,4,979375555.0,67068257.0,899,39,779,5,11,14,65.0,58.0,6.86,24.27
2026-06-13T10:35:00,PCI_8,3,1091629111.0,71645078.0,1008,26,952,12,15,13,70.0,57.0,9.48,8.65
2026-06-13T10:35:00,PCI_9,4,67427431.0,36196248.0,1073,12,891,21,13,8,67.0,55.0,7.89,19.11
2026-06-13T10:35:00,PCI_10,4,63953448.0,33998427.0,1064,11,715,3,15,8,79.0,64.0,15.45,20.42
2026-06-13T10:35:00,PCI_11,3,59789853.0,35095026.0,1040,17,722,10,12,14,78.0,58.0,23.41,18.36
2026-06-13T10:35:00,PCI_12,4,65078370.0,29138168.0,1159,38,849,25,11,11,71.0,64.0,23.04,16.04
2026-06-13T10:35:00,PCI_13,3,77535147.0,39459964.0,942,28,900,14,8,8,69.0,55.0,20.64,13.65
2026-06-13T10:35:00,PCI_14,3,71818516.0,33053132.0,1126,13,701,23,11,9,66.0,52.0,8.19,12.73
2026-06-13T10:35:00,PCI_15,4,63834814.0,34032921.0,1013,37,808,8,10,8,73.0,64.0,15.49,13.26
2026-06-13T10:35:00,PCI_16,3,69156121.0,33103433.0,1020,38,890,23,14,11,66.0,66.0,13.11,17.38
2026-06-13T10:36:00,PCI_1,4,1029380133.0,55786094.0,1050,22,860,21,9,9,74.0,67.0,11.67,14.71
2026-06-13T10:36:00,PCI_2,4,943989195.0,77616587.0,1147,7,697,12,14,9,73.0,58.0,20.58,10.77
2026-06-13T10:36:00,PCI_3,4,952763980.0,61620597.0,953,35,913,17,15,14,73.0,57.0,13.54,14.56
2026-06-13T10:36:00,PCI_4,2,912836889.0,68394481.0,967,39,941,15,8,11,72.0,60.0,7.08,15.18
2026-06-13T10:36:00,PCI_5,3,1015621488.0,67331718.0,1034,16,724,14,11,13,69.0,67.0,9.26,26.56
2026-06-13T10:36:00,PCI_6,3,1000733871.0,69705505.0,1143,10,943,6,8,8,77.0,61.0,24.16,27.41
2026-06-13T10:36:00,PCI_7,4,1039741017.0,65227770.0,978,27,843,27,8,12,71.0,53.0,16.02,18.11
2026-06-13T10:36:00,PCI_8,4,1104654922.0,62699071.0,918,25,948,29,8,11,71.0,63.0,16.08,26.75
2026-06-13T10:36:00,PCI_9,3,69971700.0,33462610.0,1145,22,830,10,14,12,76.0,61.0,21.65,16.97
2026-06-13T10:36:00,PCI_10,5,69998118.0,34042380.0,1158,6,910,26,14,10,72.0,62.0,9.81,15.06
2026-06-13T10:36:00,PCI_11,3,64793650.0,34160608.0,1125,6,846,9,14,8,70.0,62.0,24.19,14.41
2026-06-13T10:36:00,PCI_12,4,65330932.0,31095810.0,1061,31,851,21,8,13,78.0,56.0,7.92,11.88
2026-06-13T10:36:00,PCI_13,3,69619888.0,36101562.0,951,18,895,27,12,9,72.0,62.0,24.05,24.4
2026-06-13T10:36:00,PCI_14,3,67987637.0,36968079.0,1088,16,795,25,13,10,75.0,57.0,13.45,11.3
2026-06-13T10:36:00,PCI_15,3,65121950.0,33425786.0,1138,20,931,14,8,15,72.0,58.0,8.96,19.13
2026-06-13T10:36:00,PCI_16,4,68921277.0,34053890.0,965,21,963,29,14,8,74.0,56.0,20.64,12.46
2026-06-13T10:37:00,PCI_1,3,964506086.0,67005920.0,929,16,765,5,13,11,74.0,65.0,11.22,18.83
2026-06-13T10:37:00,PCI_2,2,971087558.0,66553159.0,1064,29,911,16,15,14,70.0,58.0,23.07,26.14
2026-06-13T10:37:00,PCI_3,3,1131485148.0,62738159.0,1004,35,744,3,10,11,75.0,66.0,6.07,24.0
2026-06-13T10:37:00,PCI_4,3,1035564291.0,61451969.0,1121,38,899,20,15,14,68.0,55.0,9.96,25.34
2026-06-13T10:37:00,PCI_5,3,1097486254.0,65108080.0,1034,33,774,29,8,11,68.0,58.0,16.24,16.14
2026-06-13T10:37:00,PCI_6,4,1057190249.0,64619818.0,1063,27,958,22,10,10,75.0,59.0,23.46,18.27
2026-06-13T10:37:00,PCI_7,3,1163897959.0,63336069.0,1141,20,779,22,9,11,77.0,57.0,7.78,16.26
2026-06-13T10:37:00,PCI_8,4,999019265.0,64526351.0,932,14,888,5,15,11,71.0,58.0,16.7,27.26
2026-06-13T10:37:00,PCI_9,3,69548074.0,35520786.0,909,31,908,14,12,14,79.0,55.0,24.65,8.57
2026-06-13T10:37:00,PCI_10,3,66523720.0,32392830.0,946,7,787,18,9,10,74.0,57.0,19.48,20.88
2026-06-13T10:37:00,PCI_11,4,65204423.0,32544786.0,931,20,921,17,8,8,74.0,56.0,15.21,14.51
2026-06-13T10:37:00,PCI_12,4,73986666.0,32669420.0,891,29,985,4,11,9,74.0,54.0,24.74,16.85
2026-06-13T10:37:00,PCI_13,4,72379448.0,36863731.0,1076,27,694,16,8,15,72.0,60.0,24.86,12.73
2026-06-13T10:37:00,PCI_14,4,69569274.0,35974288.0,918,26,853,18,10,15,73.0,53.0,23.47,13.88
2026-06-13T10:37:00,PCI_15,3,63671044.0,30110610.0,1083,35,974,14,10,8,71.0,53.0,9.76,12.59
2026-06-13T10:37:00,PCI_16,4,64293747.0,34851085.0,900,29,883,8,13,15,76.0,61.0,24.94,13.87
2026-06-13T10:38:00,PCI_1,3,1075332787.0,59269516.0,987,24,805,19,12,9,74.0,57.0,9.75,22.99
2026-06-13T10:38:00,PCI_2,2,1191750487.0,77381704.0,1130,36,740,18,12,10,75.0,54.0,23.6,19.77
2026-06-13T10:38:00,PCI_3,4,1038772654.0,76350829.0,1135,38,917,25,8,15,78.0,54.0,9.97,25.1
2026-06-13T10:38:00,PCI_4,3,1086599771.0,70643847.0,961,31,790,21,8,15,75.0,59.0,12.25,21.71
2026-06-13T10:38:00,PCI_5,3,1115539005.0,69172942.0,914,30,890,14,12,15,76.0,59.0,15.35,13.9
2026-06-13T10:38:00,PCI_6,4,961368160.0,69848276.0,974,10,968,17,8,11,72.0,60.0,24.4,9.99
2026-06-13T10:38:00,PCI_7,4,1119482169.0,72812186.0,1036,32,713,17,15,8,81.0,57.0,20.65,23.95
2026-06-13T10:38:00,PCI_8,4,1012128098.0,64521584.0,958,10,743,29,14,15,72.0,60.0,17.2,27.92
2026-06-13T10:38:00,PCI_9,4,62429931.0,34188085.0,901,16,827,5,8,15,74.0,53.0,8.89,25.51
2026-06-13T10:38:00,PCI_10,4,67174537.0,32355042.0,1102,9,950,6,9,9,75.0,59.0,19.0,16.06
2026-06-13T10:38:00,PCI_11,4,73885035.0,36713275.0,1028,26,807,22,9,11,79.0,57.0,9.05,16.38
2026-06-13T10:38:00,PCI_12,3,61911056.0,32946959.0,1180,14,893,13,13,13,79.0,57.0,20.6,19.87
2026-06-13T10:38:00,PCI_13,3,73308150.0,31978868.0,1061,31,784,20,15,8,75.0,57.0,7.12,9.76
2026-06-13T10:38:00,PCI_14,3,78111505.0,35778083.0,1158,10,846,27,15,9,75.0,56.0,16.31,24.9
2026-06-13T10:38:00,PCI_15,4,65941801.0,39043602.0,1146,30,811,16,11,13,76.0,61.0,16.63,21.15
2026-06-13T10:38:00,PCI_16,3,79129331.0,32230196.0,1018,18,934,29,14,8,67.0,57.0,22.73,24.24
2026-06-13T10:39:00,PCI_1,3,980947660.0,78209130.0,1048,23,926,10,11,8,75.0,62.0,20.05,15.41
2026-06-13T10:39:00,PCI_2,3,1040445149.0,70403446.0,1040,16,847,18,8,10,77.0,55.0,13.27,10.11
2026-06-13T10:39:00,PCI_3,3,1091619428.0,70762461.0,1017,38,939,9,8,11,69.0,62.0,8.08,16.82
2026-06-13T10:39:00,PCI_4,3,1224488641.0,73650356.0,929,16,759,19,11,10,77.0,53.0,11.55,16.97
2026-06-13T10:39:00,PCI_5,3,949564583.0,60301899.0,922,30,947,15,10,9,78.0,64.0,23.86,18.32
2026-06-13T10:39:00,PCI_6,3,1042428239.0,69668500.0,1076,32,764,24,8,8,66.0,54.0,22.06,21.2
2026-06-13T10:39:00,PCI_7,3,870269885.0,68184484.0,1076,8,826,14,12,8,75.0,58.0,9.77,24.79
2026-06-13T10:39:00,PCI_8,4,1106836404.0,74292403.0,994,32,837,21,8,15,76.0,56.0,8.9,17.61
2026-06-13T10:39:00,PCI_9,3,69765860.0,34261960.0,960,23,972,19,14,10,79.0,52.0,12.42,25.69
2026-06-13T10:39:00,PCI_10,3,77577295.0,36061643.0,1055,24,721,16,13,15,75.0,57.0,10.09,9.06
2026-06-13T10:39:00,PCI_11,4,74852633.0,31402207.0,880,34,710,3,14,10,75.0,62.0,5.93,18.61
2026-06-13T10:39:00,PCI_12,4,87246463.0,35510999.0,1125,17,913,17,10,9,68.0,53.0,23.81,12.86
2026-06-13T10:39:00,PCI_13,4,58461504.0,37231544.0,987,20,941,23,15,8,74.0,62.0,24.4,10.94
2026-06-13T10:39:00,PCI_14,4,65352015.0,31459723.0,1070,9,738,5,8,12,78.0,53.0,17.46,11.11
2026-06-13T10:39:00,PCI_15,4,62743819.0,32301606.0,1097,22,718,14,8,8,83.0,57.0,18.13,24.0
2026-06-13T10:39:00,PCI_16,3,63211442.0,34411975.0,1044,26,734,29,12,14,69.0,67.0,10.07,13.63
2026-06-13T10:40:00,PCI_1,3,1094245762.0,66854106.0,961,5,873,22,15,11,71.0,66.0,5.7,14.33
2026-06-13T10:40:00,PCI_2,3,1058998264.0,62479968.0,945,24,968,12,10,10,73.0,59.0,16.32,20.98
2026-06-13T10:40:00,PCI_3,3,971591650.0,76375467.0,1062,35,855,5,15,9,74.0,55.0,22.89,15.09
2026-06-13T10:40:00,PCI_4,4,963414795.0,64533745.0,946,7,854,10,10,14,75.0,61.0,10.62,20.97
2026-06-13T10:40:00,PCI_5,3,998685778.0,69713415.0,1031,14,871,9,15,15,74.0,61.0,23.09,10.63
2026-06-13T10:40:00,PCI_6,3,1094010964.0,70565274.0,1050,24,967,20,10,15,74.0,53.0,21.19,10.89
2026-06-13T10:40:00,PCI_7,3,1109821290.0,75053055.0,1147,9,900,10,15,10,72.0,62.0,19.62,8.74
2026-06-13T10:40:00,PCI_8,3,892085442.0,80007308.0,913,33,822,13,11,14,70.0,62.0,16.42,12.2
2026-06-13T10:40:00,PCI_9,4,68388261.0,35802359.0,1121,37,672,28,11,10,72.0,59.0,9.02,11.12
2026-06-13T10:40:00,PCI_10,3,79826287.0,34208002.0,1086,34,741,18,14,14,77.0,64.0,19.65,15.64
2026-06-13T10:40:00,PCI_11,3,64486578.0,33430055.0,1059,14,842,21,15,9,76.0,55.0,13.27,14.37
2026-06-13T10:40:00,PCI_12,4,67389545.0,31378764.0,1138,17,896,7,10,8,71.0,57.0,22.79,9.08
2026-06-13T10:40:00,PCI_13,3,75851072.0,34308346.0,914,14,912,22,13,13,82.0,61.0,9.25,22.72
2026-06-13T10:40:00,PCI_14,3,64484738.0,33405356.0,928,37,796,19,14,9,75.0,65.0,24.53,15.58
2026-06-13T10:40:00,PCI_15,3,65881650.0,30938949.0,918,30,882,9,14,15,79.0,64.0,13.27,17.21
2026-06-13T10:40:00,PCI_16,4,79582493.0,35074300.0,913,26,765,19,12,9,69.0,63.0,21.53,20.25
2026-06-13T10:41:00,PCI_1,5,1068022566.0,76115513.0,899,16,774,28,14,9,72.0,62.0,14.53,21.43
2026-06-13T10:41:00,PCI_2,4,1068070120.0,71998170.0,935,19,817,19,15,15,71.0,61.0,23.04,14.4
2026-06-13T10:41:00,PCI_3,3,1015734676.0,67834539.0,1005,30,767,9,14,11,75.0,64.0,15.0,11.46
2026-06-13T10:41:00,PCI_4,4,1045763587.0,72110392.0,927,14,868,28,11,11,75.0,63.0,9.76,11.55
2026-06-13T10:41:00,PCI_5,3,1012102487.0,69586234.0,1021,35,895,17,8,13,74.0,63.0,21.11,19.63
2026-06-13T10:41:00,PCI_6,3,1043103889.0,70008844.0,1003,31,966,8,12,10,75.0,56.0,14.99,14.63
2026-06-13T10:41:00,PCI_7,3,931126064.0,73649311.0,965,39,873,4,15,11,71.0,55.0,16.78,16.13
2026-06-13T10:41:00,PCI_8,3,1131008574.0,69240788.0,1072,15,779,14,9,15,73.0,66.0,23.31,14.54
2026-06-13T10:41:00,PCI_9,4,67634876.0,34777355.0,1097,9,900,20,10,14,78.0,61.0,15.6,20.08
2026-06-13T10:41:00,PCI_10,4,63822065.0,35632463.0,1136,14,962,24,13,12,78.0,61.0,17.27,19.49
2026-06-13T10:41:00,PCI_11,3,74722192.0,36528487.0,1029,14,939,10,8,9,77.0,60.0,17.46,26.49
2026-06-13T10:41:00,PCI_12,3,68115518.0,34074614.0,1142,12,853,5,14,12,69.0,61.0,16.16,8.4
2026-06-13T10:41:00,PCI_13,2,73806181.0,34529995.0,1172,17,906,25,15,9,68.0,56.0,18.82,18.34
2026-06-13T10:41:00,PCI_14,4,73078324.0,39336635.0,1057,19,720,9,9,8,69.0,60.0,9.54,13.63
2026-06-13T10:41:00,PCI_15,3,62705653.0,39163545.0,882,32,915,12,13,11,69.0,56.0,7.72,14.46
2026-06-13T10:41:00,PCI_16,4,71531525.0,35745126.0,1011,23,787,12,8,10,69.0,59.0,17.37,11.95
2026-06-13T10:42:00,PCI_1,4,963800813.0,73835028.0,934,33,739,3,12,15,77.0,61.0,16.49,15.18
2026-06-13T10:42:00,PCI_2,3,988342732.0,59191733.0,1148,10,757,8,12,11,75.0,61.0,6.29,18.52
2026-06-13T10:42:00,PCI_3,3,1006422563.0,69288743.0,895,31,676,29,11,13,75.0,59.0,20.38,27.52
2026-06-13T10:42:00,PCI_4,4,1009068278.0,78657437.0,898,21,808,12,14,15,72.0,60.0,5.83,14.4
2026-06-13T10:42:00,PCI_5,3,989284355.0,76483218.0,945,19,734,19,8,10,72.0,60.0,9.36,12.71
2026-06-13T10:42:00,PCI_6,3,1000563024.0,68634391.0,976,7,806,17,14,13,73.0,67.0,8.32,19.73
2026-06-13T10:42:00,PCI_7,4,1002102282.0,66590962.0,986,23,870,24,13,15,76.0,68.0,13.69,25.2
2026-06-13T10:42:00,PCI_8,4,1107723598.0,65682322.0,1038,29,907,27,13,15,74.0,60.0,22.49,11.54
2026-06-13T10:42:00,PCI_9,4,63801235.0,37618696.0,1016,8,731,17,13,15,73.0,55.0,24.26,25.37
2026-06-13T10:42:00,PCI_10,4,70240488.0,33655526.0,1015,23,975,9,8,11,76.0,57.0,19.51,16.31
2026-06-13T10:42:00,PCI_11,4,66533475.0,35679935.0,973,23,850,5,12,12,69.0,57.0,17.13,13.06
2026-06-13T10:42:00,PCI_12,3,58932667.0,30120814.0,1170,18,715,13,12,15,78.0,57.0,23.29,16.85
2026-06-13T10:42:00,PCI_13,3,75349550.0,34918999.0,919,14,917,23,8,12,80.0,61.0,21.25,17.74
2026-06-13T10:42:00,PCI_14,4,68785311.0,37180276.0,1099,15,966,6,15,8,78.0,59.0,8.3,9.39
2026-06-13T10:42:00,PCI_15,3,82503618.0,34194507.0,873,37,912,20,14,15,78.0,55.0,6.17,14.06
2026-06-13T10:42:00,PCI_16,4,66485316.0,34445391.0,967,34,949,19,12,15,66.0,55.0,5.95,18.25
2026-06-13T10:43:00,PCI_1,4,1023964504.0,69244670.0,1160,26,752,26,9,15,71.0,59.0,24.36,27.35
2026-06-13T10:43:00,PCI_2,3,1138764688.0,74145916.0,1166,16,930,20,13,8,77.0,58.0,6.79,15.19
2026-06-13T10:43:00,PCI_3,4,1023158422.0,73249242.0,1122,12,778,5,14,8,81.0,54.0,12.94,23.51
2026-06-13T10:43:00,PCI_4,4,1172221273.0,67270347.0,1072,20,776,5,9,11,75.0,60.0,8.04,24.61
2026-06-13T10:43:00,PCI_5,4,1099349629.0,71336345.0,1113,26,727,29,15,9,73.0,59.0,5.69,23.48
2026-06-13T10:43:00,PCI_6,3,927603620.0,69892061.0,962,11,823,9,8,15,63.0,63.0,22.95,19.27
2026-06-13T10:43:00,PCI_7,3,1031803938.0,71359348.0,903,37,962,4,11,15,75.0,58.0,14.51,23.16
2026-06-13T10:43:00,PCI_8,3,988568522.0,71552812.0,917,24,937,23,12,8,80.0,56.0,22.51,15.29
2026-06-13T10:43:00,PCI_9,5,64044044.0,34668897.0,1129,5,827,5,8,14,71.0,65.0,11.37,25.51
2026-06-13T10:43:00,PCI_10,3,68533226.0,33366216.0,912,24,869,23,13,11,73.0,55.0,11.71,24.18
2026-06-13T10:43:00,PCI_11,2,73414474.0,38932045.0,1146,14,895,10,14,13,76.0,69.0,22.54,8.03
2026-06-13T10:43:00,PCI_12,4,68700421.0,36154474.0,939,11,867,21,9,12,77.0,66.0,18.1,17.87
2026-06-13T10:43:00,PCI_13,4,68329168.0,35588253.0,1112,15,748,19,10,13,70.0,62.0,16.05,17.99
2026-06-13T10:43:00,PCI_14,3,69982743.0,33394438.0,1104,21,708,18,13,9,75.0,52.0,24.96,24.67
2026-06-13T10:43:00,PCI_15,3,67263865.0,34484937.0,985,10,926,3,10,15,70.0,66.0,9.8,8.27
2026-06-13T10:43:00,PCI_16,3,65246629.0,37446851.0,1022,19,742,19,14,14,72.0,65.0,10.14,27.97
2026-06-13T10:44:00,PCI_1,3,1068277604.0,67622895.0,1045,11,805,26,13,11,78.0,63.0,15.4,21.21
2026-06-13T10:44:00,PCI_2,3,990231588.0,61825649.0,1127,36,864,10,12,13,81.0,56.0,18.29,12.32
2026-06-13T10:44:00,PCI_3,4,1123761549.0,71188645.0,1032,32,846,21,13,11,73.0,51.0,20.0,12.63
2026-06-13T10:44:00,PCI_4,4,960511902.0,64107874.0,1064,35,725,16,8,9,79.0,59.0,24.88,23.13
2026-06-13T10:44:00,PCI_5,3,914837391.0,75435944.0,1076,27,815,27,14,11,67.0,64.0,18.25,11.25
2026-06-13T10:44:00,PCI_6,3,1042674950.0,74357165.0,1191,8,922,18,10,10,73.0,66.0,6.47,10.46
2026-06-13T10:44:00,PCI_7,4,1029571607.0,76555944.0,883,34,845,7,8,11,72.0,57.0,13.57,12.78
2026-06-13T10:44:00,PCI_8,3,998779464.0,66773659.0,872,31,943,25,13,14,77.0,54.0,10.75,23.43
2026-06-13T10:44:00,PCI_9,4,59475473.0,34339536.0,982,28,919,8,11,9,76.0,57.0,20.85,18.27
2026-06-13T10:44:00,PCI_10,4,73596030.0,36399194.0,959,37,736,21,15,13,79.0,65.0,16.57,23.88
2026-06-13T10:44:00,PCI_11,4,72493249.0,40267014.0,1055,13,903,20,15,8,74.0,56.0,13.39,20.58
2026-06-13T10:44:00,PCI_12,3,68637818.0,33351445.0,1084,34,876,9,9,12,73.0,59.0,24.93,20.68
2026-06-13T10:44:00,PCI_13,3,76697553.0,31662262.0,941,27,874,25,12,13,77.0,59.0,15.38,16.57
2026-06-13T10:44:00,PCI_14,3,70682239.0,35775741.0,1024,23,885,8,11,13,76.0,60.0,14.11,12.27
2026-06-13T10:44:00,PCI_15,4,68085470.0,34578512.0,917,7,926,19,8,10,76.0,64.0,15.57,18.87
2026-06-13T10:44:00,PCI_16,4,63738998.0,32453568.0,1024,16,869,4,9,10,82.0,58.0,21.55,12.83
2026-06-13T10:45:00,PCI_1,4,1039059168.0,66896227.0,1090,12,814,15,15,13,75.0,59.0,21.89,24.61
2026-06-13T10:45:00,PCI_2,3,1014935223.0,70481023.0,939,28,775,29,10,14,76.0,64.0,5.78,16.25
2026-06-13T10:45:00,PCI_3,3,1165837456.0,70468212.0,1153,21,761,13,15,10,84.0,62.0,22.97,21.49
2026-06-13T10:45:00,PCI_4,3,845332435.0,64966442.0,1016,22,832,24,12,10,65.0,62.0,7.15,12.4
2026-06-13T10:45:00,PCI_5,4,1045051218.0,68031972.0,931,5,987,8,12,8,74.0,64.0,14.99,26.47
2026-06-13T10:45:00,PCI_6,3,987393206.0,67020574.0,1153,32,797,22,12,13,71.0,55.0,8.42,19.07
2026-06-13T10:45:00,PCI_7,4,1007393771.0,68342159.0,1162,37,771,3,12,8,76.0,54.0,9.56,12.77
2026-06-13T10:45:00,PCI_8,3,1098719496.0,72415756.0,1129,27,868,4,15,11,78.0,56.0,11.23,8.57
2026-06-13T10:45:00,PCI_9,3,59669980.0,31375567.0,1109,7,803,21,11,11,75.0,58.0,21.55,11.41
2026-06-13T10:45:00,PCI_10,4,67208840.0,33035291.0,993,10,868,27,8,13,75.0,55.0,13.04,21.53
2026-06-13T10:45:00,PCI_11,3,71796616.0,36311532.0,985,14,791,5,13,9,79.0,57.0,5.34,22.84
2026-06-13T10:45:00,PCI_12,3,71132485.0,36648829.0,1047,13,739,24,14,9,78.0,57.0,22.17,13.19
2026-06-13T10:45:00,PCI_13,4,65115824.0,34915865.0,1118,39,860,16,11,12,78.0,58.0,23.7,27.65
2026-06-13T10:45:00,PCI_14,4,69800701.0,33507046.0,985,28,691,14,12,12,82.0,53.0,9.48,11.46
2026-06-13T10:45:00,PCI_15,3,79336591.0,35976740.0,1066,26,755,25,12,14,76.0,58.0,16.43,21.1
2026-06-13T10:45:00,PCI_16,3,73336353.0,35992912.0,902,38,803,15,10,12,72.0,66.0,13.69,27.01
2026-06-13T10:46:00,PCI_1,3,1101896779.0,61794337.0,1115,38,892,12,12,15,77.0,57.0,15.43,17.36
2026-06-13T10:46:00,PCI_2,3,1004323697.0,65943716.0,902,23,942,25,14,9,72.0,54.0,12.82,24.61
2026-06-13T10:46:00,PCI_3,4,934369094.0,66905467.0,1128,29,922,5,14,12,74.0,53.0,23.28,24.28
2026-06-13T10:46:00,PCI_4,2,1010000762.0,63150068.0,1147,30,832,5,12,11,68.0,58.0,17.47,18.45
2026-06-13T10:46:00,PCI_5,3,1094543291.0,69498340.0,1157,33,722,18,11,10,79.0,51.0,9.08,18.84
2026-06-13T10:46:00,PCI_6,5,1028686482.0,69889205.0,1176,14,867,29,8,14,72.0,63.0,9.59,10.04
2026-06-13T10:46:00,PCI_7,4,1041972939.0,67273603.0,933,23,764,11,11,9,82.0,58.0,16.01,15.65
2026-06-13T10:46:00,PCI_8,4,1000476718.0,66674026.0,1114,12,771,10,13,11,74.0,67.0,7.05,23.17
2026-06-13T10:46:00,PCI_9,3,64470177.0,39046591.0,989,14,752,19,14,11,75.0,64.0,5.03,18.51
2026-06-13T10:46:00,PCI_10,3,72540700.0,28846435.0,990,21,765,11,10,8,72.0,63.0,22.2,15.88
2026-06-13T10:46:00,PCI_11,4,69177329.0,37980260.0,1103,7,979,13,9,10,72.0,59.0,6.91,20.53
2026-06-13T10:46:00,PCI_12,4,70746695.0,34409394.0,984,14,890,20,12,9,74.0,64.0,7.27,8.86
2026-06-13T10:46:00,PCI_13,4,62726159.0,36876489.0,1028,10,907,3,15,8,76.0,53.0,12.3,14.31
2026-06-13T10:46:00,PCI_14,3,77663648.0,32325814.0,1160,30,728,29,9,9,71.0,61.0,17.45,8.1
2026-06-13T10:46:00,PCI_15,4,62123534.0,38465052.0,1141,7,850,12,9,9,76.0,61.0,12.52,19.0
2026-06-13T10:46:00,PCI_16,3,64293457.0,36242022.0,1113,19,804,28,12,12,73.0,61.0,18.35,20.18
2026-06-13T10:47:00,PCI_1,2,1085373098.0,64382164.0,1016,11,893,28,15,15,80.0,58.0,16.87,24.12
2026-06-13T10:47:00,PCI_2,3,1001322541.0,67031442.0,1154,8,927,10,15,9,71.0,59.0,15.38,20.08
2026-06-13T10:47:00,PCI_3,4,1071915813.0,69690774.0,983,34,908,23,15,12,71.0,63.0,12.65,24.11
2026-06-13T10:47:00,PCI_4,3,1097494182.0,62081261.0,1059,21,842,23,8,11,78.0,62.0,17.19,17.91
2026-06-13T10:47:00,PCI_5,4,994536802.0,67054728.0,1018,27,737,3,9,10,79.0,62.0,7.07,11.21
2026-06-13T10:47:00,PCI_6,4,997380837.0,70742823.0,974,37,822,29,10,10,78.0,54.0,7.9,19.17
2026-06-13T10:47:00,PCI_7,4,1093697341.0,80037317.0,1116,24,785,29,12,14,73.0,56.0,16.04,26.38
2026-06-13T10:47:00,PCI_8,3,882016543.0,68247477.0,904,18,877,25,15,12,75.0,60.0,12.75,22.4
2026-06-13T10:47:00,PCI_9,3,66705024.0,33977041.0,1074,26,850,28,10,8,75.0,58.0,13.48,22.42
2026-06-13T10:47:00,PCI_10,3,73542849.0,34125927.0,960,31,783,19,8,9,70.0,61.0,5.8,25.99
2026-06-13T10:47:00,PCI_11,4,82973686.0,35927129.0,954,17,793,12,11,8,78.0,58.0,22.97,12.72
2026-06-13T10:47:00,PCI_12,3,59938574.0,35717048.0,1180,7,940,3,14,14,78.0,62.0,22.78,23.11
2026-06-13T10:47:00,PCI_13,3,69343261.0,40169359.0,1085,38,954,9,14,11,65.0,64.0,10.83,27.25
2026-06-13T10:47:00,PCI_14,3,72628379.0,35219311.0,1159,38,750,12,9,14,67.0,65.0,9.73,24.63
2026-06-13T10:47:00,PCI_15,3,63994764.0,34459667.0,1128,19,954,3,13,10,75.0,61.0,21.67,15.77
2026-06-13T10:47:00,PCI_16,4,65652543.0,35737656.0,1032,13,956,11,15,14,79.0,62.0,19.45,15.06
2026-06-13T10:48:00,PCI_1,4,1044335791.0,74710468.0,1162,18,779,19,13,10,68.0,55.0,21.1,21.85
2026-06-13T10:48:00,PCI_2,3,950352321.0,69296323.0,1037,11,820,8,10,10,72.0,42.0,23.73,25.72
2026-06-13T10:48:00,PCI_3,4,1140917756.0,65822981.0,1095,18,808,9,11,10,76.0,61.0,14.18,17.23
2026-06-13T10:48:00,PCI_4,3,996297775.0,67429430.0,1087,9,973,10,12,13,78.0,65.0,18.27,16.32
2026-06-13T10:48:00,PCI_5,4,1040702383.0,73733998.0,1123,17,724,5,13,11,80.0,59.0,8.26,12.79
2026-06-13T10:48:00,PCI_6,3,921096039.0,72724175.0,1061,15,721,19,13,10,77.0,66.0,19.35,18.06
2026-06-13T10:48:00,PCI_7,3,968443768.0,70539701.0,1062,32,769,15,15,14,76.0,63.0,10.34,22.16
2026-06-13T10:48:00,PCI_8,3,996008677.0,65981125.0,985,39,806,23,8,11,72.0,62.0,9.2,10.63
2026-06-13T10:48:00,PCI_9,3,69738588.0,35001813.0,1102,30,887,25,10,9,71.0,61.0,22.04,11.47
2026-06-13T10:48:00,PCI_10,3,72457809.0,31406935.0,1085,35,718,13,10,13,81.0,59.0,7.74,25.23
2026-06-13T10:48:00,PCI_11,3,72305571.0,35006804.0,881,31,771,5,13,14,79.0,61.0,20.78,27.03
2026-06-13T10:48:00,PCI_12,4,65109182.0,35868147.0,1178,16,734,25,8,9,74.0,61.0,14.27,24.01
2026-06-13T10:48:00,PCI_13,3,68023261.0,37994279.0,1140,29,892,23,8,9,83.0,58.0,5.54,13.69
2026-06-13T10:48:00,PCI_14,3,70473136.0,33584742.0,1043,39,921,27,12,10,85.0,58.0,22.8,17.51
2026-06-13T10:48:00,PCI_15,4,58411405.0,34359886.0,871,33,801,11,14,10,69.0,59.0,16.22,25.36
2026-06-13T10:48:00,PCI_16,3,77388326.0,35911262.0,988,10,937,16,14,10,69.0,56.0,6.54,18.5
2026-06-13T10:49:00,PCI_1,3,968856207.0,67171525.0,1151,30,796,5,9,10,71.0,58.0,9.85,27.22
2026-06-13T10:49:00,PCI_2,4,1178304299.0,66710253.0,1104,39,696,4,9,9,70.0,57.0,6.24,19.96
2026-06-13T10:49:00,PCI_3,3,1168426983.0,75244353.0,950,28,779,26,11,11,77.0,59.0,22.4,20.42
2026-06-13T10:49:00,PCI_4,3,1122474012.0,61633116.0,996,22,764,29,9,10,80.0,59.0,6.35,13.58
2026-06-13T10:49:00,PCI_5,4,1079995998.0,69503193.0,986,39,978,3,13,11,74.0,63.0,13.43,23.15
2026-06-13T10:49:00,PCI_6,4,1093118303.0,72434229.0,897,27,824,11,11,15,67.0,55.0,16.94,26.68
2026-06-13T10:49:00,PCI_7,3,1064446465.0,66830368.0,954,12,988,3,8,11,71.0,62.0,10.37,11.61
2026-06-13T10:49:00,PCI_8,4,1061526847.0,72959748.0,1149,8,822,28,13,10,73.0,56.0,13.47,12.04
2026-06-13T10:49:00,PCI_9,3,76290310.0,38647562.0,1104,31,926,19,9,8,72.0,59.0,18.32,26.22
2026-06-13T10:49:00,PCI_10,3,68629517.0,34480804.0,1003,9,921,4,12,13,74.0,51.0,12.27,10.74
2026-06-13T10:49:00,PCI_11,3,61668360.0,33831755.0,1101,29,763,23,15,8,77.0,62.0,15.08,26.07
2026-06-13T10:49:00,PCI_12,4,67915191.0,31874234.0,1020,22,710,11,11,14,73.0,65.0,16.98,9.58
2026-06-13T10:49:00,PCI_13,3,66897229.0,36766023.0,1110,19,913,8,13,15,80.0,60.0,24.78,19.89
2026-06-13T10:49:00,PCI_14,4,71872369.0,36521327.0,1113,12,850,26,15,10,67.0,58.0,15.38,27.91
2026-06-13T10:49:00,PCI_15,3,78627233.0,37461919.0,1136,22,758,23,15,12,74.0,59.0,6.55,16.6
2026-06-13T10:49:00,PCI_16,3,64160570.0,35729961.0,902,26,742,10,8,10,78.0,58.0,6.97,22.23
2026-06-13T10:50:00,PCI_1,4,1111458416.0,68883773.0,1037,32,887,4,12,12,67.0,62.0,9.0,22.84
2026-06-13T10:50:00,PCI_2,4,901354233.0,64125219.0,1172,16,784,19,15,14,76.0,63.0,9.11,11.37
2026-06-13T10:50:00,PCI_3,3,1075468746.0,66895208.0,1023,27,963,16,9,14,66.0,59.0,21.33,27.04
2026-06-13T10:50:00,PCI_4,4,1015193458.0,70657200.0,962,17,837,19,8,10,75.0,53.0,22.68,21.79
2026-06-13T10:50:00,PCI_5,4,987420198.0,62329358.0,904,28,966,12,8,14,76.0,65.0,5.92,25.28
2026-06-13T10:50:00,PCI_6,4,1034780463.0,69036331.0,969,27,733,14,13,14,76.0,59.0,23.99,21.16
2026-06-13T10:50:00,PCI_7,5,914721592.0,66657017.0,1132,32,730,13,10,15,72.0,54.0,20.54,12.04
2026-06-13T10:50:00,PCI_8,3,1087951030.0,78813802.0,1091,33,743,22,13,8,77.0,58.0,12.81,20.21
2026-06-13T10:50:00,PCI_9,3,71655788.0,30664443.0,900,19,735,7,12,15,70.0,64.0,18.49,12.66
2026-06-13T10:50:00,PCI_10,4,76754185.0,34774344.0,934,36,825,11,12,12,84.0,66.0,10.37,26.65
2026-06-13T10:50:00,PCI_11,3,62707260.0,33708024.0,1050,35,947,29,15,15,79.0,62.0,7.22,25.53
2026-06-13T10:50:00,PCI_12,4,66797789.0,37590275.0,1135,9,712,15,10,8,70.0,53.0,11.38,24.78
2026-06-13T10:50:00,PCI_13,4,71297022.0,37951710.0,980,17,949,8,8,8,80.0,63.0,20.64,10.74
2026-06-13T10:50:00,PCI_14,3,75290842.0,32428158.0,1034,37,857,7,15,15,69.0,58.0,13.7,26.27
2026-06-13T10:50:00,PCI_15,4,68319595.0,32903169.0,1087,5,958,23,8,14,80.0,62.0,14.4,11.78
2026-06-13T10:50:00,PCI_16,3,72318011.0,33724496.0,930,10,870,25,14,13,69.0,59.0,19.38,23.57
2026-06-13T10:51:00,PCI_1,4,1009255602.0,71733205.0,1028,5,926,14,9,12,69.0,58.0,6.03,10.16
2026-06-13T10:51:00,PCI_2,3,1051340960.0,72662023.0,1175,10,917,18,13,9,79.0,62.0,7.87,21.06
2026-06-13T10:51:00,PCI_3,4,1084651416.0,73552278.0,954,27,976,16,11,8,78.0,56.0,14.86,24.24
2026-06-13T10:51:00,PCI_4,3,1056161467.0,72990062.0,921,34,795,9,8,14,78.0,59.0,10.53,16.53
2026-06-13T10:51:00,PCI_5,3,1116040746.0,63056143.0,980,22,755,6,9,15,72.0,58.0,10.4,14.28
2026-06-13T10:51:00,PCI_6,3,1179385019.0,69370896.0,1161,38,703,21,15,9,87.0,64.0,17.74,21.53
2026-06-13T10:51:00,PCI_7,4,1068691839.0,69039282.0,1164,31,857,17,9,12,71.0,56.0,23.03,20.68
2026-06-13T10:51:00,PCI_8,4,994084836.0,78172099.0,979,11,863,11,13,9,73.0,62.0,5.88,26.9
2026-06-13T10:51:00,PCI_9,3,75002954.0,38791172.0,1068,23,831,10,14,9,61.0,55.0,16.06,11.71
2026-06-13T10:51:00,PCI_10,4,62291211.0,34609083.0,1052,22,710,22,10,9,77.0,65.0,17.45,24.03
2026-06-13T10:51:00,PCI_11,4,69983723.0,31699163.0,1106,39,720,23,12,8,78.0,64.0,6.08,10.19
2026-06-13T10:51:00,PCI_12,5,66193737.0,37096473.0,949,39,685,21,12,11,73.0,59.0,7.01,14.35
2026-06-13T10:51:00,PCI_13,4,69721114.0,36356078.0,913,23,922,6,8,10,78.0,68.0,20.44,26.83
2026-06-13T10:51:00,PCI_14,4,70892642.0,37519185.0,1085,6,840,7,14,8,82.0,60.0,22.13,18.92
2026-06-13T10:51:00,PCI_15,2,78587839.0,33921667.0,906,23,804,7,12,15,69.0,54.0,13.92,21.58
2026-06-13T10:51:00,PCI_16,3,75580740.0,34031148.0,947,22,819,12,13,14,72.0,66.0,18.82,13.89
2026-06-13T10:52:00,PCI_1,3,1073782991.0,71946985.0,876,27,738,9,15,10,78.0,60.0,24.12,10.55
2026-06-13T10:52:00,PCI_2,4,1038239913.0,63899493.0,956,20,810,16,15,10,70.0,59.0,9.38,13.68
2026-06-13T10:52:00,PCI_3,4,896774270.0,70266112.0,1031,17,859,9,14,14,70.0,58.0,13.63,12.44
2026-06-13T10:52:00,PCI_4,3,1109773749.0,62975871.0,1108,7,693,22,13,8,75.0,62.0,8.38,19.54
2026-06-13T10:52:00,PCI_5,3,939617734.0,62968921.0,888,37,876,17,11,8,75.0,63.0,9.29,11.82
2026-06-13T10:52:00,PCI_6,4,1086246951.0,68106535.0,935,39,720,4,9,14,68.0,63.0,15.02,17.17
2026-06-13T10:52:00,PCI_7,5,1137961569.0,81723584.0,1080,19,728,22,14,15,80.0,52.0,9.86,9.2
2026-06-13T10:52:00,PCI_8,3,1086504537.0,73082484.0,1151,5,702,13,9,11,71.0,64.0,20.17,18.39
2026-06-13T10:52:00,PCI_9,4,67965855.0,37965835.0,897,33,936,19,15,9,80.0,60.0,18.04,22.52
2026-06-13T10:52:00,PCI_10,4,75310416.0,39738745.0,1073,32,869,23,10,8,79.0,61.0,18.13,11.32
2026-06-13T10:52:00,PCI_11,4,69057569.0,33439718.0,996,12,781,4,15,15,72.0,59.0,9.83,23.39
2026-06-13T10:52:00,PCI_12,4,78916437.0,33985163.0,1020,20,718,28,8,12,71.0,60.0,17.99,17.05
2026-06-13T10:52:00,PCI_13,4,68547089.0,30395942.0,996,34,761,19,15,8,84.0,54.0,23.91,19.87
2026-06-13T10:52:00,PCI_14,4,74403593.0,36364492.0,1045,14,744,11,9,8,69.0,61.0,14.07,17.31
2026-06-13T10:52:00,PCI_15,4,73492798.0,33043918.0,974,16,819,14,9,14,68.0,60.0,5.83,27.58
2026-06-13T10:52:00,PCI_16,3,63984688.0,37062119.0,920,15,836,11,12,12,72.0,63.0,8.52,14.01
2026-06-13T10:53:00,PCI_1,3,1002956402.0,67391962.0,949,12,725,4,12,10,70.0,63.0,24.51,23.25
2026-06-13T10:53:00,PCI_2,4,1022306894.0,69140118.0,980,20,811,21,9,13,74.0,60.0,11.05,18.52
2026-06-13T10:53:00,PCI_3,3,986121882.0,65033762.0,877,30,692,8,8,9,76.0,64.0,11.3,16.25
2026-06-13T10:53:00,PCI_4,2,1118275910.0,69704766.0,1039,20,931,15,8,11,73.0,66.0,20.82,21.18
2026-06-13T10:53:00,PCI_5,4,1148085288.0,65273968.0,911,18,700,9,14,13,79.0,62.0,7.54,11.86
2026-06-13T10:53:00,PCI_6,4,999033985.0,64790647.0,1152,5,883,14,8,13,76.0,50.0,7.27,26.16
2026-06-13T10:53:00,PCI_7,4,1116816838.0,65145295.0,891,33,855,9,10,8,79.0,58.0,17.62,10.44
2026-06-13T10:53:00,PCI_8,4,1071623073.0,76667961.0,900,28,845,20,12,12,81.0,66.0,14.73,11.28
2026-06-13T10:53:00,PCI_9,3,69635151.0,32415100.0,976,33,814,23,14,14,73.0,57.0,18.42,26.6
2026-06-13T10:53:00,PCI_10,5,68976122.0,38568521.0,1136,38,799,5,9,15,70.0,71.0,21.49,13.23
2026-06-13T10:53:00,PCI_11,4,63812896.0,34603347.0,893,37,834,25,11,15,78.0,61.0,23.61,19.39
2026-06-13T10:53:00,PCI_12,4,71633719.0,34134327.0,973,5,809,13,14,9,79.0,65.0,18.39,22.22
2026-06-13T10:53:00,PCI_13,4,76116726.0,34779968.0,1193,5,859,6,10,14,76.0,69.0,6.95,9.03
2026-06-13T10:53:00,PCI_14,4,55259940.0,37064562.0,1012,9,715,28,11,11,74.0,62.0,20.42,15.87
2026-06-13T10:53:00,PCI_15,3,67895096.0,35546240.0,1010,11,730,25,9,9,73.0,61.0,9.71,8.54
2026-06-13T10:53:00,PCI_16,3,75070485.0,38022140.0,940,20,820,24,12,8,76.0,57.0,8.71,24.41
2026-06-13T10:54:00,PCI_1,4,883452446.0,70230112.0,1019,11,811,7,11,9,66.0,63.0,5.03,22.89
2026-06-13T10:54:00,PCI_2,3,1158494191.0,71590492.0,884,23,910,18,13,12,75.0,61.0,18.15,13.12
2026-06-13T10:54:00,PCI_3,3,951953953.0,61381677.0,957,36,935,12,14,13,72.0,58.0,19.62,11.66
2026-06-13T10:54:00,PCI_4,3,1028662324.0,70968455.0,976,33,805,12,9,14,74.0,62.0,5.82,23.78
2026-06-13T10:54:00,PCI_5,4,1061623912.0,65102228.0,994,35,734,12,15,10,72.0,54.0,7.32,8.75
2026-06-13T10:54:00,PCI_6,3,1082418722.0,78143622.0,1111,14,721,4,14,8,68.0,63.0,23.94,11.9
2026-06-13T10:54:00,PCI_7,3,1167799222.0,59787267.0,1147,11,933,5,12,14,73.0,66.0,14.26,23.99
2026-06-13T10:54:00,PCI_8,4,1008524485.0,76458126.0,939,13,964,16,14,13,78.0,62.0,7.97,22.03
2026-06-13T10:54:00,PCI_9,4,77610298.0,37302767.0,1164,33,912,6,9,15,77.0,66.0,11.74,16.31
2026-06-13T10:54:00,PCI_10,3,69710722.0,33530119.0,1016,33,724,9,13,10,86.0,60.0,22.22,27.94
2026-06-13T10:54:00,PCI_11,2,70256395.0,32581240.0,885,24,767,24,9,9,69.0,64.0,15.9,19.86
2026-06-13T10:54:00,PCI_12,3,74686933.0,35915317.0,1092,37,870,24,9,9,76.0,60.0,18.23,17.44
2026-06-13T10:54:00,PCI_13,4,75787103.0,29203978.0,1158,13,921,8,8,14,76.0,61.0,22.92,9.63
2026-06-13T10:54:00,PCI_14,4,63850458.0,37490463.0,1130,39,766,19,15,11,72.0,57.0,24.82,16.57
2026-06-13T10:54:00,PCI_15,3,75056123.0,30772710.0,950,34,707,20,15,8,74.0,62.0,5.46,20.02
2026-06-13T10:54:00,PCI_16,3,71395430.0,34927004.0,885,18,721,19,15,14,74.0,55.0,17.65,10.15
2026-06-13T10:55:00,PCI_1,4,1201707815.0,67143447.0,921,27,906,5,9,13,76.0,59.0,17.17,26.44
2026-06-13T10:55:00,PCI_2,4,967600444.0,71082597.0,1002,36,960,13,13,13,71.0,59.0,16.2,8.87
2026-06-13T10:55:00,PCI_3,4,977661482.0,71019141.0,1072,38,693,21,14,14,73.0,57.0,5.04,8.45
2026-06-13T10:55:00,PCI_4,4,1096326508.0,70795778.0,1116,30,906,21,12,11,74.0,59.0,14.84,20.79
2026-06-13T10:55:00,PCI_5,4,1174853201.0,65392931.0,1100,16,815,15,10,11,76.0,65.0,14.03,19.46
2026-06-13T10:55:00,PCI_6,3,1145001479.0,64203357.0,1046,19,927,20,14,14,76.0,57.0,22.64,26.47
2026-06-13T10:55:00,PCI_7,3,1049772103.0,59741158.0,1113,38,826,25,10,10,74.0,59.0,7.33,10.85
2026-06-13T10:55:00,PCI_8,5,890846704.0,68280127.0,1075,5,717,20,11,12,75.0,62.0,6.92,22.79
2026-06-13T10:55:00,PCI_9,4,62079653.0,35742990.0,1143,20,684,25,12,10,71.0,59.0,16.07,13.53
2026-06-13T10:55:00,PCI_10,4,72883487.0,35278063.0,890,11,770,19,9,9,81.0,62.0,17.82,17.63
2026-06-13T10:55:00,PCI_11,4,80678588.0,33633819.0,1151,32,971,28,9,11,70.0,61.0,17.76,12.1
2026-06-13T10:55:00,PCI_12,4,73235566.0,32453376.0,968,15,938,23,14,10,75.0,57.0,11.35,19.61
2026-06-13T10:55:00,PCI_13,4,78237128.0,26574881.0,1090,27,843,16,10,10,71.0,63.0,10.28,18.95
2026-06-13T10:55:00,PCI_14,4,73199045.0,34279603.0,1038,37,888,19,15,14,76.0,64.0,16.97,16.73
2026-06-13T10:55:00,PCI_15,3,64299844.0,35876904.0,1126,9,698,13,12,9,73.0,64.0,14.97,12.74
2026-06-13T10:55:00,PCI_16,3,64078070.0,37992149.0,969,7,702,9,9,14,72.0,58.0,17.66,18.72
2026-06-13T10:56:00,PCI_1,4,1145286266.0,65587479.0,944,17,701,5,14,11,74.0,55.0,24.92,16.27
2026-06-13T10:56:00,PCI_2,4,976844419.0,67697290.0,1057,29,883,13,8,8,76.0,66.0,21.86,16.91
2026-06-13T10:56:00,PCI_3,2,1049804088.0,74432553.0,1123,32,828,29,9,8,74.0,60.0,22.29,13.61
2026-06-13T10:56:00,PCI_4,4,1131844773.0,66842159.0,1149,13,691,28,10,15,72.0,57.0,23.97,9.32
2026-06-13T10:56:00,PCI_5,4,982851873.0,65275514.0,1116,21,971,24,13,14,75.0,60.0,17.3,13.74
2026-06-13T10:56:00,PCI_6,4,1084978466.0,70043790.0,1148,29,779,24,8,10,71.0,69.0,10.37,21.35
2026-06-13T10:56:00,PCI_7,3,1068291707.0,74994598.0,1046,6,708,10,12,15,73.0,62.0,19.87,21.74
2026-06-13T10:56:00,PCI_8,3,1017988791.0,73119192.0,885,25,915,16,13,11,76.0,64.0,16.8,27.03
2026-06-13T10:56:00,PCI_9,3,69397352.0,35715214.0,942,10,921,29,14,11,80.0,62.0,5.36,12.6
2026-06-13T10:56:00,PCI_10,4,69096560.0,33981513.0,1106,22,847,20,14,12,79.0,70.0,8.86,12.07
2026-06-13T10:56:00,PCI_11,4,79795801.0,32953757.0,935,27,772,28,15,13,78.0,59.0,21.19,14.95
2026-06-13T10:56:00,PCI_12,3,65323828.0,34679428.0,1027,19,958,18,10,12,81.0,61.0,13.97,15.35
2026-06-13T10:56:00,PCI_13,3,68350778.0,34380488.0,1025,24,821,8,10,10,73.0,59.0,6.92,19.02
2026-06-13T10:56:00,PCI_14,3,70585005.0,31924319.0,1101,8,728,28,12,9,74.0,64.0,20.82,18.0
2026-06-13T10:56:00,PCI_15,3,71181442.0,32025906.0,927,11,931,15,10,8,71.0,66.0,24.11,22.84
2026-06-13T10:56:00,PCI_16,4,63893726.0,34236239.0,993,13,723,5,13,11,73.0,68.0,11.83,8.46
2026-06-13T10:57:00,PCI_1,4,982581636.0,69440016.0,1176,15,843,15,8,13,81.0,60.0,19.94,19.08
2026-06-13T10:57:00,PCI_2,3,1101813178.0,77634588.0,926,36,826,11,15,12,69.0,62.0,19.88,24.83
2026-06-13T10:57:00,PCI_3,4,1086837473.0,72370411.0,1109,36,940,21,14,8,74.0,66.0,24.87,8.59
2026-06-13T10:57:00,PCI_4,4,1048779125.0,68453384.0,1067,15,897,28,8,15,77.0,54.0,15.26,11.37
2026-06-13T10:57:00,PCI_5,4,982500632.0,59511134.0,1039,6,720,28,9,15,73.0,60.0,19.74,25.81
2026-06-13T10:57:00,PCI_6,3,1056078921.0,77729471.0,980,31,895,12,10,12,69.0,64.0,9.35,14.84
2026-06-13T10:57:00,PCI_7,3,1005579274.0,62999668.0,1146,6,846,21,9,15,77.0,61.0,8.05,8.62
2026-06-13T10:57:00,PCI_8,4,1113944343.0,62475697.0,1073,5,835,6,12,13,70.0,56.0,17.2,27.95
2026-06-13T10:57:00,PCI_9,4,68365533.0,35449329.0,1120,19,955,12,10,15,77.0,61.0,10.1,23.37
2026-06-13T10:57:00,PCI_10,4,68370290.0,34714575.0,973,13,816,13,10,15,72.0,63.0,22.34,23.54
2026-06-13T10:57:00,PCI_11,3,61309638.0,42303483.0,918,37,883,5,15,10,75.0,57.0,5.41,18.38
2026-06-13T10:57:00,PCI_12,4,69851195.0,35028921.0,1067,7,935,21,11,12,76.0,54.0,16.29,11.25
2026-06-13T10:57:00,PCI_13,3,72391995.0,34632929.0,1153,31,742,10,14,13,66.0,64.0,6.22,16.14
2026-06-13T10:57:00,PCI_14,4,67808076.0,32527710.0,867,37,897,3,10,9,75.0,59.0,17.42,10.13
2026-06-13T10:57:00,PCI_15,4,59360241.0,33454980.0,1126,29,831,7,9,14,71.0,61.0,10.25,26.98
2026-06-13T10:57:00,PCI_16,4,61613356.0,33183704.0,903,38,945,6,11,9,77.0,58.0,6.84,17.41
2026-06-13T10:58:00,PCI_1,4,932718296.0,70890461.0,889,24,878,24,12,9,77.0,64.0,17.75,21.65
2026-06-13T10:58:00,PCI_2,4,1024144056.0,63582470.0,938,16,967,10,15,11,75.0,59.0,16.07,18.3
2026-06-13T10:58:00,PCI_3,4,941271113.0,64854756.0,1025,22,692,28,12,8,75.0,53.0,23.61,9.01
2026-06-13T10:58:00,PCI_4,4,1075219436.0,78855705.0,928,27,831,19,10,13,74.0,51.0,6.03,19.18
2026-06-13T10:58:00,PCI_5,4,1115661136.0,65988194.0,997,18,804,19,13,9,77.0,55.0,19.54,14.83
2026-06-13T10:58:00,PCI_6,3,983033346.0,64364066.0,1041,26,903,12,10,14,79.0,59.0,16.28,8.61
2026-06-13T10:58:00,PCI_7,3,1102648683.0,68347424.0,1040,13,850,26,8,8,79.0,59.0,13.14,17.59
2026-06-13T10:58:00,PCI_8,3,1016119514.0,74708953.0,948,14,804,15,8,9,76.0,55.0,6.71,26.53
2026-06-13T10:58:00,PCI_9,3,72815474.0,35053021.0,958,17,778,5,8,8,75.0,61.0,5.57,16.07
2026-06-13T10:58:00,PCI_10,4,76535708.0,40586750.0,888,30,806,8,12,14,75.0,60.0,21.51,14.23
2026-06-13T10:58:00,PCI_11,4,67700724.0,33640378.0,1158,11,956,15,11,15,75.0,57.0,12.26,25.31
2026-06-13T10:58:00,PCI_12,3,70568036.0,33049952.0,1146,19,760,6,9,10,78.0,60.0,17.54,20.15
2026-06-13T10:58:00,PCI_13,4,71746884.0,33181656.0,965,8,767,11,15,10,82.0,56.0,19.52,12.2
2026-06-13T10:58:00,PCI_14,3,73858605.0,31316559.0,916,11,719,20,15,12,83.0,62.0,7.88,11.09
2026-06-13T10:58:00,PCI_15,5,70341391.0,32246169.0,945,9,740,4,15,12,71.0,57.0,18.15,22.21
2026-06-13T10:58:00,PCI_16,4,63123822.0,34032609.0,947,20,851,11,11,10,76.0,60.0,13.49,13.51
2026-06-13T10:59:00,PCI_1,4,969815655.0,62867707.0,1141,7,863,10,15,15,71.0,60.0,18.63,18.93
2026-06-13T10:59:00,PCI_2,4,1072712515.0,70139495.0,989,21,764,23,13,12,79.0,60.0,9.0,14.67
2026-06-13T10:59:00,PCI_3,3,1025036078.0,59140025.0,929,30,758,11,15,10,67.0,59.0,14.76,27.44
2026-06-13T10:59:00,PCI_4,3,1113436326.0,72038895.0,998,34,695,13,13,15,71.0,65.0,6.97,25.92
2026-06-13T10:59:00,PCI_5,3,1038154685.0,73777828.0,989,38,788,14,12,13,70.0,59.0,23.91,9.72
2026-06-13T10:59:00,PCI_6,4,1007263676.0,69786854.0,921,13,714,3,15,13,70.0,66.0,10.71,9.69
2026-06-13T10:59:00,PCI_7,3,953235717.0,66828573.0,973,37,941,15,11,8,75.0,53.0,13.32,18.93
2026-06-13T10:59:00,PCI_8,3,1197362593.0,68851645.0,1013,33,732,25,15,10,75.0,52.0,12.06,8.56
2026-06-13T10:59:00,PCI_9,4,60372573.0,33176179.0,1177,7,755,26,13,12,74.0,65.0,6.9,10.31
2026-06-13T10:59:00,PCI_10,2,67828414.0,34547157.0,1098,17,767,28,14,14,81.0,61.0,20.64,21.13
2026-06-13T10:59:00,PCI_11,2,63477227.0,32306628.0,965,17,724,29,14,14,74.0,61.0,12.82,8.41
2026-06-13T10:59:00,PCI_12,4,73819962.0,36989246.0,1069,6,807,24,8,9,78.0,51.0,19.32,21.63
2026-06-13T10:59:00,PCI_13,3,76676514.0,28589398.0,1027,32,805,5,11,9,73.0,50.0,8.15,19.02
2026-06-13T10:59:00,PCI_14,4,63265586.0,33380375.0,1031,17,816,8,12,10,68.0,57.0,6.75,20.08
2026-06-13T10:59:00,PCI_15,4,67180480.0,38392835.0,964,24,807,11,10,11,71.0,62.0,19.53,11.63
2026-06-13T10:59:00,PCI_16,3,61351457.0,39811783.0,1126,38,738,5,13,15,75.0,53.0,24.91,10.78
2026-06-13T11:00:00,PCI_1,4,926900983.0,67835211.0,1036,38,928,9,10,15,80.0,62.0,22.18,19.27
2026-06-13T11:00:00,PCI_2,3,993904383.0,71720122.0,935,33,946,20,15,14,69.0,67.0,15.75,21.72
2026-06-13T11:00:00,PCI_3,3,990030897.0,71005482.0,1094,37,816,12,14,15,73.0,61.0,5.11,13.41
2026-06-13T11:00:00,PCI_4,3,904502873.0,64603648.0,905,34,690,28,10,10,81.0,60.0,20.09,21.58
2026-06-13T11:00:00,PCI_5,4,1075327660.0,65530090.0,1089,21,944,29,9,8,78.0,69.0,11.07,10.64
2026-06-13T11:00:00,PCI_6,4,952921069.0,68540809.0,1170,9,731,19,11,8,77.0,64.0,23.83,8.11
2026-06-13T11:00:00,PCI_7,3,1198091683.0,62912338.0,1018,32,699,6,8,9,71.0,64.0,18.75,16.03
2026-06-13T11:00:00,PCI_8,3,1063417738.0,76326516.0,973,22,789,21,12,9,72.0,64.0,5.69,10.22
2026-06-13T11:00:00,PCI_9,4,78019470.0,36530994.0,902,22,836,6,9,10,81.0,58.0,16.9,13.74
2026-06-13T11:00:00,PCI_10,4,73575453.0,31265981.0,936,29,967,29,14,8,74.0,62.0,8.66,21.52
2026-06-13T11:00:00,PCI_11,3,70482417.0,38728998.0,1012,7,894,26,14,12,73.0,67.0,23.35,14.31
2026-06-13T11:00:00,PCI_12,4,66205402.0,32676525.0,943,31,825,10,8,9,75.0,54.0,21.14,8.0
2026-06-13T11:00:00,PCI_13,4,69699404.0,39054792.0,971,20,822,17,9,10,74.0,52.0,9.47,12.37
2026-06-13T11:00:00,PCI_14,4,63898299.0,34729352.0,880,23,874,9,9,13,73.0,58.0,6.82,14.97
2026-06-13T11:00:00,PCI_15,4,72109092.0,37330900.0,1126,5,728,20,8,12,76.0,61.0,10.6,17.62
2026-06-13T11:00:00,PCI_16,4,67635488.0,34417496.0,917,7,949,23,15,15,76.0,69.0,15.84,25.82
2026-06-13T11:01:00,PCI_1,3,1079971500.0,70245598.0,1059,16,858,18,9,12,78.0,63.0,8.12,15.1
2026-06-13T11:01:00,PCI_2,3,1047844775.0,73680821.0,1124,35,681,27,8,10,72.0,64.0,7.56,10.67
2026-06-13T11:01:00,PCI_3,4,982788268.0,61698146.0,1112,20,957,6,11,10,78.0,61.0,21.11,23.91
2026-06-13T11:01:00,PCI_4,4,995524740.0,76224326.0,1149,34,866,21,10,10,72.0,57.0,11.82,21.59
2026-06-13T11:01:00,PCI_5,4,1060440426.0,73481959.0,1157,9,936,4,8,12,76.0,51.0,17.41,8.73
2026-06-13T11:01:00,PCI_6,3,1156866237.0,63919815.0,896,7,805,17,13,9,77.0,55.0,7.97,8.45
2026-06-13T11:01:00,PCI_7,4,955662165.0,70011863.0,937,35,952,26,12,11,81.0,58.0,16.42,18.33
2026-06-13T11:01:00,PCI_8,4,1121286038.0,74259211.0,1150,11,886,6,10,14,71.0,60.0,20.14,21.24
2026-06-13T11:01:00,PCI_9,4,65186986.0,36877282.0,878,30,843,25,12,8,69.0,64.0,14.3,16.74
2026-06-13T11:01:00,PCI_10,4,64908628.0,30898463.0,1042,17,877,3,15,15,75.0,61.0,18.74,12.94
2026-06-13T11:01:00,PCI_11,3,74520558.0,36355881.0,895,8,963,19,12,15,70.0,58.0,8.74,26.69
2026-06-13T11:01:00,PCI_12,4,66481091.0,35426348.0,1056,21,823,15,11,10,78.0,60.0,24.63,17.14
2026-06-13T11:01:00,PCI_13,4,70834168.0,35660306.0,1172,13,761,4,12,14,67.0,62.0,11.42,13.89
2026-06-13T11:01:00,PCI_14,5,69098437.0,33746676.0,1017,37,848,28,8,13,67.0,58.0,23.13,14.22
2026-06-13T11:01:00,PCI_15,3,73785115.0,37829172.0,971,25,964,24,9,15,77.0,59.0,22.24,10.1
2026-06-13T11:01:00,PCI_16,4,74403690.0,30356984.0,939,13,909,7,10,13,73.0,55.0,5.94,26.2
2026-06-13T11:02:00,PCI_1,3,969019960.0,72475490.0,957,39,979,7,11,12,72.0,59.0,9.78,15.94
2026-06-13T11:02:00,PCI_2,5,1189362856.0,75143493.0,1116,39,701,10,15,10,75.0,56.0,7.2,26.46
2026-06-13T11:02:00,PCI_3,4,1023724018.0,71604256.0,1171,21,712,10,14,13,80.0,53.0,9.38,9.74
2026-06-13T11:02:00,PCI_4,4,1030372260.0,71714414.0,1131,37,906,16,9,10,69.0,60.0,18.83,24.16
2026-06-13T11:02:00,PCI_5,4,1172908883.0,62199479.0,888,31,874,23,9,12,72.0,60.0,11.32,23.59
2026-06-13T11:02:00,PCI_6,4,957543257.0,69824816.0,1069,30,781,8,15,11,76.0,59.0,5.69,24.01
2026-06-13T11:02:00,PCI_7,2,1161381837.0,68568533.0,1186,10,871,7,15,12,88.0,60.0,11.33,13.31
2026-06-13T11:02:00,PCI_8,5,1059948506.0,66672024.0,1017,39,722,8,13,11,80.0,66.0,22.89,12.03
2026-06-13T11:02:00,PCI_9,3,67235540.0,32929110.0,870,32,955,7,11,12,76.0,56.0,14.15,16.15
2026-06-13T11:02:00,PCI_10,3,69103499.0,35310578.0,946,21,731,6,9,13,78.0,69.0,23.65,21.46
2026-06-13T11:02:00,PCI_11,2,68043926.0,34024166.0,1030,12,979,4,12,8,77.0,66.0,10.75,13.22
2026-06-13T11:02:00,PCI_12,3,78099325.0,35034934.0,1018,6,721,22,10,13,72.0,65.0,12.4,8.2
2026-06-13T11:02:00,PCI_13,3,65177141.0,32623589.0,1066,18,846,6,11,14,77.0,56.0,11.68,10.44
2026-06-13T11:02:00,PCI_14,4,77770506.0,37975306.0,1111,30,971,19,8,13,76.0,61.0,20.01,21.71
2026-06-13T11:02:00,PCI_15,4,69695590.0,35468798.0,1056,37,923,26,8,9,76.0,62.0,24.71,22.25
2026-06-13T11:02:00,PCI_16,3,64839926.0,35116466.0,870,30,813,27,12,10,81.0,64.0,6.05,10.29
2026-06-13T11:03:00,PCI_1,3,1055065519.0,82960222.0,964,28,919,8,14,11,78.0,56.0,10.35,9.52
2026-06-13T11:03:00,PCI_2,3,1212961295.0,69955298.0,1178,20,832,10,13,12,65.0,56.0,8.91,11.9
2026-06-13T11:03:00,PCI_3,4,1075505570.0,76402512.0,924,25,948,16,12,9,77.0,57.0,12.66,9.64
2026-06-13T11:03:00,PCI_4,3,1083233302.0,75258275.0,1138,8,712,29,9,13,72.0,59.0,11.02,23.8
2026-06-13T11:03:00,PCI_5,3,1086527778.0,67069071.0,1136,29,688,20,12,13,79.0,50.0,10.66,16.59
2026-06-13T11:03:00,PCI_6,3,971747653.0,66281467.0,1062,15,800,19,11,14,69.0,56.0,12.86,24.33
2026-06-13T11:03:00,PCI_7,3,1045445331.0,68638667.0,1108,22,735,17,15,14,82.0,57.0,12.09,20.3
2026-06-13T11:03:00,PCI_8,3,1029018478.0,65660110.0,1166,21,859,17,15,8,77.0,60.0,14.76,24.34
2026-06-13T11:03:00,PCI_9,3,63065557.0,33964336.0,944,29,828,27,8,10,77.0,55.0,24.64,10.21
2026-06-13T11:03:00,PCI_10,3,73705317.0,35476675.0,1007,15,852,13,11,15,68.0,56.0,18.33,23.41
2026-06-13T11:03:00,PCI_11,4,72110818.0,31114151.0,961,7,960,5,13,14,77.0,55.0,20.59,9.76
2026-06-13T11:03:00,PCI_12,3,64309138.0,37144456.0,888,27,688,16,12,12,75.0,64.0,24.89,13.53
2026-06-13T11:03:00,PCI_13,3,67081999.0,35856898.0,920,29,733,24,8,14,78.0,54.0,12.14,15.66
2026-06-13T11:03:00,PCI_14,5,74234207.0,40039248.0,885,20,799,26,14,10,75.0,54.0,19.4,18.94
2026-06-13T11:03:00,PCI_15,4,68753001.0,32778120.0,993,27,910,5,11,13,73.0,60.0,23.98,27.15
2026-06-13T11:03:00,PCI_16,4,77215260.0,34516268.0,956,35,856,19,11,8,70.0,55.0,24.83,10.33
2026-06-13T11:04:00,PCI_1,3,1062222475.0,64176224.0,1124,12,972,3,9,13,72.0,59.0,9.3,21.39
2026-06-13T11:04:00,PCI_2,3,1090638097.0,69938354.0,1060,25,851,26,11,14,71.0,56.0,17.43,8.51
2026-06-13T11:04:00,PCI_3,3,1008774369.0,68219205.0,954,28,879,6,13,12,76.0,57.0,24.73,24.38
2026-06-13T11:04:00,PCI_4,3,1109942202.0,72407308.0,907,10,946,28,13,10,76.0,55.0,23.96,20.32
2026-06-13T11:04:00,PCI_5,3,1148143417.0,73040493.0,1022,14,909,6,10,11,74.0,56.0,20.0,15.06
2026-06-13T11:04:00,PCI_6,4,1057610453.0,65536610.0,1127,27,983,9,8,12,77.0,62.0,6.64,20.04
2026-06-13T11:04:00,PCI_7,3,1076426025.0,72136602.0,1041,14,769,28,12,14,73.0,60.0,11.18,23.88
2026-06-13T11:04:00,PCI_8,3,1140834130.0,71196840.0,984,34,763,20,8,9,73.0,61.0,14.03,12.09
2026-06-13T11:04:00,PCI_9,3,72004111.0,29999708.0,916,27,802,15,12,14,76.0,56.0,7.99,11.48
2026-06-13T11:04:00,PCI_10,3,67161772.0,34479328.0,977,12,772,3,9,12,75.0,55.0,23.37,8.29
2026-06-13T11:04:00,PCI_11,3,62291736.0,34432818.0,1152,15,844,29,10,9,69.0,61.0,23.98,9.39
2026-06-13T11:04:00,PCI_12,4,66580611.0,37446879.0,916,5,787,6,8,11,73.0,51.0,15.68,27.58
2026-06-13T11:04:00,PCI_13,3,81186997.0,37663005.0,1112,26,880,14,13,15,79.0,58.0,17.21,24.65
2026-06-13T11:04:00,PCI_14,4,58458762.0,33242652.0,1085,37,835,22,9,15,77.0,58.0,7.99,22.25
2026-06-13T11:04:00,PCI_15,4,64177852.0,31693041.0,894,18,929,18,8,9,78.0,62.0,21.69,25.08
2026-06-13T11:04:00,PCI_16,4,73567428.0,36973661.0,1101,25,809,6,12,15,76.0,66.0,18.67,20.47
2026-06-13T11:05:00,PCI_1,3,978405533.0,63597058.0,899,10,872,16,14,8,70.0,55.0,9.49,15.25
2026-06-13T11:05:00,PCI_2,3,1108856905.0,67286526.0,1008,36,933,21,11,13,82.0,61.0,9.32,11.38
2026-06-13T11:05:00,PCI_3,3,960897769.0,69896457.0,1007,12,829,5,8,14,75.0,57.0,17.3,19.63
2026-06-13T11:05:00,PCI_4,4,1028980203.0,67824065.0,1048,33,918,11,13,10,76.0,62.0,11.96,21.93
2026-06-13T11:05:00,PCI_5,4,1082040378.0,73177259.0,958,18,980,19,12,12,81.0,55.0,20.83,20.74
2026-06-13T11:05:00,PCI_6,4,1018441929.0,71008964.0,1032,37,873,26,8,8,75.0,56.0,16.12,8.93
2026-06-13T11:05:00,PCI_7,3,1023310062.0,74634008.0,1026,35,977,10,15,14,70.0,57.0,18.73,10.92
2026-06-13T11:05:00,PCI_8,3,983627501.0,67516331.0,1062,9,954,25,10,13,72.0,64.0,15.72,25.17
2026-06-13T11:05:00,PCI_9,4,61953260.0,32166104.0,1009,18,793,16,9,12,76.0,62.0,21.58,26.86
2026-06-13T11:05:00,PCI_10,4,79713506.0,33984924.0,1001,22,816,7,9,11,75.0,60.0,17.38,20.19
2026-06-13T11:05:00,PCI_11,4,66309711.0,36850820.0,1149,28,832,26,15,13,72.0,67.0,16.02,15.79
2026-06-13T11:05:00,PCI_12,3,61702442.0,38363249.0,1155,32,735,23,14,8,73.0,58.0,22.24,18.61
2026-06-13T11:05:00,PCI_13,3,66294437.0,33187552.0,1087,19,930,16,14,8,71.0,61.0,19.08,13.83
2026-06-13T11:05:00,PCI_14,3,73159277.0,37628279.0,871,32,803,19,8,13,72.0,65.0,15.56,26.45
2026-06-13T11:05:00,PCI_15,2,70405699.0,39562202.0,1020,5,707,16,14,10,73.0,57.0,21.47,17.96
2026-06-13T11:05:00,PCI_16,4,74324564.0,36568065.0,1053,23,769,8,12,9,68.0,55.0,8.52,13.16
2026-06-13T11:06:00,PCI_1,3,1115575137.0,68312450.0,911,36,831,6,9,15,76.0,65.0,24.19,12.53
2026-06-13T11:06:00,PCI_2,4,879214427.0,71426967.0,1069,25,778,5,8,14,70.0,67.0,10.16,15.32
2026-06-13T11:06:00,PCI_3,4,1020485934.0,64744930.0,1103,8,788,26,8,10,76.0,60.0,15.53,10.48
2026-06-13T11:06:00,PCI_4,5,1030822458.0,77441787.0,1034,11,743,15,13,13,75.0,65.0,5.88,23.59
2026-06-13T11:06:00,PCI_5,4,1063988750.0,73763768.0,1176,6,878,10,14,9,72.0,55.0,20.61,13.77
2026-06-13T11:06:00,PCI_6,4,1089578288.0,63603589.0,906,37,952,12,8,11,74.0,63.0,10.56,10.2
2026-06-13T11:06:00,PCI_7,4,917371775.0,68749878.0,1067,9,748,3,13,13,73.0,54.0,20.37,23.22
2026-06-13T11:06:00,PCI_8,5,1134220493.0,74839919.0,977,10,857,17,11,14,76.0,57.0,15.47,24.21
2026-06-13T11:06:00,PCI_9,4,70366937.0,32764936.0,1043,13,901,13,8,12,86.0,61.0,10.5,17.22
2026-06-13T11:06:00,PCI_10,4,63399340.0,33775615.0,1121,19,875,12,8,8,75.0,69.0,9.52,15.53
2026-06-13T11:06:00,PCI_11,4,71665851.0,33597857.0,1089,36,684,16,15,12,70.0,54.0,24.06,26.41
2026-06-13T11:06:00,PCI_12,4,59965612.0,38561382.0,1003,37,838,22,11,14,71.0,62.0,20.9,26.62
2026-06-13T11:06:00,PCI_13,4,63664400.0,34409836.0,974,17,757,5,12,14,75.0,65.0,20.14,26.52
2026-06-13T11:06:00,PCI_14,4,76523187.0,38908801.0,1157,19,980,18,9,12,73.0,64.0,10.05,19.8
2026-06-13T11:06:00,PCI_15,3,59879855.0,39329165.0,927,32,708,23,14,15,74.0,65.0,10.55,22.7
2026-06-13T11:06:00,PCI_16,3,71320349.0,36096802.0,1180,17,813,29,11,12,74.0,67.0,20.91,16.82
2026-06-13T11:07:00,PCI_1,3,1001186138.0,74099009.0,1013,16,833,10,12,15,74.0,57.0,13.49,8.17
2026-06-13T11:07:00,PCI_2,4,1013122768.0,58008157.0,999,26,953,17,8,10,72.0,65.0,19.38,12.84
2026-06-13T11:07:00,PCI_3,3,1218420787.0,62468032.0,1174,9,781,26,8,9,72.0,66.0,24.24,15.1
2026-06-13T11:07:00,PCI_4,4,1087244816.0,62648619.0,1035,27,833,18,10,12,75.0,66.0,21.87,24.78
2026-06-13T11:07:00,PCI_5,3,1089862315.0,71789382.0,1151,21,904,21,14,9,72.0,58.0,16.26,15.04
2026-06-13T11:07:00,PCI_6,3,958365502.0,65795655.0,878,25,859,14,14,9,73.0,58.0,18.19,24.76
2026-06-13T11:07:00,PCI_7,4,1057901422.0,71544598.0,923,5,857,7,12,12,84.0,64.0,5.77,25.79
2026-06-13T11:07:00,PCI_8,4,1188080671.0,73930280.0,975,30,867,12,14,15,75.0,54.0,16.67,12.39
2026-06-13T11:07:00,PCI_9,3,67449887.0,35370612.0,915,11,955,28,14,11,77.0,56.0,7.57,21.68
2026-06-13T11:07:00,PCI_10,3,68521531.0,37209676.0,937,29,937,5,11,15,71.0,60.0,22.33,17.24
2026-06-13T11:07:00,PCI_11,4,73101709.0,37418740.0,996,34,723,24,8,15,75.0,53.0,18.76,11.63
2026-06-13T11:07:00,PCI_12,4,68115200.0,33820473.0,1086,26,871,21,11,9,75.0,65.0,22.55,13.95
2026-06-13T11:07:00,PCI_13,3,70345839.0,30727984.0,977,34,893,18,11,13,81.0,62.0,17.07,10.2
2026-06-13T11:07:00,PCI_14,4,70528150.0,37254271.0,1046,25,971,21,14,15,78.0,64.0,5.28,27.39
2026-06-13T11:07:00,PCI_15,3,76759440.0,30701221.0,1138,13,691,18,14,14,72.0,58.0,6.15,18.83
2026-06-13T11:07:00,PCI_16,4,62992742.0,35995364.0,1034,14,892,27,11,14,78.0,62.0,16.98,27.35
2026-06-13T11:08:00,PCI_1,3,1160340367.0,66349331.0,1154,10,797,16,11,15,81.0,57.0,23.15,23.92
2026-06-13T11:08:00,PCI_2,4,933555157.0,77203971.0,922,17,946,28,13,15,75.0,61.0,23.68,21.4
2026-06-13T11:08:00,PCI_3,4,1021785571.0,71132673.0,927,38,981,14,14,8,79.0,60.0,17.64,15.23
2026-06-13T11:08:00,PCI_4,3,1012342835.0,74399393.0,1079,6,912,28,13,13,69.0,64.0,12.11,24.74
2026-06-13T11:08:00,PCI_5,4,1094494411.0,79270496.0,951,18,874,29,9,13,77.0,58.0,24.29,11.16
2026-06-13T11:08:00,PCI_6,5,1031219025.0,75046381.0,997,37,820,21,12,8,72.0,65.0,16.37,20.28
2026-06-13T11:08:00,PCI_7,4,1094024453.0,62310662.0,1168,25,885,9,14,13,75.0,64.0,19.19,20.57
2026-06-13T11:08:00,PCI_8,3,1143014380.0,67883330.0,886,29,774,11,13,9,72.0,61.0,17.01,19.19
2026-06-13T11:08:00,PCI_9,2,67166620.0,38407368.0,1044,19,883,22,15,14,73.0,58.0,21.68,24.44
2026-06-13T11:08:00,PCI_10,3,75097457.0,34947236.0,1162,32,967,16,15,10,80.0,58.0,16.35,16.87
2026-06-13T11:08:00,PCI_11,4,65531640.0,36704240.0,1068,26,675,28,14,10,70.0,57.0,10.79,23.94
2026-06-13T11:08:00,PCI_12,3,64722588.0,38967223.0,1018,15,941,12,12,14,82.0,64.0,9.42,10.08
2026-06-13T11:08:00,PCI_13,3,72607268.0,32664856.0,1154,11,784,9,8,13,79.0,64.0,23.18,13.5
2026-06-13T11:08:00,PCI_14,4,66803761.0,35345408.0,923,13,741,29,8,9,73.0,63.0,8.0,16.83
2026-06-13T11:08:00,PCI_15,4,62487078.0,33048489.0,1164,7,710,25,10,9,70.0,59.0,22.61,18.41
2026-06-13T11:08:00,PCI_16,3,69652087.0,30823256.0,1028,13,741,17,9,14,78.0,58.0,12.71,16.99
2026-06-13T11:09:00,PCI_1,3,1020246794.0,68421296.0,982,32,885,27,8,10,68.0,65.0,18.18,22.22
2026-06-13T11:09:00,PCI_2,5,1064363781.0,68457063.0,1146,34,802,25,14,14,80.0,63.0,13.99,23.06
2026-06-13T11:09:00,PCI_3,3,1143051206.0,79462903.0,1148,20,860,16,12,9,72.0,59.0,8.16,12.54
2026-06-13T11:09:00,PCI_4,3,1125380199.0,67913412.0,964,9,988,10,10,12,77.0,58.0,13.4,26.62
2026-06-13T11:09:00,PCI_5,4,981689875.0,74064493.0,992,18,758,15,12,13,72.0,56.0,22.21,13.12
2026-06-13T11:09:00,PCI_6,4,1098447522.0,69964432.0,1144,12,812,17,10,9,76.0,57.0,21.14,16.04
2026-06-13T11:09:00,PCI_7,3,1100514939.0,66549980.0,946,18,840,24,8,8,79.0,58.0,13.58,24.56
2026-06-13T11:09:00,PCI_8,5,1076133851.0,65515223.0,1127,9,823,9,13,10,78.0,60.0,18.89,20.7
2026-06-13T11:09:00,PCI_9,4,64366150.0,33554590.0,882,37,731,29,9,12,76.0,55.0,6.72,8.13
2026-06-13T11:09:00,PCI_10,4,60379018.0,36400136.0,1048,27,856,28,13,13,74.0,53.0,11.62,26.79
2026-06-13T11:09:00,PCI_11,4,73617479.0,38532664.0,944,25,693,9,9,12,72.0,59.0,13.41,14.23
2026-06-13T11:09:00,PCI_12,4,63215436.0,33973112.0,958,28,873,19,9,13,76.0,55.0,10.91,8.13
2026-06-13T11:09:00,PCI_13,3,64768282.0,35994394.0,1082,38,865,21,9,15,68.0,62.0,14.35,10.34
2026-06-13T11:09:00,PCI_14,4,64402828.0,28898846.0,1013,37,866,3,10,14,78.0,64.0,16.29,20.29
2026-06-13T11:09:00,PCI_15,4,71629272.0,37820829.0,942,33,859,29,11,8,71.0,57.0,23.85,25.78
2026-06-13T11:09:00,PCI_16,3,70134094.0,33566548.0,882,28,704,21,10,9,76.0,57.0,8.71,12.79
2026-06-13T11:10:00,PCI_1,4,982098980.0,64600873.0,921,19,945,20,15,13,75.0,60.0,20.78,8.85
2026-06-13T11:10:00,PCI_2,3,1198629025.0,75450872.0,1059,17,729,21,9,11,79.0,63.0,19.74,16.87
2026-06-13T11:10:00,PCI_3,3,1051020111.0,66360435.0,1033,18,688,14,15,10,74.0,61.0,6.8,14.71
2026-06-13T11:10:00,PCI_4,3,1071121173.0,75281372.0,875,29,810,7,15,8,71.0,63.0,5.65,18.42
2026-06-13T11:10:00,PCI_5,3,1109001015.0,71351861.0,1117,29,978,8,12,8,80.0,57.0,6.51,25.93
2026-06-13T11:10:00,PCI_6,5,1017667158.0,71700925.0,927,13,751,10,14,11,70.0,65.0,7.12,24.95
2026-06-13T11:10:00,PCI_7,4,1060800008.0,68659958.0,1150,15,866,24,9,13,74.0,59.0,9.88,10.05
2026-06-13T11:10:00,PCI_8,4,1045605842.0,73371636.0,1033,38,862,10,13,13,75.0,56.0,8.15,14.3
2026-06-13T11:10:00,PCI_9,4,75685698.0,34619916.0,875,25,744,19,12,11,75.0,58.0,10.98,25.49
2026-06-13T11:10:00,PCI_10,3,67042517.0,35116177.0,1081,15,909,8,9,14,77.0,60.0,18.69,14.98
2026-06-13T11:10:00,PCI_11,4,67234050.0,37108991.0,1039,31,918,10,11,11,75.0,54.0,14.13,21.19
2026-06-13T11:10:00,PCI_12,3,72662680.0,31918525.0,956,18,779,12,11,11,77.0,54.0,19.51,22.58
2026-06-13T11:10:00,PCI_13,4,64543802.0,32669642.0,1070,14,923,17,15,15,78.0,52.0,8.19,22.45
2026-06-13T11:10:00,PCI_14,4,64213468.0,35751538.0,875,31,744,25,15,11,70.0,58.0,5.07,13.25
2026-06-13T11:10:00,PCI_15,4,60387460.0,34632273.0,1060,13,720,26,10,10,80.0,62.0,21.51,25.07
2026-06-13T11:10:00,PCI_16,3,69600558.0,34247459.0,949,35,866,28,13,12,78.0,57.0,24.43,26.26
2026-06-13T11:11:00,PCI_1,5,1067179639.0,71770759.0,1130,12,703,22,8,10,71.0,60.0,9.77,18.0
2026-06-13T11:11:00,PCI_2,4,1031455631.0,71788448.0,1011,9,825,14,11,11,72.0,58.0,24.71,20.79
2026-06-13T11:11:00,PCI_3,3,1123338482.0,66502436.0,1127,35,844,15,10,11,82.0,68.0,23.93,14.63
2026-06-13T11:11:00,PCI_4,3,951618499.0,67877671.0,945,10,824,7,8,9,83.0,64.0,9.64,20.92
2026-06-13T11:11:00,PCI_5,4,1077416025.0,75761426.0,919,29,763,26,12,14,73.0,57.0,18.96,25.85
2026-06-13T11:11:00,PCI_6,5,1031157321.0,73411615.0,1133,30,879,29,12,11,74.0,61.0,12.88,26.28
2026-06-13T11:11:00,PCI_7,3,847125125.0,68947980.0,910,16,706,8,10,8,73.0,63.0,17.14,13.64
2026-06-13T11:11:00,PCI_8,3,1067818640.0,72055015.0,1014,36,724,29,9,11,76.0,55.0,11.29,20.06
2026-06-13T11:11:00,PCI_9,4,76677953.0,36795603.0,971,7,719,5,11,8,71.0,61.0,20.66,11.76
2026-06-13T11:11:00,PCI_10,3,68817050.0,35275337.0,1089,21,715,28,8,10,70.0,64.0,7.66,21.48
2026-06-13T11:11:00,PCI_11,3,68237837.0,32326545.0,1015,5,798,18,10,15,76.0,69.0,10.65,15.48
2026-06-13T11:11:00,PCI_12,3,75513678.0,38195361.0,1128,31,865,12,11,10,70.0,63.0,13.61,15.04
2026-06-13T11:11:00,PCI_13,3,78133083.0,32104902.0,1162,11,806,22,10,12,71.0,54.0,6.84,11.72
2026-06-13T11:11:00,PCI_14,4,65576968.0,31241817.0,1085,29,962,17,9,14,74.0,63.0,23.85,14.8
2026-06-13T11:11:00,PCI_15,3,71857559.0,36742359.0,1000,29,942,20,11,9,78.0,58.0,19.82,11.87
2026-06-13T11:11:00,PCI_16,3,68267004.0,32116625.0,1055,32,949,26,9,13,76.0,62.0,12.75,24.1
2026-06-13T11:12:00,PCI_1,4,1254562203.0,70683366.0,1162,19,971,7,9,11,73.0,58.0,23.11,18.03
2026-06-13T11:12:00,PCI_2,4,973896982.0,64402749.0,924,13,790,28,12,10,74.0,61.0,23.85,20.76
2026-06-13T11:12:00,PCI_3,4,969831515.0,63718826.0,1159,37,699,10,12,13,79.0,68.0,11.47,22.85
2026-06-13T11:12:00,PCI_4,4,963496631.0,71624112.0,1052,16,701,20,10,11,83.0,63.0,24.13,24.13
2026-06-13T11:12:00,PCI_5,4,989324114.0,68968169.0,1058,35,883,14,12,10,83.0,64.0,7.39,8.44
2026-06-13T11:12:00,PCI_6,4,989216726.0,67921336.0,1136,6,726,27,12,10,83.0,61.0,22.67,19.68
2026-06-13T11:12:00,PCI_7,4,1095878639.0,67735115.0,974,35,946,20,14,9,84.0,66.0,5.33,11.16
2026-06-13T11:12:00,PCI_8,4,1110073967.0,69151595.0,904,31,828,10,11,13,76.0,59.0,19.32,22.46
2026-06-13T11:12:00,PCI_9,4,61803432.0,35130955.0,918,12,895,10,15,9,79.0,56.0,12.46,26.69
2026-06-13T11:12:00,PCI_10,3,66429727.0,30455735.0,1112,23,977,9,14,8,73.0,59.0,20.65,23.93
2026-06-13T11:12:00,PCI_11,3,69585617.0,33655045.0,914,26,776,19,9,11,73.0,58.0,21.46,20.81
2026-06-13T11:12:00,PCI_12,3,71196499.0,37684121.0,1171,24,700,10,15,11,76.0,60.0,23.91,23.49
2026-06-13T11:12:00,PCI_13,2,78525504.0,35253721.0,1142,10,769,29,8,9,75.0,58.0,10.27,27.57
2026-06-13T11:12:00,PCI_14,3,75269932.0,35464590.0,882,19,892,24,14,11,78.0,54.0,22.23,13.01
2026-06-13T11:12:00,PCI_15,3,71535884.0,33298988.0,903,18,949,4,12,14,78.0,62.0,24.61,23.33
2026-06-13T11:12:00,PCI_16,4,73287443.0,36176557.0,1041,36,795,28,13,12,72.0,58.0,7.58,25.7
2026-06-13T11:13:00,PCI_1,4,930475238.0,70382786.0,1137,20,967,11,8,15,75.0,66.0,10.91,27.13
2026-06-13T11:13:00,PCI_2,4,1023377281.0,67059206.0,1044,19,761,25,10,14,70.0,61.0,7.74,21.31
2026-06-13T11:13:00,PCI_3,3,1123364840.0,65235103.0,1023,32,740,29,14,11,75.0,63.0,14.76,23.02
2026-06-13T11:13:00,PCI_4,3,922924499.0,65384446.0,1130,14,885,27,10,10,73.0,58.0,14.76,17.24
2026-06-13T11:13:00,PCI_5,4,1182860310.0,65389282.0,1049,29,848,19,9,14,81.0,63.0,18.7,17.71
2026-06-13T11:13:00,PCI_6,3,1068092842.0,66347185.0,1095,19,992,3,13,11,73.0,61.0,16.24,24.89
2026-06-13T11:13:00,PCI_7,3,1014684339.0,61156814.0,967,30,928,8,14,8,72.0,51.0,21.64,16.48
2026-06-13T11:13:00,PCI_8,3,937021754.0,61467021.0,998,39,685,26,13,13,80.0,60.0,15.77,20.23
2026-06-13T11:13:00,PCI_9,3,73216037.0,36026520.0,1056,16,726,20,11,8,73.0,59.0,19.13,15.76
2026-06-13T11:13:00,PCI_10,3,66377429.0,35757945.0,946,29,783,19,12,12,73.0,60.0,19.25,11.41
2026-06-13T11:13:00,PCI_11,4,74161482.0,30621835.0,1024,25,861,28,14,15,78.0,62.0,15.38,8.09
2026-06-13T11:13:00,PCI_12,3,68995865.0,31225053.0,964,21,703,7,12,10,74.0,67.0,24.38,24.25
2026-06-13T11:13:00,PCI_13,4,74295610.0,32975126.0,967,31,767,21,14,12,80.0,60.0,17.17,22.88
2026-06-13T11:13:00,PCI_14,4,73975815.0,34469400.0,1002,30,778,21,14,9,79.0,58.0,6.75,15.25
2026-06-13T11:13:00,PCI_15,4,73240963.0,37165276.0,938,30,862,27,8,13,67.0,55.0,16.7,27.43
2026-06-13T11:13:00,PCI_16,4,70606279.0,32673689.0,1175,10,790,5,11,15,74.0,57.0,19.59,27.28
2026-06-13T11:14:00,PCI_1,3,1140276580.0,65492594.0,877,28,926,10,8,11,66.0,63.0,14.86,22.04
2026-06-13T11:14:00,PCI_2,4,1085306567.0,69939019.0,1165,7,944,17,11,14,81.0,61.0,8.29,18.63
2026-06-13T11:14:00,PCI_3,4,1021545868.0,74018411.0,1060,7,961,22,11,14,75.0,61.0,14.56,10.29
2026-06-13T11:14:00,PCI_4,4,1047430763.0,80764322.0,958,33,785,19,13,13,69.0,52.0,6.8,9.55
2026-06-13T11:14:00,PCI_5,4,1038229511.0,70921191.0,1158,32,839,23,12,13,70.0,54.0,6.56,23.21
2026-06-13T11:14:00,PCI_6,4,1010119417.0,66805055.0,916,26,721,13,12,11,78.0,55.0,18.91,12.83
2026-06-13T11:14:00,PCI_7,4,1113270626.0,67933044.0,1000,26,823,5,13,11,79.0,54.0,10.71,20.97
2026-06-13T11:14:00,PCI_8,4,1101619748.0,65436989.0,1035,22,964,24,10,14,69.0,59.0,6.27,15.86
2026-06-13T11:14:00,PCI_9,3,67511803.0,38439488.0,1045,33,786,24,11,8,75.0,62.0,18.85,14.82
2026-06-13T11:14:00,PCI_10,4,69130105.0,34625897.0,915,17,787,14,10,10,70.0,54.0,7.59,21.49
2026-06-13T11:14:00,PCI_11,4,61503498.0,34886807.0,1087,35,963,18,11,11,76.0,60.0,8.14,17.82
2026-06-13T11:14:00,PCI_12,4,69298612.0,35827525.0,1180,19,917,14,11,15,78.0,55.0,20.43,13.69
2026-06-13T11:14:00,PCI_13,3,84226609.0,29292384.0,1144,37,790,19,13,12,76.0,64.0,10.81,17.04
2026-06-13T11:14:00,PCI_14,3,64824641.0,34649186.0,1000,26,871,11,14,10,67.0,64.0,22.01,25.15
2026-06-13T11:14:00,PCI_15,4,74570408.0,34402888.0,1144,33,881,11,13,13,79.0,58.0,20.59,25.09
2026-06-13T11:14:00,PCI_16,4,71349630.0,33039147.0,1157,9,845,17,15,8,77.0,53.0,18.32,18.19
2026-06-13T11:15:00,PCI_1,3,1159145088.0,61110798.0,996,28,848,10,15,14,80.0,61.0,9.9,17.71
2026-06-13T11:15:00,PCI_2,3,1044343140.0,65886935.0,1010,15,798,21,11,13,79.0,64.0,10.79,24.61
2026-06-13T11:15:00,PCI_3,3,1011413189.0,74032846.0,976,17,783,14,15,11,72.0,62.0,9.94,12.88
2026-06-13T11:15:00,PCI_4,3,1074752341.0,71346765.0,997,10,816,29,10,13,81.0,53.0,5.13,11.19
2026-06-13T11:15:00,PCI_5,3,1093416118.0,69215441.0,1090,30,914,28,13,9,77.0,60.0,20.7,19.78
2026-06-13T11:15:00,PCI_6,4,1105171403.0,72035024.0,908,26,784,12,14,10,72.0,64.0,15.21,21.26
2026-06-13T11:15:00,PCI_7,4,1126934351.0,68300538.0,1090,14,902,5,8,8,76.0,60.0,6.35,11.09
2026-06-13T11:15:00,PCI_8,3,1075739848.0,75281486.0,1018,24,959,23,8,15,73.0,58.0,15.68,9.81
2026-06-13T11:15:00,PCI_9,4,59218392.0,37068984.0,1006,21,949,28,15,12,75.0,64.0,6.43,27.25
2026-06-13T11:15:00,PCI_10,4,68355665.0,35373288.0,932,8,817,16,9,9,75.0,64.0,16.89,21.06
2026-06-13T11:15:00,PCI_11,3,68135439.0,34465907.0,1060,26,812,20,10,8,82.0,59.0,5.49,10.64
2026-06-13T11:15:00,PCI_12,3,79332694.0,32847615.0,938,26,700,14,15,9,76.0,56.0,11.43,15.42
2026-06-13T11:15:00,PCI_13,4,67837932.0,35961996.0,1018,11,930,6,9,11,79.0,59.0,7.85,12.96
2026-06-13T11:15:00,PCI_14,4,66474621.0,35757427.0,1156,32,898,21,14,10,75.0,59.0,18.52,12.82
2026-06-13T11:15:00,PCI_15,3,69482942.0,31415209.0,884,26,879,7,10,12,76.0,60.0,5.62,9.98
2026-06-13T11:15:00,PCI_16,3,64679806.0,36076699.0,937,16,720,21,10,13,78.0,57.0,7.55,15.2
2026-06-13T11:16:00,PCI_1,4,1019756737.0,74333638.0,928,11,735,27,8,9,73.0,58.0,18.38,19.24
2026-06-13T11:16:00,PCI_2,3,1067181474.0,63420617.0,963,17,777,24,8,13,79.0,62.0,9.96,9.11
2026-06-13T11:16:00,PCI_3,4,1011421422.0,64092573.0,1113,22,817,7,11,14,75.0,61.0,19.15,12.77
2026-06-13T11:16:00,PCI_4,3,983804950.0,74089939.0,1105,34,762,11,10,14,76.0,60.0,21.93,12.68
2026-06-13T11:16:00,PCI_5,3,958799750.0,66783229.0,1160,19,755,10,9,15,77.0,59.0,22.84,17.9
2026-06-13T11:16:00,PCI_6,3,1014087924.0,61891395.0,1073,29,750,11,10,8,72.0,65.0,17.6,14.04
2026-06-13T11:16:00,PCI_7,4,1058864089.0,70374418.0,899,5,713,6,10,14,73.0,58.0,23.31,20.57
2026-06-13T11:16:00,PCI_8,4,1079664716.0,70283720.0,941,37,923,23,10,9,75.0,57.0,8.02,11.04
2026-06-13T11:16:00,PCI_9,4,68330587.0,34949157.0,1125,5,979,14,11,13,77.0,59.0,17.68,13.06
2026-06-13T11:16:00,PCI_10,3,60993309.0,34767601.0,927,13,854,11,9,14,63.0,62.0,7.84,20.2
2026-06-13T11:16:00,PCI_11,3,69985819.0,35003140.0,1045,34,900,24,9,15,73.0,61.0,12.09,15.72
2026-06-13T11:16:00,PCI_12,4,73253890.0,32912659.0,1163,22,777,10,8,11,77.0,60.0,8.28,25.48
2026-06-13T11:16:00,PCI_13,3,73035682.0,33712230.0,938,12,718,17,10,15,73.0,62.0,18.87,8.98
2026-06-13T11:16:00,PCI_14,4,66940135.0,34998681.0,1015,14,814,12,12,13,75.0,60.0,13.81,14.99
2026-06-13T11:16:00,PCI_15,4,61921652.0,35873096.0,879,32,835,20,13,9,76.0,53.0,21.47,22.51
2026-06-13T11:16:00,PCI_16,3,65057515.0,35900500.0,895,38,941,7,12,10,77.0,62.0,9.37,27.46
2026-06-13T11:17:00,PCI_1,3,1023284645.0,71632588.0,1127,15,706,29,8,14,75.0,56.0,20.41,8.48
2026-06-13T11:17:00,PCI_2,4,928501076.0,63261672.0,1139,30,954,24,12,8,76.0,58.0,7.23,19.05
2026-06-13T11:17:00,PCI_3,4,1042313152.0,63037229.0,913,12,934,28,10,10,78.0,58.0,21.99,27.18
2026-06-13T11:17:00,PCI_4,4,1014397637.0,65379035.0,1022,15,827,25,10,12,72.0,58.0,7.93,13.12
2026-06-13T11:17:00,PCI_5,3,1064767444.0,69188887.0,924,5,774,19,10,8,80.0,57.0,20.1,13.92
2026-06-13T11:17:00,PCI_6,4,1200017843.0,65160427.0,1032,12,941,28,13,13,72.0,59.0,5.66,16.74
2026-06-13T11:17:00,PCI_7,4,1144041794.0,73018241.0,1019,28,955,16,11,15,73.0,57.0,21.14,25.2
2026-06-13T11:17:00,PCI_8,3,1105457301.0,68846935.0,1069,22,855,16,14,10,73.0,59.0,19.71,10.84
2026-06-13T11:17:00,PCI_9,4,63380959.0,37582707.0,966,26,744,3,11,10,73.0,57.0,8.24,18.84
2026-06-13T11:17:00,PCI_10,4,75372323.0,37561200.0,1064,26,891,15,13,11,72.0,60.0,23.48,20.6
2026-06-13T11:17:00,PCI_11,3,66112397.0,34843277.0,912,10,940,17,15,13,75.0,60.0,23.26,14.18
2026-06-13T11:17:00,PCI_12,4,68849178.0,36593071.0,1042,19,725,14,15,13,74.0,54.0,21.31,18.35
2026-06-13T11:17:00,PCI_13,4,67792648.0,31436448.0,1135,32,829,5,14,12,73.0,59.0,20.02,12.57
2026-06-13T11:17:00,PCI_14,4,69329340.0,35666238.0,1052,21,889,4,8,14,72.0,58.0,21.62,27.77
2026-06-13T11:17:00,PCI_15,4,68698829.0,36778477.0,1021,7,926,21,8,10,87.0,56.0,12.49,22.6
2026-06-13T11:17:00,PCI_16,4,65979723.0,30216175.0,1034,14,743,29,8,10,75.0,60.0,8.37,20.67
2026-06-13T11:18:00,PCI_1,3,1135629986.0,64205108.0,1091,35,760,12,10,8,77.0,62.0,7.27,13.35
2026-06-13T11:18:00,PCI_2,4,1058858977.0,66794925.0,1069,28,955,25,12,13,71.0,59.0,7.84,21.02
2026-06-13T11:18:00,PCI_3,3,1092009601.0,76832929.0,934,20,817,11,11,11,70.0,58.0,22.81,18.43
2026-06-13T11:18:00,PCI_4,4,1034039679.0,72484468.0,1121,34,825,13,11,13,74.0,57.0,13.36,12.57
2026-06-13T11:18:00,PCI_5,4,934274393.0,67455151.0,1083,23,846,13,13,11,70.0,61.0,19.28,19.83
2026-06-13T11:18:00,PCI_6,2,1150103572.0,74736299.0,1066,32,802,19,14,13,76.0,57.0,19.56,21.08
2026-06-13T11:18:00,PCI_7,3,935927472.0,70057770.0,1113,11,755,28,8,10,70.0,57.0,19.72,11.64
2026-06-13T11:18:00,PCI_8,3,1033043629.0,69950014.0,1089,17,904,17,15,12,77.0,64.0,22.8,15.1
2026-06-13T11:18:00,PCI_9,4,69488391.0,30971980.0,951,14,713,12,11,15,72.0,57.0,21.58,20.74
2026-06-13T11:18:00,PCI_10,4,65945259.0,38838032.0,1076,28,676,25,8,12,70.0,59.0,12.96,23.34
2026-06-13T11:18:00,PCI_11,3,72971836.0,31667853.0,964,23,737,7,14,15,79.0,55.0,6.1,25.28
2026-06-13T11:18:00,PCI_12,4,53561036.0,37849302.0,1085,15,899,14,13,14,72.0,56.0,5.66,21.88
2026-06-13T11:18:00,PCI_13,4,69428489.0,29933575.0,1127,28,870,15,12,8,69.0,65.0,22.95,11.3
2026-06-13T11:18:00,PCI_14,4,81448742.0,34819763.0,1131,34,844,8,8,13,77.0,62.0,20.4,19.07
2026-06-13T11:18:00,PCI_15,3,68728079.0,35532563.0,894,30,900,27,14,15,77.0,57.0,24.22,23.26
2026-06-13T11:18:00,PCI_16,4,61597315.0,35535274.0,1163,18,904,29,11,15,73.0,65.0,16.6,24.27
2026-06-13T11:19:00,PCI_1,4,1045909900.0,62524438.0,1120,36,738,20,10,11,77.0,57.0,5.01,16.08
2026-06-13T11:19:00,PCI_2,3,1069967309.0,72586932.0,1155,38,939,17,8,10,76.0,58.0,10.11,10.99
2026-06-13T11:19:00,PCI_3,3,1019448745.0,67879237.0,949,7,922,26,8,12,74.0,63.0,24.0,21.44
2026-06-13T11:19:00,PCI_4,3,1043360847.0,81029813.0,1052,35,949,22,8,8,72.0,67.0,13.08,14.02
2026-06-13T11:19:00,PCI_5,3,970369323.0,69633773.0,910,11,848,6,8,8,80.0,53.0,7.44,26.29
2026-06-13T11:19:00,PCI_6,4,878140013.0,80096729.0,912,14,792,10,10,9,69.0,64.0,5.45,22.15
2026-06-13T11:19:00,PCI_7,3,920399828.0,71283615.0,881,29,909,24,11,9,75.0,63.0,20.39,9.16
2026-06-13T11:19:00,PCI_8,3,1019394906.0,63827923.0,1137,35,807,23,10,11,69.0,61.0,5.29,14.64
2026-06-13T11:19:00,PCI_9,3,75214368.0,34734079.0,1163,30,778,19,13,11,67.0,61.0,10.59,9.71
2026-06-13T11:19:00,PCI_10,4,67687245.0,29502614.0,950,12,897,3,10,8,67.0,55.0,8.78,24.14
2026-06-13T11:19:00,PCI_11,4,74244844.0,31409452.0,1134,26,921,27,15,15,71.0,60.0,14.01,9.83
2026-06-13T11:19:00,PCI_12,3,54627015.0,34559774.0,1127,32,805,18,11,13,73.0,62.0,11.75,11.64
2026-06-13T11:19:00,PCI_13,3,67629085.0,33418604.0,882,32,776,12,12,8,72.0,57.0,23.14,21.46
2026-06-13T11:19:00,PCI_14,5,70490164.0,28963320.0,910,39,705,20,8,8,75.0,56.0,10.13,15.24
2026-06-13T11:19:00,PCI_15,4,76299386.0,34721740.0,1107,31,993,5,10,13,71.0,51.0,6.78,15.34
2026-06-13T11:19:00,PCI_16,3,68108465.0,37723724.0,1152,36,854,9,11,8,66.0,53.0,7.45,8.11
2026-06-13T11:20:00,PCI_1,4,1090590750.0,68855501.0,1023,33,951,15,15,9,80.0,60.0,24.34,22.44
2026-06-13T11:20:00,PCI_2,3,957028550.0,60167899.0,1123,14,711,16,12,9,74.0,63.0,10.74,10.54
2026-06-13T11:20:00,PCI_3,4,971542809.0,72333929.0,911,29,794,8,10,9,80.0,56.0,8.68,8.88
2026-06-13T11:20:00,PCI_4,3,1132761295.0,65832047.0,888,35,818,9,12,15,76.0,60.0,10.69,17.91
2026-06-13T11:20:00,PCI_5,3,1065110401.0,63823924.0,1040,28,779,8,8,15,78.0,55.0,12.9,9.47
2026-06-13T11:20:00,PCI_6,3,1109612547.0,68626423.0,1093,19,893,13,8,14,73.0,58.0,16.77,16.95
2026-06-13T11:20:00,PCI_7,3,985153671.0,63411175.0,913,12,886,11,9,14,75.0,65.0,15.76,18.85
2026-06-13T11:20:00,PCI_8,3,1003102278.0,64521977.0,1094,24,735,5,9,8,80.0,65.0,10.16,15.34
2026-06-13T11:20:00,PCI_9,3,68054573.0,36622218.0,1007,7,686,24,10,15,69.0,54.0,17.17,14.5
2026-06-13T11:20:00,PCI_10,3,64551999.0,32600188.0,1045,13,762,21,15,8,75.0,62.0,9.59,23.83
2026-06-13T11:20:00,PCI_11,4,70445740.0,35124200.0,1169,28,740,19,15,8,78.0,63.0,7.48,9.83
2026-06-13T11:20:00,PCI_12,3,81599215.0,32328974.0,1028,35,917,21,13,12,74.0,60.0,16.53,22.8
2026-06-13T11:20:00,PCI_13,3,70647434.0,38178710.0,889,25,720,25,8,15,72.0,66.0,12.57,11.01
2026-06-13T11:20:00,PCI_14,4,65263367.0,32374476.0,1100,17,938,16,15,10,69.0,60.0,24.45,24.37
2026-06-13T11:20:00,PCI_15,4,69152991.0,33403032.0,1041,7,927,14,11,12,73.0,62.0,17.22,21.7
2026-06-13T11:20:00,PCI_16,3,74588781.0,34514261.0,1128,9,945,14,14,9,71.0,59.0,22.92,16.3
2026-06-13T11:21:00,PCI_1,4,1063005549.0,70019267.0,957,37,794,7,13,10,69.0,53.0,24.31,11.66
2026-06-13T11:21:00,PCI_2,4,1079854915.0,71413726.0,986,20,716,27,15,15,75.0,63.0,11.89,24.54
2026-06-13T11:21:00,PCI_3,4,1037902872.0,71748266.0,868,37,697,15,11,11,68.0,55.0,22.86,23.41
2026-06-13T11:21:00,PCI_4,3,1033941207.0,69002379.0,1100,35,808,15,11,12,74.0,64.0,7.4,23.7
2026-06-13T11:21:00,PCI_5,3,943161277.0,76573727.0,1023,12,873,24,14,11,70.0,61.0,15.25,23.11
2026-06-13T11:21:00,PCI_6,4,1195394570.0,59468065.0,914,36,815,12,14,9,77.0,57.0,17.36,9.56
2026-06-13T11:21:00,PCI_7,3,1110909150.0,70388453.0,1012,8,937,5,10,11,75.0,65.0,9.37,19.71
2026-06-13T11:21:00,PCI_8,3,1081390831.0,72583041.0,1014,13,732,15,8,14,78.0,60.0,22.88,9.93
2026-06-13T11:21:00,PCI_9,4,80352869.0,30476623.0,1168,24,899,11,8,9,75.0,57.0,8.53,23.58
2026-06-13T11:21:00,PCI_10,5,69694923.0,36159386.0,1138,18,764,10,11,12,74.0,61.0,11.03,9.64
2026-06-13T11:21:00,PCI_11,3,72987094.0,40203567.0,1008,22,935,10,10,10,78.0,66.0,21.56,18.18
2026-06-13T11:21:00,PCI_12,4,67373058.0,33036704.0,986,16,822,21,8,13,73.0,63.0,20.74,10.9
2026-06-13T11:21:00,PCI_13,4,60996068.0,35274746.0,1052,10,862,14,15,15,78.0,57.0,7.58,12.83
2026-06-13T11:21:00,PCI_14,4,64634034.0,35017298.0,920,8,742,13,8,11,70.0,56.0,21.31,12.54
2026-06-13T11:21:00,PCI_15,3,64303817.0,33515174.0,962,22,921,10,9,14,65.0,60.0,7.23,9.49
2026-06-13T11:21:00,PCI_16,3,73327169.0,34229145.0,1055,20,739,12,13,14,73.0,66.0,21.97,25.09
2026-06-13T11:22:00,PCI_1,3,930241364.0,67301005.0,937,20,873,18,14,15,75.0,53.0,14.59,21.73
2026-06-13T11:22:00,PCI_2,3,964665129.0,64338133.0,1098,20,937,25,8,10,77.0,66.0,20.83,16.73
2026-06-13T11:22:00,PCI_3,3,1080890368.0,85342986.0,1167,18,838,7,10,12,70.0,58.0,18.58,26.09
2026-06-13T11:22:00,PCI_4,3,1068937684.0,68077390.0,1016,38,819,9,12,8,72.0,59.0,8.51,13.67
2026-06-13T11:22:00,PCI_5,3,925142907.0,64570831.0,1015,5,962,9,14,12,79.0,56.0,14.19,13.69
2026-06-13T11:22:00,PCI_6,4,1039998160.0,64544466.0,1186,13,923,18,12,15,68.0,60.0,5.48,16.04
2026-06-13T11:22:00,PCI_7,4,1029343586.0,58632149.0,951,22,839,16,13,13,70.0,62.0,12.78,25.77
2026-06-13T11:22:00,PCI_8,3,1071919770.0,71336764.0,984,30,694,8,8,12,72.0,63.0,20.41,14.46
2026-06-13T11:22:00,PCI_9,3,73675919.0,37169167.0,906,33,843,16,14,9,71.0,57.0,17.43,11.93
2026-06-13T11:22:00,PCI_10,4,53772119.0,38546623.0,885,15,928,10,15,11,75.0,58.0,22.18,10.78
2026-06-13T11:22:00,PCI_11,4,73935184.0,34269459.0,1157,34,812,25,11,12,69.0,54.0,8.14,17.75
2026-06-13T11:22:00,PCI_12,3,66630309.0,32374895.0,1089,38,906,27,8,15,75.0,63.0,10.12,24.56
2026-06-13T11:22:00,PCI_13,3,66833225.0,35300970.0,983,34,963,9,12,12,77.0,58.0,5.75,14.91
2026-06-13T11:22:00,PCI_14,4,76836839.0,33334566.0,1015,11,727,9,11,13,72.0,56.0,14.23,13.18
2026-06-13T11:22:00,PCI_15,4,65698044.0,34419095.0,927,14,719,20,14,11,78.0,61.0,19.16,19.45
2026-06-13T11:22:00,PCI_16,3,77536506.0,31053958.0,1100,17,904,5,15,13,76.0,53.0,17.56,21.2
2026-06-13T11:23:00,PCI_1,3,1057336651.0,71698809.0,957,18,697,10,12,10,67.0,61.0,7.24,17.03
2026-06-13T11:23:00,PCI_2,3,975961349.0,72440622.0,1008,38,927,19,10,14,73.0,57.0,17.73,19.27
2026-06-13T11:23:00,PCI_3,3,1108206006.0,66546621.0,1149,28,807,15,13,11,71.0,59.0,23.44,10.48
2026-06-13T11:23:00,PCI_4,3,927512821.0,68676785.0,894,10,948,8,11,15,79.0,65.0,14.01,26.9
2026-06-13T11:23:00,PCI_5,4,1022376282.0,67015347.0,1088,36,737,5,9,9,68.0,64.0,13.05,25.57
2026-06-13T11:23:00,PCI_6,3,1196648310.0,61192549.0,1111,22,890,24,9,13,70.0,53.0,8.09,20.07
2026-06-13T11:23:00,PCI_7,3,1051944562.0,63159755.0,925,35,706,9,13,11,69.0,59.0,7.61,24.04
2026-06-13T11:23:00,PCI_8,2,891503723.0,63806857.0,965,16,895,6,10,15,73.0,65.0,23.81,18.04
2026-06-13T11:23:00,PCI_9,4,59792995.0,36504573.0,958,28,846,22,15,15,74.0,61.0,17.12,19.97
2026-06-13T11:23:00,PCI_10,3,66975339.0,38634820.0,1159,37,736,15,15,15,75.0,61.0,14.35,20.11
2026-06-13T11:23:00,PCI_11,4,64139116.0,35965529.0,989,11,918,19,10,12,73.0,66.0,12.29,26.46
2026-06-13T11:23:00,PCI_12,3,67734607.0,35649680.0,1166,19,869,19,15,9,74.0,50.0,24.82,17.38
2026-06-13T11:23:00,PCI_13,3,60823043.0,33856363.0,1035,39,855,23,8,13,73.0,51.0,19.14,8.56
2026-06-13T11:23:00,PCI_14,4,71223825.0,32225972.0,979,9,736,5,15,14,71.0,57.0,22.66,8.76
2026-06-13T11:23:00,PCI_15,4,67806488.0,36653595.0,1169,8,937,5,10,10,78.0,50.0,7.41,9.24
2026-06-13T11:23:00,PCI_16,4,59760748.0,28434123.0,1046,37,810,12,11,11,76.0,61.0,5.33,26.62
2026-06-13T11:24:00,PCI_1,3,1008549009.0,68844625.0,1189,8,806,7,15,14,75.0,60.0,22.44,16.27
2026-06-13T11:24:00,PCI_2,3,984623238.0,63506065.0,1172,27,980,19,15,12,79.0,59.0,15.65,24.09
2026-06-13T11:24:00,PCI_3,3,1051275724.0,66313333.0,1008,6,711,5,8,8,75.0,59.0,9.34,12.67
2026-06-13T11:24:00,PCI_4,4,1056747052.0,74803638.0,1063,32,817,25,8,8,75.0,58.0,15.51,25.45
2026-06-13T11:24:00,PCI_5,4,996418446.0,68572521.0,1079,9,812,28,12,13,72.0,63.0,20.89,12.57
2026-06-13T11:24:00,PCI_6,4,1206845745.0,77658755.0,881,23,942,19,11,10,81.0,65.0,16.62,24.67
2026-06-13T11:24:00,PCI_7,4,952286151.0,69126106.0,1084,27,923,9,14,8,68.0,60.0,18.03,22.78
2026-06-13T11:24:00,PCI_8,4,1118880572.0,67713152.0,1111,18,887,23,8,13,72.0,48.0,11.86,21.73
2026-06-13T11:24:00,PCI_9,4,65197156.0,35754347.0,1129,31,787,16,13,15,72.0,60.0,7.37,22.16
2026-06-13T11:24:00,PCI_10,3,67429876.0,34401173.0,973,31,712,12,9,13,75.0,56.0,14.71,9.8
2026-06-13T11:24:00,PCI_11,3,64939058.0,35348017.0,1109,28,891,7,15,9,75.0,59.0,16.55,23.32
2026-06-13T11:24:00,PCI_12,4,64219242.0,36358861.0,1117,29,961,19,14,11,71.0,53.0,6.53,17.91
2026-06-13T11:24:00,PCI_13,3,70064137.0,36165894.0,954,20,963,3,9,14,70.0,59.0,19.73,13.16
2026-06-13T11:24:00,PCI_14,4,60563517.0,35184838.0,1125,5,795,15,9,9,70.0,60.0,20.09,27.08
2026-06-13T11:24:00,PCI_15,3,74895654.0,33912152.0,893,9,686,20,15,11,74.0,58.0,14.67,24.78
2026-06-13T11:24:00,PCI_16,3,64594487.0,32505126.0,1140,31,905,17,9,15,76.0,58.0,9.39,26.69
2026-06-13T11:25:00,PCI_1,3,1069006647.0,64994967.0,996,37,866,4,8,13,73.0,59.0,16.61,24.2
2026-06-13T11:25:00,PCI_2,3,1078514748.0,71473442.0,1136,15,920,15,14,12,74.0,55.0,22.08,16.68
2026-06-13T11:25:00,PCI_3,4,976791714.0,61855266.0,1046,35,908,14,12,15,72.0,53.0,22.98,12.29
2026-06-13T11:25:00,PCI_4,4,963146153.0,63738418.0,1141,38,898,14,13,15,67.0,62.0,15.43,20.63
2026-06-13T11:25:00,PCI_5,4,1011984582.0,64083058.0,1037,6,751,11,9,13,76.0,61.0,22.83,22.77
2026-06-13T11:25:00,PCI_6,4,1024204493.0,72935090.0,929,10,723,11,14,10,73.0,58.0,10.53,21.46
2026-06-13T11:25:00,PCI_7,4,939404554.0,72368073.0,922,15,962,27,9,9,73.0,59.0,10.88,20.67
2026-06-13T11:25:00,PCI_8,4,1113779959.0,66027066.0,1081,14,830,24,11,13,73.0,54.0,8.56,25.09
2026-06-13T11:25:00,PCI_9,3,63891525.0,36512823.0,879,24,973,18,8,9,75.0,56.0,6.85,22.81
2026-06-13T11:25:00,PCI_10,3,72102417.0,32191787.0,1089,36,765,28,14,14,76.0,62.0,24.84,27.9
2026-06-13T11:25:00,PCI_11,3,72290542.0,34202786.0,957,33,811,21,11,8,74.0,58.0,17.16,10.81
2026-06-13T11:25:00,PCI_12,3,66612195.0,31672957.0,1109,38,705,17,12,9,82.0,57.0,16.05,23.84
2026-06-13T11:25:00,PCI_13,4,74179829.0,35522715.0,1088,24,767,18,12,11,73.0,58.0,23.35,14.3
2026-06-13T11:25:00,PCI_14,3,75338742.0,33718055.0,898,8,808,16,11,13,77.0,63.0,17.81,16.85
2026-06-13T11:25:00,PCI_15,4,71109697.0,34491015.0,918,5,719,11,12,11,75.0,58.0,5.92,20.31
2026-06-13T11:25:00,PCI_16,3,73095658.0,38484652.0,1139,34,951,26,10,13,71.0,61.0,14.91,26.18
2026-06-13T11:26:00,PCI_1,4,1038974497.0,70923374.0,989,36,840,17,9,10,79.0,67.0,6.28,25.52
2026-06-13T11:26:00,PCI_2,4,1167894607.0,60422924.0,956,14,961,19,12,15,72.0,61.0,5.47,8.82
2026-06-13T11:26:00,PCI_3,3,1049617396.0,66043962.0,900,19,967,23,11,9,74.0,55.0,13.84,25.0
2026-06-13T11:26:00,PCI_4,3,1035889025.0,68109702.0,1004,25,876,3,14,15,73.0,58.0,19.52,18.01
2026-06-13T11:26:00,PCI_5,4,943958370.0,73826974.0,1103,31,735,18,8,11,78.0,61.0,17.81,22.4
2026-06-13T11:26:00,PCI_6,3,869209749.0,67625141.0,967,28,734,18,13,10,75.0,63.0,12.2,24.92
2026-06-13T11:26:00,PCI_7,5,1052932674.0,72510467.0,1112,17,930,14,15,10,76.0,61.0,20.59,15.44
2026-06-13T11:26:00,PCI_8,4,860499366.0,81128837.0,897,19,956,14,14,10,73.0,58.0,24.94,12.46
2026-06-13T11:26:00,PCI_9,3,68919966.0,38818895.0,1154,15,950,10,13,13,73.0,61.0,8.63,14.7
2026-06-13T11:26:00,PCI_10,4,75141552.0,35684775.0,1053,10,833,18,8,9,78.0,58.0,9.14,11.85
2026-06-13T11:26:00,PCI_11,4,66842151.0,37581968.0,1045,33,872,12,10,12,74.0,66.0,19.35,27.14
2026-06-13T11:26:00,PCI_12,2,78463275.0,30488476.0,920,14,753,6,11,10,71.0,60.0,18.32,10.23
2026-06-13T11:26:00,PCI_13,2,67613236.0,33040634.0,1034,9,854,14,13,13,79.0,64.0,12.61,9.39
2026-06-13T11:26:00,PCI_14,3,68130205.0,34147716.0,982,25,803,16,14,15,76.0,57.0,10.66,16.75
2026-06-13T11:26:00,PCI_15,3,56909407.0,32984467.0,1053,22,785,15,8,9,74.0,55.0,12.3,10.12
2026-06-13T11:26:00,PCI_16,3,67104975.0,36076322.0,894,18,777,5,9,14,75.0,62.0,20.95,9.76
2026-06-13T11:27:00,PCI_1,5,999813380.0,61605932.0,1052,12,715,23,11,12,72.0,57.0,7.63,11.12
2026-06-13T11:27:00,PCI_2,4,1059803070.0,65462846.0,1167,24,756,15,9,14,73.0,61.0,23.34,22.8
2026-06-13T11:27:00,PCI_3,4,843234254.0,69984217.0,969,14,765,12,9,14,77.0,64.0,7.9,22.6
2026-06-13T11:27:00,PCI_4,4,973926073.0,70089798.0,960,5,902,26,12,9,79.0,51.0,10.53,26.71
2026-06-13T11:27:00,PCI_5,3,1027034946.0,64803296.0,878,33,708,12,11,8,72.0,57.0,6.11,17.19
2026-06-13T11:27:00,PCI_6,3,1016390466.0,64819734.0,914,23,735,28,15,10,83.0,64.0,6.57,11.58
2026-06-13T11:27:00,PCI_7,4,1126348725.0,65080256.0,1109,23,897,10,11,9,79.0,64.0,5.29,8.84
2026-06-13T11:27:00,PCI_8,3,999208183.0,73008897.0,1088,34,779,4,9,9,75.0,57.0,16.5,15.59
2026-06-13T11:27:00,PCI_9,4,65130540.0,33412331.0,895,17,810,19,14,11,79.0,54.0,5.81,22.22
2026-06-13T11:27:00,PCI_10,4,69420727.0,28094586.0,906,15,942,28,13,12,76.0,65.0,23.14,21.67
2026-06-13T11:27:00,PCI_11,4,72275312.0,36559501.0,1073,23,728,11,13,12,76.0,59.0,5.47,22.84
2026-06-13T11:27:00,PCI_12,3,63940886.0,31141814.0,1113,27,744,28,8,12,80.0,61.0,15.87,27.77
2026-06-13T11:27:00,PCI_13,4,74346458.0,33278873.0,913,38,801,28,12,10,75.0,55.0,9.28,23.35
2026-06-13T11:27:00,PCI_14,4,76119726.0,34712381.0,896,16,758,15,10,8,71.0,59.0,8.3,16.07
2026-06-13T11:27:00,PCI_15,3,59919980.0,31298316.0,1083,25,702,24,9,15,71.0,57.0,20.86,15.71
2026-06-13T11:27:00,PCI_16,4,75812057.0,38894605.0,950,17,803,22,11,13,79.0,58.0,19.06,16.6
2026-06-13T11:28:00,PCI_1,3,923322409.0,63496480.0,1034,34,851,27,11,8,78.0,69.0,5.42,12.26
2026-06-13T11:28:00,PCI_2,3,1030688398.0,73103988.0,926,35,762,27,12,15,66.0,57.0,16.9,12.21
2026-06-13T11:28:00,PCI_3,4,1053159472.0,73216650.0,910,20,892,17,10,10,65.0,57.0,18.65,27.59
2026-06-13T11:28:00,PCI_4,3,1070100972.0,77885497.0,1073,8,899,14,15,9,75.0,55.0,7.73,14.99
2026-06-13T11:28:00,PCI_5,4,1059713596.0,68222887.0,1124,10,797,7,13,15,71.0,60.0,22.42,11.25
2026-06-13T11:28:00,PCI_6,3,1139395301.0,67344320.0,883,35,868,13,12,13,77.0,57.0,13.98,12.63
2026-06-13T11:28:00,PCI_7,4,984319908.0,71169932.0,1059,27,690,20,8,14,75.0,63.0,8.24,25.19
2026-06-13T11:28:00,PCI_8,3,1000288243.0,60845772.0,1083,15,965,3,14,13,75.0,65.0,6.49,8.68
2026-06-13T11:28:00,PCI_9,3,70987690.0,30204522.0,1083,33,738,29,13,15,73.0,62.0,17.72,9.33
2026-06-13T11:28:00,PCI_10,4,69824610.0,31169008.0,1080,26,980,6,11,15,74.0,60.0,7.1,15.8
2026-06-13T11:28:00,PCI_11,4,66465058.0,35988315.0,1026,10,760,20,8,10,73.0,66.0,11.88,25.92
2026-06-13T11:28:00,PCI_12,4,61301188.0,34799334.0,1053,25,765,16,13,8,73.0,68.0,9.32,8.69
2026-06-13T11:28:00,PCI_13,3,62450481.0,37131802.0,1108,16,689,25,14,11,68.0,56.0,8.89,18.59
2026-06-13T11:28:00,PCI_14,4,58008203.0,32445181.0,887,13,701,5,15,8,68.0,59.0,16.75,21.81
2026-06-13T11:28:00,PCI_15,3,64891710.0,34282195.0,936,31,831,13,8,9,76.0,59.0,7.12,26.98
2026-06-13T11:28:00,PCI_16,4,75756166.0,33090294.0,948,11,804,23,8,14,75.0,60.0,23.54,18.55
2026-06-13T11:29:00,PCI_1,3,1006945235.0,71723632.0,979,21,703,20,14,11,70.0,58.0,23.88,22.99
2026-06-13T11:29:00,PCI_2,4,1038799663.0,72448881.0,1108,37,770,10,8,11,70.0,58.0,23.73,8.46
2026-06-13T11:29:00,PCI_3,3,1094950138.0,67145291.0,1128,7,901,29,14,8,72.0,60.0,22.34,8.42
2026-06-13T11:29:00,PCI_4,4,1079872964.0,70759834.0,1162,36,860,10,11,13,76.0,56.0,23.58,13.85
2026-06-13T11:29:00,PCI_5,4,939700198.0,67089723.0,908,8,813,6,14,12,67.0,51.0,7.23,14.34
2026-06-13T11:29:00,PCI_6,4,957216664.0,72623714.0,934,13,902,9,8,12,66.0,57.0,12.25,26.29
2026-06-13T11:29:00,PCI_7,4,987614170.0,58680973.0,1069,7,778,18,15,10,72.0,60.0,11.34,17.28
2026-06-13T11:29:00,PCI_8,3,1073239968.0,64940977.0,1137,29,781,6,14,13,69.0,62.0,21.72,19.44
2026-06-13T11:29:00,PCI_9,4,73824890.0,32548179.0,968,8,761,11,13,8,73.0,61.0,6.23,24.25
2026-06-13T11:29:00,PCI_10,3,69632880.0,33618826.0,1136,23,895,21,12,9,72.0,59.0,18.07,19.61
2026-06-13T11:29:00,PCI_11,4,69152858.0,35616583.0,965,17,927,27,13,8,72.0,56.0,6.1,10.37
2026-06-13T11:29:00,PCI_12,4,74197537.0,32881124.0,1068,10,875,19,8,13,70.0,60.0,11.11,25.15
2026-06-13T11:29:00,PCI_13,3,70430460.0,35632780.0,998,5,776,6,10,14,66.0,62.0,11.39,12.04
2026-06-13T11:29:00,PCI_14,3,68570787.0,30252365.0,1140,13,720,25,9,9,73.0,64.0,15.28,21.97
2026-06-13T11:29:00,PCI_15,3,64326030.0,34330697.0,1124,30,860,6,14,8,67.0,49.0,13.26,27.48
2026-06-13T11:29:00,PCI_16,4,70327746.0,35212405.0,1026,11,821,17,15,12,77.0,61.0,14.76,12.99
2026-06-13T11:30:00,PCI_1,2,1217018990.0,62975715.0,954,34,697,6,13,12,70.0,60.0,12.23,27.38
2026-06-13T11:30:00,PCI_2,4,1060667746.0,69094760.0,1028,27,964,23,13,15,73.0,52.0,16.32,20.81
2026-06-13T11:30:00,PCI_3,3,1048477826.0,69146693.0,910,32,776,29,9,8,73.0,64.0,5.88,25.91
2026-06-13T11:30:00,PCI_4,4,1075913542.0,68253985.0,1138,30,914,10,12,11,75.0,59.0,20.21,12.76
2026-06-13T11:30:00,PCI_5,3,957364349.0,71551153.0,957,23,728,21,10,9,77.0,58.0,18.01,10.5
2026-06-13T11:30:00,PCI_6,3,1079491413.0,68279657.0,898,18,688,15,13,12,73.0,64.0,14.64,8.89
2026-06-13T11:30:00,PCI_7,4,1077298176.0,64489420.0,925,18,702,23,14,9,72.0,59.0,7.7,12.76
2026-06-13T11:30:00,PCI_8,3,1025902353.0,65250293.0,980,16,770,5,15,15,69.0,50.0,7.72,11.94
2026-06-13T11:30:00,PCI_9,3,67573368.0,36110275.0,901,36,951,26,9,10,71.0,57.0,5.79,15.38
2026-06-13T11:30:00,PCI_10,4,65401490.0,31481661.0,1045,39,814,21,10,14,80.0,55.0,17.25,11.51
2026-06-13T11:30:00,PCI_11,3,72975637.0,36455016.0,995,15,849,11,12,11,78.0,55.0,10.68,22.88
2026-06-13T11:30:00,PCI_12,3,71350711.0,35162419.0,1023,24,969,19,15,10,70.0,61.0,23.96,12.08
2026-06-13T11:30:00,PCI_13,3,62917376.0,34592776.0,946,23,917,12,9,8,74.0,56.0,23.9,23.17
2026-06-13T11:30:00,PCI_14,3,70513269.0,34992900.0,1007,30,931,25,14,13,75.0,66.0,7.57,15.33
2026-06-13T11:30:00,PCI_15,3,65797686.0,32188983.0,946,30,802,6,8,13,77.0,54.0,9.45,16.46
2026-06-13T11:30:00,PCI_16,4,68701748.0,34404352.0,901,30,851,11,13,9,76.0,60.0,5.99,11.29
2026-06-13T11:31:00,PCI_1,3,1095940283.0,68915098.0,1081,33,773,7,8,9,75.0,56.0,6.99,21.83
2026-06-13T11:31:00,PCI_2,3,906514989.0,75238038.0,912,5,757,23,8,9,70.0,62.0,13.88,22.53
2026-06-13T11:31:00,PCI_3,3,1045406756.0,66738861.0,1064,39,776,26,13,11,74.0,61.0,20.03,22.18
2026-06-13T11:31:00,PCI_4,4,1082731545.0,72301775.0,1088,16,782,7,14,9,74.0,56.0,8.83,25.84
2026-06-13T11:31:00,PCI_5,4,1146537512.0,79916671.0,1004,23,822,12,11,15,76.0,59.0,8.5,18.47
2026-06-13T11:31:00,PCI_6,3,998786305.0,69844520.0,1042,12,877,21,8,8,66.0,60.0,6.24,19.73
2026-06-13T11:31:00,PCI_7,3,977778767.0,71946176.0,1140,21,736,4,9,8,74.0,60.0,20.94,9.98
2026-06-13T11:31:00,PCI_8,3,886844771.0,57327903.0,966,36,881,9,8,8,72.0,60.0,12.05,8.43
2026-06-13T11:31:00,PCI_9,4,67038270.0,31789923.0,1052,9,819,4,13,10,75.0,62.0,17.0,17.57
2026-06-13T11:31:00,PCI_10,4,66613260.0,37373089.0,1138,13,776,19,9,14,71.0,55.0,7.21,17.05
2026-06-13T11:31:00,PCI_11,3,63814119.0,33421238.0,1093,38,757,8,8,14,72.0,55.0,19.89,24.86
2026-06-13T11:31:00,PCI_12,3,72332126.0,33474537.0,955,39,851,24,10,13,69.0,59.0,23.99,27.03
2026-06-13T11:31:00,PCI_13,3,70676796.0,35841888.0,1157,5,895,12,13,11,79.0,62.0,19.99,15.13
2026-06-13T11:31:00,PCI_14,5,63685749.0,34438332.0,914,19,964,3,14,10,67.0,62.0,10.77,19.18
2026-06-13T11:31:00,PCI_15,3,62235157.0,36978663.0,917,8,958,25,9,13,81.0,63.0,12.84,14.94
2026-06-13T11:31:00,PCI_16,3,67584239.0,32812056.0,976,31,969,17,9,9,77.0,54.0,5.94,17.74
2026-06-13T11:32:00,PCI_1,4,913798970.0,66769216.0,1084,25,822,16,10,11,73.0,61.0,10.51,27.36
2026-06-13T11:32:00,PCI_2,5,989586815.0,68063454.0,1173,15,818,24,11,15,76.0,60.0,22.18,18.46
2026-06-13T11:32:00,PCI_3,4,1072628289.0,69072559.0,936,23,813,23,8,14,74.0,62.0,18.46,13.66
2026-06-13T11:32:00,PCI_4,4,1064300283.0,72303508.0,993,12,807,20,9,8,68.0,65.0,7.39,22.82
2026-06-13T11:32:00,PCI_5,2,1020781031.0,67276213.0,1065,15,850,29,8,13,79.0,63.0,6.98,20.0
2026-06-13T11:32:00,PCI_6,3,999750190.0,58053018.0,1162,24,849,14,9,14,73.0,54.0,16.24,17.36
2026-06-13T11:32:00,PCI_7,3,1012916273.0,66560865.0,1153,11,918,21,8,10,66.0,60.0,11.77,22.41
2026-06-13T11:32:00,PCI_8,4,1173772896.0,64989222.0,1162,29,900,28,12,13,64.0,59.0,21.71,12.6
2026-06-13T11:32:00,PCI_9,3,69007332.0,32443720.0,1118,39,841,12,10,9,68.0,60.0,13.44,26.68
2026-06-13T11:32:00,PCI_10,4,68682971.0,31117857.0,1039,33,892,9,12,13,75.0,63.0,10.37,15.94
2026-06-13T11:32:00,PCI_11,3,62076090.0,33887525.0,1003,33,876,19,9,14,68.0,61.0,11.19,14.38
2026-06-13T11:32:00,PCI_12,3,67833175.0,31006898.0,987,31,693,10,10,9,80.0,59.0,16.19,8.77
2026-06-13T11:32:00,PCI_13,4,77657844.0,34758590.0,972,24,950,25,12,14,75.0,62.0,7.95,18.99
2026-06-13T11:32:00,PCI_14,4,70315009.0,33497832.0,983,26,691,24,14,11,67.0,57.0,13.41,19.36
2026-06-13T11:32:00,PCI_15,4,78898709.0,34772341.0,915,9,700,3,14,9,67.0,61.0,23.84,13.73
2026-06-13T11:32:00,PCI_16,3,65086879.0,35035102.0,1029,26,869,19,15,9,77.0,56.0,6.36,23.3
2026-06-13T11:33:00,PCI_1,3,971171150.0,60290086.0,899,33,910,24,10,8,74.0,58.0,20.55,13.16
2026-06-13T11:33:00,PCI_2,3,949910125.0,67411214.0,1151,31,826,9,9,10,75.0,56.0,24.68,26.99
2026-06-13T11:33:00,PCI_3,3,1018923787.0,70458769.0,1078,19,904,16,14,14,76.0,53.0,24.95,18.89
2026-06-13T11:33:00,PCI_4,2,938646307.0,62201322.0,922,37,709,4,10,15,73.0,62.0,9.64,18.23
2026-06-13T11:33:00,PCI_5,3,961252416.0,70911662.0,1142,25,701,23,13,10,70.0,59.0,16.48,17.49
2026-06-13T11:33:00,PCI_6,3,957722171.0,59990690.0,1032,13,854,28,11,10,67.0,56.0,9.92,24.86
2026-06-13T11:33:00,PCI_7,4,945925980.0,61211227.0,1127,28,931,25,14,13,72.0,58.0,21.16,19.93
2026-06-13T11:33:00,PCI_8,3,1128130357.0,65284828.0,1022,26,901,13,15,12,75.0,54.0,14.07,17.94
2026-06-13T11:33:00,PCI_9,3,56749210.0,33475618.0,1147,29,806,12,13,14,73.0,62.0,16.37,14.78
2026-06-13T11:33:00,PCI_10,3,67236649.0,31527482.0,1046,25,862,13,8,15,79.0,61.0,10.04,24.08
2026-06-13T11:33:00,PCI_11,4,72541239.0,32222255.0,913,22,946,10,14,15,73.0,56.0,6.5,11.4
2026-06-13T11:33:00,PCI_12,4,63151935.0,34904620.0,1034,30,807,29,8,8,84.0,62.0,7.04,12.84
2026-06-13T11:33:00,PCI_13,4,69452259.0,36677363.0,1019,13,948,21,11,8,71.0,58.0,7.88,12.46
2026-06-13T11:33:00,PCI_14,3,70249821.0,32286984.0,1036,34,936,13,13,14,74.0,61.0,5.15,24.0
2026-06-13T11:33:00,PCI_15,4,67660391.0,36458786.0,1156,14,829,9,9,15,77.0,61.0,11.35,27.02
2026-06-13T11:33:00,PCI_16,4,62997545.0,33838567.0,885,25,852,7,14,14,69.0,56.0,15.93,26.79
2026-06-13T11:34:00,PCI_1,3,1004707566.0,62469413.0,1019,21,832,20,13,14,78.0,55.0,19.58,12.0
2026-06-13T11:34:00,PCI_2,3,1051785260.0,67331403.0,1097,29,723,15,11,9,71.0,64.0,21.98,14.76
2026-06-13T11:34:00,PCI_3,4,984209225.0,64603374.0,1059,34,936,5,9,15,67.0,56.0,7.97,20.24
2026-06-13T11:34:00,PCI_4,4,1001285962.0,65120962.0,1145,12,985,14,8,15,72.0,53.0,5.21,12.21
2026-06-13T11:34:00,PCI_5,4,1051800921.0,64321835.0,1109,13,798,12,8,8,63.0,60.0,18.97,21.11
2026-06-13T11:34:00,PCI_6,4,915762214.0,75907138.0,943,6,750,13,13,8,71.0,55.0,24.56,9.91
2026-06-13T11:34:00,PCI_7,4,1047583189.0,64974474.0,1125,24,690,28,14,14,74.0,64.0,14.93,24.49
2026-06-13T11:34:00,PCI_8,4,969154905.0,68139743.0,1120,10,917,4,11,15,76.0,52.0,23.19,16.72
2026-06-13T11:34:00,PCI_9,4,65017319.0,31901872.0,911,33,846,19,9,12,76.0,56.0,15.04,26.74
2026-06-13T11:34:00,PCI_10,4,62439916.0,33198923.0,987,6,726,26,8,10,71.0,56.0,24.15,27.46
2026-06-13T11:34:00,PCI_11,3,63589456.0,31122336.0,1107,9,827,29,13,10,76.0,62.0,24.76,11.22
2026-06-13T11:34:00,PCI_12,4,67885441.0,30936346.0,1049,27,927,29,14,11,75.0,53.0,16.49,26.1
2026-06-13T11:34:00,PCI_13,3,70728177.0,37563778.0,993,17,685,25,14,11,73.0,52.0,16.82,10.54
2026-06-13T11:34:00,PCI_14,4,72305675.0,35079232.0,923,16,894,4,12,15,76.0,59.0,21.03,20.96
2026-06-13T11:34:00,PCI_15,3,69322148.0,38014616.0,988,14,829,23,12,15,73.0,69.0,23.85,10.11
2026-06-13T11:34:00,PCI_16,4,74501447.0,34704987.0,964,23,878,21,14,11,78.0,52.0,7.19,16.94
2026-06-13T11:35:00,PCI_1,3,1091296848.0,64514178.0,927,20,805,28,10,12,79.0,57.0,14.12,27.58
2026-06-13T11:35:00,PCI_2,4,883653359.0,72191160.0,980,34,923,3,8,9,70.0,52.0,21.81,17.32
2026-06-13T11:35:00,PCI_3,3,1024068570.0,66504393.0,977,6,874,18,10,10,74.0,53.0,16.05,12.9
2026-06-13T11:35:00,PCI_4,3,1059602743.0,68845184.0,1137,10,695,22,12,12,69.0,60.0,8.21,8.31
2026-06-13T11:35:00,PCI_5,3,991879979.0,58390716.0,977,13,823,10,8,11,76.0,53.0,19.62,10.62
2026-06-13T11:35:00,PCI_6,3,1002414316.0,67058875.0,1120,22,845,9,10,14,70.0,44.0,8.43,21.58
2026-06-13T11:35:00,PCI_7,4,978587211.0,67632713.0,1075,14,858,13,14,12,81.0,60.0,22.75,26.65
2026-06-13T11:35:00,PCI_8,3,1127341450.0,72247808.0,998,11,745,27,9,10,77.0,58.0,16.89,10.68
2026-06-13T11:35:00,PCI_9,3,60446475.0,32653504.0,1143,31,832,27,15,8,81.0,58.0,7.93,18.71
2026-06-13T11:35:00,PCI_10,4,63951971.0,29855334.0,887,26,720,8,13,10,75.0,64.0,8.04,18.41
2026-06-13T11:35:00,PCI_11,3,72475476.0,34633062.0,1064,17,715,14,12,12,66.0,66.0,9.76,23.36
2026-06-13T11:35:00,PCI_12,4,64753540.0,31146823.0,1095,38,892,21,9,8,72.0,56.0,17.42,9.43
2026-06-13T11:35:00,PCI_13,2,59778037.0,37186562.0,1122,39,795,17,12,12,76.0,58.0,13.5,10.68
2026-06-13T11:35:00,PCI_14,3,67861048.0,39869135.0,899,8,845,20,13,8,69.0,49.0,12.36,9.75
2026-06-13T11:35:00,PCI_15,4,72459135.0,30969477.0,1075,12,865,28,12,11,63.0,63.0,24.34,23.03
2026-06-13T11:35:00,PCI_16,4,57255483.0,35281476.0,1159,17,956,27,11,10,73.0,55.0,11.25,27.26
2026-06-13T11:36:00,PCI_1,4,1148689374.0,69571733.0,1093,15,790,14,10,9,78.0,58.0,21.59,11.9
2026-06-13T11:36:00,PCI_2,3,1024285635.0,66729226.0,980,7,790,8,11,9,76.0,59.0,10.46,10.97
2026-06-13T11:36:00,PCI_3,4,934266956.0,73130685.0,984,6,921,14,8,12,71.0,59.0,11.65,17.44
2026-06-13T11:36:00,PCI_4,3,1090937674.0,58293408.0,1057,5,854,29,14,15,72.0,68.0,8.19,22.73
2026-06-13T11:36:00,PCI_5,3,1082961177.0,74901851.0,895,7,844,15,13,8,69.0,64.0,8.96,17.87
2026-06-13T11:36:00,PCI_6,3,976080028.0,61981725.0,941,23,759,23,8,11,71.0,53.0,24.75,18.93
2026-06-13T11:36:00,PCI_7,4,1034487656.0,68433136.0,1166,12,759,21,15,12,73.0,60.0,19.08,8.93
2026-06-13T11:36:00,PCI_8,4,1054345562.0,73145783.0,985,7,733,6,8,10,71.0,60.0,8.48,17.35
2026-06-13T11:36:00,PCI_9,4,63315110.0,31740083.0,1149,5,737,14,11,11,68.0,51.0,21.07,15.07
2026-06-13T11:36:00,PCI_10,2,70001745.0,33884369.0,1056,35,990,3,13,12,74.0,64.0,5.66,17.9
2026-06-13T11:36:00,PCI_11,3,71579445.0,33824311.0,1012,24,939,15,11,13,73.0,56.0,22.29,23.32
2026-06-13T11:36:00,PCI_12,3,68923673.0,34288243.0,929,6,759,18,10,12,81.0,64.0,6.11,25.12
2026-06-13T11:36:00,PCI_13,3,66160369.0,32470558.0,1061,32,692,14,11,14,64.0,53.0,23.91,9.22
2026-06-13T11:36:00,PCI_14,4,70685010.0,32211511.0,1104,19,942,23,14,11,69.0,59.0,20.72,8.31
2026-06-13T11:36:00,PCI_15,4,70350886.0,34433029.0,946,13,762,5,11,14,72.0,58.0,13.43,19.99
2026-06-13T11:36:00,PCI_16,3,63898820.0,30999603.0,1019,36,712,28,14,8,76.0,58.0,19.76,16.52
2026-06-13T11:37:00,PCI_1,3,895095972.0,59494375.0,949,25,929,15,8,12,69.0,61.0,11.6,25.76
2026-06-13T11:37:00,PCI_2,3,1055631210.0,60962679.0,1043,29,759,29,15,10,76.0,59.0,5.28,20.35
2026-06-13T11:37:00,PCI_3,4,903719150.0,64715399.0,1069,25,859,13,8,15,66.0,57.0,21.77,26.19
2026-06-13T11:37:00,PCI_4,4,998010861.0,62214360.0,918,17,915,15,8,10,73.0,57.0,14.41,27.87
2026-06-13T11:37:00,PCI_5,4,1042668676.0,66728199.0,1024,34,694,28,15,9,71.0,60.0,22.49,10.87
2026-06-13T11:37:00,PCI_6,4,977691174.0,72493850.0,941,27,770,21,13,9,63.0,64.0,19.86,20.79
2026-06-13T11:37:00,PCI_7,4,1043030661.0,63589653.0,929,28,940,17,9,14,66.0,53.0,6.27,19.97
2026-06-13T11:37:00,PCI_8,4,1046974356.0,68555566.0,1104,13,943,28,9,12,70.0,68.0,20.5,24.3
2026-06-13T11:37:00,PCI_9,4,68851974.0,37083788.0,984,19,820,14,13,10,78.0,63.0,9.63,27.33
2026-06-13T11:37:00,PCI_10,3,71874476.0,32341100.0,982,26,770,13,12,15,71.0,55.0,20.53,20.9
2026-06-13T11:37:00,PCI_11,3,67400275.0,35126278.0,911,15,751,17,15,10,63.0,59.0,11.86,11.23
2026-06-13T11:37:00,PCI_12,3,65741172.0,31620443.0,1077,12,937,13,14,15,75.0,56.0,17.64,25.75
2026-06-13T11:37:00,PCI_13,3,86579819.0,36217748.0,936,37,855,27,13,8,75.0,58.0,6.15,25.25
2026-06-13T11:37:00,PCI_14,3,71635273.0,31721468.0,873,39,776,5,12,8,74.0,59.0,15.94,23.11
2026-06-13T11:37:00,PCI_15,3,59900573.0,44264788.0,874,27,724,7,15,12,72.0,60.0,7.48,14.55
2026-06-13T11:37:00,PCI_16,3,66302230.0,34799964.0,1126,6,708,8,11,9,68.0,61.0,17.83,20.69
2026-06-13T11:38:00,PCI_1,3,919039844.0,74510375.0,1003,20,838,7,10,10,73.0,52.0,20.44,9.97
2026-06-13T11:38:00,PCI_2,3,996489102.0,56789758.0,972,14,908,8,13,12,72.0,58.0,24.46,22.58
2026-06-13T11:38:00,PCI_3,5,945848272.0,59231286.0,1035,5,864,24,9,9,69.0,60.0,8.28,15.41
2026-06-13T11:38:00,PCI_4,3,1007180655.0,66279000.0,903,32,840,15,11,9,81.0,59.0,21.95,8.71
2026-06-13T11:38:00,PCI_5,2,1088542614.0,52731337.0,907,37,698,13,14,8,68.0,55.0,9.94,14.64
2026-06-13T11:38:00,PCI_6,3,928023679.0,70293173.0,1169,6,793,22,9,14,77.0,56.0,14.77,16.78
2026-06-13T11:38:00,PCI_7,5,1018098139.0,61629658.0,1084,32,800,20,14,12,77.0,54.0,19.57,13.82
2026-06-13T11:38:00,PCI_8,3,1063390701.0,64773184.0,989,33,756,13,13,12,74.0,56.0,16.09,25.02
2026-06-13T11:38:00,PCI_9,4,67750522.0,37366733.0,1055,29,883,16,9,11,69.0,59.0,7.29,25.22
2026-06-13T11:38:00,PCI_10,4,71387015.0,31293248.0,894,25,958,6,13,15,72.0,60.0,13.87,27.08
2026-06-13T11:38:00,PCI_11,3,74263532.0,35654646.0,889,13,863,3,13,10,69.0,62.0,8.78,12.43
2026-06-13T11:38:00,PCI_12,3,66599701.0,34974303.0,933,14,695,26,9,9,78.0,54.0,23.09,9.06
2026-06-13T11:38:00,PCI_13,4,72920244.0,38311049.0,1118,39,860,12,9,9,77.0,57.0,15.66,20.01
2026-06-13T11:38:00,PCI_14,3,66371367.0,37168600.0,945,25,938,27,8,15,73.0,58.0,11.34,27.6
2026-06-13T11:38:00,PCI_15,4,68948630.0,27674903.0,915,23,866,7,12,15,64.0,54.0,22.6,27.55
2026-06-13T11:38:00,PCI_16,4,63157935.0,31904245.0,988,22,885,18,10,12,75.0,54.0,14.7,27.14
2026-06-13T11:39:00,PCI_1,3,957462042.0,63325822.0,1066,7,946,28,13,15,70.0,54.0,6.46,27.5
2026-06-13T11:39:00,PCI_2,3,1014059474.0,65367318.0,1120,29,821,23,13,12,66.0,60.0,7.63,27.06
2026-06-13T11:39:00,PCI_3,5,841007213.0,67583549.0,945,36,899,4,13,14,76.0,65.0,10.14,23.15
2026-06-13T11:39:00,PCI_4,2,1012417033.0,59783436.0,1089,13,792,14,10,10,70.0,64.0,15.55,11.29
2026-06-13T11:39:00,PCI_5,3,918415822.0,69209705.0,1020,15,805,6,15,12,77.0,60.0,17.9,23.52
2026-06-13T11:39:00,PCI_6,4,1051801619.0,74723633.0,1185,11,886,11,12,15,71.0,58.0,11.87,19.7
2026-06-13T11:39:00,PCI_7,3,972622494.0,68150224.0,1118,14,911,20,15,13,76.0,57.0,5.2,19.8
2026-06-13T11:39:00,PCI_8,3,890884157.0,68085265.0,1101,32,838,12,9,8,71.0,53.0,9.47,10.56
2026-06-13T11:39:00,PCI_9,4,65576128.0,33408964.0,944,17,753,18,9,15,77.0,54.0,9.35,16.41
2026-06-13T11:39:00,PCI_10,4,66721670.0,32724615.0,885,32,831,29,9,12,71.0,54.0,17.26,12.49
2026-06-13T11:39:00,PCI_11,3,65986840.0,29736099.0,892,13,673,27,13,8,72.0,59.0,9.17,22.89
2026-06-13T11:39:00,PCI_12,3,68883563.0,34452170.0,1119,13,885,21,15,13,77.0,48.0,24.1,9.12
2026-06-13T11:39:00,PCI_13,3,67900465.0,38324444.0,1005,30,773,10,9,13,75.0,60.0,13.12,18.52
2026-06-13T11:39:00,PCI_14,4,72673850.0,26814959.0,1024,10,854,25,12,10,76.0,59.0,15.18,11.86
2026-06-13T11:39:00,PCI_15,3,68808240.0,34700238.0,1092,20,912,15,10,14,74.0,55.0,7.51,22.54
2026-06-13T11:39:00,PCI_16,4,66364597.0,31794183.0,871,39,822,27,8,10,69.0,59.0,9.29,24.72
2026-06-13T11:40:00,PCI_1,3,1049550769.0,67941531.0,1084,37,718,3,10,15,73.0,56.0,8.75,8.71
2026-06-13T11:40:00,PCI_2,4,1087978625.0,67002318.0,1076,18,947,6,12,9,74.0,53.0,11.75,18.44
2026-06-13T11:40:00,PCI_3,3,1050331039.0,57567272.0,903,5,858,14,13,8,69.0,57.0,5.91,27.51
2026-06-13T11:40:00,PCI_4,4,959275632.0,61332927.0,1115,9,807,3,8,15,71.0,61.0,8.66,27.9
2026-06-13T11:40:00,PCI_5,4,877145155.0,65546267.0,976,27,717,7,10,8,75.0,54.0,14.72,19.15
2026-06-13T11:40:00,PCI_6,3,927248266.0,56741543.0,885,16,976,4,15,8,84.0,57.0,11.85,21.62
2026-06-13T11:40:00,PCI_7,3,983671042.0,64641933.0,1000,38,730,4,11,15,71.0,51.0,13.08,13.06
2026-06-13T11:40:00,PCI_8,4,992732470.0,65926726.0,884,38,775,8,11,8,68.0,60.0,13.57,20.63
2026-06-13T11:40:00,PCI_9,3,70088620.0,33004160.0,972,27,846,25,15,10,76.0,56.0,5.9,26.39
2026-06-13T11:40:00,PCI_10,4,70901230.0,30137443.0,1111,18,842,7,11,10,68.0,52.0,17.11,27.0
2026-06-13T11:40:00,PCI_11,4,66732171.0,30663713.0,888,13,859,14,8,13,69.0,56.0,6.46,16.12
2026-06-13T11:40:00,PCI_12,3,57129218.0,36018534.0,1130,30,780,14,9,10,73.0,54.0,22.63,23.34
2026-06-13T11:40:00,PCI_13,4,65712588.0,35859788.0,1024,31,861,24,10,11,68.0,59.0,17.38,25.9
2026-06-13T11:40:00,PCI_14,3,67494833.0,33911516.0,1111,10,932,7,8,9,72.0,52.0,15.48,8.67
2026-06-13T11:40:00,PCI_15,3,68503121.0,31720604.0,882,28,799,19,8,11,74.0,52.0,6.79,24.78
2026-06-13T11:40:00,PCI_16,3,67927725.0,37783227.0,966,7,785,12,14,8,74.0,60.0,5.53,19.58
2026-06-13T11:41:00,PCI_1,3,1085561073.0,72500379.0,1098,16,930,14,10,11,76.0,57.0,9.11,11.39
2026-06-13T11:41:00,PCI_2,4,948461992.0,71428570.0,1036,13,848,28,8,15,69.0,62.0,23.04,26.75
2026-06-13T11:41:00,PCI_3,3,1015369490.0,61897216.0,958,21,831,13,9,9,75.0,69.0,14.87,19.26
2026-06-13T11:41:00,PCI_4,3,1048816334.0,64171188.0,1101,8,716,29,13,13,80.0,63.0,7.27,13.94
2026-06-13T11:41:00,PCI_5,4,951576540.0,59706740.0,1112,13,862,19,14,12,66.0,51.0,14.64,19.42
2026-06-13T11:41:00,PCI_6,3,815886000.0,64182879.0,1094,8,968,8,13,9,77.0,58.0,17.76,26.02
2026-06-13T11:41:00,PCI_7,3,937146162.0,67401678.0,1048,12,897,23,10,10,68.0,54.0,13.74,19.24
2026-06-13T11:41:00,PCI_8,3,967011947.0,72001791.0,1184,12,906,5,15,13,70.0,60.0,15.55,13.95
2026-06-13T11:41:00,PCI_9,3,57960377.0,34957744.0,913,18,851,29,12,9,73.0,60.0,14.3,10.04
2026-06-13T11:41:00,PCI_10,4,61625283.0,35152087.0,891,19,725,23,15,9,66.0,58.0,11.36,15.59
2026-06-13T11:41:00,PCI_11,3,71583388.0,34612501.0,1077,6,730,27,15,9,66.0,49.0,23.06,8.53
2026-06-13T11:41:00,PCI_12,4,64950581.0,38462151.0,1064,38,756,9,8,15,74.0,55.0,17.44,18.22
2026-06-13T11:41:00,PCI_13,4,64443002.0,33035052.0,956,14,890,23,15,8,72.0,52.0,8.7,15.61
2026-06-13T11:41:00,PCI_14,3,65845135.0,31482405.0,1049,9,776,12,13,13,75.0,62.0,12.94,14.58
2026-06-13T11:41:00,PCI_15,3,57227002.0,35963262.0,1049,37,702,26,15,8,65.0,53.0,11.78,11.23
2026-06-13T11:41:00,PCI_16,3,62347913.0,37282094.0,1113,28,844,24,15,14,71.0,59.0,24.68,18.11
2026-06-13T11:42:00,PCI_1,4,1007722284.0,66905549.0,888,25,854,25,10,15,67.0,55.0,17.78,23.53
2026-06-13T11:42:00,PCI_2,3,935883072.0,67093958.0,994,19,775,5,15,14,67.0,57.0,8.58,16.76
2026-06-13T11:42:00,PCI_3,4,960374986.0,76198223.0,884,31,814,6,13,11,75.0,60.0,13.97,14.82
2026-06-13T11:42:00,PCI_4,3,1006765667.0,63827813.0,1018,26,835,5,12,10,63.0,54.0,12.34,15.99
2026-06-13T11:42:00,PCI_5,3,881331567.0,64269253.0,917,31,762,18,12,9,67.0,64.0,13.52,14.49
2026-06-13T11:42:00,PCI_6,3,790798911.0,58945376.0,1021,22,718,4,13,13,64.0,61.0,15.42,8.14
2026-06-13T11:42:00,PCI_7,4,959602999.0,63272740.0,1086,25,983,14,12,9,69.0,60.0,12.11,16.35
2026-06-13T11:42:00,PCI_8,3,950431928.0,63248739.0,1119,32,883,19,11,12,70.0,65.0,24.86,24.16
2026-06-13T11:42:00,PCI_9,3,57992630.0,31655171.0,1157,9,940,16,13,15,79.0,51.0,9.83,27.23
2026-06-13T11:42:00,PCI_10,4,55751111.0,28954480.0,882,28,845,5,15,14,70.0,52.0,6.06,21.5
2026-06-13T11:42:00,PCI_11,4,72124338.0,33183060.0,916,17,901,24,8,14,73.0,61.0,20.34,8.85
2026-06-13T11:42:00,PCI_12,4,75219439.0,37271522.0,944,22,823,25,11,12,70.0,58.0,8.22,15.4
2026-06-13T11:42:00,PCI_13,3,64274126.0,31709290.0,1048,30,825,13,15,10,72.0,51.0,23.42,26.66
2026-06-13T11:42:00,PCI_14,4,67660347.0,39271223.0,927,19,791,27,8,9,76.0,57.0,17.41,13.88
2026-06-13T11:42:00,PCI_15,2,68088877.0,31639754.0,1139,38,714,5,9,14,69.0,49.0,14.68,22.23
2026-06-13T11:42:00,PCI_16,3,67663491.0,36048012.0,881,28,915,3,12,10,75.0,60.0,20.43,13.45
2026-06-13T11:43:00,PCI_1,3,997130231.0,62946016.0,1163,20,784,10,15,9,72.0,61.0,22.68,8.26
2026-06-13T11:43:00,PCI_2,4,874669712.0,73857251.0,1079,7,874,16,13,11,73.0,57.0,19.69,14.54
2026-06-13T11:43:00,PCI_3,3,1110828273.0,53325841.0,1082,12,706,16,11,8,70.0,53.0,5.94,23.7
2026-06-13T11:43:00,PCI_4,4,1026256593.0,62459585.0,963,35,747,12,13,8,72.0,55.0,16.99,24.79
2026-06-13T11:43:00,PCI_5,3,865475575.0,70534894.0,973,38,749,11,10,11,68.0,53.0,14.54,27.28
2026-06-13T11:43:00,PCI_6,3,953201604.0,68860431.0,1109,33,945,4,10,9,77.0,58.0,14.86,19.21
2026-06-13T11:43:00,PCI_7,3,1017179152.0,61601829.0,1093,38,807,28,9,12,76.0,60.0,12.39,10.37
2026-06-13T11:43:00,PCI_8,3,1112858010.0,67643366.0,977,37,959,21,10,13,71.0,53.0,20.77,27.98
2026-06-13T11:43:00,PCI_9,3,62965293.0,35356664.0,1111,14,751,9,13,14,72.0,66.0,12.46,11.97
2026-06-13T11:43:00,PCI_10,4,59687636.0,30176272.0,1095,29,776,6,11,14,67.0,59.0,7.73,16.98
2026-06-13T11:43:00,PCI_11,4,70398631.0,33087581.0,1090,25,947,18,14,10,78.0,57.0,8.25,9.01
2026-06-13T11:43:00,PCI_12,3,63005187.0,39205328.0,931,17,736,23,15,14,65.0,60.0,24.71,14.36
2026-06-13T11:43:00,PCI_13,4,75118545.0,31913698.0,891,15,882,11,10,11,71.0,60.0,16.84,24.3
2026-06-13T11:43:00,PCI_14,4,62295665.0,32031932.0,994,9,702,15,13,15,72.0,58.0,10.39,9.68
2026-06-13T11:43:00,PCI_15,3,67605879.0,39192904.0,998,31,750,24,12,15,76.0,51.0,5.56,15.52
2026-06-13T11:43:00,PCI_16,4,56821437.0,31860034.0,1032,5,816,21,12,9,69.0,58.0,24.52,15.8
2026-06-13T11:44:00,PCI_1,4,898342463.0,64177293.0,1038,8,742,13,10,13,71.0,60.0,8.89,22.49
2026-06-13T11:44:00,PCI_2,4,968537323.0,63923591.0,962,35,703,22,9,15,75.0,58.0,6.22,17.15
2026-06-13T11:44:00,PCI_3,2,1084144893.0,71604823.0,1101,14,894,18,13,10,69.0,54.0,13.13,26.17
2026-06-13T11:44:00,PCI_4,4,1033681849.0,63336959.0,1159,26,773,3,10,10,79.0,56.0,7.04,16.67
2026-06-13T11:44:00,PCI_5,3,1120517712.0,71462668.0,923,34,915,29,10,10,67.0,69.0,17.86,16.42
2026-06-13T11:44:00,PCI_6,3,987452229.0,68167089.0,903,24,811,5,9,13,74.0,55.0,15.58,16.5
2026-06-13T11:44:00,PCI_7,2,898214947.0,69111265.0,884,26,844,13,12,14,74.0,52.0,11.75,25.03
2026-06-13T11:44:00,PCI_8,3,934080481.0,60283331.0,889,28,703,12,12,13,67.0,64.0,15.96,10.68
2026-06-13T11:44:00,PCI_9,3,71914777.0,32066230.0,929,24,919,20,11,9,75.0,60.0,22.37,10.33
2026-06-13T11:44:00,PCI_10,4,62870745.0,33397934.0,1054,22,833,16,13,14,68.0,54.0,9.85,8.65
2026-06-13T11:44:00,PCI_11,3,61709621.0,30968414.0,936,25,827,19,10,8,76.0,56.0,23.38,17.53
2026-06-13T11:44:00,PCI_12,4,60341491.0,32734574.0,933,14,742,20,10,14,77.0,65.0,12.24,11.11
2026-06-13T11:44:00,PCI_13,3,75412284.0,36012486.0,1028,11,953,28,12,14,67.0,57.0,13.1,25.56
2026-06-13T11:44:00,PCI_14,3,72213978.0,36656543.0,962,6,831,17,12,15,79.0,51.0,6.57,11.41
2026-06-13T11:44:00,PCI_15,3,69518683.0,36108846.0,1016,5,721,14,15,8,58.0,60.0,7.24,15.85
2026-06-13T11:44:00,PCI_16,2,63185409.0,32860671.0,960,16,948,4,15,14,66.0,55.0,17.81,20.39
2026-06-13T11:45:00,PCI_1,2,959700148.0,69629994.0,904,9,898,23,10,15,78.0,64.0,17.62,23.71
2026-06-13T11:45:00,PCI_2,4,935433023.0,63302656.0,1088,22,877,4,14,13,75.0,62.0,17.53,14.15
2026-06-13T11:45:00,PCI_3,3,969890346.0,62712978.0,979,13,797,13,12,10,77.0,54.0,15.52,25.6
2026-06-13T11:45:00,PCI_4,4,928228266.0,60382631.0,933,12,712,6,14,8,77.0,61.0,16.34,25.11
2026-06-13T11:45:00,PCI_5,3,782842130.0,64709711.0,1178,14,723,9,11,9,70.0,55.0,21.73,15.28
2026-06-13T11:45:00,PCI_6,3,904925281.0,65880529.0,1010,36,779,29,13,14,71.0,52.0,15.02,13.58
2026-06-13T11:45:00,PCI_7,3,1014913482.0,66238412.0,896,21,732,16,8,11,72.0,59.0,12.26,18.83
2026-06-13T11:45:00,PCI_8,3,856192745.0,69920068.0,1134,21,739,27,14,10,77.0,51.0,21.42,25.45
2026-06-13T11:45:00,PCI_9,3,63769436.0,32265525.0,992,22,942,10,12,9,64.0,52.0,16.0,14.27
2026-06-13T11:45:00,PCI_10,3,74027877.0,36048032.0,903,9,825,22,13,11,71.0,54.0,23.7,8.4
2026-06-13T11:45:00,PCI_11,4,51852598.0,32921560.0,1090,14,723,18,11,14,73.0,56.0,17.57,9.74
2026-06-13T11:45:00,PCI_12,3,57367356.0,31717963.0,1048,22,838,18,15,10,70.0,55.0,5.66,23.67
2026-06-13T11:45:00,PCI_13,3,62215074.0,32360952.0,914,16,735,16,9,15,71.0,61.0,6.92,9.57
2026-06-13T11:45:00,PCI_14,4,61837196.0,33464676.0,877,28,734,24,12,13,70.0,54.0,7.33,18.64
2026-06-13T11:45:00,PCI_15,4,64861826.0,34781753.0,942,11,847,13,14,15,75.0,66.0,10.46,12.61
2026-06-13T11:45:00,PCI_16,3,63268889.0,30306753.0,890,22,796,4,8,10,80.0,60.0,17.69,10.21
2026-06-13T11:46:00,PCI_1,4,1027929541.0,73420470.0,886,21,936,19,13,12,71.0,62.0,15.96,13.79
2026-06-13T11:46:00,PCI_2,4,1077387383.0,66871272.0,938,20,880,19,9,14,67.0,56.0,12.8,12.75
2026-06-13T11:46:00,PCI_3,3,950840778.0,67448444.0,932,17,717,4,9,11,62.0,61.0,8.57,25.31
2026-06-13T11:46:00,PCI_4,3,943921319.0,59242777.0,1042,20,728,8,10,11,69.0,57.0,20.11,27.34
2026-06-13T11:46:00,PCI_5,3,863704246.0,62874365.0,915,18,677,25,13,14,72.0,52.0,23.54,12.84
2026-06-13T11:46:00,PCI_6,3,995371610.0,62674679.0,1067,23,809,21,11,12,65.0,57.0,10.76,24.38
2026-06-13T11:46:00,PCI_7,3,1030872445.0,65487553.0,1119,19,951,16,12,11,69.0,54.0,15.94,23.71
2026-06-13T11:46:00,PCI_8,4,907974267.0,56596724.0,1058,16,809,3,13,8,65.0,58.0,24.46,23.21
2026-06-13T11:46:00,PCI_9,3,51844294.0,30277674.0,1042,11,694,9,12,11,74.0,58.0,11.88,21.79
2026-06-13T11:46:00,PCI_10,4,64397718.0,38527559.0,1054,14,679,24,12,11,70.0,54.0,9.99,18.98
2026-06-13T11:46:00,PCI_11,4,65368501.0,34257216.0,1049,16,844,10,11,11,73.0,59.0,20.38,15.98
2026-06-13T11:46:00,PCI_12,3,63593436.0,29874310.0,971,7,791,16,12,14,73.0,54.0,16.94,25.96
2026-06-13T11:46:00,PCI_13,3,62971359.0,33163978.0,934,26,817,12,9,14,72.0,55.0,13.24,18.8
2026-06-13T11:46:00,PCI_14,3,70456087.0,34622317.0,972,23,713,23,10,13,71.0,61.0,22.45,8.31
2026-06-13T11:46:00,PCI_15,3,72979299.0,32431264.0,974,18,846,19,13,12,67.0,52.0,8.1,11.97
2026-06-13T11:46:00,PCI_16,4,70356843.0,26113049.0,988,7,779,26,9,11,71.0,58.0,7.67,24.47
2026-06-13T11:47:00,PCI_1,4,826213347.0,68039819.0,1043,28,832,12,12,14,68.0,57.0,20.58,21.57
2026-06-13T11:47:00,PCI_2,4,969791142.0,67780905.0,1130,26,839,13,11,14,65.0,64.0,11.51,11.75
2026-06-13T11:47:00,PCI_3,4,877832891.0,67349353.0,1125,28,950,29,10,11,70.0,61.0,8.62,9.46
2026-06-13T11:47:00,PCI_4,4,977247919.0,60370970.0,1153,39,804,6,12,9,66.0,61.0,12.67,25.91
2026-06-13T11:47:00,PCI_5,3,931637663.0,72349726.0,901,25,958,11,8,9,69.0,66.0,16.14,25.01
2026-06-13T11:47:00,PCI_6,3,1059817097.0,62166314.0,1107,12,922,6,8,12,74.0,54.0,9.63,16.93
2026-06-13T11:47:00,PCI_7,4,984397665.0,66461347.0,931,31,733,4,11,14,71.0,52.0,21.24,22.66
2026-06-13T11:47:00,PCI_8,3,1057917032.0,63651449.0,1115,13,771,17,10,10,74.0,59.0,7.3,17.39
2026-06-13T11:47:00,PCI_9,4,68405641.0,31553300.0,1027,26,828,26,11,15,71.0,56.0,12.93,25.3
2026-06-13T11:47:00,PCI_10,3,62634414.0,33376071.0,1011,9,694,25,9,13,72.0,60.0,17.12,12.45
2026-06-13T11:47:00,PCI_11,3,65514596.0,32815281.0,1009,21,726,29,14,9,74.0,59.0,20.77,16.89
2026-06-13T11:47:00,PCI_12,3,70609799.0,32702444.0,995,20,922,13,12,8,69.0,51.0,18.29,10.09
2026-06-13T11:47:00,PCI_13,4,73084208.0,31292257.0,1108,39,920,8,15,10,72.0,57.0,18.08,9.66
2026-06-13T11:47:00,PCI_14,3,59194829.0,32377610.0,1010,26,778,28,10,11,71.0,52.0,19.2,16.91
2026-06-13T11:47:00,PCI_15,3,63546085.0,28540130.0,1113,22,772,9,11,10,70.0,62.0,15.76,18.5
2026-06-13T11:47:00,PCI_16,3,67525192.0,27014557.0,1154,22,795,23,14,10,71.0,60.0,11.33,19.46
2026-06-13T11:48:00,PCI_1,2,933617795.0,63055612.0,897,15,740,24,8,10,70.0,57.0,15.11,18.69
2026-06-13T11:48:00,PCI_2,2,1076679046.0,67745370.0,1124,37,893,26,11,14,71.0,54.0,6.83,11.19
2026-06-13T11:48:00,PCI_3,4,972155653.0,60882720.0,1071,7,718,13,15,10,69.0,56.0,11.12,22.43
2026-06-13T11:48:00,PCI_4,3,969955498.0,61525984.0,1023,28,712,20,15,9,76.0,49.0,18.86,11.72
2026-06-13T11:48:00,PCI_5,2,1068256109.0,66615884.0,1046,6,685,26,12,10,61.0,67.0,9.0,20.59
2026-06-13T11:48:00,PCI_6,2,915904365.0,63653580.0,1033,33,978,18,8,13,64.0,68.0,12.7,11.32
2026-06-13T11:48:00,PCI_7,4,995955144.0,70360676.0,884,19,718,22,10,13,72.0,52.0,8.3,27.4
2026-06-13T11:48:00,PCI_8,3,1002169768.0,71074913.0,1106,25,825,26,14,11,74.0,53.0,17.44,9.54
2026-06-13T11:48:00,PCI_9,3,68221055.0,30225157.0,1032,36,734,27,9,8,71.0,58.0,19.93,21.29
2026-06-13T11:48:00,PCI_10,3,53773700.0,39748945.0,932,18,860,7,9,11,71.0,51.0,12.91,23.62
2026-06-13T11:48:00,PCI_11,4,72283798.0,31020674.0,924,13,861,6,15,13,76.0,57.0,17.84,10.27
2026-06-13T11:48:00,PCI_12,4,60816924.0,28279700.0,1030,16,734,5,15,14,76.0,64.0,16.89,25.58
2026-06-13T11:48:00,PCI_13,4,59709255.0,35687084.0,1138,22,872,6,13,14,72.0,56.0,12.61,24.12
2026-06-13T11:48:00,PCI_14,3,61095767.0,29995966.0,921,32,846,11,12,14,70.0,58.0,5.54,17.5
2026-06-13T11:48:00,PCI_15,3,66047330.0,33473591.0,1134,34,913,4,14,10,65.0,53.0,7.25,13.15
2026-06-13T11:48:00,PCI_16,3,59469110.0,31848286.0,1076,36,812,19,11,12,70.0,60.0,8.43,16.66
2026-06-13T11:49:00,PCI_1,4,769634836.0,71821990.0,1009,36,895,18,10,11,68.0,60.0,20.81,17.7
2026-06-13T11:49:00,PCI_2,4,1091701432.0,75563105.0,1088,35,972,19,15,9,73.0,61.0,19.41,17.66
2026-06-13T11:49:00,PCI_3,3,953562379.0,55488626.0,1019,8,730,13,11,12,73.0,56.0,13.83,20.89
2026-06-13T11:49:00,PCI_4,4,943458256.0,67405165.0,1022,16,756,16,12,8,77.0,57.0,16.4,11.44
2026-06-13T11:49:00,PCI_5,4,933868926.0,67296304.0,944,18,691,29,8,15,72.0,62.0,21.04,15.0
2026-06-13T11:49:00,PCI_6,3,974964780.0,68693283.0,966,10,828,23,14,8,65.0,60.0,24.36,10.06
2026-06-13T11:49:00,PCI_7,4,1091801975.0,62202829.0,1061,19,824,3,10,9,65.0,54.0,16.27,15.58
2026-06-13T11:49:00,PCI_8,3,820612209.0,66959596.0,937,10,758,20,8,13,67.0,54.0,18.53,21.73
2026-06-13T11:49:00,PCI_9,4,71933486.0,34258195.0,1129,20,749,8,11,10,69.0,60.0,22.22,16.2
2026-06-13T11:49:00,PCI_10,3,61207648.0,35196846.0,1080,31,861,23,9,8,70.0,58.0,9.01,19.34
2026-06-13T11:49:00,PCI_11,5,65470128.0,27691511.0,1110,34,732,12,9,9,68.0,52.0,21.21,10.45
2026-06-13T11:49:00,PCI_12,4,56040493.0,35569925.0,937,21,780,9,15,14,72.0,57.0,12.17,20.48
2026-06-13T11:49:00,PCI_13,5,70064565.0,30523650.0,1074,11,832,18,10,14,66.0,55.0,7.47,11.85
2026-06-13T11:49:00,PCI_14,3,57286720.0,36767557.0,1073,34,749,5,11,10,71.0,56.0,20.11,21.86
2026-06-13T11:49:00,PCI_15,3,68399786.0,30146218.0,1104,15,970,9,14,15,72.0,57.0,11.89,17.76
2026-06-13T11:49:00,PCI_16,3,68807359.0,34132178.0,1106,9,735,5,13,15,72.0,63.0,24.05,25.19
2026-06-13T11:50:00,PCI_1,4,803911754.0,73947003.0,953,31,933,28,9,8,66.0,56.0,18.82,12.69
2026-06-13T11:50:00,PCI_2,4,852508884.0,67833118.0,961,34,767,24,8,8,72.0,60.0,9.79,18.94
2026-06-13T11:50:00,PCI_3,3,982983426.0,52546701.0,1089,6,733,25,15,8,75.0,58.0,22.83,27.55
2026-06-13T11:50:00,PCI_4,3,937887292.0,59599189.0,897,15,783,18,9,10,70.0,53.0,7.01,12.93
2026-06-13T11:50:00,PCI_5,3,996199026.0,62245551.0,901,34,852,16,8,10,70.0,56.0,21.35,15.74
2026-06-13T11:50:00,PCI_6,3,1053996927.0,76448636.0,940,5,894,17,14,10,71.0,56.0,11.42,16.25
2026-06-13T11:50:00,PCI_7,4,1004630841.0,56785488.0,885,22,739,21,12,10,69.0,57.0,7.39,21.42
2026-06-13T11:50:00,PCI_8,3,964050106.0,67377447.0,1111,35,959,28,8,14,67.0,55.0,11.51,12.31
2026-06-13T11:50:00,PCI_9,4,65112400.0,33002279.0,1145,31,924,11,15,14,73.0,51.0,13.09,11.72
2026-06-13T11:50:00,PCI_10,3,69307096.0,34029567.0,1009,26,811,6,13,12,71.0,58.0,23.31,9.98
2026-06-13T11:50:00,PCI_11,3,55107564.0,32313764.0,1003,39,925,27,15,8,72.0,57.0,18.09,22.26
2026-06-13T11:50:00,PCI_12,4,65747946.0,35060001.0,1105,29,970,18,14,12,68.0,52.0,13.8,23.93
2026-06-13T11:50:00,PCI_13,3,66313532.0,36902726.0,920,30,838,27,14,14,71.0,61.0,22.5,21.26
2026-06-13T11:50:00,PCI_14,2,59814822.0,33187968.0,884,24,905,25,13,8,72.0,62.0,11.11,18.62
2026-06-13T11:50:00,PCI_15,3,62760245.0,37598427.0,1048,9,748,12,11,8,78.0,52.0,23.21,15.83
2026-06-13T11:50:00,PCI_16,3,57901350.0,29074270.0,1115,6,787,3,13,12,67.0,57.0,19.49,16.12
2026-06-13T11:51:00,PCI_1,4,944770450.0,63598807.0,1100,22,800,29,11,15,65.0,55.0,11.01,18.28
2026-06-13T11:51:00,PCI_2,3,853862827.0,70340029.0,1068,5,827,5,11,12,66.0,56.0,15.32,19.81
2026-06-13T11:51:00,PCI_3,4,941184579.0,54637731.0,895,36,845,6,13,15,66.0,55.0,10.22,11.97
2026-06-13T11:51:00,PCI_4,3,1012835740.0,61788897.0,1171,8,955,21,10,8,64.0,54.0,8.81,9.69
2026-06-13T11:51:00,PCI_5,3,1080754924.0,61516440.0,1027,39,899,22,12,13,68.0,62.0,17.32,27.83
2026-06-13T11:51:00,PCI_6,4,906603973.0,59710790.0,1103,35,790,28,8,14,76.0,61.0,24.95,24.57
2026-06-13T11:51:00,PCI_7,3,900447795.0,63983147.0,1069,29,725,9,10,11,70.0,53.0,17.27,10.12
2026-06-13T11:51:00,PCI_8,4,911964534.0,64327957.0,961,5,920,24,11,11,64.0,50.0,9.1,8.27
2026-06-13T11:51:00,PCI_9,3,59028261.0,30108115.0,1029,33,685,21,10,9,74.0,52.0,24.28,12.16
2026-06-13T11:51:00,PCI_10,4,51439134.0,34782616.0,922,26,761,15,8,14,68.0,55.0,6.01,8.99
2026-06-13T11:51:00,PCI_11,3,64816318.0,36559014.0,1052,21,809,13,13,8,66.0,58.0,21.01,23.17
2026-06-13T11:51:00,PCI_12,3,66708676.0,31598982.0,1084,16,757,8,15,11,68.0,61.0,9.92,27.14
2026-06-13T11:51:00,PCI_13,4,67187718.0,31496661.0,1125,23,781,13,15,10,71.0,54.0,12.53,13.57
2026-06-13T11:51:00,PCI_14,3,64497712.0,31351734.0,1047,29,765,6,10,11,78.0,58.0,21.26,10.29
2026-06-13T11:51:00,PCI_15,4,58287808.0,29497599.0,1093,26,729,24,15,12,66.0,62.0,14.76,18.81
2026-06-13T11:51:00,PCI_16,3,60731115.0,32937239.0,889,34,912,24,9,12,76.0,57.0,12.85,14.25
2026-06-13T11:52:00,PCI_1,3,968329554.0,64476948.0,1121,31,788,28,8,12,70.0,53.0,9.84,17.41
2026-06-13T11:52:00,PCI_2,4,1073394958.0,74738661.0,1069,9,953,12,8,12,70.0,56.0,15.61,10.32
2026-06-13T11:52:00,PCI_3,3,939410438.0,61109575.0,986,35,895,21,15,8,71.0,50.0,9.83,26.25
2026-06-13T11:52:00,PCI_4,3,909125417.0,60844842.0,926,7,767,6,13,12,67.0,49.0,17.73,26.94
2026-06-13T11:52:00,PCI_5,3,943526539.0,58793648.0,986,19,732,19,15,10,70.0,52.0,14.62,11.25
2026-06-13T11:52:00,PCI_6,3,944495470.0,65386107.0,949,38,835,28,14,11,66.0,62.0,12.39,18.68
2026-06-13T11:52:00,PCI_7,3,950738644.0,68356129.0,1054,23,749,20,14,10,72.0,59.0,7.86,11.5
2026-06-13T11:52:00,PCI_8,4,876981635.0,56508411.0,912,26,695,27,11,10,70.0,54.0,5.57,9.48
2026-06-13T11:52:00,PCI_9,3,63255648.0,30300878.0,1048,20,949,20,15,15,72.0,53.0,9.87,11.85
2026-06-13T11:52:00,PCI_10,4,69013962.0,30957990.0,1121,27,830,19,10,12,69.0,62.0,18.02,16.43
2026-06-13T11:52:00,PCI_11,4,67834139.0,32119171.0,1016,30,835,25,8,12,75.0,55.0,22.92,8.59
2026-06-13T11:52:00,PCI_12,3,67885203.0,29751153.0,974,10,754,24,10,9,70.0,56.0,18.79,9.18
2026-06-13T11:52:00,PCI_13,3,71589229.0,32352686.0,1031,12,788,9,12,11,66.0,58.0,8.0,24.52
2026-06-13T11:52:00,PCI_14,2,65215116.0,30810504.0,1035,38,965,24,8,13,68.0,60.0,22.67,24.57
2026-06-13T11:52:00,PCI_15,3,76946988.0,28640419.0,1096,36,805,23,15,14,75.0,56.0,24.15,9.07
2026-06-13T11:52:00,PCI_16,3,66492718.0,33055753.0,977,31,913,21,14,9,71.0,52.0,13.21,16.15
2026-06-13T11:53:00,PCI_1,4,955885086.0,59848854.0,1028,25,879,10,14,14,71.0,56.0,7.86,9.07
2026-06-13T11:53:00,PCI_2,4,925246203.0,65956665.0,1054,12,887,18,13,8,70.0,58.0,21.05,9.15
2026-06-13T11:53:00,PCI_3,3,992675877.0,61811519.0,988,12,733,14,11,12,67.0,61.0,10.3,8.68
2026-06-13T11:53:00,PCI_4,3,971076849.0,60580959.0,896,11,753,24,8,9,72.0,53.0,19.97,27.93
2026-06-13T11:53:00,PCI_5,3,963814391.0,60565865.0,1059,34,727,11,8,11,70.0,58.0,21.07,12.35
2026-06-13T11:53:00,PCI_6,3,982284672.0,60866368.0,1071,9,923,21,12,15,73.0,54.0,22.47,21.22
2026-06-13T11:53:00,PCI_7,3,972577030.0,58001548.0,1016,28,776,26,11,15,67.0,49.0,7.55,13.27
2026-06-13T11:53:00,PCI_8,4,974045816.0,65136145.0,1084,11,707,23,10,12,73.0,56.0,8.76,21.18
2026-06-13T11:53:00,PCI_9,3,60763225.0,29139835.0,1083,12,964,9,12,8,67.0,54.0,9.91,10.1
2026-06-13T11:53:00,PCI_10,3,74567011.0,32366578.0,996,17,703,18,14,13,66.0,61.0,18.77,16.91
2026-06-13T11:53:00,PCI_11,4,67704829.0,25685121.0,965,14,735,9,13,10,70.0,57.0,6.16,19.49
2026-06-13T11:53:00,PCI_12,3,69257487.0,33191542.0,914,18,815,27,11,10,72.0,53.0,24.01,15.48
2026-06-13T11:53:00,PCI_13,3,68269877.0,33511683.0,1097,18,927,27,11,11,64.0,58.0,15.64,17.16
2026-06-13T11:53:00,PCI_14,4,63858678.0,31237419.0,1161,14,948,25,9,10,68.0,62.0,21.89,9.89
2026-06-13T11:53:00,PCI_15,3,62354946.0,37151764.0,1170,27,909,7,13,12,68.0,54.0,12.39,9.24
2026-06-13T11:53:00,PCI_16,3,66219735.0,27599504.0,1092,33,971,21,12,10,68.0,64.0,24.95,10.87
2026-06-13T11:54:00,PCI_1,3,845820728.0,58092158.0,985,7,844,14,15,9,72.0,53.0,5.04,19.94
2026-06-13T11:54:00,PCI_2,3,900546372.0,62195250.0,948,25,813,16,8,9,67.0,61.0,11.76,23.2
2026-06-13T11:54:00,PCI_3,4,958280924.0,66199633.0,1015,30,880,17,13,12,71.0,53.0,11.04,19.64
2026-06-13T11:54:00,PCI_4,3,919358752.0,62465515.0,1012,11,838,28,15,9,65.0,59.0,21.87,22.25
2026-06-13T11:54:00,PCI_5,3,900036781.0,68537390.0,902,16,733,15,9,8,67.0,55.0,15.63,18.88
2026-06-13T11:54:00,PCI_6,4,959145721.0,65056413.0,1019,18,721,13,8,9,73.0,51.0,20.85,24.15
2026-06-13T11:54:00,PCI_7,3,942597239.0,64548239.0,1080,22,870,4,13,8,69.0,54.0,10.92,24.29
2026-06-13T11:54:00,PCI_8,3,1055391102.0,60346725.0,899,20,738,28,14,12,74.0,57.0,7.07,26.83
2026-06-13T11:54:00,PCI_9,4,69008476.0,29572115.0,935,18,771,10,10,11,75.0,55.0,22.86,12.79
2026-06-13T11:54:00,PCI_10,3,68821936.0,27192492.0,1061,22,962,24,8,11,77.0,57.0,16.68,22.02
2026-06-13T11:54:00,PCI_11,3,66965866.0,35001492.0,900,10,761,18,12,15,64.0,57.0,21.52,23.58
2026-06-13T11:54:00,PCI_12,3,58402264.0,33673680.0,1044,26,723,15,11,14,70.0,50.0,15.9,16.32
2026-06-13T11:54:00,PCI_13,3,69795744.0,31828543.0,900,34,940,25,13,15,79.0,57.0,5.36,11.1
2026-06-13T11:54:00,PCI_14,3,56202782.0,33946942.0,1105,6,760,3,10,14,63.0,56.0,20.62,8.21
2026-06-13T11:54:00,PCI_15,3,61264607.0,33273015.0,1015,25,766,15,13,13,69.0,63.0,12.76,23.34
2026-06-13T11:54:00,PCI_16,3,67400552.0,30508773.0,943,23,935,11,15,13,68.0,57.0,7.96,9.47
2026-06-13T11:55:00,PCI_1,3,952405354.0,62247100.0,1118,22,735,15,14,8,69.0,53.0,7.91,9.97
2026-06-13T11:55:00,PCI_2,3,785968752.0,61695402.0,1160,14,828,7,11,11,72.0,57.0,24.58,10.67
2026-06-13T11:55:00,PCI_3,3,1028884210.0,66560037.0,911,22,865,7,9,15,72.0,55.0,14.46,18.56
2026-06-13T11:55:00,PCI_4,2,1022071263.0,61904743.0,1082,27,691,11,10,14,73.0,59.0,12.52,17.0
2026-06-13T11:55:00,PCI_5,5,964738743.0,69312242.0,1049,31,905,7,13,12,71.0,54.0,19.91,24.01
2026-06-13T11:55:00,PCI_6,3,1065428280.0,59408201.0,987,19,747,4,11,15,64.0,57.0,6.7,17.93
2026-06-13T11:55:00,PCI_7,4,993894044.0,66434959.0,1105,9,983,10,14,10,67.0,53.0,9.95,15.36
2026-06-13T11:55:00,PCI_8,3,949192983.0,65314816.0,933,18,755,9,13,14,71.0,59.0,15.83,10.53
2026-06-13T11:55:00,PCI_9,3,65258515.0,34671848.0,962,11,822,7,12,14,72.0,56.0,18.79,18.01
2026-06-13T11:55:00,PCI_10,3,54663357.0,37933875.0,1108,6,782,10,8,15,69.0,51.0,11.22,23.04
2026-06-13T11:55:00,PCI_11,5,66142620.0,33092026.0,1013,25,870,5,14,15,70.0,54.0,20.34,25.31
2026-06-13T11:55:00,PCI_12,3,64465924.0,28385364.0,1077,34,884,7,12,8,77.0,66.0,9.23,11.48
2026-06-13T11:55:00,PCI_13,3,58700137.0,32628288.0,1021,7,812,15,12,14,69.0,52.0,11.56,9.13
2026-06-13T11:55:00,PCI_14,3,62074819.0,33422944.0,1027,6,842,5,9,13,70.0,55.0,9.63,11.93
2026-06-13T11:55:00,PCI_15,4,61126140.0,34162762.0,906,22,799,22,9,10,68.0,55.0,19.12,17.41
2026-06-13T11:55:00,PCI_16,3,57870673.0,33575501.0,1018,32,703,19,11,14,64.0,52.0,24.07,25.33
2026-06-13T11:56:00,PCI_1,3,987037638.0,62743427.0,1023,6,681,26,9,11,71.0,59.0,15.94,18.27
2026-06-13T11:56:00,PCI_2,3,886185468.0,57155657.0,1050,37,849,3,11,13,73.0,60.0,12.67,13.33
2026-06-13T11:56:00,PCI_3,3,939228231.0,60250569.0,1032,19,764,18,12,10,70.0,55.0,13.06,11.22
2026-06-13T11:56:00,PCI_4,4,984734459.0,60391490.0,1151,28,947,28,11,11,73.0,48.0,19.29,25.33
2026-06-13T11:56:00,PCI_5,4,1073506440.0,62431595.0,1029,29,880,6,14,14,68.0,57.0,23.1,21.72
2026-06-13T11:56:00,PCI_6,4,930670735.0,65210690.0,922,7,837,17,14,8,67.0,47.0,10.84,24.64
2026-06-13T11:56:00,PCI_7,4,1041527212.0,61049498.0,1117,36,727,11,9,13,70.0,59.0,10.81,9.23
2026-06-13T11:56:00,PCI_8,3,901287464.0,64139230.0,1045,24,857,15,11,12,72.0,51.0,18.31,24.11
2026-06-13T11:56:00,PCI_9,3,61905064.0,32148770.0,1126,21,932,18,14,12,65.0,61.0,22.12,11.59
2026-06-13T11:56:00,PCI_10,2,71528472.0,32628203.0,1108,15,879,29,10,14,68.0,50.0,18.38,13.75
2026-06-13T11:56:00,PCI_11,4,68222224.0,32760986.0,1076,8,895,7,8,11,67.0,50.0,20.98,25.72
2026-06-13T11:56:00,PCI_12,3,54930911.0,30363877.0,890,39,967,15,13,14,69.0,52.0,5.92,11.34
2026-06-13T11:56:00,PCI_13,3,63829959.0,30780874.0,1098,22,761,4,11,8,68.0,57.0,5.57,27.71
2026-06-13T11:56:00,PCI_14,3,64548003.0,30814880.0,1162,27,927,11,14,15,71.0,56.0,18.42,19.77
2026-06-13T11:56:00,PCI_15,4,61753680.0,26040915.0,1119,25,788,25,13,10,70.0,54.0,9.62,15.37
2026-06-13T11:56:00,PCI_16,3,64684842.0,33788537.0,1075,16,934,21,10,14,67.0,55.0,21.1,9.75
2026-06-13T11:57:00,PCI_1,4,871467498.0,62862478.0,991,25,713,4,13,9,71.0,56.0,8.99,26.12
2026-06-13T11:57:00,PCI_2,3,923771378.0,66084568.0,1002,35,856,3,8,9,66.0,56.0,20.1,24.6
2026-06-13T11:57:00,PCI_3,4,1039211889.0,62481973.0,996,5,712,6,11,14,71.0,52.0,21.27,25.53
2026-06-13T11:57:00,PCI_4,3,866707826.0,52695811.0,1009,10,823,21,12,15,66.0,49.0,22.35,11.07
2026-06-13T11:57:00,PCI_5,4,964010617.0,68078089.0,876,30,881,16,14,11,74.0,58.0,21.82,22.32
2026-06-13T11:57:00,PCI_6,3,944804714.0,57633521.0,944,34,694,15,8,11,65.0,50.0,20.45,27.87
2026-06-13T11:57:00,PCI_7,3,987626190.0,72862183.0,1080,7,871,17,8,14,72.0,50.0,9.72,21.08
2026-06-13T11:57:00,PCI_8,3,996167034.0,65536678.0,936,35,756,12,13,12,72.0,54.0,22.55,22.44
2026-06-13T11:57:00,PCI_9,3,51928005.0,33085905.0,1086,15,746,16,15,8,70.0,57.0,19.49,20.0
2026-06-13T11:57:00,PCI_10,4,59890827.0,33071804.0,1157,8,916,22,15,15,73.0,59.0,23.95,25.54
2026-06-13T11:57:00,PCI_11,4,63162657.0,28946717.0,903,15,732,8,14,10,68.0,54.0,7.69,21.24
2026-06-13T11:57:00,PCI_12,4,65149130.0,34949384.0,1001,26,844,20,9,11,66.0,56.0,8.43,14.8
2026-06-13T11:57:00,PCI_13,3,63627086.0,34935381.0,950,21,750,17,9,13,69.0,63.0,16.34,14.81
2026-06-13T11:57:00,PCI_14,4,65822805.0,31581065.0,1109,17,774,16,14,12,75.0,59.0,14.8,16.8
2026-06-13T11:57:00,PCI_15,3,67466468.0,32812569.0,1134,29,884,7,14,9,64.0,60.0,21.13,11.61
2026-06-13T11:57:00,PCI_16,3,70718302.0,31451372.0,1000,17,773,15,10,14,79.0,62.0,12.82,16.24
2026-06-13T11:58:00,PCI_1,2,871383957.0,58435124.0,1069,38,885,24,8,8,75.0,51.0,17.38,24.7
2026-06-13T11:58:00,PCI_2,3,989020151.0,65258240.0,1046,39,829,5,15,12,68.0,57.0,11.51,15.66
2026-06-13T11:58:00,PCI_3,4,952024746.0,70633930.0,938,39,817,18,12,9,68.0,56.0,13.23,20.34
2026-06-13T11:58:00,PCI_4,3,879612587.0,55184506.0,984,12,939,7,10,9,63.0,57.0,6.99,25.33
2026-06-13T11:58:00,PCI_5,3,985890602.0,66447343.0,1055,6,946,26,14,15,72.0,58.0,5.6,16.25
2026-06-13T11:58:00,PCI_6,3,1073605091.0,63470929.0,960,13,938,13,13,14,69.0,53.0,14.64,16.17
2026-06-13T11:58:00,PCI_7,2,890371800.0,57635165.0,1150,24,954,21,11,8,72.0,57.0,13.46,17.24
2026-06-13T11:58:00,PCI_8,4,936742315.0,58677063.0,1127,5,722,18,15,9,68.0,63.0,13.24,9.02
2026-06-13T11:58:00,PCI_9,4,55486170.0,31764832.0,874,31,731,24,13,13,75.0,57.0,7.55,9.62
2026-06-13T11:58:00,PCI_10,3,60633496.0,26616148.0,955,12,694,19,8,12,70.0,56.0,15.64,11.24
2026-06-13T11:58:00,PCI_11,3,69194228.0,31780075.0,957,33,733,17,8,8,69.0,60.0,21.08,23.42
2026-06-13T11:58:00,PCI_12,3,58281656.0,31142634.0,1117,31,848,12,9,10,68.0,45.0,13.59,14.25
2026-06-13T11:58:00,PCI_13,3,61426410.0,28576632.0,927,20,926,15,10,12,63.0,61.0,18.43,16.75
2026-06-13T11:58:00,PCI_14,5,58435800.0,26200527.0,892,21,825,24,15,11,73.0,49.0,15.09,13.76
2026-06-13T11:58:00,PCI_15,3,64472159.0,35492835.0,988,33,863,9,9,15,69.0,58.0,10.46,14.22
2026-06-13T11:58:00,PCI_16,3,61872029.0,32403891.0,1188,7,943,13,10,15,70.0,62.0,14.79,10.99
2026-06-13T11:59:00,PCI_1,3,969818656.0,57125113.0,861,39,883,5,13,9,69.0,61.0,9.82,25.54
2026-06-13T11:59:00,PCI_2,3,821982393.0,62838147.0,983,29,920,27,15,10,67.0,59.0,13.14,13.85
2026-06-13T11:59:00,PCI_3,3,995036233.0,63505256.0,933,31,841,17,11,13,77.0,51.0,6.06,9.81
2026-06-13T11:59:00,PCI_4,3,895865971.0,61059219.0,936,18,922,27,11,8,63.0,58.0,5.73,27.9
2026-06-13T11:59:00,PCI_5,3,893992032.0,63637922.0,986,32,930,5,14,13,66.0,49.0,16.94,22.8
2026-06-13T11:59:00,PCI_6,4,868795644.0,64644100.0,1133,26,874,22,12,15,69.0,55.0,10.97,10.32
2026-06-13T11:59:00,PCI_7,3,975206285.0,50282073.0,1123,14,929,25,14,15,68.0,55.0,13.86,8.21
2026-06-13T11:59:00,PCI_8,3,894020340.0,63940056.0,925,35,884,24,10,13,73.0,61.0,12.77,13.65
2026-06-13T11:59:00,PCI_9,4,65504493.0,29557210.0,1170,14,964,10,9,14,73.0,52.0,24.48,24.11
2026-06-13T11:59:00,PCI_10,3,66884008.0,32725207.0,1071,8,914,26,15,14,71.0,52.0,10.05,9.6
2026-06-13T11:59:00,PCI_11,3,56997844.0,33222201.0,1069,35,784,28,14,11,75.0,56.0,13.28,24.89
2026-06-13T11:59:00,PCI_12,2,72221707.0,29797697.0,1106,39,837,4,8,11,71.0,59.0,11.94,10.12
2026-06-13T11:59:00,PCI_13,2,58778764.0,30699282.0,910,36,771,8,11,11,71.0,55.0,16.13,22.24
2026-06-13T11:59:00,PCI_14,3,60114963.0,29033414.0,995,26,863,21,12,11,67.0,50.0,13.5,15.53
2026-06-13T11:59:00,PCI_15,4,66576998.0,31816173.0,1029,16,978,20,9,9,66.0,56.0,14.93,17.15
2026-06-13T11:59:00,PCI_16,4,56673926.0,28156068.0,1057,11,694,18,9,10,66.0,58.0,5.99,13.9
2026-06-13T12:00:00,PCI_1,4,890888099.0,56473807.0,1019,19,963,19,11,15,71.0,56.0,9.34,24.4
2026-06-13T12:00:00,PCI_2,2,1043531063.0,63508728.0,951,10,895,27,11,11,64.0,62.0,16.5,13.27
2026-06-13T12:00:00,PCI_3,4,983356714.0,70033737.0,1167,13,974,24,10,12,63.0,59.0,5.58,18.89
2026-06-13T12:00:00,PCI_4,2,971253154.0,49433301.0,1087,6,900,12,15,9,72.0,63.0,5.66,22.06
2026-06-13T12:00:00,PCI_5,3,965955244.0,62408830.0,1043,26,912,28,10,10,74.0,60.0,10.24,22.64
2026-06-13T12:00:00,PCI_6,3,812783922.0,66619035.0,954,31,882,26,8,10,66.0,59.0,24.06,19.89
2026-06-13T12:00:00,PCI_7,4,837127088.0,63666614.0,951,38,859,23,8,10,73.0,51.0,9.17,24.12
2026-06-13T12:00:00,PCI_8,3,914577166.0,53896504.0,1067,19,884,10,9,12,69.0,53.0,10.24,21.48
2026-06-13T12:00:00,PCI_9,3,63616765.0,30702174.0,907,35,820,28,13,12,65.0,52.0,20.21,8.64
2026-06-13T12:00:00,PCI_10,3,65679441.0,30746698.0,865,35,866,5,8,13,73.0,54.0,23.72,20.09
2026-06-13T12:00:00,PCI_11,3,58062206.0,30031712.0,1178,6,760,3,8,11,70.0,55.0,14.35,21.97
2026-06-13T12:00:00,PCI_12,3,1910673.0,618575.0,900,80,702,94,6,7,1.0,3.0,-5.7,-4.07
2026-06-13T12:00:00,PCI_13,3,69752292.0,29087801.0,882,25,845,25,11,14,64.0,52.0,10.77,22.85
2026-06-13T12:00:00,PCI_14,3,62526675.0,30771341.0,1170,7,994,4,9,12,66.0,55.0,17.37,20.24
2026-06-13T12:00:00,PCI_15,3,71559300.0,34587036.0,1156,33,907,7,14,12,68.0,46.0,11.06,13.52
2026-06-13T12:00:00,PCI_16,3,63646254.0,33315250.0,1138,38,792,9,9,8,71.0,54.0,17.68,13.26
2026-06-13T12:01:00,PCI_1,3,915218890.0,65007220.0,1002,12,766,22,14,12,64.0,57.0,20.73,8.34
2026-06-13T12:01:00,PCI_2,3,953564701.0,61067735.0,1128,27,970,23,9,15,66.0,55.0,7.56,25.79
2026-06-13T12:01:00,PCI_3,4,894067242.0,63217429.0,975,6,813,4,8,8,66.0,56.0,10.89,9.71
2026-06-13T12:01:00,PCI_4,3,1021303571.0,61497044.0,956,9,805,6,13,15,70.0,57.0,23.98,8.82
2026-06-13T12:01:00,PCI_5,3,907180815.0,67702466.0,866,34,792,17,13,15,63.0,59.0,13.68,8.08
2026-06-13T12:01:00,PCI_6,2,877014714.0,69717157.0,886,14,954,21,13,11,68.0,64.0,22.15,24.44
2026-06-13T12:01:00,PCI_7,4,954098910.0,61177892.0,1182,12,952,8,8,15,66.0,52.0,23.65,14.12
2026-06-13T12:01:00,PCI_8,3,864688992.0,62870301.0,962,39,825,26,13,12,69.0,55.0,16.76,18.07
2026-06-13T12:01:00,PCI_9,4,64193898.0,30594513.0,1147,31,984,9,13,10,67.0,55.0,17.86,18.26
2026-06-13T12:01:00,PCI_10,2,60488136.0,29387658.0,1058,23,755,11,13,14,65.0,54.0,21.4,20.67
2026-06-13T12:01:00,PCI_11,3,61932677.0,30357710.0,1162,17,948,22,14,15,67.0,64.0,23.89,14.26
2026-06-13T12:01:00,PCI_12,3,1455772.0,893522.0,1015,163,765,73,3,6,4.0,1.0,-6.51,-4.9
2026-06-13T12:01:00,PCI_13,3,58972918.0,31820724.0,953,14,887,17,11,12,74.0,54.0,14.33,24.59
2026-06-13T12:01:00,PCI_14,3,56366782.0,28505079.0,1128,32,780,28,11,10,61.0,58.0,23.42,20.54
2026-06-13T12:01:00,PCI_15,4,68920722.0,31328418.0,1136,16,968,4,13,13,69.0,59.0,14.62,24.02
2026-06-13T12:01:00,PCI_16,3,58835271.0,29503027.0,967,16,708,10,11,10,66.0,51.0,9.51,11.65
2026-06-13T12:02:00,PCI_1,2,978648501.0,69036261.0,961,37,785,29,8,9,67.0,51.0,22.18,27.58
2026-06-13T12:02:00,PCI_2,4,946619863.0,62302939.0,930,22,744,23,12,13,68.0,54.0,6.05,12.51
2026-06-13T12:02:00,PCI_3,4,1119119817.0,67925740.0,1086,25,922,15,12,11,69.0,45.0,10.16,8.88
2026-06-13T12:02:00,PCI_4,3,929328938.0,60730436.0,1009,28,883,26,13,15,68.0,57.0,24.68,26.33
2026-06-13T12:02:00,PCI_5,3,807241813.0,56681844.0,1159,5,745,17,14,9,71.0,47.0,14.8,22.65
2026-06-13T12:02:00,PCI_6,3,1052754781.0,56335755.0,1044,28,850,22,9,10,55.0,56.0,19.16,11.89
2026-06-13T12:02:00,PCI_7,2,998655867.0,57769270.0,908,31,814,4,15,13,66.0,52.0,19.39,22.82
2026-06-13T12:02:00,PCI_8,3,948776198.0,55845570.0,1162,10,781,23,9,15,73.0,56.0,9.8,24.52
2026-06-13T12:02:00,PCI_9,4,60450869.0,31248804.0,956,22,779,19,14,8,70.0,55.0,14.4,27.13
2026-06-13T12:02:00,PCI_10,3,62482879.0,32634621.0,862,39,938,20,15,11,66.0,47.0,21.17,13.57
2026-06-13T12:02:00,PCI_11,4,62129702.0,30754864.0,993,16,697,3,15,13,61.0,51.0,10.38,27.26
2026-06-13T12:02:00,PCI_12,3,834612.0,174643.0,1062,80,725,77,6,4,2.0,4.0,-6.16,-4.44
2026-06-13T12:02:00,PCI_13,3,63922716.0,28130610.0,1133,11,833,22,10,9,71.0,61.0,15.22,26.08
2026-06-13T12:02:00,PCI_14,2,57246477.0,31074848.0,1044,26,960,16,13,13,68.0,59.0,14.37,14.4
2026-06-13T12:02:00,PCI_15,3,55044284.0,32288542.0,979,38,953,13,8,9,72.0,50.0,16.28,14.89
2026-06-13T12:02:00,PCI_16,3,58092204.0,28117740.0,1138,23,879,15,13,14,61.0,56.0,14.75,11.79
2026-06-13T12:03:00,PCI_1,3,795123556.0,69208389.0,984,36,932,28,14,10,69.0,50.0,19.34,22.04
2026-06-13T12:03:00,PCI_2,3,807616604.0,58575792.0,1001,39,798,23,13,9,67.0,63.0,17.18,10.22
2026-06-13T12:03:00,PCI_3,3,902904639.0,63721953.0,1151,29,911,18,14,11,63.0,49.0,13.03,10.55
2026-06-13T12:03:00,PCI_4,3,918300664.0,60261397.0,1062,20,744,12,15,9,64.0,57.0,21.29,27.41
2026-06-13T12:03:00,PCI_5,3,938679510.0,57365529.0,891,22,973,26,15,13,74.0,58.0,10.34,8.95
2026-06-13T12:03:00,PCI_6,4,972112541.0,64087336.0,981,34,691,20,10,10,69.0,55.0,12.31,27.87
2026-06-13T12:03:00,PCI_7,2,1069821472.0,55322511.0,924,29,763,20,8,9,67.0,61.0,13.0,26.99
2026-06-13T12:03:00,PCI_8,4,944658724.0,58530308.0,1089,5,689,23,15,10,64.0,61.0,15.66,18.94
2026-06-13T12:03:00,PCI_9,4,62047025.0,31122478.0,1093,20,792,18,9,10,65.0,54.0,15.77,26.84
2026-06-13T12:03:00,PCI_10,4,53712967.0,27102620.0,1043,21,933,6,11,11,68.0,51.0,5.15,23.97
2026-06-13T12:03:00,PCI_11,3,49929084.0,30413489.0,1028,16,811,3,12,10,73.0,50.0,8.03,21.58
2026-06-13T12:03:00,PCI_12,4,1263461.0,510860.0,877,101,789,164,4,3,4.0,3.0,-3.96,-2.3
2026-06-13T12:03:00,PCI_13,3,63621703.0,32180356.0,1081,32,849,16,13,9,69.0,58.0,17.38,14.9
2026-06-13T12:03:00,PCI_14,3,67884014.0,35138770.0,994,32,969,5,12,13,66.0,53.0,17.68,20.56
2026-06-13T12:03:00,PCI_15,3,62723882.0,32087536.0,1067,6,739,19,11,15,68.0,62.0,7.47,20.48
2026-06-13T12:03:00,PCI_16,4,59090718.0,31453650.0,1025,12,945,26,10,15,67.0,60.0,8.33,14.51
2026-06-13T12:04:00,PCI_1,4,995164202.0,54956107.0,952,35,776,6,8,9,70.0,59.0,10.17,27.18
2026-06-13T12:04:00,PCI_2,3,1051496695.0,71733587.0,917,25,787,18,14,9,70.0,53.0,9.73,16.63
2026-06-13T12:04:00,PCI_3,4,862818969.0,61724806.0,976,26,717,3,8,9,61.0,49.0,13.62,27.35
2026-06-13T12:04:00,PCI_4,3,925955854.0,69645346.0,977,33,939,21,10,9,72.0,55.0,9.35,16.02
2026-06-13T12:04:00,PCI_5,3,908246920.0,53669445.0,1006,8,778,26,15,12,67.0,55.0,17.47,22.47
2026-06-13T12:04:00,PCI_6,3,954139054.0,62544169.0,942,16,743,27,12,12,78.0,45.0,18.66,12.55
2026-06-13T12:04:00,PCI_7,3,885213210.0,67452742.0,894,32,818,9,12,8,67.0,52.0,17.31,16.48
2026-06-13T12:04:00,PCI_8,3,936325477.0,64641144.0,1176,8,868,28,9,9,71.0,55.0,16.93,21.84
2026-06-13T12:04:00,PCI_9,3,69802327.0,30449049.0,873,32,904,7,11,9,67.0,59.0,14.96,20.42
2026-06-13T12:04:00,PCI_10,3,67093243.0,30190076.0,1044,37,968,29,11,11,72.0,57.0,16.66,14.33
2026-06-13T12:04:00,PCI_11,3,55996518.0,28731527.0,879,33,693,9,8,15,65.0,54.0,21.38,8.07
2026-06-13T12:04:00,PCI_12,3,1549191.0,490772.0,970,152,582,155,5,5,2.0,2.0,-7.79,-2.89
2026-06-13T12:04:00,PCI_13,3,65562862.0,30119823.0,957,8,922,7,9,8,61.0,55.0,20.67,20.49
2026-06-13T12:04:00,PCI_14,4,55351914.0,31016931.0,1150,7,902,27,14,13,73.0,58.0,18.05,12.93
2026-06-13T12:04:00,PCI_15,3,58324868.0,33802628.0,949,6,915,24,9,10,65.0,56.0,14.59,9.5
2026-06-13T12:04:00,PCI_16,3,67739903.0,27464874.0,1138,31,737,13,11,8,66.0,54.0,10.59,16.83
2026-06-13T12:05:00,PCI_1,4,911873727.0,57259842.0,1124,12,847,15,14,9,68.0,61.0,21.9,24.31
2026-06-13T12:05:00,PCI_2,4,850994167.0,63424120.0,921,16,698,27,11,13,63.0,55.0,9.02,20.38
2026-06-13T12:05:00,PCI_3,3,916503391.0,55204273.0,997,28,849,29,13,14,71.0,52.0,8.03,14.61
2026-06-13T12:05:00,PCI_4,3,899394234.0,58254773.0,1085,6,955,6,15,15,64.0,51.0,8.72,13.93
2026-06-13T12:05:00,PCI_5,3,792259766.0,65426237.0,974,34,852,5,15,15,67.0,65.0,5.44,20.17
2026-06-13T12:05:00,PCI_6,4,1012645325.0,69251192.0,1062,37,951,13,8,14,65.0,55.0,19.95,21.82
2026-06-13T12:05:00,PCI_7,3,936247241.0,66757515.0,1090,15,702,7,10,14,69.0,46.0,22.86,14.25
2026-06-13T12:05:00,PCI_8,4,963252177.0,56490305.0,1104,6,783,16,15,14,74.0,49.0,6.83,20.59
2026-06-13T12:05:00,PCI_9,3,66054805.0,31622278.0,1006,38,839,18,10,12,67.0,60.0,9.39,19.84
2026-06-13T12:05:00,PCI_10,3,57007583.0,31508227.0,1166,7,906,13,14,15,69.0,51.0,13.21,20.26
2026-06-13T12:05:00,PCI_11,4,59274910.0,29803913.0,958,9,685,21,12,15,72.0,59.0,18.78,13.66
2026-06-13T12:05:00,PCI_12,3,777226.0,515657.0,846,133,707,140,7,7,4.0,0.0,-3.94,-0.9
2026-06-13T12:05:00,PCI_13,2,64121209.0,33309856.0,919,7,789,8,9,15,72.0,50.0,21.56,26.21
2026-06-13T12:05:00,PCI_14,4,65686494.0,27483526.0,1091,25,865,26,11,8,64.0,50.0,8.97,14.42
2026-06-13T12:05:00,PCI_15,3,64153510.0,30908825.0,910,18,942,27,11,13,66.0,53.0,19.32,12.41
2026-06-13T12:05:00,PCI_16,3,63648841.0,29311182.0,931,33,811,25,13,14,74.0,51.0,6.23,13.72
2026-06-13T12:06:00,PCI_1,4,784834364.0,51589658.0,1014,28,779,20,15,13,67.0,51.0,15.11,25.37
2026-06-13T12:06:00,PCI_2,3,886704201.0,54577042.0,956,12,779,10,15,9,61.0,58.0,11.83,9.61
2026-06-13T12:06:00,PCI_3,4,858626805.0,59823138.0,1075,7,862,10,11,13,64.0,50.0,19.32,15.85
2026-06-13T12:06:00,PCI_4,4,911265635.0,57975700.0,924,8,938,25,15,15,61.0,53.0,20.07,27.16
2026-06-13T12:06:00,PCI_5,4,1061547398.0,55122554.0,971,9,858,28,11,11,67.0,52.0,9.52,17.77
2026-06-13T12:06:00,PCI_6,3,1042462229.0,54320124.0,887,21,841,13,11,12,68.0,42.0,13.06,12.78
2026-06-13T12:06:00,PCI_7,3,763916351.0,51444337.0,887,16,962,19,12,9,68.0,47.0,11.55,16.69
2026-06-13T12:06:00,PCI_8,3,911598171.0,65615275.0,1159,16,805,24,8,14,69.0,48.0,8.59,18.61
2026-06-13T12:06:00,PCI_9,2,66456932.0,24453278.0,1018,31,887,26,14,14,71.0,48.0,11.81,11.09
2026-06-13T12:06:00,PCI_10,3,52786695.0,29571910.0,1088,32,940,5,10,12,68.0,61.0,11.93,10.86
2026-06-13T12:06:00,PCI_11,4,63330342.0,28853974.0,920,22,808,23,11,9,64.0,55.0,8.71,17.52
2026-06-13T12:06:00,PCI_12,4,852816.0,383924.0,788,164,827,152,5,6,4.0,3.0,-2.77,-2.46
2026-06-13T12:06:00,PCI_13,3,60985412.0,32454683.0,1062,30,850,22,10,11,70.0,51.0,20.85,9.77
2026-06-13T12:06:00,PCI_14,3,55076943.0,32551281.0,1063,15,797,11,11,14,72.0,53.0,13.04,20.2
2026-06-13T12:06:00,PCI_15,3,59901218.0,33451973.0,1110,10,891,11,9,10,66.0,54.0,20.2,11.79
2026-06-13T12:06:00,PCI_16,4,58624049.0,29485140.0,1046,19,740,7,9,15,73.0,56.0,15.74,27.75
2026-06-13T12:07:00,PCI_1,3,945216618.0,54337068.0,1016,13,976,22,10,10,68.0,58.0,23.51,20.68
2026-06-13T12:07:00,PCI_2,3,1002938144.0,64954396.0,995,30,782,10,13,11,64.0,53.0,8.38,26.18
2026-06-13T12:07:00,PCI_3,4,980337858.0,53140609.0,968,11,813,26,14,8,61.0,65.0,24.57,9.91
2026-06-13T12:07:00,PCI_4,3,976476915.0,62510187.0,959,5,743,20,8,14,65.0,63.0,19.21,17.79
2026-06-13T12:07:00,PCI_5,3,885683889.0,52620257.0,977,23,791,16,8,9,68.0,52.0,9.88,24.5
2026-06-13T12:07:00,PCI_6,2,945985510.0,60807915.0,1022,6,938,22,8,8,68.0,57.0,10.44,27.54
2026-06-13T12:07:00,PCI_7,3,807407077.0,63120514.0,1146,27,710,11,12,13,68.0,51.0,12.26,14.55
2026-06-13T12:07:00,PCI_8,4,951825905.0,58945377.0,1128,27,722,25,8,15,65.0,50.0,23.32,12.85
2026-06-13T12:07:00,PCI_9,3,57178093.0,32370481.0,989,28,913,16,15,13,65.0,60.0,14.53,24.89
2026-06-13T12:07:00,PCI_10,4,58773376.0,28412971.0,1081,31,854,25,9,10,69.0,52.0,11.78,24.84
2026-06-13T12:07:00,PCI_11,3,62853007.0,28113562.0,1019,5,695,24,9,11,65.0,51.0,7.4,26.82
2026-06-13T12:07:00,PCI_12,4,1837587.0,625562.0,991,188,700,76,4,4,3.0,4.0,-3.13,-1.01
2026-06-13T12:07:00,PCI_13,3,69554765.0,26095080.0,1040,29,993,4,15,11,67.0,55.0,15.32,24.99
2026-06-13T12:07:00,PCI_14,2,62353888.0,28001014.0,1171,7,899,10,9,12,65.0,53.0,20.47,25.91
2026-06-13T12:07:00,PCI_15,3,61156961.0,31091108.0,1171,17,879,19,11,13,74.0,46.0,5.94,27.88
2026-06-13T12:07:00,PCI_16,3,57203855.0,28241914.0,1184,13,703,23,9,13,66.0,49.0,23.11,24.66
2026-06-13T12:08:00,PCI_1,2,999486946.0,56731998.0,1035,10,698,8,12,13,68.0,57.0,9.26,25.28
2026-06-13T12:08:00,PCI_2,3,895823908.0,60105174.0,1032,24,968,16,13,10,63.0,51.0,11.81,24.96
2026-06-13T12:08:00,PCI_3,3,954877256.0,66466310.0,886,18,883,8,10,14,67.0,50.0,23.2,10.83
2026-06-13T12:08:00,PCI_4,3,896409516.0,59534946.0,1095,22,805,13,13,11,70.0,48.0,21.13,13.28
2026-06-13T12:08:00,PCI_5,4,904201178.0,59664535.0,911,22,925,26,9,9,71.0,44.0,8.06,23.0
2026-06-13T12:08:00,PCI_6,3,921267808.0,55260340.0,876,32,964,19,9,12,71.0,50.0,14.9,12.23
2026-06-13T12:08:00,PCI_7,3,924020177.0,56891839.0,894,20,755,5,11,11,65.0,54.0,24.46,16.84
2026-06-13T12:08:00,PCI_8,4,714008990.0,63644897.0,925,15,838,27,12,8,67.0,59.0,5.56,10.66
2026-06-13T12:08:00,PCI_9,2,58708315.0,26178005.0,966,31,853,20,8,15,60.0,54.0,19.85,27.38
2026-06-13T12:08:00,PCI_10,3,66493876.0,32742848.0,900,15,777,26,11,12,68.0,60.0,5.04,12.27
2026-06-13T12:08:00,PCI_11,3,56935908.0,27372290.0,920,27,757,11,14,10,71.0,53.0,23.83,9.9
2026-06-13T12:08:00,PCI_12,3,1117326.0,751226.0,967,175,804,162,4,4,5.0,2.0,-7.11,-4.16
2026-06-13T12:08:00,PCI_13,3,52424899.0,29052749.0,934,15,913,12,14,13,68.0,48.0,16.03,23.86
2026-06-13T12:08:00,PCI_14,3,61734281.0,29829496.0,1166,28,877,27,12,14,66.0,56.0,9.72,21.31
2026-06-13T12:08:00,PCI_15,4,60120739.0,32225579.0,904,32,710,13,9,15,63.0,58.0,9.43,24.13
2026-06-13T12:08:00,PCI_16,3,65260394.0,31444487.0,942,24,956,8,8,13,56.0,57.0,20.99,24.36
2026-06-13T12:09:00,PCI_1,3,957727740.0,51471477.0,958,25,721,17,13,11,61.0,53.0,9.69,18.67
2026-06-13T12:09:00,PCI_2,3,779209321.0,53363854.0,1146,12,749,18,14,13,76.0,60.0,13.98,12.29
2026-06-13T12:09:00,PCI_3,3,1101958777.0,66480157.0,1075,11,771,25,12,15,72.0,54.0,9.28,18.3
2026-06-13T12:09:00,PCI_4,3,1024382004.0,54627939.0,928,32,951,17,8,11,69.0,50.0,22.51,10.67
2026-06-13T12:09:00,PCI_5,4,910463273.0,55949872.0,1151,36,892,12,8,11,65.0,52.0,17.5,15.46
2026-06-13T12:09:00,PCI_6,3,959744516.0,59809999.0,1033,12,709,9,9,15,71.0,53.0,8.84,22.45
2026-06-13T12:09:00,PCI_7,3,959431761.0,59383436.0,952,30,802,19,8,13,68.0,50.0,19.49,25.32
2026-06-13T12:09:00,PCI_8,3,1016755632.0,52972437.0,981,12,788,24,15,9,72.0,48.0,14.49,21.83
2026-06-13T12:09:00,PCI_9,3,57341237.0,30792817.0,989,13,906,5,15,9,63.0,46.0,15.85,23.98
2026-06-13T12:09:00,PCI_10,3,61997638.0,28456393.0,1016,15,853,5,10,12,72.0,56.0,13.25,26.82
2026-06-13T12:09:00,PCI_11,4,52651789.0,23593898.0,1073,32,939,17,13,12,65.0,54.0,24.15,9.91
2026-06-13T12:09:00,PCI_12,3,1034800.0,486792.0,895,155,633,136,6,7,2.0,1.0,-4.34,-1.4
2026-06-13T12:09:00,PCI_13,3,58888374.0,27335774.0,961,7,956,7,14,12,65.0,50.0,15.33,15.51
2026-06-13T12:09:00,PCI_14,3,64734775.0,31516936.0,889,38,907,17,10,8,65.0,51.0,11.04,11.13
2026-06-13T12:09:00,PCI_15,3,53786749.0,29888711.0,1157,7,714,13,10,8,67.0,54.0,23.13,27.53
2026-06-13T12:09:00,PCI_16,3,59014814.0,27250117.0,1128,34,859,16,10,14,71.0,51.0,14.3,17.95
2026-06-13T12:10:00,PCI_1,4,870069290.0,56751997.0,1125,33,904,10,9,14,64.0,51.0,12.98,24.32
2026-06-13T12:10:00,PCI_2,2,791391980.0,69694549.0,1044,29,952,10,13,10,71.0,54.0,8.14,12.64
2026-06-13T12:10:00,PCI_3,3,811120872.0,63492485.0,967,25,920,18,15,10,73.0,44.0,18.68,14.74
2026-06-13T12:10:00,PCI_4,4,871654736.0,64579683.0,1010,21,929,19,12,12,65.0,48.0,8.8,17.98
2026-06-13T12:10:00,PCI_5,4,939403025.0,62220000.0,1051,8,764,3,8,13,66.0,54.0,8.05,15.0
2026-06-13T12:10:00,PCI_6,3,976417510.0,70730933.0,976,23,706,29,13,12,65.0,45.0,12.49,12.83
2026-06-13T12:10:00,PCI_7,3,886562422.0,72538364.0,869,37,830,18,14,15,68.0,49.0,12.0,18.51
2026-06-13T12:10:00,PCI_8,3,889632622.0,50196806.0,934,29,971,4,8,15,63.0,51.0,24.69,19.34
2026-06-13T12:10:00,PCI_9,3,55714142.0,25880541.0,1105,10,878,5,14,9,68.0,54.0,24.19,27.7
2026-06-13T12:10:00,PCI_10,4,62998091.0,28908497.0,991,32,955,13,9,10,64.0,53.0,17.55,13.41
2026-06-13T12:10:00,PCI_11,3,62714828.0,32222209.0,1000,25,801,20,9,9,67.0,60.0,11.05,21.57
2026-06-13T12:10:00,PCI_12,4,1024683.0,92087.0,825,147,758,146,2,4,5.0,0.0,-6.47,-5.62
2026-06-13T12:10:00,PCI_13,3,62973682.0,29697047.0,896,12,915,8,13,15,60.0,54.0,10.61,17.9
2026-06-13T12:10:00,PCI_14,3,58924804.0,30097842.0,1103,23,812,11,12,9,71.0,51.0,7.54,22.79
2026-06-13T12:10:00,PCI_15,3,61694814.0,27034459.0,1118,36,969,18,12,8,71.0,55.0,20.34,17.22
2026-06-13T12:10:00,PCI_16,2,60447603.0,33354170.0,1014,16,843,3,14,11,68.0,55.0,7.13,21.0
2026-06-13T12:11:00,PCI_1,3,930838238.0,60317909.0,915,33,894,23,15,9,62.0,49.0,17.02,12.01
2026-06-13T12:11:00,PCI_2,3,829720917.0,60172379.0,962,32,687,16,13,14,62.0,56.0,6.09,23.09
2026-06-13T12:11:00,PCI_3,4,869512832.0,62520516.0,945,16,960,28,8,13,63.0,54.0,21.54,8.52
2026-06-13T12:11:00,PCI_4,3,736348279.0,66117709.0,1014,28,785,7,9,11,67.0,58.0,5.3,18.19
2026-06-13T12:11:00,PCI_5,3,961426764.0,49955547.0,926,11,905,10,13,9,64.0,52.0,13.39,12.61
2026-06-13T12:11:00,PCI_6,3,847339958.0,56596787.0,1092,17,753,29,12,10,63.0,55.0,18.48,12.47
2026-06-13T12:11:00,PCI_7,4,931596798.0,58856625.0,971,25,819,27,8,14,69.0,57.0,14.3,22.66
2026-06-13T12:11:00,PCI_8,3,923070161.0,66747719.0,1142,13,915,14,13,11,73.0,50.0,17.41,25.97
2026-06-13T12:11:00,PCI_9,3,64234740.0,26856435.0,1026,30,756,17,14,13,67.0,57.0,21.84,25.8
2026-06-13T12:11:00,PCI_10,3,56251701.0,30983099.0,1025,38,733,17,15,13,64.0,50.0,6.49,8.53
2026-06-13T12:11:00,PCI_11,3,56259430.0,27334753.0,1173,11,849,23,13,14,64.0,54.0,23.93,23.68
2026-06-13T12:11:00,PCI_12,2,1404287.0,0.0,926,158,741,167,7,4,2.0,0.0,-4.53,-4.24
2026-06-13T12:11:00,PCI_13,3,59510844.0,32718697.0,1047,30,826,4,10,8,67.0,51.0,22.74,13.12
2026-06-13T12:11:00,PCI_14,2,57295781.0,32748831.0,979,38,981,11,12,10,60.0,59.0,8.15,19.99
2026-06-13T12:11:00,PCI_15,2,63054757.0,26459048.0,895,26,969,21,14,13,67.0,52.0,23.7,21.61
2026-06-13T12:11:00,PCI_16,2,60647028.0,28325938.0,964,11,804,16,13,12,70.0,51.0,18.02,11.51
2026-06-13T12:12:00,PCI_1,3,830032552.0,53489709.0,1129,12,941,22,15,15,68.0,48.0,11.06,16.0
2026-06-13T12:12:00,PCI_2,3,895642964.0,65559212.0,1163,23,709,6,11,9,68.0,57.0,16.65,9.23
2026-06-13T12:12:00,PCI_3,3,796486087.0,54535456.0,1105,37,965,20,11,15,75.0,50.0,19.5,11.87
2026-06-13T12:12:00,PCI_4,3,1001004286.0,61444300.0,1052,19,757,26,13,9,67.0,53.0,15.04,26.69
2026-06-13T12:12:00,PCI_5,3,832532289.0,53064847.0,889,38,827,23,15,9,61.0,56.0,23.96,19.33
2026-06-13T12:12:00,PCI_6,3,954895085.0,63788309.0,1117,20,768,27,12,12,73.0,56.0,15.0,16.32
2026-06-13T12:12:00,PCI_7,3,806413545.0,63162423.0,1166,30,882,11,9,12,68.0,52.0,16.33,18.48
2026-06-13T12:12:00,PCI_8,3,980172897.0,61193243.0,1170,19,943,29,15,14,67.0,54.0,5.81,12.95
2026-06-13T12:12:00,PCI_9,2,64420215.0,27441189.0,963,23,826,3,12,10,74.0,45.0,23.84,24.73
2026-06-13T12:12:00,PCI_10,3,65994957.0,27975424.0,901,8,960,23,13,15,64.0,53.0,21.67,19.6
2026-06-13T12:12:00,PCI_11,4,50763677.0,31529154.0,975,31,825,18,14,12,65.0,50.0,22.87,21.51
2026-06-13T12:12:00,PCI_12,3,741567.0,645161.0,774,173,613,153,2,2,4.0,4.0,-7.59,-0.31
2026-06-13T12:12:00,PCI_13,3,63302550.0,27004264.0,1019,35,755,16,15,10,64.0,49.0,21.54,19.48
2026-06-13T12:12:00,PCI_14,4,54481152.0,28085961.0,1049,36,912,16,13,14,68.0,49.0,15.02,16.68
2026-06-13T12:12:00,PCI_15,3,54113876.0,31167781.0,1069,16,782,13,8,10,65.0,57.0,9.87,10.88
2026-06-13T12:12:00,PCI_16,4,55918538.0,28090574.0,889,16,818,8,11,14,67.0,54.0,20.02,9.3
2026-06-13T12:13:00,PCI_1,3,815777843.0,59471047.0,986,22,758,25,10,11,71.0,54.0,23.34,15.83
2026-06-13T12:13:00,PCI_2,3,925705170.0,58867135.0,993,36,967,3,14,15,66.0,57.0,9.29,9.1
2026-06-13T12:13:00,PCI_3,3,756807989.0,48829019.0,887,39,929,21,11,15,61.0,56.0,20.65,14.91
2026-06-13T12:13:00,PCI_4,3,816871701.0,62712414.0,975,35,695,13,10,15,69.0,51.0,14.86,23.27
2026-06-13T12:13:00,PCI_5,3,924370954.0,57781059.0,1166,13,746,16,13,12,65.0,53.0,8.04,24.81
2026-06-13T12:13:00,PCI_6,2,909438086.0,59820387.0,1030,27,779,7,12,15,63.0,53.0,23.55,8.33
2026-06-13T12:13:00,PCI_7,2,1003601164.0,53778423.0,1092,7,802,7,12,9,64.0,64.0,15.01,27.14
2026-06-13T12:13:00,PCI_8,3,852398560.0,57261173.0,887,28,756,8,10,15,65.0,53.0,12.0,16.94
2026-06-13T12:13:00,PCI_9,3,70077967.0,30018567.0,869,31,765,8,14,12,65.0,51.0,18.72,12.59
2026-06-13T12:13:00,PCI_10,4,60488377.0,30868487.0,1104,16,882,15,8,12,68.0,52.0,12.47,23.94
2026-06-13T12:13:00,PCI_11,4,52089078.0,28411636.0,1168,28,859,8,11,11,54.0,55.0,21.91,21.8
2026-06-13T12:13:00,PCI_12,3,1360503.0,806636.0,789,121,838,88,6,3,2.0,1.0,-5.4,-5.64
2026-06-13T12:13:00,PCI_13,4,55856468.0,27484561.0,1001,17,932,10,14,13,64.0,55.0,7.31,25.73
2026-06-13T12:13:00,PCI_14,4,61202757.0,29565093.0,948,26,779,18,11,15,66.0,50.0,24.84,22.94
2026-06-13T12:13:00,PCI_15,4,63986077.0,26420171.0,1004,36,808,16,10,13,61.0,50.0,12.55,13.44
2026-06-13T12:13:00,PCI_16,3,61320045.0,26644609.0,1073,39,725,4,10,15,62.0,55.0,12.21,9.71
2026-06-13T12:14:00,PCI_1,4,854865744.0,59420664.0,956,39,976,7,10,15,65.0,52.0,7.29,18.58
2026-06-13T12:14:00,PCI_2,3,898983056.0,54470245.0,1044,14,764,27,13,8,63.0,48.0,7.29,12.21
2026-06-13T12:14:00,PCI_3,2,957861329.0,64187047.0,902,14,784,22,10,13,61.0,50.0,24.72,10.49
2026-06-13T12:14:00,PCI_4,3,877067696.0,58485884.0,930,12,820,22,11,13,61.0,51.0,13.02,13.3
2026-06-13T12:14:00,PCI_5,2,792454839.0,59471809.0,1110,29,807,18,12,9,59.0,44.0,23.48,14.6
2026-06-13T12:14:00,PCI_6,3,1080082753.0,57366133.0,903,17,817,5,10,10,68.0,53.0,10.42,15.35
2026-06-13T12:14:00,PCI_7,3,815057828.0,58393065.0,1157,16,958,6,15,14,58.0,46.0,13.26,26.76
2026-06-13T12:14:00,PCI_8,2,898415131.0,60484421.0,977,21,912,7,10,14,60.0,47.0,6.15,27.09
2026-06-13T12:14:00,PCI_9,2,51970031.0,26948465.0,1040,12,743,12,11,8,64.0,55.0,17.5,15.04
2026-06-13T12:14:00,PCI_10,3,56811517.0,27909590.0,1127,22,937,5,14,10,65.0,43.0,10.12,8.65
2026-06-13T12:14:00,PCI_11,3,53206179.0,29519632.0,1021,15,832,27,9,11,65.0,50.0,18.19,14.12
2026-06-13T12:14:00,PCI_12,3,1495456.0,315591.0,944,222,699,84,2,5,5.0,2.0,-7.91,-4.21
2026-06-13T12:14:00,PCI_13,3,61333274.0,33946301.0,1165,33,763,23,15,10,63.0,61.0,22.2,12.3
2026-06-13T12:14:00,PCI_14,3,58768920.0,27742234.0,988,31,862,5,12,12,67.0,44.0,16.3,19.79
2026-06-13T12:14:00,PCI_15,3,58054540.0,27714072.0,901,17,854,10,13,15,67.0,53.0,15.76,11.69
2026-06-13T12:14:00,PCI_16,3,57755799.0,25962619.0,1146,14,689,14,13,12,65.0,41.0,18.07,15.18
2026-06-13T12:15:00,PCI_1,4,918492647.0,57287580.0,1162,23,716,16,8,9,68.0,50.0,11.81,11.54
2026-06-13T12:15:00,PCI_2,3,784323767.0,57705622.0,942,27,957,3,15,10,68.0,45.0,5.09,15.87
2026-06-13T12:15:00,PCI_3,3,815143058.0,61605526.0,1058,11,856,7,14,12,68.0,53.0,11.37,10.81
2026-06-13T12:15:00,PCI_4,3,902018595.0,59738692.0,1157,33,934,3,8,13,66.0,46.0,22.36,27.3
2026-06-13T12:15:00,PCI_5,3,946970796.0,62607554.0,1048,22,843,20,8,11,64.0,46.0,15.57,24.01
2026-06-13T12:15:00,PCI_6,4,926631457.0,62749208.0,1114,19,736,16,11,15,56.0,48.0,8.66,12.43
2026-06-13T12:15:00,PCI_7,3,895699175.0,49680477.0,919,28,737,25,15,9,64.0,55.0,7.39,25.39
2026-06-13T12:15:00,PCI_8,4,870023990.0,58799156.0,1148,22,910,12,8,14,64.0,52.0,11.3,17.94
2026-06-13T12:15:00,PCI_9,2,55890751.0,29147521.0,1014,9,975,6,15,13,69.0,49.0,11.87,17.74
2026-06-13T12:15:00,PCI_10,3,53524106.0,27819609.0,902,10,809,20,12,13,63.0,54.0,14.32,20.55
2026-06-13T12:15:00,PCI_11,3,59689049.0,30349572.0,1067,18,974,8,9,8,62.0,46.0,24.92,26.66
2026-06-13T12:15:00,PCI_12,3,1382927.0,294519.0,1029,108,716,65,7,6,2.0,2.0,-2.29,-5.48
2026-06-13T12:15:00,PCI_13,3,61435023.0,29617591.0,1172,26,744,6,10,13,61.0,54.0,6.91,25.59
2026-06-13T12:15:00,PCI_14,3,64238094.0,30687551.0,909,9,697,29,11,11,59.0,50.0,12.63,8.14
2026-06-13T12:15:00,PCI_15,3,65759144.0,33917438.0,972,34,833,25,14,9,72.0,53.0,13.38,21.18
2026-06-13T12:15:00,PCI_16,3,54852905.0,24224093.0,1129,30,746,12,8,8,70.0,50.0,9.15,18.98
2026-06-13T12:16:00,PCI_1,3,776966463.0,60992843.0,1165,26,856,18,9,14,59.0,52.0,6.7,27.11
2026-06-13T12:16:00,PCI_2,3,778144776.0,54732595.0,985,13,865,20,11,11,60.0,48.0,11.83,9.61
2026-06-13T12:16:00,PCI_3,4,820127253.0,52276517.0,1058,29,931,9,14,9,64.0,57.0,5.07,19.28
2026-06-13T12:16:00,PCI_4,3,1008786108.0,53490642.0,1027,29,949,5,9,11,64.0,51.0,7.24,20.18
2026-06-13T12:16:00,PCI_5,3,892957005.0,56444257.0,1124,32,960,10,10,11,59.0,50.0,17.7,26.42
2026-06-13T12:16:00,PCI_6,3,828626737.0,49898816.0,1034,23,992,7,15,11,65.0,52.0,18.4,27.1
2026-06-13T12:16:00,PCI_7,3,979946323.0,64065739.0,934,16,763,19,10,14,66.0,55.0,15.21,17.86
2026-06-13T12:16:00,PCI_8,2,727012734.0,54701500.0,992,33,911,12,9,11,65.0,50.0,18.25,18.25
2026-06-13T12:16:00,PCI_9,4,55550924.0,30154058.0,1148,21,814,12,14,12,66.0,51.0,24.53,21.26
2026-06-13T12:16:00,PCI_10,4,52500236.0,27806244.0,1024,8,927,5,8,12,61.0,48.0,18.21,24.06
2026-06-13T12:16:00,PCI_11,3,63859336.0,30761786.0,1121,14,946,19,10,11,66.0,54.0,15.56,8.38
2026-06-13T12:16:00,PCI_12,3,1222075.0,839450.0,780,180,734,68,7,2,3.0,5.0,-7.27,-1.63
2026-06-13T12:16:00,PCI_13,2,59858359.0,27083621.0,944,31,762,24,12,13,68.0,54.0,11.95,8.79
2026-06-13T12:16:00,PCI_14,2,60228345.0,30567717.0,1122,10,986,8,10,10,67.0,58.0,18.73,23.66
2026-06-13T12:16:00,PCI_15,3,64465454.0,26814421.0,1112,28,941,5,12,12,57.0,42.0,6.43,22.96
2026-06-13T12:16:00,PCI_16,3,62075635.0,25311883.0,864,37,731,7,15,14,64.0,57.0,19.02,15.66
2026-06-13T12:17:00,PCI_1,3,891341348.0,47451608.0,1121,9,959,17,13,13,68.0,50.0,7.21,25.84
2026-06-13T12:17:00,PCI_2,3,873885444.0,51509339.0,1056,24,795,16,10,9,62.0,53.0,11.0,19.39
2026-06-13T12:17:00,PCI_3,4,944174703.0,59509601.0,1008,38,737,12,14,9,67.0,45.0,6.99,21.52
2026-06-13T12:17:00,PCI_4,2,880589502.0,58624474.0,1070,7,746,3,14,14,69.0,51.0,16.26,8.32
2026-06-13T12:17:00,PCI_5,2,923333764.0,64361117.0,1126,9,741,18,9,10,63.0,55.0,7.36,24.59
2026-06-13T12:17:00,PCI_6,3,885768216.0,60353656.0,885,21,969,5,10,8,65.0,43.0,7.19,27.13
2026-06-13T12:17:00,PCI_7,3,880512304.0,68653221.0,913,11,844,23,15,11,64.0,50.0,20.33,8.89
2026-06-13T12:17:00,PCI_8,3,855161465.0,65804597.0,1190,8,704,25,14,13,70.0,51.0,9.0,12.36
2026-06-13T12:17:00,PCI_9,3,60570861.0,29817155.0,1041,12,798,5,15,11,69.0,55.0,20.68,13.67
2026-06-13T12:17:00,PCI_10,2,54788642.0,31424122.0,966,18,896,3,13,12,68.0,56.0,16.75,22.23
2026-06-13T12:17:00,PCI_11,2,57258851.0,26709440.0,1150,32,714,16,8,15,66.0,49.0,20.58,26.24
2026-06-13T12:17:00,PCI_12,3,664668.0,0.0,836,194,624,77,7,7,0.0,2.0,-3.6,-2.5
2026-06-13T12:17:00,PCI_13,4,52107204.0,25494880.0,919,36,705,23,11,13,66.0,56.0,10.65,13.82
2026-06-13T12:17:00,PCI_14,3,62653731.0,27707405.0,1063,22,951,23,10,13,63.0,45.0,22.77,19.78
2026-06-13T12:17:00,PCI_15,3,65175940.0,29349103.0,1119,24,769,6,15,12,70.0,49.0,24.4,12.4
2026-06-13T12:17:00,PCI_16,3,57507133.0,29257206.0,1072,33,807,25,9,10,61.0,58.0,23.45,25.33
2026-06-13T12:18:00,PCI_1,2,816136918.0,54054160.0,992,29,941,25,15,8,65.0,56.0,13.64,16.16
2026-06-13T12:18:00,PCI_2,3,863651559.0,55596721.0,1088,27,750,5,14,12,59.0,52.0,16.67,14.88
2026-06-13T12:18:00,PCI_3,3,804806407.0,50884633.0,1109,35,735,8,12,14,62.0,51.0,10.34,25.02
2026-06-13T12:18:00,PCI_4,4,884706475.0,52270278.0,966,34,770,7,10,9,58.0,53.0,11.36,15.18
2026-06-13T12:18:00,PCI_5,4,940860118.0,70187956.0,970,24,717,5,13,14,68.0,54.0,8.26,16.9
2026-06-13T12:18:00,PCI_6,2,746872732.0,62985978.0,1024,19,753,4,14,10,54.0,46.0,17.97,15.19
2026-06-13T12:18:00,PCI_7,4,835780620.0,59173555.0,982,31,940,4,13,8,66.0,51.0,12.5,12.97
2026-06-13T12:18:00,PCI_8,2,813407139.0,57268654.0,913,39,878,24,14,15,62.0,46.0,22.14,23.48
2026-06-13T12:18:00,PCI_9,3,59531415.0,24863583.0,1121,35,876,4,13,11,64.0,52.0,21.62,17.76
2026-06-13T12:18:00,PCI_10,4,55877173.0,28321062.0,997,13,764,6,13,9,67.0,53.0,14.53,22.26
2026-06-13T12:18:00,PCI_11,3,55046112.0,27628080.0,1098,33,984,12,12,14,64.0,55.0,11.19,17.05
2026-06-13T12:18:00,PCI_12,4,1405349.0,0.0,738,174,635,154,4,6,2.0,0.0,-6.63,-4.2
2026-06-13T12:18:00,PCI_13,4,56732278.0,28154619.0,892,13,807,8,10,13,65.0,51.0,23.05,12.43
2026-06-13T12:18:00,PCI_14,3,51420786.0,26677952.0,1139,29,904,5,8,8,65.0,52.0,12.95,8.48
2026-06-13T12:18:00,PCI_15,2,49857032.0,28724124.0,926,11,825,14,9,15,61.0,52.0,18.91,26.22
2026-06-13T12:18:00,PCI_16,3,55537073.0,28470336.0,1161,36,836,4,11,12,66.0,43.0,24.7,11.17
2026-06-13T12:19:00,PCI_1,2,783062131.0,60856894.0,923,10,699,7,10,14,63.0,54.0,20.03,11.28
2026-06-13T12:19:00,PCI_2,3,915344098.0,63463597.0,1072,31,984,9,15,9,67.0,51.0,10.22,20.57
2026-06-13T12:19:00,PCI_3,3,717274089.0,67869927.0,1101,25,966,10,10,9,62.0,54.0,7.83,11.7
2026-06-13T12:19:00,PCI_4,3,907377980.0,44519978.0,979,25,871,28,10,9,58.0,49.0,19.8,8.99
2026-06-13T12:19:00,PCI_5,3,991553436.0,59853695.0,1015,25,723,27,15,11,72.0,56.0,11.12,10.41
2026-06-13T12:19:00,PCI_6,4,912354074.0,57568522.0,1033,18,692,22,8,14,64.0,55.0,5.17,26.73
2026-06-13T12:19:00,PCI_7,3,732330841.0,53580521.0,887,13,975,4,11,9,63.0,55.0,24.08,22.18
2026-06-13T12:19:00,PCI_8,3,870304131.0,61736742.0,989,15,832,23,9,12,70.0,54.0,16.7,18.83
2026-06-13T12:19:00,PCI_9,3,53579658.0,22960632.0,1043,8,906,12,13,10,59.0,46.0,24.49,15.37
2026-06-13T12:19:00,PCI_10,4,57381815.0,24954456.0,926,9,938,21,15,11,64.0,52.0,22.08,11.62
2026-06-13T12:19:00,PCI_11,3,48815778.0,31348773.0,1094,39,948,17,9,8,64.0,54.0,16.8,26.96
2026-06-13T12:19:00,PCI_12,3,1245704.0,896805.0,803,195,742,121,6,6,3.0,2.0,-5.69,-1.18
2026-06-13T12:19:00,PCI_13,3,55449532.0,23784270.0,1068,9,800,19,13,15,64.0,57.0,10.13,24.32
2026-06-13T12:19:00,PCI_14,4,54950959.0,25643500.0,1088,19,728,7,12,14,62.0,50.0,21.62,27.93
2026-06-13T12:19:00,PCI_15,3,58838537.0,24070739.0,1080,17,742,28,8,14,66.0,56.0,23.76,26.01
2026-06-13T12:19:00,PCI_16,4,50044459.0,28265532.0,1098,36,754,28,10,12,64.0,53.0,14.48,11.94
2026-06-13T12:20:00,PCI_1,2,705032629.0,51586623.0,1097,34,927,17,14,9,65.0,58.0,6.31,27.3
2026-06-13T12:20:00,PCI_2,3,771515758.0,59880577.0,988,34,987,11,15,12,55.0,48.0,9.17,17.86
2026-06-13T12:20:00,PCI_3,3,903245399.0,57377659.0,921,38,697,18,9,13,62.0,45.0,14.6,18.28
2026-06-13T12:20:00,PCI_4,2,839161897.0,59361939.0,1052,29,743,7,10,14,63.0,60.0,15.08,8.48
2026-06-13T12:20:00,PCI_5,2,923304195.0,57829063.0,1109,31,962,21,13,10,58.0,48.0,10.56,26.96
2026-06-13T12:20:00,PCI_6,2,875185524.0,60874138.0,956,12,892,9,9,13,59.0,54.0,8.66,13.41
2026-06-13T12:20:00,PCI_7,3,924331441.0,51150694.0,1078,15,837,29,11,8,58.0,53.0,18.54,25.63
2026-06-13T12:20:00,PCI_8,3,898636144.0,61344428.0,1111,27,811,21,8,12,68.0,53.0,11.95,23.09
2026-06-13T12:20:00,PCI_9,3,58799863.0,33826248.0,908,32,757,12,14,10,63.0,52.0,21.24,14.15
2026-06-13T12:20:00,PCI_10,3,56545403.0,26832666.0,892,25,879,22,14,11,60.0,52.0,14.63,27.56
2026-06-13T12:20:00,PCI_11,3,58745025.0,28186821.0,956,28,933,26,13,11,65.0,55.0,15.6,8.04
2026-06-13T12:20:00,PCI_12,3,59769172.0,27356865.0,1115,31,739,26,14,15,61.0,47.0,9.38,8.72
2026-06-13T12:20:00,PCI_13,3,60128319.0,29451596.0,1117,19,939,15,15,11,68.0,59.0,5.14,13.49
2026-06-13T12:20:00,PCI_14,3,57462034.0,27530407.0,1004,33,748,15,13,9,65.0,54.0,5.77,25.2
2026-06-13T12:20:00,PCI_15,4,53866009.0,29328205.0,1022,6,965,20,8,8,63.0,46.0,12.16,22.08
2026-06-13T12:20:00,PCI_16,3,62895261.0,31195468.0,901,28,888,12,8,14,61.0,49.0,20.16,10.13
2026-06-13T12:21:00,PCI_1,3,774781668.0,51259839.0,1083,27,872,10,14,13,62.0,47.0,20.06,12.84
2026-06-13T12:21:00,PCI_2,4,817712435.0,62360708.0,1175,16,833,8,12,8,66.0,49.0,14.0,22.33
2026-06-13T12:21:00,PCI_3,2,878240085.0,55149187.0,1096,28,740,27,10,12,71.0,50.0,15.6,26.96
2026-06-13T12:21:00,PCI_4,3,897648615.0,60038777.0,1118,27,788,15,10,9,65.0,49.0,24.11,24.31
2026-06-13T12:21:00,PCI_5,3,762690138.0,61622715.0,1051,20,740,3,12,8,63.0,50.0,23.46,23.68
2026-06-13T12:21:00,PCI_6,3,841317210.0,54315383.0,969,11,748,9,10,15,66.0,48.0,23.33,15.75
2026-06-13T12:21:00,PCI_7,4,764704664.0,55855806.0,1080,6,786,14,11,9,64.0,50.0,12.3,18.74
2026-06-13T12:21:00,PCI_8,4,723599659.0,57747838.0,1015,35,726,24,13,10,66.0,55.0,12.35,8.56
2026-06-13T12:21:00,PCI_9,3,58876134.0,33147136.0,1156,23,871,23,12,12,66.0,46.0,7.61,15.53
2026-06-13T12:21:00,PCI_10,4,51731036.0,25574916.0,1158,19,677,24,15,10,59.0,55.0,19.52,23.63
2026-06-13T12:21:00,PCI_11,2,56118969.0,28833569.0,1047,14,839,20,8,15,69.0,53.0,8.15,8.77
2026-06-13T12:21:00,PCI_12,3,43248678.0,25340133.0,1182,10,788,7,13,14,60.0,54.0,15.31,19.77
2026-06-13T12:21:00,PCI_13,3,53932723.0,28374025.0,916,15,922,27,15,15,60.0,53.0,14.98,25.49
2026-06-13T12:21:00,PCI_14,3,57304824.0,26287811.0,900,27,732,13,11,8,67.0,47.0,9.8,16.91
2026-06-13T12:21:00,PCI_15,3,54734674.0,30973679.0,1078,21,869,14,13,10,66.0,55.0,10.51,15.89
2026-06-13T12:21:00,PCI_16,3,55698206.0,24071819.0,1011,16,704,25,15,8,71.0,52.0,11.69,14.39
2026-06-13T12:22:00,PCI_1,3,848397220.0,56689296.0,1087,28,969,13,10,15,60.0,44.0,20.26,16.52
2026-06-13T12:22:00,PCI_2,3,738616395.0,48608312.0,921,36,929,13,9,15,67.0,56.0,15.54,16.82
2026-06-13T12:22:00,PCI_3,3,841927640.0,58829477.0,1122,10,696,20,9,15,60.0,44.0,22.43,16.81
2026-06-13T12:22:00,PCI_4,3,759570852.0,59690152.0,1177,15,847,15,9,9,58.0,46.0,21.81,8.08
2026-06-13T12:22:00,PCI_5,2,774561752.0,50101407.0,952,14,905,17,12,11,57.0,56.0,13.19,22.31
2026-06-13T12:22:00,PCI_6,3,736042097.0,48152117.0,1084,9,984,11,15,8,62.0,60.0,8.19,22.27
2026-06-13T12:22:00,PCI_7,3,1047501636.0,49186153.0,1005,12,875,11,8,13,63.0,46.0,13.45,20.62
2026-06-13T12:22:00,PCI_8,3,904473458.0,57646447.0,1148,28,946,13,10,12,58.0,49.0,22.87,11.32
2026-06-13T12:22:00,PCI_9,3,57290087.0,28422243.0,1024,27,905,24,12,11,65.0,52.0,16.1,23.93
2026-06-13T12:22:00,PCI_10,2,49846052.0,25903446.0,985,9,767,23,15,15,63.0,50.0,10.53,25.47
2026-06-13T12:22:00,PCI_11,3,38927928.0,26739784.0,932,12,864,13,14,14,59.0,44.0,7.77,8.04
2026-06-13T12:22:00,PCI_12,2,55295285.0,26655296.0,883,18,965,9,8,12,64.0,55.0,15.52,20.2
2026-06-13T12:22:00,PCI_13,3,56573913.0,27207657.0,1091,28,741,5,9,11,62.0,51.0,21.91,26.32
2026-06-13T12:22:00,PCI_14,4,58479859.0,26274368.0,1078,27,720,19,9,13,62.0,53.0,13.05,19.75
2026-06-13T12:22:00,PCI_15,4,61304311.0,26849754.0,978,19,730,15,10,13,66.0,54.0,8.75,23.95
2026-06-13T12:22:00,PCI_16,3,54408512.0,22574881.0,952,9,727,5,13,13,64.0,58.0,6.99,10.42
2026-06-13T12:23:00,PCI_1,3,878512954.0,54110374.0,1166,26,919,5,10,12,62.0,54.0,5.63,17.19
2026-06-13T12:23:00,PCI_2,3,893762814.0,51442864.0,961,22,984,3,15,14,66.0,51.0,7.21,9.9
2026-06-13T12:23:00,PCI_3,3,812885033.0,53794759.0,957,9,753,6,13,13,65.0,43.0,13.2,10.83
2026-06-13T12:23:00,PCI_4,3,748121568.0,54856016.0,1095,6,754,26,8,12,63.0,55.0,8.45,15.81
2026-06-13T12:23:00,PCI_5,3,825685595.0,52772446.0,1011,21,993,6,15,14,59.0,48.0,9.62,18.69
2026-06-13T12:23:00,PCI_6,4,757197001.0,52992489.0,988,34,962,7,13,12,65.0,53.0,9.08,17.8
2026-06-13T12:23:00,PCI_7,3,838355470.0,56402470.0,1053,6,763,5,14,15,63.0,51.0,6.72,24.84
2026-06-13T12:23:00,PCI_8,3,848121410.0,57212365.0,1099,19,887,7,9,15,65.0,57.0,9.31,13.33
2026-06-13T12:23:00,PCI_9,3,59516629.0,28508136.0,1059,37,773,9,13,10,62.0,47.0,23.07,23.02
2026-06-13T12:23:00,PCI_10,3,55592746.0,28106749.0,944,13,769,3,9,11,59.0,51.0,23.61,20.42
2026-06-13T12:23:00,PCI_11,4,50922094.0,25791987.0,1037,13,924,25,11,11,65.0,52.0,23.33,23.31
2026-06-13T12:23:00,PCI_12,3,55629723.0,30085682.0,930,31,961,11,9,9,66.0,54.0,18.46,20.93
2026-06-13T12:23:00,PCI_13,4,56772703.0,28612998.0,1015,23,732,25,14,8,61.0,51.0,24.01,17.64
2026-06-13T12:23:00,PCI_14,2,55677665.0,30209138.0,947,28,871,11,14,14,58.0,47.0,7.2,18.69
2026-06-13T12:23:00,PCI_15,3,51176621.0,25438109.0,1003,32,721,17,14,8,62.0,43.0,24.42,13.27
2026-06-13T12:23:00,PCI_16,2,55223523.0,26954561.0,1184,6,841,5,8,11,57.0,55.0,20.81,19.27
2026-06-13T12:24:00,PCI_1,3,943250125.0,62526626.0,1055,38,903,18,8,10,58.0,52.0,5.15,20.16
2026-06-13T12:24:00,PCI_2,2,935897184.0,56706142.0,992,19,732,14,10,8,60.0,52.0,14.63,25.27
2026-06-13T12:24:00,PCI_3,3,801388825.0,52448415.0,930,34,959,5,9,12,59.0,49.0,18.76,21.39
2026-06-13T12:24:00,PCI_4,2,800678461.0,52814575.0,900,38,897,15,9,13,64.0,50.0,9.69,9.97
2026-06-13T12:24:00,PCI_5,3,863892344.0,53856596.0,989,16,833,11,14,13,61.0,52.0,13.77,8.8
2026-06-13T12:24:00,PCI_6,3,886686880.0,42052148.0,917,29,776,13,11,11,66.0,46.0,13.75,13.67
2026-06-13T12:24:00,PCI_7,4,878780551.0,58557809.0,1167,5,875,27,9,12,65.0,52.0,18.69,25.96
2026-06-13T12:24:00,PCI_8,2,862896301.0,53323498.0,962,19,809,29,14,11,63.0,47.0,9.2,13.77
2026-06-13T12:24:00,PCI_9,2,55574898.0,27391915.0,1011,22,827,4,10,15,62.0,57.0,15.94,9.37
2026-06-13T12:24:00,PCI_10,3,50479592.0,29721201.0,1105,19,825,10,14,14,64.0,46.0,21.41,12.36
2026-06-13T12:24:00,PCI_11,3,52993474.0,29195993.0,868,39,729,11,12,14,61.0,56.0,9.44,25.93
2026-06-13T12:24:00,PCI_12,3,59578059.0,27653283.0,1129,38,907,13,13,13,54.0,47.0,18.88,25.92
2026-06-13T12:24:00,PCI_13,3,48218053.0,33775326.0,1068,10,903,15,13,8,60.0,45.0,24.24,22.96
2026-06-13T12:24:00,PCI_14,4,57960692.0,27496079.0,957,25,751,15,15,12,69.0,44.0,10.96,13.57
2026-06-13T12:24:00,PCI_15,3,58357010.0,26541385.0,1099,14,849,6,12,15,71.0,42.0,11.24,18.3
2026-06-13T12:24:00,PCI_16,3,49280840.0,28725431.0,1167,32,776,24,11,9,63.0,48.0,13.11,11.81
2026-06-13T12:25:00,PCI_1,2,797707954.0,63947383.0,895,33,793,6,13,13,66.0,50.0,17.5,13.19
2026-06-13T12:25:00,PCI_2,3,910346385.0,45040117.0,1061,7,797,22,15,12,68.0,45.0,8.32,24.69
2026-06-13T12:25:00,PCI_3,2,874536830.0,55546551.0,1077,33,836,20,12,11,57.0,52.0,7.18,13.26
2026-06-13T12:25:00,PCI_4,3,699076263.0,60133999.0,1069,28,902,23,13,10,61.0,57.0,12.08,10.04
2026-06-13T12:25:00,PCI_5,3,645405468.0,55542341.0,948,34,909,28,15,14,62.0,43.0,6.08,17.57
2026-06-13T12:25:00,PCI_6,2,803487065.0,53639445.0,924,10,965,18,13,14,62.0,44.0,19.57,14.32
2026-06-13T12:25:00,PCI_7,3,807449449.0,57753612.0,1022,33,783,5,8,14,65.0,50.0,11.79,20.66
2026-06-13T12:25:00,PCI_8,3,673399939.0,63456436.0,1053,30,948,26,13,11,70.0,52.0,19.09,9.22
2026-06-13T12:25:00,PCI_9,3,43873016.0,25718365.0,937,25,762,13,13,14,62.0,51.0,24.42,26.16
2026-06-13T12:25:00,PCI_10,2,59771644.0,22926073.0,1031,27,920,20,13,11,61.0,56.0,22.54,11.07
2026-06-13T12:25:00,PCI_11,2,54356580.0,27364312.0,1063,14,757,10,13,9,69.0,49.0,16.2,23.85
2026-06-13T12:25:00,PCI_12,2,54339845.0,32314322.0,1121,36,802,18,12,8,63.0,57.0,13.67,9.31
2026-06-13T12:25:00,PCI_13,3,59854809.0,25282567.0,965,27,697,15,8,15,64.0,43.0,20.78,10.66
2026-06-13T12:25:00,PCI_14,2,59289458.0,25810925.0,936,22,757,11,8,14,67.0,50.0,21.93,19.55
2026-06-13T12:25:00,PCI_15,3,62305479.0,27997615.0,1168,9,762,12,8,10,66.0,49.0,21.2,13.73
2026-06-13T12:25:00,PCI_16,4,61316119.0,24714285.0,1008,19,781,26,13,11,64.0,49.0,8.9,21.51
2026-06-13T12:26:00,PCI_1,3,877651987.0,47211368.0,1092,6,888,13,14,11,64.0,52.0,10.79,19.6
2026-06-13T12:26:00,PCI_2,2,737976195.0,53995973.0,946,24,884,21,9,15,63.0,50.0,7.62,27.59
2026-06-13T12:26:00,PCI_3,3,780096386.0,51427072.0,1068,10,835,15,15,15,63.0,55.0,8.55,17.6
2026-06-13T12:26:00,PCI_4,3,908042167.0,62544086.0,1104,30,919,6,10,14,59.0,52.0,22.85,15.42
2026-06-13T12:26:00,PCI_5,3,850363751.0,54162885.0,1081,9,936,20,15,14,64.0,49.0,8.93,11.27
2026-06-13T12:26:00,PCI_6,3,656270156.0,56116950.0,924,37,920,22,11,11,65.0,49.0,22.75,16.97
2026-06-13T12:26:00,PCI_7,3,903937190.0,59380435.0,962,20,775,8,12,12,62.0,54.0,19.18,22.94
2026-06-13T12:26:00,PCI_8,3,930102502.0,54014027.0,1035,35,870,17,12,12,53.0,44.0,24.53,25.05
2026-06-13T12:26:00,PCI_9,3,50807834.0,34012771.0,1049,24,701,13,15,12,55.0,51.0,7.78,13.17
2026-06-13T12:26:00,PCI_10,3,62537585.0,23932753.0,1100,38,709,15,13,12,60.0,53.0,19.66,21.19
2026-06-13T12:26:00,PCI_11,3,65936212.0,24483486.0,1043,30,777,6,15,8,64.0,44.0,19.85,12.83
2026-06-13T12:26:00,PCI_12,3,52677200.0,26715242.0,1070,26,853,22,13,13,56.0,47.0,8.32,27.17
2026-06-13T12:26:00,PCI_13,3,56736378.0,29190066.0,1124,23,954,13,8,9,59.0,49.0,20.65,14.5
2026-06-13T12:26:00,PCI_14,3,46118767.0,27893744.0,951,18,781,25,10,13,70.0,46.0,19.1,14.44
2026-06-13T12:26:00,PCI_15,3,46772652.0,29452650.0,932,33,810,6,11,14,60.0,54.0,12.37,19.96
2026-06-13T12:26:00,PCI_16,2,63365212.0,28551584.0,905,19,816,5,14,8,52.0,49.0,7.45,25.51
2026-06-13T12:27:00,PCI_1,3,773622121.0,50920899.0,920,22,975,5,11,10,65.0,53.0,16.61,16.62
2026-06-13T12:27:00,PCI_2,3,948220732.0,55136447.0,1029,13,959,3,8,10,62.0,48.0,23.69,17.54
2026-06-13T12:27:00,PCI_3,3,730323217.0,49962832.0,973,33,787,14,13,9,54.0,47.0,16.37,15.34
2026-06-13T12:27:00,PCI_4,2,848641594.0,60554735.0,1047,27,788,13,13,13,59.0,49.0,11.43,23.16
2026-06-13T12:27:00,PCI_5,3,746643326.0,62875370.0,1108,9,692,15,12,11,67.0,44.0,8.15,20.85
2026-06-13T12:27:00,PCI_6,3,969019684.0,60156758.0,1114,6,867,6,14,13,59.0,50.0,10.96,12.32
2026-06-13T12:27:00,PCI_7,2,890398112.0,49207641.0,1110,36,812,15,11,14,58.0,49.0,21.49,8.65
2026-06-13T12:27:00,PCI_8,3,807418831.0,59148575.0,995,28,774,27,8,15,65.0,48.0,10.0,14.88
2026-06-13T12:27:00,PCI_9,4,58415822.0,29602605.0,1156,14,910,29,10,8,61.0,48.0,21.59,9.04
2026-06-13T12:27:00,PCI_10,2,53663248.0,25720678.0,991,5,838,3,14,14,61.0,46.0,15.77,25.8
2026-06-13T12:27:00,PCI_11,3,44522254.0,30633394.0,976,7,963,21,14,11,59.0,48.0,14.44,9.78
2026-06-13T12:27:00,PCI_12,3,45894337.0,24530792.0,1087,29,936,25,13,11,55.0,52.0,14.68,22.92
2026-06-13T12:27:00,PCI_13,2,60567477.0,30884416.0,1096,19,878,19,12,13,65.0,51.0,9.84,27.43
2026-06-13T12:27:00,PCI_14,2,56009546.0,33942371.0,1164,20,803,11,11,13,64.0,51.0,24.79,21.94
2026-06-13T12:27:00,PCI_15,3,44829891.0,24933279.0,1084,11,743,28,12,11,56.0,48.0,15.44,17.18
2026-06-13T12:27:00,PCI_16,2,54976195.0,31022775.0,947,8,926,13,12,12,57.0,48.0,6.98,11.81
2026-06-13T12:28:00,PCI_1,3,765206468.0,52914938.0,865,35,767,17,13,9,63.0,56.0,20.06,14.54
2026-06-13T12:28:00,PCI_2,3,752552746.0,48302548.0,1058,9,778,7,10,14,63.0,48.0,23.77,22.58
2026-06-13T12:28:00,PCI_3,3,844757987.0,61398081.0,883,27,812,7,10,13,58.0,47.0,9.07,12.72
2026-06-13T12:28:00,PCI_4,3,808408394.0,49853224.0,1161,6,801,26,10,14,55.0,47.0,23.15,16.45
2026-06-13T12:28:00,PCI_5,3,874988173.0,49082586.0,1039,34,860,4,8,14,62.0,48.0,14.88,14.26
2026-06-13T12:28:00,PCI_6,3,763456944.0,61945969.0,1166,31,858,16,11,15,68.0,47.0,8.59,16.32
2026-06-13T12:28:00,PCI_7,2,791667052.0,54292217.0,997,14,965,4,13,9,63.0,49.0,12.7,11.63
2026-06-13T12:28:00,PCI_8,4,773102075.0,55373918.0,942,6,777,17,15,15,59.0,47.0,19.65,21.34
2026-06-13T12:28:00,PCI_9,2,52795962.0,32541650.0,886,20,879,17,8,14,60.0,47.0,25.0,20.31
2026-06-13T12:28:00,PCI_10,3,51627582.0,26804891.0,926,29,915,18,9,8,57.0,45.0,23.35,10.32
2026-06-13T12:28:00,PCI_11,3,59208128.0,23746683.0,1098,14,858,18,14,10,64.0,53.0,5.81,19.85
2026-06-13T12:28:00,PCI_12,2,50103779.0,29991006.0,1169,29,697,4,11,8,59.0,51.0,14.46,20.22
2026-06-13T12:28:00,PCI_13,3,57563328.0,25812124.0,1136,27,826,9,10,13,55.0,53.0,22.74,25.83
2026-06-13T12:28:00,PCI_14,3,61806883.0,27158873.0,1142,28,975,3,13,8,58.0,51.0,8.83,18.11
2026-06-13T12:28:00,PCI_15,2,54564346.0,29405680.0,1043,11,710,17,11,12,57.0,47.0,7.58,10.87
2026-06-13T12:28:00,PCI_16,2,57690050.0,29113258.0,1035,16,736,27,8,10,57.0,48.0,18.41,24.68
2026-06-13T12:29:00,PCI_1,3,892843158.0,62716781.0,1105,39,756,10,15,9,67.0,39.0,16.28,9.32
2026-06-13T12:29:00,PCI_2,3,804464273.0,57612705.0,905,38,705,5,13,9,70.0,52.0,11.24,9.67
2026-06-13T12:29:00,PCI_3,3,766315085.0,50365668.0,981,31,778,27,13,10,57.0,49.0,10.12,27.0
2026-06-13T12:29:00,PCI_4,3,811080198.0,62912110.0,931,35,675,28,8,15,64.0,48.0,18.16,19.67
2026-06-13T12:29:00,PCI_5,2,681724334.0,55865959.0,1156,39,691,29,11,8,57.0,45.0,19.53,18.78
2026-06-13T12:29:00,PCI_6,4,849707702.0,54004218.0,927,10,866,21,12,15,52.0,51.0,10.37,27.76
2026-06-13T12:29:00,PCI_7,3,770934566.0,50011816.0,978,35,815,7,9,10,62.0,51.0,8.64,15.31
2026-06-13T12:29:00,PCI_8,3,669505491.0,41179896.0,1168,23,714,17,8,10,63.0,57.0,21.31,16.14
2026-06-13T12:29:00,PCI_9,3,57651626.0,24999617.0,1018,29,881,16,13,12,64.0,47.0,7.09,19.25
2026-06-13T12:29:00,PCI_10,4,56566853.0,29780830.0,1060,6,841,26,11,15,62.0,49.0,6.13,10.69
2026-06-13T12:29:00,PCI_11,3,53436490.0,26308675.0,1184,13,919,23,11,11,68.0,50.0,17.41,18.99
2026-06-13T12:29:00,PCI_12,2,48108164.0,25785848.0,1116,21,845,27,11,14,61.0,57.0,24.55,15.28
2026-06-13T12:29:00,PCI_13,3,57301277.0,28202520.0,1107,30,893,15,9,11,65.0,48.0,18.5,19.67
2026-06-13T12:29:00,PCI_14,3,60917469.0,25079005.0,1063,35,943,27,15,13,62.0,48.0,22.78,9.63
2026-06-13T12:29:00,PCI_15,3,50060188.0,26275023.0,927,29,894,20,12,11,64.0,49.0,18.43,25.55
2026-06-13T12:29:00,PCI_16,3,49894930.0,29529170.0,988,28,978,18,14,9,58.0,47.0,19.82,19.02
2026-06-13T12:30:00,PCI_1,3,746964973.0,54062419.0,1151,36,872,4,15,10,62.0,39.0,20.87,27.96
2026-06-13T12:30:00,PCI_2,4,755129739.0,55031446.0,1125,9,829,27,8,12,51.0,48.0,22.73,13.62
2026-06-13T12:30:00,PCI_3,3,743022175.0,59146542.0,998,26,856,3,12,12,59.0,49.0,6.26,18.05
2026-06-13T12:30:00,PCI_4,3,782660392.0,46469730.0,975,11,722,20,15,10,59.0,45.0,13.55,21.98
2026-06-13T12:30:00,PCI_5,3,819130553.0,51332831.0,1162,36,760,8,15,8,72.0,47.0,21.44,26.34
2026-06-13T12:30:00,PCI_6,3,871935842.0,51629615.0,921,38,911,16,12,12,63.0,48.0,24.89,16.16
2026-06-13T12:30:00,PCI_7,3,829314094.0,48990708.0,1057,8,702,29,8,15,60.0,44.0,18.92,19.91
2026-06-13T12:30:00,PCI_8,2,912406934.0,48738550.0,1067,37,765,16,14,13,63.0,49.0,23.27,12.12
2026-06-13T12:30:00,PCI_9,3,54362282.0,26785853.0,1009,13,681,23,11,8,56.0,52.0,17.02,22.76
2026-06-13T12:30:00,PCI_10,3,52599049.0,25065741.0,1103,16,855,22,12,14,62.0,50.0,19.19,11.14
2026-06-13T12:30:00,PCI_11,3,44747213.0,25962416.0,973,20,861,3,14,11,61.0,51.0,22.77,12.2
2026-06-13T12:30:00,PCI_12,3,60217504.0,27740697.0,1009,24,697,27,15,13,64.0,49.0,15.81,26.66
2026-06-13T12:30:00,PCI_13,3,45126076.0,25672703.0,910,26,846,21,8,10,54.0,53.0,13.01,14.21
2026-06-13T12:30:00,PCI_14,3,55725796.0,30753949.0,1182,16,921,3,13,14,56.0,46.0,6.9,23.38
2026-06-13T12:30:00,PCI_15,2,49925694.0,24210598.0,1136,26,950,6,12,9,63.0,40.0,17.94,20.56
2026-06-13T12:30:00,PCI_16,2,53502029.0,24128509.0,1077,6,747,19,10,9,59.0,48.0,14.35,16.59
2026-06-13T12:31:00,PCI_1,3,817958242.0,54175095.0,1027,12,708,4,14,13,63.0,46.0,10.34,11.15
2026-06-13T12:31:00,PCI_2,3,873184186.0,52239148.0,1152,15,733,3,9,11,63.0,48.0,22.25,21.33
2026-06-13T12:31:00,PCI_3,3,675595482.0,59231235.0,985,29,799,24,15,11,61.0,46.0,6.47,14.32
2026-06-13T12:31:00,PCI_4,3,736401869.0,50591858.0,966,10,993,3,13,11,59.0,46.0,23.22,19.15
2026-06-13T12:31:00,PCI_5,3,780663174.0,59628618.0,1080,10,938,22,10,9,60.0,43.0,5.81,10.27
2026-06-13T12:31:00,PCI_6,4,816409648.0,52230112.0,1151,27,860,29,13,10,58.0,43.0,15.29,20.17
2026-06-13T12:31:00,PCI_7,3,766644029.0,58104961.0,1108,39,799,3,14,13,62.0,46.0,20.95,21.09
2026-06-13T12:31:00,PCI_8,2,880316986.0,54689455.0,929,5,908,25,13,10,60.0,54.0,21.37,23.13
2026-06-13T12:31:00,PCI_9,3,60717987.0,24110689.0,937,28,971,10,10,13,60.0,55.0,12.52,16.09
2026-06-13T12:31:00,PCI_10,3,52541349.0,23349761.0,934,24,797,23,8,11,55.0,45.0,6.57,11.82
2026-06-13T12:31:00,PCI_11,3,49938418.0,22796271.0,1052,39,902,21,10,11,63.0,40.0,12.74,15.39
2026-06-13T12:31:00,PCI_12,3,55394391.0,24529015.0,960,30,896,28,15,11,55.0,51.0,15.96,13.87
2026-06-13T12:31:00,PCI_13,2,61241836.0,26893172.0,953,14,938,12,10,8,65.0,43.0,14.91,9.81
2026-06-13T12:31:00,PCI_14,3,51848918.0,22255693.0,1128,27,972,22,15,10,53.0,47.0,22.85,15.03
2026-06-13T12:31:00,PCI_15,2,51263829.0,26790494.0,1012,21,827,11,10,13,57.0,43.0,19.12,9.85
2026-06-13T12:31:00,PCI_16,3,47103049.0,28760983.0,1057,5,855,25,14,13,72.0,49.0,21.44,23.67
2026-06-13T12:32:00,PCI_1,3,880527359.0,42822950.0,868,32,878,27,12,15,61.0,42.0,12.31,20.32
2026-06-13T12:32:00,PCI_2,3,707677900.0,44817158.0,992,12,767,9,9,11,62.0,49.0,16.17,20.61
2026-06-13T12:32:00,PCI_3,3,837431406.0,55306734.0,964,27,785,14,11,10,60.0,50.0,16.16,9.91
2026-06-13T12:32:00,PCI_4,2,740358322.0,65299949.0,873,38,966,23,8,9,56.0,45.0,5.01,22.32
2026-06-13T12:32:00,PCI_5,3,725132600.0,53112182.0,925,27,784,3,15,10,63.0,47.0,12.0,10.88
2026-06-13T12:32:00,PCI_6,4,847035022.0,54846530.0,927,9,719,18,10,15,61.0,48.0,7.58,12.44
2026-06-13T12:32:00,PCI_7,3,776194023.0,48848861.0,1062,18,959,12,14,10,66.0,55.0,17.02,23.88
2026-06-13T12:32:00,PCI_8,2,875531171.0,49282996.0,991,30,887,28,13,12,65.0,44.0,13.72,15.58
2026-06-13T12:32:00,PCI_9,4,46451781.0,25683797.0,1008,7,940,3,13,10,65.0,42.0,11.3,26.15
2026-06-13T12:32:00,PCI_10,3,56057771.0,27347932.0,1094,19,722,9,9,11,59.0,50.0,10.89,21.72
2026-06-13T12:32:00,PCI_11,3,49156678.0,24507886.0,1012,31,765,28,10,12,61.0,46.0,6.73,21.3
2026-06-13T12:32:00,PCI_12,4,50703268.0,21477313.0,1019,37,947,14,9,8,63.0,41.0,5.27,20.86
2026-06-13T12:32:00,PCI_13,2,56508686.0,24379584.0,891,32,909,11,15,13,56.0,48.0,21.1,12.95
2026-06-13T12:32:00,PCI_14,4,46642298.0,24422746.0,1030,32,738,23,14,9,66.0,46.0,16.35,21.09
2026-06-13T12:32:00,PCI_15,2,53836908.0,24265676.0,927,31,907,19,13,10,60.0,48.0,7.08,13.39
2026-06-13T12:32:00,PCI_16,3,58178840.0,30083476.0,1022,24,715,29,9,11,56.0,47.0,13.2,15.29
2026-06-13T12:33:00,PCI_1,4,932119824.0,47898329.0,920,7,786,27,11,8,63.0,50.0,13.12,23.43
2026-06-13T12:33:00,PCI_2,3,702913897.0,50496088.0,1054,37,866,3,11,11,59.0,44.0,13.06,8.62
2026-06-13T12:33:00,PCI_3,3,803299138.0,46188115.0,1045,8,836,9,14,8,64.0,41.0,8.26,8.77
2026-06-13T12:33:00,PCI_4,3,841513165.0,42547895.0,1165,29,781,18,13,13,57.0,47.0,15.53,13.11
2026-06-13T12:33:00,PCI_5,3,721822950.0,53347179.0,1160,35,875,25,8,13,63.0,43.0,5.74,21.0
2026-06-13T12:33:00,PCI_6,3,908260141.0,51097942.0,1041,7,765,27,10,9,60.0,49.0,23.59,13.01
2026-06-13T12:33:00,PCI_7,3,850013725.0,50908504.0,1071,39,723,8,13,14,61.0,50.0,11.04,18.07
2026-06-13T12:33:00,PCI_8,3,746992660.0,53358555.0,978,11,910,6,14,10,64.0,48.0,14.18,12.25
2026-06-13T12:33:00,PCI_9,3,46766814.0,28077569.0,986,5,708,18,9,10,65.0,41.0,21.97,25.2
2026-06-13T12:33:00,PCI_10,2,55325462.0,30195165.0,973,28,735,8,8,14,68.0,48.0,24.21,10.83
2026-06-13T12:33:00,PCI_11,2,55952001.0,27487225.0,867,36,730,26,11,15,58.0,43.0,20.67,18.41
2026-06-13T12:33:00,PCI_12,3,62587497.0,20855006.0,950,9,966,8,15,13,57.0,42.0,20.98,14.18
2026-06-13T12:33:00,PCI_13,2,52854282.0,26367245.0,995,31,793,5,9,11,59.0,46.0,12.53,8.95
2026-06-13T12:33:00,PCI_14,2,54789659.0,28181965.0,1117,26,930,25,10,8,56.0,51.0,14.88,11.98
2026-06-13T12:33:00,PCI_15,2,61759821.0,22737562.0,1108,27,782,9,11,15,59.0,49.0,16.06,9.84
2026-06-13T12:33:00,PCI_16,3,57596364.0,23376070.0,986,16,848,28,9,14,66.0,43.0,11.04,20.91
2026-06-13T12:34:00,PCI_1,3,834721871.0,53228438.0,1111,20,956,18,13,11,56.0,43.0,18.78,25.49
2026-06-13T12:34:00,PCI_2,4,819314342.0,54494153.0,1091,14,723,15,10,9,65.0,50.0,24.3,23.18
2026-06-13T12:34:00,PCI_3,2,849006310.0,54422816.0,1078,21,758,6,14,13,55.0,51.0,12.02,27.13
2026-06-13T12:34:00,PCI_4,3,672506284.0,56983513.0,1148,10,981,9,8,12,64.0,45.0,17.38,9.97
2026-06-13T12:34:00,PCI_5,4,757143172.0,49874165.0,976,13,979,20,9,13,59.0,47.0,8.38,21.57
2026-06-13T12:34:00,PCI_6,3,690842874.0,44857916.0,1029,37,886,28,12,12,58.0,56.0,23.44,13.38
2026-06-13T12:34:00,PCI_7,2,680259408.0,47102845.0,1111,9,774,29,15,12,58.0,46.0,13.13,9.5
2026-06-13T12:34:00,PCI_8,3,848005465.0,46265210.0,961,19,718,24,12,8,64.0,55.0,19.89,21.49
2026-06-13T12:34:00,PCI_9,4,59037081.0,24796353.0,1109,7,922,24,10,10,52.0,47.0,18.08,10.71
2026-06-13T12:34:00,PCI_10,3,59033072.0,25880868.0,885,22,922,5,9,11,67.0,45.0,5.86,24.52
2026-06-13T12:34:00,PCI_11,2,56006472.0,26287344.0,1021,19,838,14,14,14,65.0,49.0,15.36,17.42
2026-06-13T12:34:00,PCI_12,2,54377902.0,25515615.0,927,28,858,6,15,10,57.0,47.0,19.63,15.86
2026-06-13T12:34:00,PCI_13,2,59178811.0,25453454.0,1097,38,849,19,13,13,59.0,51.0,12.43,24.22
2026-06-13T12:34:00,PCI_14,3,57146911.0,24367128.0,1110,19,690,29,12,13,64.0,52.0,19.98,26.84
2026-06-13T12:34:00,PCI_15,3,56943511.0,29068172.0,974,8,836,3,12,12,60.0,45.0,22.99,10.42
2026-06-13T12:34:00,PCI_16,3,47569431.0,23487243.0,964,13,799,23,13,9,50.0,48.0,20.27,14.66
2026-06-13T12:35:00,PCI_1,2,727100838.0,60255846.0,915,38,757,15,10,15,64.0,40.0,22.39,11.17
2026-06-13T12:35:00,PCI_2,3,862751776.0,50363808.0,918,31,826,17,9,11,59.0,44.0,19.9,13.32
2026-06-13T12:35:00,PCI_3,3,811811839.0,59753552.0,1132,26,971,3,14,10,60.0,39.0,12.27,24.21
2026-06-13T12:35:00,PCI_4,4,720376767.0,53969410.0,1185,13,746,27,11,13,59.0,48.0,16.47,10.05
2026-06-13T12:35:00,PCI_5,3,676820381.0,53498182.0,939,21,850,13,11,11,62.0,56.0,5.34,18.58
2026-06-13T12:35:00,PCI_6,3,753557073.0,51028036.0,1015,11,764,26,11,9,67.0,47.0,18.16,18.51
2026-06-13T12:35:00,PCI_7,2,795312960.0,46234338.0,980,17,796,8,10,12,57.0,48.0,14.59,24.2
2026-06-13T12:35:00,PCI_8,3,599439403.0,48467053.0,1060,26,762,26,9,15,70.0,41.0,15.51,20.78
2026-06-13T12:35:00,PCI_9,3,62395133.0,23918500.0,1006,38,775,25,9,12,64.0,44.0,15.45,20.79
2026-06-13T12:35:00,PCI_10,3,47895416.0,25859522.0,1084,37,748,23,13,9,65.0,50.0,21.43,26.95
2026-06-13T12:35:00,PCI_11,3,53299485.0,24864437.0,1046,12,697,19,15,10,61.0,56.0,6.1,18.25
2026-06-13T12:35:00,PCI_12,3,50111145.0,29050777.0,1136,5,706,13,8,14,66.0,44.0,13.03,25.26
2026-06-13T12:35:00,PCI_13,2,55346658.0,24666405.0,936,29,717,10,14,12,63.0,46.0,7.12,22.72
2026-06-13T12:35:00,PCI_14,3,49228757.0,25515829.0,984,22,833,5,11,11,59.0,49.0,17.36,27.51
2026-06-13T12:35:00,PCI_15,3,49801530.0,22852312.0,1019,19,923,12,8,12,58.0,47.0,11.44,16.5
2026-06-13T12:35:00,PCI_16,3,54400021.0,28221608.0,883,39,924,3,14,14,61.0,47.0,12.4,24.17
2026-06-13T12:36:00,PCI_1,3,738278262.0,53047326.0,1088,28,778,7,14,14,59.0,53.0,22.05,9.01
2026-06-13T12:36:00,PCI_2,2,673626460.0,46708963.0,1050,13,866,14,12,10,60.0,51.0,22.86,23.4
2026-06-13T12:36:00,PCI_3,3,796672165.0,63167603.0,1150,12,814,18,11,15,55.0,48.0,18.36,8.99
2026-06-13T12:36:00,PCI_4,3,774730754.0,54305768.0,881,30,962,23,11,14,52.0,42.0,24.9,8.01
2026-06-13T12:36:00,PCI_5,3,766208773.0,41867681.0,1063,12,963,3,12,13,60.0,44.0,23.11,25.2
2026-06-13T12:36:00,PCI_6,3,862294241.0,57072558.0,1123,35,775,25,13,14,65.0,45.0,5.95,21.52
2026-06-13T12:36:00,PCI_7,2,679234634.0,56738054.0,1160,11,885,17,14,13,55.0,51.0,7.72,16.97
2026-06-13T12:36:00,PCI_8,3,932740526.0,55077864.0,1167,27,873,26,12,11,59.0,45.0,21.5,15.72
2026-06-13T12:36:00,PCI_9,2,46634157.0,22709314.0,886,35,857,4,14,14,54.0,43.0,17.81,20.98
2026-06-13T12:36:00,PCI_10,4,45774705.0,29947642.0,1165,20,771,16,9,15,61.0,53.0,16.65,10.47
2026-06-13T12:36:00,PCI_11,3,42100843.0,27515824.0,918,19,700,11,14,8,62.0,46.0,9.87,20.51
2026-06-13T12:36:00,PCI_12,3,54828707.0,21304209.0,1036,26,972,26,10,13,65.0,43.0,16.8,27.57
2026-06-13T12:36:00,PCI_13,2,48167266.0,24890673.0,929,31,863,26,13,12,55.0,50.0,18.85,26.48
2026-06-13T12:36:00,PCI_14,3,58448125.0,23009184.0,1009,15,695,5,9,8,59.0,46.0,20.1,15.92
2026-06-13T12:36:00,PCI_15,3,55117290.0,28945555.0,989,21,814,28,12,10,55.0,48.0,16.66,24.84
2026-06-13T12:36:00,PCI_16,3,46617385.0,29804120.0,1007,18,914,28,9,9,63.0,41.0,21.55,24.75
2026-06-13T12:37:00,PCI_1,3,921952001.0,54525384.0,1158,14,803,20,13,8,55.0,45.0,10.94,14.24
2026-06-13T12:37:00,PCI_2,3,872548937.0,47076874.0,951,36,798,19,15,15,65.0,50.0,17.9,27.81
2026-06-13T12:37:00,PCI_3,3,870170631.0,49117510.0,990,34,725,18,15,12,66.0,55.0,12.18,17.01
2026-06-13T12:37:00,PCI_4,3,731790137.0,48392088.0,1021,7,761,7,8,15,64.0,45.0,18.56,26.65
2026-06-13T12:37:00,PCI_5,3,715954911.0,54839817.0,1019,28,928,10,11,15,57.0,45.0,17.01,20.69
2026-06-13T12:37:00,PCI_6,3,734201332.0,56669224.0,935,31,828,17,9,13,59.0,40.0,9.29,12.75
2026-06-13T12:37:00,PCI_7,4,794987386.0,51891820.0,958,29,693,24,11,8,59.0,46.0,19.33,22.83
2026-06-13T12:37:00,PCI_8,3,849233980.0,52463975.0,1044,34,707,8,8,13,63.0,44.0,14.76,26.26
2026-06-13T12:37:00,PCI_9,4,40845619.0,25013641.0,1068,8,788,10,15,11,60.0,52.0,16.37,15.03
2026-06-13T12:37:00,PCI_10,3,41188336.0,27343944.0,916,22,844,22,14,12,61.0,47.0,17.05,15.04
2026-06-13T12:37:00,PCI_11,3,40438473.0,22332335.0,1115,28,756,7,9,11,56.0,55.0,17.27,16.89
2026-06-13T12:37:00,PCI_12,3,44341462.0,26809525.0,915,36,936,7,11,8,63.0,41.0,14.22,14.88
2026-06-13T12:37:00,PCI_13,3,50879044.0,23674932.0,1050,19,953,24,13,14,59.0,51.0,16.44,11.78
2026-06-13T12:37:00,PCI_14,3,52949980.0,24857598.0,1075,36,910,24,12,14,63.0,47.0,5.53,21.74
2026-06-13T12:37:00,PCI_15,3,52373848.0,25058448.0,1173,14,893,6,8,15,55.0,45.0,19.87,25.33
2026-06-13T12:37:00,PCI_16,2,50348739.0,24236128.0,996,24,937,29,14,15,59.0,43.0,9.85,24.43
2026-06-13T12:38:00,PCI_1,3,657786854.0,56318601.0,992,35,952,8,11,8,60.0,46.0,14.03,27.83
2026-06-13T12:38:00,PCI_2,3,738633123.0,51023777.0,1168,21,756,13,9,8,57.0,40.0,12.06,22.91
2026-06-13T12:38:00,PCI_3,3,711757053.0,60909182.0,1128,13,706,23,9,14,62.0,44.0,19.24,27.64
2026-06-13T12:38:00,PCI_4,3,731675675.0,50934952.0,1106,21,947,12,8,8,54.0,47.0,15.69,11.31
2026-06-13T12:38:00,PCI_5,2,762579027.0,37240200.0,956,11,842,4,14,11,63.0,50.0,5.71,24.78
2026-06-13T12:38:00,PCI_6,3,829155868.0,49610505.0,990,24,823,24,15,13,65.0,44.0,22.89,22.09
2026-06-13T12:38:00,PCI_7,3,749002954.0,43250233.0,1027,9,700,9,9,13,55.0,40.0,20.43,21.75
2026-06-13T12:38:00,PCI_8,2,780336208.0,54238789.0,907,29,993,5,14,14,56.0,46.0,21.76,8.45
2026-06-13T12:38:00,PCI_9,3,55489420.0,27410648.0,994,11,700,8,15,12,61.0,50.0,14.97,14.44
2026-06-13T12:38:00,PCI_10,2,44274476.0,26711998.0,1105,26,764,27,10,12,68.0,52.0,7.96,15.15
2026-06-13T12:38:00,PCI_11,3,46673579.0,24719357.0,905,26,899,9,12,9,62.0,38.0,19.06,12.13
2026-06-13T12:38:00,PCI_12,2,46660324.0,23592016.0,1019,20,790,23,15,13,61.0,52.0,21.62,23.12
2026-06-13T12:38:00,PCI_13,4,55196039.0,25544644.0,1018,37,899,14,15,14,68.0,48.0,22.5,17.91
2026-06-13T12:38:00,PCI_14,4,46794883.0,21331428.0,1011,6,854,15,8,14,63.0,44.0,11.07,18.64
2026-06-13T12:38:00,PCI_15,3,55749147.0,27184013.0,951,15,910,3,13,14,57.0,47.0,21.92,25.57
2026-06-13T12:38:00,PCI_16,3,54946445.0,24947607.0,1111,27,743,19,12,15,60.0,48.0,22.84,22.23
2026-06-13T12:39:00,PCI_1,3,676518126.0,47010769.0,1087,23,752,25,13,8,53.0,44.0,20.23,11.73
2026-06-13T12:39:00,PCI_2,2,913502026.0,50876147.0,905,31,917,20,12,8,59.0,43.0,15.98,16.12
2026-06-13T12:39:00,PCI_3,3,801933437.0,50185601.0,1140,15,700,25,8,15,62.0,45.0,15.43,11.59
2026-06-13T12:39:00,PCI_4,3,665626861.0,44513715.0,975,6,788,7,11,8,63.0,50.0,8.63,17.23
2026-06-13T12:39:00,PCI_5,3,783229092.0,53655590.0,1159,14,910,9,14,9,61.0,55.0,16.21,22.22
2026-06-13T12:39:00,PCI_6,2,715882813.0,51268102.0,1093,7,729,22,14,10,65.0,53.0,18.72,21.78
2026-06-13T12:39:00,PCI_7,2,695873928.0,59316209.0,970,12,826,12,10,8,61.0,51.0,15.43,18.87
2026-06-13T12:39:00,PCI_8,3,838979937.0,53533931.0,987,22,854,12,9,11,56.0,54.0,10.91,15.48
2026-06-13T12:39:00,PCI_9,3,52826398.0,26606099.0,1106,28,745,27,8,12,63.0,46.0,19.23,19.16
2026-06-13T12:39:00,PCI_10,2,52180622.0,24258447.0,1057,8,862,23,12,10,55.0,38.0,20.34,12.81
2026-06-13T12:39:00,PCI_11,2,52186927.0,26766693.0,1013,22,728,9,11,12,63.0,43.0,12.21,18.6
2026-06-13T12:39:00,PCI_12,4,45858042.0,25509123.0,1033,37,904,13,9,13,59.0,43.0,13.85,13.39
2026-06-13T12:39:00,PCI_13,3,49536721.0,25515662.0,1043,18,836,18,14,15,64.0,42.0,5.79,15.47
2026-06-13T12:39:00,PCI_14,3,50625452.0,31217956.0,881,30,961,16,14,9,52.0,41.0,24.53,19.63
2026-06-13T12:39:00,PCI_15,3,57353170.0,24543123.0,973,22,833,3,13,11,64.0,51.0,6.77,13.07
2026-06-13T12:39:00,PCI_16,3,52658841.0,25422467.0,907,12,698,27,15,13,51.0,46.0,23.76,11.84
2026-06-13T12:40:00,PCI_1,2,595152662.0,44198635.0,1166,5,762,3,15,14,61.0,47.0,21.5,18.2
2026-06-13T12:40:00,PCI_2,3,820160961.0,54652590.0,933,35,798,28,8,14,57.0,43.0,9.45,11.26
2026-06-13T12:40:00,PCI_3,2,826381780.0,51063312.0,1127,12,784,21,9,12,54.0,41.0,24.14,20.77
2026-06-13T12:40:00,PCI_4,2,647785405.0,43499983.0,1136,30,753,6,10,12,63.0,41.0,22.72,23.86
2026-06-13T12:40:00,PCI_5,3,655340723.0,50552422.0,1053,10,899,22,15,8,60.0,51.0,22.79,25.9
2026-06-13T12:40:00,PCI_6,3,819247362.0,47365928.0,1093,14,984,3,13,11,52.0,45.0,24.5,21.2
2026-06-13T12:40:00,PCI_7,2,735509604.0,37323471.0,931,33,864,28,14,8,52.0,51.0,18.95,18.42
2026-06-13T12:40:00,PCI_8,3,729060943.0,49514803.0,960,16,901,28,9,14,69.0,51.0,12.7,18.34
2026-06-13T12:40:00,PCI_9,3,48257634.0,22349092.0,1068,16,937,19,13,13,55.0,47.0,15.26,20.65
2026-06-13T12:40:00,PCI_10,3,43967614.0,27814219.0,887,39,895,7,10,10,69.0,50.0,5.48,12.53
2026-06-13T12:40:00,PCI_11,2,41017831.0,26668656.0,1111,21,872,15,9,12,53.0,55.0,19.22,24.56
2026-06-13T12:40:00,PCI_12,4,52437638.0,24924266.0,1147,24,954,26,11,12,62.0,53.0,19.13,26.46
2026-06-13T12:40:00,PCI_13,3,59072316.0,22995473.0,926,6,739,21,9,14,59.0,48.0,20.72,20.92
2026-06-13T12:40:00,PCI_14,2,44540777.0,21163573.0,914,12,856,7,12,9,61.0,48.0,10.57,24.46
2026-06-13T12:40:00,PCI_15,3,52884196.0,27854868.0,1186,5,752,25,11,9,55.0,40.0,23.19,17.62
2026-06-13T12:40:00,PCI_16,2,53320227.0,24455003.0,1168,25,858,12,8,12,59.0,42.0,10.93,16.97
2026-06-13T12:41:00,PCI_1,3,823782238.0,45188344.0,934,33,724,8,12,12,59.0,43.0,7.69,10.99
2026-06-13T12:41:00,PCI_2,4,738491788.0,46935193.0,1045,5,913,7,12,15,60.0,44.0,24.54,22.72
2026-06-13T12:41:00,PCI_3,3,683212566.0,55862135.0,1147,29,956,24,8,15,52.0,44.0,15.98,27.76
2026-06-13T12:41:00,PCI_4,3,776371217.0,59388126.0,1160,30,931,22,13,15,60.0,46.0,5.86,9.59
2026-06-13T12:41:00,PCI_5,2,792521829.0,50280529.0,1088,22,953,20,15,15,60.0,48.0,12.59,12.69
2026-06-13T12:41:00,PCI_6,3,588497138.0,50378287.0,1129,35,851,5,11,9,53.0,50.0,8.31,26.51
2026-06-13T12:41:00,PCI_7,2,638764658.0,50177386.0,1144,13,907,15,8,14,56.0,39.0,12.35,22.46
2026-06-13T12:41:00,PCI_8,2,800574077.0,52251432.0,1172,27,709,5,14,11,59.0,46.0,14.96,20.07
2026-06-13T12:41:00,PCI_9,3,49948298.0,23560150.0,1106,19,742,19,10,8,60.0,47.0,7.6,20.28
2026-06-13T12:41:00,PCI_10,3,48837665.0,25420950.0,971,34,976,17,15,15,52.0,50.0,21.59,9.05
2026-06-13T12:41:00,PCI_11,3,51422463.0,22215285.0,1098,29,771,24,15,15,62.0,56.0,20.59,14.15
2026-06-13T12:41:00,PCI_12,3,52157806.0,25157553.0,974,21,745,15,15,8,53.0,50.0,6.07,24.01
2026-06-13T12:41:00,PCI_13,3,47245663.0,25307528.0,959,16,863,4,11,8,61.0,48.0,19.65,25.68
2026-06-13T12:41:00,PCI_14,4,51305267.0,22827917.0,1058,14,860,16,8,12,53.0,43.0,5.69,27.35
2026-06-13T12:41:00,PCI_15,3,55707304.0,27118703.0,1018,24,743,10,13,14,57.0,51.0,18.42,9.15
2026-06-13T12:41:00,PCI_16,2,50592346.0,26129940.0,1109,8,832,28,8,12,57.0,45.0,6.42,9.17
2026-06-13T12:42:00,PCI_1,3,796275318.0,42201927.0,1164,15,760,21,14,11,54.0,43.0,14.26,22.05
2026-06-13T12:42:00,PCI_2,3,745702049.0,45930464.0,986,14,846,19,8,12,59.0,42.0,5.9,26.94
2026-06-13T12:42:00,PCI_3,2,737238211.0,45553372.0,1013,13,818,13,12,13,56.0,45.0,20.45,27.22
2026-06-13T12:42:00,PCI_4,2,841349092.0,44962169.0,1014,5,756,13,14,11,58.0,42.0,20.19,18.27
2026-06-13T12:42:00,PCI_5,3,800744001.0,46518186.0,981,39,847,28,8,11,56.0,52.0,10.31,13.84
2026-06-13T12:42:00,PCI_6,2,710799823.0,55557153.0,1109,10,738,8,11,15,56.0,47.0,21.65,26.53
2026-06-13T12:42:00,PCI_7,2,568348773.0,45301134.0,1059,34,724,6,9,14,55.0,40.0,22.92,15.63
2026-06-13T12:42:00,PCI_8,2,753074421.0,47359377.0,911,31,924,10,15,10,55.0,49.0,12.42,18.81
2026-06-13T12:42:00,PCI_9,2,51274337.0,28885123.0,1075,6,691,26,11,9,64.0,43.0,19.83,8.56
2026-06-13T12:42:00,PCI_10,3,54786458.0,21606087.0,1055,13,834,20,12,14,57.0,41.0,17.36,23.48
2026-06-13T12:42:00,PCI_11,3,54602465.0,25916662.0,966,14,818,13,12,9,62.0,44.0,9.47,13.31
2026-06-13T12:42:00,PCI_12,3,64232301.0,26844668.0,1162,13,814,24,12,10,57.0,43.0,12.76,13.97
2026-06-13T12:42:00,PCI_13,3,49829946.0,28398096.0,1115,15,684,17,12,9,60.0,47.0,19.39,8.27
2026-06-13T12:42:00,PCI_14,2,52050702.0,24277730.0,924,32,858,13,13,12,53.0,43.0,9.28,13.78
2026-06-13T12:42:00,PCI_15,2,54135156.0,26607528.0,1004,32,943,6,13,12,59.0,50.0,14.01,25.82
2026-06-13T12:42:00,PCI_16,4,52133982.0,23514293.0,920,11,740,10,13,9,56.0,47.0,6.8,19.34
2026-06-13T12:43:00,PCI_1,2,817559185.0,55101889.0,1137,32,831,17,13,10,60.0,42.0,6.82,16.87
2026-06-13T12:43:00,PCI_2,3,793505714.0,44496770.0,987,5,899,13,12,9,52.0,46.0,15.38,17.66
2026-06-13T12:43:00,PCI_3,3,629919030.0,49000662.0,1100,35,737,26,9,12,63.0,47.0,22.78,24.04
2026-06-13T12:43:00,PCI_4,3,512890615.0,48368558.0,952,39,728,27,12,8,58.0,48.0,12.58,8.36
2026-06-13T12:43:00,PCI_5,3,709518247.0,40075786.0,973,38,893,24,9,14,64.0,44.0,22.54,26.26
2026-06-13T12:43:00,PCI_6,3,838749349.0,58337824.0,1144,32,768,23,13,8,61.0,35.0,14.92,16.97
2026-06-13T12:43:00,PCI_7,1,822285154.0,46963153.0,1185,9,903,24,8,13,50.0,44.0,15.73,22.13
2026-06-13T12:43:00,PCI_8,3,753150987.0,59237945.0,1174,19,959,25,15,9,64.0,45.0,22.95,20.66
2026-06-13T12:43:00,PCI_9,2,55461078.0,25518353.0,1018,34,925,27,11,13,63.0,44.0,23.42,13.84
2026-06-13T12:43:00,PCI_10,3,47319729.0,26879038.0,1014,14,739,15,12,9,62.0,49.0,8.79,13.76
2026-06-13T12:43:00,PCI_11,2,42533855.0,26975406.0,1015,30,750,14,12,13,55.0,43.0,5.2,20.72
2026-06-13T12:43:00,PCI_12,4,51547717.0,24681251.0,874,30,987,8,10,11,60.0,47.0,20.98,11.73
2026-06-13T12:43:00,PCI_13,2,44387638.0,25558189.0,1160,18,918,4,11,11,60.0,48.0,5.58,11.43
2026-06-13T12:43:00,PCI_14,3,53207262.0,25475308.0,879,28,834,10,10,11,56.0,38.0,17.83,12.06
2026-06-13T12:43:00,PCI_15,3,48319501.0,25504967.0,1072,7,835,13,12,9,64.0,44.0,18.81,14.89
2026-06-13T12:43:00,PCI_16,2,43179390.0,23463937.0,1099,32,885,25,15,13,51.0,48.0,6.6,14.01
2026-06-13T12:44:00,PCI_1,3,678449332.0,41167553.0,972,19,773,17,10,11,55.0,48.0,14.63,21.15
2026-06-13T12:44:00,PCI_2,1,752922415.0,50434197.0,1180,15,971,26,12,11,57.0,48.0,15.87,26.65
2026-06-13T12:44:00,PCI_3,2,680530010.0,56106579.0,1119,17,879,11,14,8,63.0,50.0,19.59,20.69
2026-06-13T12:44:00,PCI_4,3,577200837.0,41055584.0,1013,14,786,17,14,9,53.0,44.0,11.76,27.67
2026-06-13T12:44:00,PCI_5,3,779328728.0,52329208.0,995,13,850,21,11,11,56.0,43.0,6.67,22.11
2026-06-13T12:44:00,PCI_6,2,710250249.0,40818799.0,872,39,950,29,14,8,53.0,45.0,23.34,17.95
2026-06-13T12:44:00,PCI_7,2,716740023.0,57864815.0,998,30,795,16,14,10,51.0,42.0,15.61,23.08
2026-06-13T12:44:00,PCI_8,3,753321974.0,44631724.0,1153,24,986,3,8,10,59.0,53.0,19.34,20.69
2026-06-13T12:44:00,PCI_9,3,53535807.0,22461590.0,1137,13,759,8,11,13,64.0,47.0,13.49,24.58
2026-06-13T12:44:00,PCI_10,3,58185993.0,21886874.0,967,20,730,28,9,11,63.0,49.0,7.85,23.99
2026-06-13T12:44:00,PCI_11,4,48361838.0,22444814.0,1060,37,930,20,13,13,56.0,47.0,7.71,12.9
2026-06-13T12:44:00,PCI_12,3,48476949.0,26560155.0,1025,26,740,6,11,10,52.0,39.0,23.1,13.88
2026-06-13T12:44:00,PCI_13,3,46787273.0,23403148.0,894,9,871,25,11,11,61.0,49.0,12.87,24.26
2026-06-13T12:44:00,PCI_14,3,52967207.0,24018597.0,892,33,818,22,9,10,61.0,47.0,22.88,22.17
2026-06-13T12:44:00,PCI_15,2,47137247.0,24160460.0,1177,12,805,4,9,8,57.0,45.0,20.11,16.5
2026-06-13T12:44:00,PCI_16,2,49953620.0,27683428.0,888,30,916,11,13,8,58.0,32.0,6.62,19.94
2026-06-13T12:45:00,PCI_1,3,753598719.0,51805511.0,1100,8,823,21,9,11,56.0,39.0,8.53,12.51
2026-06-13T12:45:00,PCI_2,2,630373283.0,51449755.0,972,27,795,11,10,14,52.0,49.0,6.92,26.62
2026-06-13T12:45:00,PCI_3,2,717712402.0,50908559.0,1062,28,781,24,15,9,58.0,47.0,19.99,22.7
2026-06-13T12:45:00,PCI_4,3,765109191.0,45134368.0,1075,26,708,25,15,8,56.0,42.0,14.74,16.15
2026-06-13T12:45:00,PCI_5,3,694381253.0,51468028.0,1113,32,935,3,13,14,53.0,40.0,15.81,18.84
2026-06-13T12:45:00,PCI_6,3,798946934.0,49247810.0,1082,13,862,17,8,10,54.0,50.0,11.38,25.66
2026-06-13T12:45:00,PCI_7,3,632022621.0,54087783.0,1080,7,704,21,13,15,53.0,43.0,17.22,13.68
2026-06-13T12:45:00,PCI_8,3,558634457.0,54075961.0,889,33,802,25,10,13,60.0,51.0,11.55,19.54
2026-06-13T12:45:00,PCI_9,3,47501540.0,23813848.0,1039,38,981,13,12,12,62.0,38.0,22.79,22.88
2026-06-13T12:45:00,PCI_10,2,50326797.0,26767957.0,1167,18,733,10,10,12,61.0,45.0,12.07,22.53
2026-06-13T12:45:00,PCI_11,3,56965908.0,23620978.0,1088,26,731,9,13,15,55.0,48.0,17.75,19.11
2026-06-13T12:45:00,PCI_12,2,43202540.0,27027636.0,982,15,760,17,15,14,53.0,50.0,22.84,10.47
2026-06-13T12:45:00,PCI_13,2,41726608.0,25332278.0,874,29,845,13,11,11,56.0,50.0,21.31,22.08
2026-06-13T12:45:00,PCI_14,3,48757118.0,20760216.0,1151,16,780,17,11,12,60.0,45.0,7.68,24.14
2026-06-13T12:45:00,PCI_15,3,47493206.0,24718505.0,1004,5,843,14,11,12,62.0,48.0,15.46,21.94
2026-06-13T12:45:00,PCI_16,2,40513309.0,28491417.0,1045,29,947,12,12,8,59.0,41.0,6.91,17.68
2026-06-13T12:46:00,PCI_1,3,694021435.0,44512704.0,877,31,725,19,12,12,52.0,37.0,14.3,20.19
2026-06-13T12:46:00,PCI_2,3,678770738.0,54860521.0,931,27,890,19,13,15,56.0,45.0,22.18,27.35
2026-06-13T12:46:00,PCI_3,2,537219412.0,36897432.0,964,21,826,16,10,13,54.0,45.0,21.88,18.85
2026-06-13T12:46:00,PCI_4,3,869099413.0,47511755.0,1028,5,707,3,8,10,54.0,47.0,19.77,13.41
2026-06-13T12:46:00,PCI_5,2,737588320.0,47424969.0,1154,29,764,18,15,15,58.0,48.0,10.63,25.08
2026-06-13T12:46:00,PCI_6,3,719305291.0,50786491.0,907,17,981,18,10,9,53.0,44.0,17.97,11.84
2026-06-13T12:46:00,PCI_7,3,623194372.0,54186186.0,861,39,958,14,9,10,56.0,44.0,9.28,24.78
2026-06-13T12:46:00,PCI_8,3,661608134.0,44053062.0,863,39,717,12,15,12,53.0,47.0,6.06,14.43
2026-06-13T12:46:00,PCI_9,3,45306627.0,23250533.0,987,31,814,21,15,9,61.0,42.0,13.2,16.87
2026-06-13T12:46:00,PCI_10,3,52452057.0,23599661.0,976,6,726,25,15,15,58.0,44.0,16.38,9.11
2026-06-13T12:46:00,PCI_11,3,56793537.0,27392622.0,1046,12,749,15,8,12,59.0,45.0,18.56,15.43
2026-06-13T12:46:00,PCI_12,3,46662169.0,22002850.0,1005,27,989,9,11,11,57.0,40.0,11.04,13.56
2026-06-13T12:46:00,PCI_13,2,34127000.0,24201459.0,900,18,832,17,14,15,52.0,46.0,13.15,21.24
2026-06-13T12:46:00,PCI_14,3,53802178.0,25091835.0,1184,9,734,18,9,11,59.0,44.0,10.04,19.93
2026-06-13T12:46:00,PCI_15,3,50245132.0,27958687.0,1037,36,706,20,10,9,58.0,47.0,15.38,11.25
2026-06-13T12:46:00,PCI_16,3,44291507.0,24308088.0,952,13,895,6,12,13,59.0,45.0,6.66,20.15
2026-06-13T12:47:00,PCI_1,3,814550241.0,42760065.0,890,29,699,11,9,12,59.0,39.0,21.75,10.2
2026-06-13T12:47:00,PCI_2,4,812069007.0,48752895.0,1027,13,833,10,11,13,52.0,37.0,6.76,13.89
2026-06-13T12:47:00,PCI_3,2,782416115.0,51724415.0,964,5,731,10,14,11,58.0,40.0,14.98,11.81
2026-06-13T12:47:00,PCI_4,3,709358978.0,43685351.0,1038,15,773,29,15,14,60.0,47.0,8.16,15.32
2026-06-13T12:47:00,PCI_5,2,631745610.0,38010370.0,1128,25,926,12,13,8,50.0,47.0,22.85,22.43
2026-06-13T12:47:00,PCI_6,2,826812350.0,53759614.0,1070,13,888,21,13,15,54.0,45.0,12.64,23.16
2026-06-13T12:47:00,PCI_7,2,793266014.0,56248523.0,911,10,873,26,14,9,62.0,51.0,17.7,17.58
2026-06-13T12:47:00,PCI_8,2,607852737.0,50074191.0,1029,24,972,25,14,9,60.0,41.0,9.23,21.16
2026-06-13T12:47:00,PCI_9,2,54846953.0,20598989.0,939,37,822,7,12,8,57.0,46.0,16.3,17.23
2026-06-13T12:47:00,PCI_10,3,51238209.0,25238636.0,930,39,780,22,14,8,55.0,39.0,6.45,15.77
2026-06-13T12:47:00,PCI_11,2,49876648.0,26153490.0,1004,13,721,16,15,10,47.0,48.0,6.95,26.94
2026-06-13T12:47:00,PCI_12,2,50477437.0,24103910.0,886,33,883,18,13,13,55.0,47.0,22.19,18.37
2026-06-13T12:47:00,PCI_13,2,43820372.0,23163262.0,876,29,955,10,8,12,56.0,50.0,23.44,13.26
2026-06-13T12:47:00,PCI_14,3,50860397.0,24165589.0,1067,11,942,7,8,14,54.0,48.0,14.73,23.42
2026-06-13T12:47:00,PCI_15,3,54480179.0,22023536.0,912,28,871,24,9,14,55.0,46.0,8.0,13.72
2026-06-13T12:47:00,PCI_16,3,48790582.0,21987741.0,938,34,709,20,12,13,53.0,49.0,5.93,13.73
2026-06-13T12:48:00,PCI_1,3,679893483.0,48394946.0,1110,17,859,21,15,9,59.0,45.0,14.94,23.1
2026-06-13T12:48:00,PCI_2,2,766611764.0,47030374.0,908,23,851,25,12,12,54.0,37.0,20.56,19.61
2026-06-13T12:48:00,PCI_3,3,749285414.0,47335686.0,1063,36,752,28,8,8,57.0,49.0,10.81,17.41
2026-06-13T12:48:00,PCI_4,3,767631168.0,40950073.0,1064,24,835,28,8,11,53.0,44.0,6.15,19.41
2026-06-13T12:48:00,PCI_5,3,712462383.0,65185419.0,970,36,920,5,15,9,51.0,43.0,12.62,11.9
2026-06-13T12:48:00,PCI_6,4,723589416.0,50062294.0,1054,8,753,27,10,13,53.0,45.0,18.31,12.04
2026-06-13T12:48:00,PCI_7,3,849569185.0,50675792.0,1144,5,822,12,13,9,56.0,44.0,9.57,13.69
2026-06-13T12:48:00,PCI_8,3,802279305.0,50508276.0,904,34,855,29,8,8,56.0,45.0,9.39,9.69
2026-06-13T12:48:00,PCI_9,2,53956763.0,24364958.0,957,25,832,5,9,13,57.0,47.0,18.89,17.66
2026-06-13T12:48:00,PCI_10,3,55039803.0,25048563.0,1045,13,795,4,15,10,48.0,46.0,23.15,16.7
2026-06-13T12:48:00,PCI_11,3,52764753.0,26243544.0,1122,9,978,5,9,10,52.0,49.0,16.29,13.79
2026-06-13T12:48:00,PCI_12,3,46502632.0,21767073.0,936,35,936,3,11,11,52.0,52.0,19.33,18.09
2026-06-13T12:48:00,PCI_13,3,45104853.0,24380041.0,1154,6,966,16,14,13,55.0,40.0,10.28,9.62
2026-06-13T12:48:00,PCI_14,3,41695919.0,27794306.0,1090,35,914,12,13,15,54.0,38.0,21.41,19.35
2026-06-13T12:48:00,PCI_15,2,48012267.0,21558903.0,1111,36,941,28,11,14,52.0,55.0,16.99,19.25
2026-06-13T12:48:00,PCI_16,3,50001870.0,25621231.0,910,22,716,22,12,14,47.0,45.0,24.11,17.92
2026-06-13T12:49:00,PCI_1,2,835419048.0,55485166.0,1155,8,806,19,11,12,56.0,49.0,17.56,24.58
2026-06-13T12:49:00,PCI_2,2,591846243.0,50342069.0,1084,18,896,17,15,10,47.0,48.0,9.5,24.45
2026-06-13T12:49:00,PCI_3,2,689556407.0,39542346.0,948,32,695,5,15,14,56.0,46.0,7.52,23.01
2026-06-13T12:49:00,PCI_4,3,818572156.0,36156403.0,986,31,966,13,15,15,55.0,43.0,20.9,15.1
2026-06-13T12:49:00,PCI_5,3,732070789.0,54234426.0,989,12,762,24,12,11,56.0,43.0,23.16,11.58
2026-06-13T12:49:00,PCI_6,3,798883463.0,42853383.0,1151,18,845,28,14,10,52.0,42.0,19.93,17.83
2026-06-13T12:49:00,PCI_7,3,750790814.0,47137128.0,910,5,749,10,8,11,53.0,43.0,17.57,20.79
2026-06-13T12:49:00,PCI_8,3,601294941.0,43558133.0,1013,24,720,17,8,9,53.0,33.0,16.55,26.09
2026-06-13T12:49:00,PCI_9,2,46010632.0,22648316.0,1062,8,928,4,15,11,54.0,43.0,5.88,27.07
2026-06-13T12:49:00,PCI_10,3,44744774.0,22499426.0,1139,9,739,5,9,12,52.0,48.0,6.81,15.75
2026-06-13T12:49:00,PCI_11,3,43147501.0,24807077.0,894,20,732,20,11,15,49.0,47.0,20.47,9.76
2026-06-13T12:49:00,PCI_12,3,41234762.0,20275924.0,973,6,859,11,9,9,51.0,46.0,8.48,27.05
2026-06-13T12:49:00,PCI_13,2,50172554.0,24300597.0,985,27,992,3,12,10,57.0,37.0,8.16,26.43
2026-06-13T12:49:00,PCI_14,3,37453181.0,25518707.0,918,31,939,11,8,8,59.0,44.0,20.34,10.73
2026-06-13T12:49:00,PCI_15,2,45334674.0,25545396.0,1041,13,713,19,13,15,61.0,47.0,23.96,20.9
2026-06-13T12:49:00,PCI_16,3,54744091.0,21105029.0,906,22,707,19,9,11,56.0,47.0,13.75,27.36
2026-06-13T12:50:00,PCI_1,2,612626931.0,38563476.0,1139,13,845,5,15,9,58.0,43.0,9.74,10.74
2026-06-13T12:50:00,PCI_2,2,779198927.0,55606233.0,1144,24,802,11,11,9,56.0,39.0,21.75,15.54
2026-06-13T12:50:00,PCI_3,3,542247065.0,49486313.0,978,12,799,23,10,9,59.0,48.0,10.03,19.5
2026-06-13T12:50:00,PCI_4,2,771244554.0,46084961.0,1154,6,901,11,11,8,53.0,45.0,17.82,26.54
2026-06-13T12:50:00,PCI_5,3,742035205.0,45837574.0,1091,28,801,28,14,12,51.0,49.0,23.05,9.74
2026-06-13T12:50:00,PCI_6,2,637787581.0,43255363.0,943,27,744,7,11,15,59.0,45.0,11.16,21.46
2026-06-13T12:50:00,PCI_7,3,686917822.0,47990197.0,1170,18,872,15,15,12,54.0,47.0,18.78,22.36
2026-06-13T12:50:00,PCI_8,2,687924783.0,47372061.0,894,9,874,7,12,9,56.0,48.0,13.89,14.34
2026-06-13T12:50:00,PCI_9,3,43328930.0,23051468.0,1013,38,836,8,15,8,56.0,45.0,14.0,23.45
2026-06-13T12:50:00,PCI_10,3,53315244.0,22169601.0,1072,34,818,21,10,15,60.0,44.0,19.5,14.32
2026-06-13T12:50:00,PCI_11,4,56421167.0,23540265.0,1147,38,735,5,8,10,58.0,45.0,13.98,9.2
2026-06-13T12:50:00,PCI_12,3,53856147.0,19855501.0,940,32,958,25,15,11,52.0,41.0,13.51,8.63
2026-06-13T12:50:00,PCI_13,2,47778498.0,22318652.0,988,30,892,19,10,11,59.0,34.0,23.74,8.31
2026-06-13T12:50:00,PCI_14,2,46340241.0,25125815.0,1001,38,787,24,12,13,55.0,39.0,17.63,10.04
2026-06-13T12:50:00,PCI_15,3,43055523.0,26638040.0,1111,8,740,13,11,8,52.0,45.0,20.96,25.42
2026-06-13T12:50:00,PCI_16,2,37424947.0,24810845.0,1115,24,951,24,9,14,50.0,49.0,18.03,21.72
2026-06-13T12:51:00,PCI_1,2,530218151.0,47586320.0,911,16,754,19,15,14,55.0,42.0,8.61,19.1
2026-06-13T12:51:00,PCI_2,4,783640671.0,49658221.0,1003,16,928,11,9,8,47.0,36.0,17.91,23.17
2026-06-13T12:51:00,PCI_3,2,913575178.0,45236107.0,1135,27,928,18,8,8,49.0,43.0,20.01,13.95
2026-06-13T12:51:00,PCI_4,4,590005008.0,53887869.0,956,10,901,15,15,9,54.0,42.0,10.65,19.31
2026-06-13T12:51:00,PCI_5,3,598866228.0,39812633.0,1065,11,920,12,10,14,56.0,46.0,24.38,19.42
2026-06-13T12:51:00,PCI_6,2,731246056.0,39901194.0,972,28,926,18,11,13,53.0,35.0,16.32,14.97
2026-06-13T12:51:00,PCI_7,3,520038788.0,45749610.0,929,36,728,18,14,9,56.0,49.0,21.62,20.86
2026-06-13T12:51:00,PCI_8,3,583343652.0,46170787.0,985,19,866,5,9,10,51.0,38.0,5.62,16.72
2026-06-13T12:51:00,PCI_9,3,43874683.0,24498944.0,942,32,962,23,8,12,52.0,39.0,18.19,12.17
2026-06-13T12:51:00,PCI_10,3,39486462.0,26111972.0,1091,19,706,14,15,15,52.0,52.0,10.78,23.12
2026-06-13T12:51:00,PCI_11,2,45163179.0,18711827.0,1160,30,865,15,10,10,56.0,42.0,23.78,9.31
2026-06-13T12:51:00,PCI_12,2,50697047.0,24468046.0,1182,14,883,25,11,11,52.0,43.0,19.2,24.11
2026-06-13T12:51:00,PCI_13,3,43156883.0,21422025.0,944,39,963,26,9,13,55.0,42.0,9.99,15.47
2026-06-13T12:51:00,PCI_14,2,42088108.0,24239955.0,1053,27,974,25,9,11,59.0,54.0,22.66,24.39
2026-06-13T12:51:00,PCI_15,2,44058969.0,24671306.0,904,11,929,29,11,12,51.0,48.0,5.16,25.05
2026-06-13T12:51:00,PCI_16,3,42346189.0,23178273.0,903,8,832,5,12,8,57.0,36.0,9.84,18.41
2026-06-13T12:52:00,PCI_1,3,694854006.0,47147622.0,987,12,838,15,8,14,57.0,39.0,19.7,17.21
2026-06-13T12:52:00,PCI_2,3,742270537.0,45149330.0,921,6,878,28,13,10,63.0,49.0,6.77,20.68
2026-06-13T12:52:00,PCI_3,3,624758707.0,46961680.0,979,17,962,11,10,11,60.0,47.0,16.07,25.45
2026-06-13T12:52:00,PCI_4,2,810263752.0,52025834.0,1152,29,989,9,12,15,63.0,37.0,18.4,26.17
2026-06-13T12:52:00,PCI_5,3,691902959.0,43633257.0,1169,23,849,14,14,14,55.0,46.0,12.76,22.26
2026-06-13T12:52:00,PCI_6,1,720402666.0,46424963.0,866,39,759,28,9,14,51.0,38.0,16.92,16.9
2026-06-13T12:52:00,PCI_7,2,561202760.0,42576946.0,976,28,910,16,8,15,52.0,39.0,8.49,8.19
2026-06-13T12:52:00,PCI_8,2,637878174.0,47535679.0,896,18,917,17,12,14,60.0,43.0,13.59,18.01
2026-06-13T12:52:00,PCI_9,2,50257760.0,29024416.0,1069,8,690,18,12,14,57.0,45.0,22.83,16.47
2026-06-13T12:52:00,PCI_10,2,50850227.0,23706435.0,1027,35,887,25,12,15,55.0,43.0,10.38,9.97
2026-06-13T12:52:00,PCI_11,3,39980810.0,25216285.0,1191,6,762,20,14,12,47.0,44.0,7.5,13.94
2026-06-13T12:52:00,PCI_12,3,40303004.0,23750810.0,1059,8,853,17,13,9,48.0,51.0,24.82,19.78
2026-06-13T12:52:00,PCI_13,3,45113177.0,23638086.0,970,23,912,13,9,10,57.0,34.0,10.51,26.33
2026-06-13T12:52:00,PCI_14,3,34292498.0,18840662.0,1010,20,965,15,14,8,61.0,36.0,20.97,15.89
2026-06-13T12:52:00,PCI_15,2,43339383.0,18473752.0,1067,17,779,3,12,8,55.0,47.0,9.09,26.21
2026-06-13T12:52:00,PCI_16,3,39905447.0,23261011.0,971,16,812,29,11,11,60.0,42.0,14.54,10.08
2026-06-13T12:53:00,PCI_1,3,610226051.0,35991065.0,1133,39,958,17,15,13,52.0,41.0,24.46,9.95
2026-06-13T12:53:00,PCI_2,2,697946718.0,44982007.0,1105,32,682,18,13,13,57.0,43.0,13.55,27.35
2026-06-13T12:53:00,PCI_3,3,578122129.0,40192215.0,898,31,907,6,13,9,55.0,40.0,11.78,10.15
2026-06-13T12:53:00,PCI_4,3,753897368.0,47552524.0,922,24,862,28,15,15,56.0,51.0,19.5,14.98
2026-06-13T12:53:00,PCI_5,2,673950072.0,44916062.0,912,33,782,3,12,12,52.0,46.0,12.33,19.15
2026-06-13T12:53:00,PCI_6,3,606876833.0,39816380.0,979,26,859,20,10,15,55.0,46.0,15.3,9.01
2026-06-13T12:53:00,PCI_7,3,630077947.0,41656078.0,903,36,788,26,8,9,46.0,50.0,9.87,27.92
2026-06-13T12:53:00,PCI_8,2,632146690.0,44174980.0,977,35,946,4,15,13,55.0,38.0,8.57,10.24
2026-06-13T12:53:00,PCI_9,3,42529921.0,22921005.0,1113,31,872,3,12,13,52.0,46.0,15.63,13.32
2026-06-13T12:53:00,PCI_10,3,40824624.0,27704946.0,1069,18,987,3,9,8,52.0,45.0,20.68,17.27
2026-06-13T12:53:00,PCI_11,3,49606811.0,21545984.0,1146,10,817,22,8,9,56.0,45.0,24.39,16.82
2026-06-13T12:53:00,PCI_12,3,47243135.0,23545128.0,1066,6,886,10,14,11,47.0,48.0,18.88,23.51
2026-06-13T12:53:00,PCI_13,3,43878168.0,23086410.0,1126,21,742,6,11,10,50.0,47.0,10.33,19.2
2026-06-13T12:53:00,PCI_14,3,52049634.0,19919844.0,938,38,942,28,11,14,54.0,44.0,7.63,26.7
2026-06-13T12:53:00,PCI_15,3,43726681.0,24486740.0,889,30,965,24,12,10,61.0,42.0,14.16,10.46
2026-06-13T12:53:00,PCI_16,3,41632404.0,20832825.0,1073,32,896,29,15,10,55.0,48.0,10.43,11.9
2026-06-13T12:54:00,PCI_1,3,689746965.0,59127640.0,958,30,964,21,9,12,57.0,40.0,14.51,17.59
2026-06-13T12:54:00,PCI_2,2,609226594.0,38272254.0,1164,9,881,26,15,15,51.0,45.0,9.89,27.86
2026-06-13T12:54:00,PCI_3,3,757659503.0,42962788.0,1029,36,692,8,13,8,58.0,42.0,16.73,23.73
2026-06-13T12:54:00,PCI_4,2,685332981.0,43447037.0,905,16,695,11,13,8,56.0,45.0,14.31,27.24
2026-06-13T12:54:00,PCI_5,3,621583521.0,45640291.0,1031,36,787,5,11,10,51.0,40.0,15.91,20.57
2026-06-13T12:54:00,PCI_6,2,712850088.0,44539730.0,934,36,866,25,10,14,58.0,40.0,24.02,9.12
2026-06-13T12:54:00,PCI_7,3,738977275.0,49480257.0,1112,5,803,9,10,9,55.0,49.0,5.38,15.53
2026-06-13T12:54:00,PCI_8,3,656301128.0,52977412.0,1122,34,732,7,13,9,51.0,44.0,8.21,19.87
2026-06-13T12:54:00,PCI_9,3,52211799.0,17527626.0,1158,29,745,26,11,15,53.0,41.0,10.21,10.34
2026-06-13T12:54:00,PCI_10,3,49574857.0,26767647.0,1122,37,962,13,14,10,60.0,43.0,12.12,22.87
2026-06-13T12:54:00,PCI_11,2,45767542.0,22848281.0,1098,39,750,3,13,12,53.0,38.0,13.36,10.86
2026-06-13T12:54:00,PCI_12,2,45583962.0,23738254.0,1092,39,957,6,14,10,52.0,41.0,23.55,20.31
2026-06-13T12:54:00,PCI_13,3,41772412.0,25905504.0,881,20,915,6,12,8,49.0,39.0,19.22,10.34
2026-06-13T12:54:00,PCI_14,1,39555618.0,20817797.0,936,30,889,4,13,9,45.0,47.0,14.22,23.54
2026-06-13T12:54:00,PCI_15,2,42748903.0,18540561.0,989,26,815,13,10,8,58.0,44.0,14.78,14.13
2026-06-13T12:54:00,PCI_16,3,42654913.0,19857443.0,1172,17,922,4,14,10,53.0,51.0,7.1,23.33
2026-06-13T12:55:00,PCI_1,3,676330087.0,46041067.0,1001,26,981,9,9,9,53.0,41.0,12.44,19.74
2026-06-13T12:55:00,PCI_2,3,711083780.0,46445063.0,947,18,904,28,8,8,50.0,46.0,5.15,27.09
2026-06-13T12:55:00,PCI_3,2,512068716.0,51782062.0,1126,20,946,6,13,15,57.0,44.0,10.6,17.68
2026-06-13T12:55:00,PCI_4,3,619479155.0,42071659.0,920,6,930,14,15,9,53.0,43.0,5.26,19.25
2026-06-13T12:55:00,PCI_5,3,702043486.0,45674896.0,986,18,698,5,13,8,54.0,45.0,24.72,9.84
2026-06-13T12:55:00,PCI_6,3,787007232.0,47425453.0,940,22,953,20,14,10,47.0,42.0,13.44,16.71
2026-06-13T12:55:00,PCI_7,2,818009245.0,51957459.0,1097,35,812,14,14,9,55.0,39.0,5.65,21.79
2026-06-13T12:55:00,PCI_8,3,684442567.0,50019555.0,928,13,924,8,12,15,54.0,40.0,14.29,12.61
2026-06-13T12:55:00,PCI_9,3,54803953.0,21198350.0,918,25,708,25,9,11,56.0,45.0,10.45,13.78
2026-06-13T12:55:00,PCI_10,3,44822040.0,23017811.0,949,11,703,25,9,10,55.0,43.0,20.39,10.55
2026-06-13T12:55:00,PCI_11,2,53039296.0,21245776.0,925,37,954,7,11,11,58.0,51.0,12.64,18.89
2026-06-13T12:55:00,PCI_12,2,36408612.0,23279920.0,1128,7,769,24,13,12,54.0,42.0,7.76,27.24
2026-06-13T12:55:00,PCI_13,2,48627333.0,19342923.0,1077,23,892,6,15,14,56.0,47.0,24.06,8.56
2026-06-13T12:55:00,PCI_14,2,42538994.0,22456020.0,1013,34,704,16,9,10,52.0,43.0,19.97,22.11
2026-06-13T12:55:00,PCI_15,2,45703827.0,17858675.0,1132,6,785,24,8,11,54.0,37.0,12.09,22.04
2026-06-13T12:55:00,PCI_16,4,51924575.0,25288191.0,950,13,702,27,10,10,52.0,43.0,12.84,17.29
2026-06-13T12:56:00,PCI_1,4,524354830.0,56860408.0,938,18,831,18,8,12,54.0,48.0,23.49,13.59
2026-06-13T12:56:00,PCI_2,2,599639682.0,41686890.0,971,23,739,4,10,12,43.0,48.0,16.92,9.28
2026-06-13T12:56:00,PCI_3,3,694380636.0,36118277.0,998,32,955,25,10,8,45.0,42.0,22.95,17.07
2026-06-13T12:56:00,PCI_4,3,567875330.0,44156430.0,1004,11,821,22,12,10,48.0,39.0,5.88,25.77
2026-06-13T12:56:00,PCI_5,3,583926836.0,48440003.0,955,16,916,27,11,13,49.0,51.0,12.94,26.53
2026-06-13T12:56:00,PCI_6,2,684972489.0,38548604.0,997,15,886,25,13,9,53.0,41.0,23.33,23.45
2026-06-13T12:56:00,PCI_7,2,699145954.0,45271084.0,907,27,864,29,15,11,53.0,42.0,17.08,13.6
2026-06-13T12:56:00,PCI_8,4,644979635.0,39958269.0,1179,16,848,18,8,10,49.0,42.0,13.02,10.96
2026-06-13T12:56:00,PCI_9,3,48835181.0,25687280.0,1154,30,699,6,14,11,58.0,38.0,15.75,20.45
2026-06-13T12:56:00,PCI_10,2,49876294.0,16308312.0,1145,21,829,20,10,9,49.0,46.0,18.53,25.43
2026-06-13T12:56:00,PCI_11,4,51703430.0,26437101.0,949,19,744,21,10,10,57.0,42.0,6.56,17.28
2026-06-13T12:56:00,PCI_12,2,51240908.0,21970220.0,1072,23,867,12,9,14,54.0,38.0,8.6,24.87
2026-06-13T12:56:00,PCI_13,2,55776749.0,18903348.0,917,20,935,7,9,13,49.0,42.0,18.62,19.73
2026-06-13T12:56:00,PCI_14,2,35371245.0,22433415.0,922,11,825,6,9,15,59.0,42.0,15.38,8.47
2026-06-13T12:56:00,PCI_15,3,37928647.0,19486043.0,1181,16,812,3,14,12,56.0,42.0,12.73,22.83
2026-06-13T12:56:00,PCI_16,3,45444691.0,26979107.0,915,37,897,29,13,10,53.0,39.0,23.74,9.26
2026-06-13T12:57:00,PCI_1,3,586977972.0,44126453.0,1057,27,837,28,12,8,59.0,35.0,7.58,8.94
2026-06-13T12:57:00,PCI_2,2,654987109.0,37775023.0,874,26,865,21,12,12,54.0,41.0,21.71,15.48
2026-06-13T12:57:00,PCI_3,3,816366875.0,37897120.0,934,22,729,7,15,13,54.0,40.0,10.18,11.21
2026-06-13T12:57:00,PCI_4,2,601715305.0,41556874.0,1156,11,866,8,11,14,46.0,40.0,10.74,17.04
2026-06-13T12:57:00,PCI_5,2,621480691.0,38510522.0,1177,13,829,20,12,11,56.0,48.0,7.37,26.06
2026-06-13T12:57:00,PCI_6,3,717826669.0,47542553.0,920,6,843,24,15,11,56.0,44.0,11.42,8.98
2026-06-13T12:57:00,PCI_7,3,522144693.0,37796453.0,956,30,942,15,13,14,54.0,42.0,19.16,18.31
2026-06-13T12:57:00,PCI_8,2,714661634.0,51457694.0,950,33,948,6,15,8,53.0,45.0,16.01,23.47
2026-06-13T12:57:00,PCI_9,2,45410206.0,21632318.0,984,29,703,6,14,11,55.0,43.0,21.97,24.75
2026-06-13T12:57:00,PCI_10,3,38308452.0,18843001.0,913,24,708,18,11,9,50.0,47.0,14.11,27.87
2026-06-13T12:57:00,PCI_11,3,43379839.0,23308317.0,1166,7,781,17,8,8,48.0,51.0,7.05,12.19
2026-06-13T12:57:00,PCI_12,3,40703301.0,22444100.0,1023,28,713,5,11,12,49.0,42.0,22.33,14.46
2026-06-13T12:57:00,PCI_13,3,39585638.0,18835613.0,937,37,918,27,12,13,52.0,38.0,14.04,15.15
2026-06-13T12:57:00,PCI_14,2,50219150.0,22834207.0,1093,29,956,20,14,8,52.0,43.0,15.43,19.92
2026-06-13T12:57:00,PCI_15,3,41298309.0,24626207.0,1118,19,892,20,15,9,49.0,40.0,19.63,11.22
2026-06-13T12:57:00,PCI_16,2,42676362.0,21138139.0,1137,22,851,21,13,8,55.0,38.0,8.26,22.07
2026-06-13T12:58:00,PCI_1,3,549799423.0,39959202.0,1163,9,842,23,10,11,49.0,36.0,16.36,15.49
2026-06-13T12:58:00,PCI_2,3,663016230.0,49134940.0,1172,7,755,20,11,11,56.0,42.0,21.74,14.55
2026-06-13T12:58:00,PCI_3,3,564394491.0,39619401.0,1082,39,984,13,13,12,43.0,44.0,10.2,20.87
2026-06-13T12:58:00,PCI_4,2,673300906.0,37527436.0,917,31,804,19,13,9,49.0,39.0,12.92,20.78
2026-06-13T12:58:00,PCI_5,3,665559130.0,39083750.0,1002,20,708,27,12,10,50.0,45.0,16.42,11.76
2026-06-13T12:58:00,PCI_6,2,658340668.0,34444760.0,951,12,913,23,11,14,56.0,48.0,10.25,22.22
2026-06-13T12:58:00,PCI_7,2,741315368.0,46787936.0,1164,24,712,10,10,11,47.0,40.0,16.32,27.85
2026-06-13T12:58:00,PCI_8,3,669252906.0,47240941.0,1061,17,959,21,10,9,61.0,46.0,12.4,14.31
2026-06-13T12:58:00,PCI_9,2,41863175.0,21062883.0,1153,39,831,26,13,12,52.0,40.0,14.68,20.4
2026-06-13T12:58:00,PCI_10,2,50560939.0,22765986.0,1007,24,754,25,10,11,54.0,46.0,24.51,26.28
2026-06-13T12:58:00,PCI_11,2,45596356.0,18161124.0,1181,5,984,7,9,10,48.0,40.0,11.85,10.08
2026-06-13T12:58:00,PCI_12,3,36494651.0,17572377.0,1145,25,715,28,12,10,56.0,39.0,20.7,24.24
2026-06-13T12:58:00,PCI_13,2,45982127.0,23843698.0,1083,13,958,23,14,15,54.0,38.0,13.16,22.64
2026-06-13T12:58:00,PCI_14,3,37899310.0,21545549.0,937,20,893,24,10,15,67.0,41.0,17.38,17.5
2026-06-13T12:58:00,PCI_15,3,43495251.0,26078366.0,1129,13,916,6,11,10,54.0,39.0,24.27,9.88
2026-06-13T12:58:00,PCI_16,3,40446510.0,22019388.0,968,13,765,28,14,14,54.0,46.0,16.26,19.13
2026-06-13T12:59:00,PCI_1,3,685374852.0,52802449.0,964,9,823,23,10,14,55.0,42.0,8.9,27.33
2026-06-13T12:59:00,PCI_2,2,634417794.0,45581288.0,871,37,975,16,12,14,53.0,42.0,9.41,10.87
2026-06-13T12:59:00,PCI_3,2,608860059.0,47885188.0,1080,14,690,26,15,8,48.0,43.0,20.36,21.2
2026-06-13T12:59:00,PCI_4,2,783184063.0,33208265.0,971,32,911,25,10,12,48.0,41.0,23.07,12.41
2026-06-13T12:59:00,PCI_5,3,580394704.0,47379428.0,914,27,754,6,9,13,52.0,39.0,21.24,25.53
2026-06-13T12:59:00,PCI_6,2,682050743.0,46379182.0,898,27,672,28,13,13,57.0,33.0,10.07,12.05
2026-06-13T12:59:00,PCI_7,3,816707718.0,41019222.0,906,31,846,9,14,9,53.0,39.0,7.35,20.12
2026-06-13T12:59:00,PCI_8,2,919700262.0,51389030.0,1002,28,812,5,10,8,54.0,45.0,5.18,10.11
2026-06-13T12:59:00,PCI_9,3,47540831.0,23058411.0,1125,16,838,20,13,14,58.0,40.0,24.76,22.05
2026-06-13T12:59:00,PCI_10,3,51779685.0,22382677.0,1092,5,702,25,12,11,52.0,39.0,7.85,19.94
2026-06-13T12:59:00,PCI_11,2,47676257.0,25439262.0,1061,31,891,29,10,11,49.0,36.0,7.82,12.32
2026-06-13T12:59:00,PCI_12,2,43480737.0,19711456.0,1089,23,948,26,10,12,55.0,47.0,23.6,10.0
2026-06-13T12:59:00,PCI_13,2,45421421.0,19923871.0,953,8,750,18,9,14,47.0,44.0,15.64,11.8
2026-06-13T12:59:00,PCI_14,2,45480084.0,22680425.0,1027,22,932,21,12,13,46.0,37.0,21.2,18.13
2026-06-13T12:59:00,PCI_15,2,49309068.0,21443714.0,872,39,854,27,10,14,52.0,49.0,7.48,13.59
2026-06-13T12:59:00,PCI_16,2,40343613.0,21132333.0,896,31,805,12,9,9,50.0,36.0,7.5,25.39
2026-06-13T13:00:00,PCI_1,3,668849666.0,41991713.0,965,22,765,8,12,14,53.0,54.0,7.03,25.87
2026-06-13T13:00:00,PCI_2,3,718147754.0,42829485.0,1044,11,908,13,8,12,52.0,39.0,13.71,11.79
2026-06-13T13:00:00,PCI_3,2,707936934.0,50693499.0,920,5,900,19,8,15,54.0,35.0,8.76,26.86
2026-06-13T13:00:00,PCI_4,3,629958706.0,47146317.0,1025,16,936,10,13,11,54.0,48.0,12.9,13.52
2026-06-13T13:00:00,PCI_5,3,583056182.0,34482071.0,1086,24,985,5,10,9,49.0,43.0,15.16,17.45
2026-06-13T13:00:00,PCI_6,2,551306219.0,41202524.0,1176,15,886,4,15,12,52.0,42.0,19.55,23.05
2026-06-13T13:00:00,PCI_7,3,674756423.0,54173767.0,1159,38,957,18,14,12,45.0,40.0,21.29,21.06
2026-06-13T13:00:00,PCI_8,3,657524921.0,40164444.0,992,5,847,4,10,11,51.0,42.0,22.41,13.35
2026-06-13T13:00:00,PCI_9,2,41005794.0,21479317.0,1017,17,890,24,15,15,46.0,40.0,5.83,12.57
2026-06-13T13:00:00,PCI_10,2,42615636.0,14079235.0,989,34,782,14,14,11,56.0,42.0,16.11,26.99
2026-06-13T13:00:00,PCI_11,2,45294752.0,19836260.0,1160,32,980,10,13,8,49.0,43.0,20.9,10.35
2026-06-13T13:00:00,PCI_12,2,41549158.0,22616275.0,1119,26,896,8,8,8,52.0,47.0,15.37,13.58
2026-06-13T13:00:00,PCI_13,3,47658917.0,17959986.0,904,14,926,13,11,10,53.0,44.0,7.43,10.39
2026-06-13T13:00:00,PCI_14,3,32862630.0,19443822.0,936,19,929,9,9,9,53.0,40.0,11.48,25.21
2026-06-13T13:00:00,PCI_15,3,42279703.0,24695224.0,1122,39,789,10,9,12,59.0,42.0,5.25,18.49
2026-06-13T13:00:00,PCI_16,2,38037124.0,19522106.0,917,35,858,21,13,8,48.0,42.0,16.75,17.62
2026-06-13T13:01:00,PCI_1,2,530003341.0,39740104.0,1084,22,845,17,8,10,45.0,37.0,20.93,23.19
2026-06-13T13:01:00,PCI_2,3,574033755.0,40835969.0,977,26,990,8,15,8,54.0,37.0,23.98,8.14
2026-06-13T13:01:00,PCI_3,3,720694085.0,41151550.0,972,34,699,21,15,15,51.0,39.0,5.09,14.16
2026-06-13T13:01:00,PCI_4,2,579439299.0,35234656.0,997,26,695,16,14,9,56.0,38.0,17.0,27.48
2026-06-13T13:01:00,PCI_5,3,565171838.0,37534076.0,1115,5,823,20,15,15,59.0,40.0,21.54,22.94
2026-06-13T13:01:00,PCI_6,2,634058384.0,34377917.0,981,7,808,16,12,13,48.0,41.0,6.85,13.37
2026-06-13T13:01:00,PCI_7,3,678232027.0,39791796.0,1159,20,943,15,13,8,51.0,43.0,11.93,21.3
2026-06-13T13:01:00,PCI_8,2,733110173.0,43382933.0,1093,28,857,18,12,7,63.0,40.0,18.31,18.1
2026-06-13T13:01:00,PCI_9,3,47504381.0,19300782.0,960,28,799,22,12,14,51.0,47.0,6.22,22.82
2026-06-13T13:01:00,PCI_10,2,39721801.0,22025620.0,1117,8,924,5,9,11,52.0,50.0,21.77,13.48
2026-06-13T13:01:00,PCI_11,3,44284290.0,24048087.0,909,5,711,8,10,15,50.0,45.0,10.6,17.96
2026-06-13T13:01:00,PCI_12,2,42615322.0,18908768.0,926,18,960,4,15,8,49.0,35.0,11.97,20.92
2026-06-13T13:01:00,PCI_13,3,43952316.0,17095985.0,880,20,844,22,11,11,45.0,40.0,24.55,14.81
2026-06-13T13:01:00,PCI_14,3,37547021.0,19045379.0,1023,12,804,16,10,15,52.0,37.0,16.22,24.54
2026-06-13T13:01:00,PCI_15,3,40031065.0,25011525.0,1054,8,779,24,13,13,49.0,40.0,23.83,22.76
2026-06-13T13:01:00,PCI_16,2,35334209.0,18065816.0,911,39,772,12,8,13,52.0,44.0,6.04,8.85
2026-06-13T13:02:00,PCI_1,3,621480641.0,41695642.0,1054,11,720,19,9,9,62.0,50.0,12.49,18.86
2026-06-13T13:02:00,PCI_2,3,597827872.0,39591392.0,1147,35,838,29,10,10,53.0,48.0,10.7,12.66
2026-06-13T13:02:00,PCI_3,2,633594913.0,42589313.0,987,7,819,27,13,12,47.0,42.0,14.97,22.73
2026-06-13T13:02:00,PCI_4,2,616377077.0,37674070.0,925,8,744,26,9,12,47.0,42.0,9.74,13.13
2026-06-13T13:02:00,PCI_5,3,416060873.0,46105614.0,958,13,904,23,12,8,47.0,44.0,13.6,11.72
2026-06-13T13:02:00,PCI_6,3,606306560.0,37476695.0,928,21,947,11,10,12,52.0,41.0,15.44,17.63
2026-06-13T13:02:00,PCI_7,2,792502470.0,47899428.0,1125,34,835,17,9,8,52.0,39.0,6.5,17.71
2026-06-13T13:02:00,PCI_8,3,651833373.0,41943991.0,885,26,860,17,12,7,53.0,37.0,23.51,18.15
2026-06-13T13:02:00,PCI_9,2,42173846.0,15573403.0,988,34,916,23,10,12,49.0,47.0,20.54,23.26
2026-06-13T13:02:00,PCI_10,3,40162439.0,17982842.0,1149,9,706,18,8,8,55.0,43.0,17.38,10.96
2026-06-13T13:02:00,PCI_11,2,41858212.0,24748618.0,984,35,800,8,15,9,49.0,45.0,16.82,9.49
2026-06-13T13:02:00,PCI_12,3,44197835.0,18504979.0,956,39,960,5,11,14,53.0,37.0,6.31,11.75
2026-06-13T13:02:00,PCI_13,3,43546322.0,22926532.0,964,27,729,3,11,15,49.0,47.0,19.12,23.54
2026-06-13T13:02:00,PCI_14,3,46394114.0,19654408.0,1155,6,824,24,13,10,52.0,39.0,19.78,14.91
2026-06-13T13:02:00,PCI_15,3,37548924.0,20261973.0,900,36,866,5,12,14,47.0,43.0,16.89,20.2
2026-06-13T13:02:00,PCI_16,3,35275443.0,16656350.0,1025,36,881,22,15,11,48.0,40.0,11.56,9.89
2026-06-13T13:03:00,PCI_1,2,514493399.0,40326219.0,1021,14,837,29,9,15,56.0,45.0,7.21,27.63
2026-06-13T13:03:00,PCI_2,2,604333553.0,39320273.0,916,33,795,26,13,15,50.0,42.0,15.84,23.67
2026-06-13T13:03:00,PCI_3,2,533885828.0,38363781.0,997,20,694,19,13,10,41.0,43.0,22.03,23.06
2026-06-13T13:03:00,PCI_4,2,584824354.0,35477572.0,1052,30,976,6,8,10,54.0,38.0,10.06,24.41
2026-06-13T13:03:00,PCI_5,2,546823374.0,45648547.0,1123,27,782,3,9,15,47.0,39.0,12.35,16.48
2026-06-13T13:03:00,PCI_6,2,607723755.0,41304565.0,885,36,686,16,12,10,51.0,39.0,23.22,23.75
2026-06-13T13:03:00,PCI_7,3,528827609.0,44036129.0,1025,32,848,6,12,14,52.0,41.0,20.53,27.43
2026-06-13T13:03:00,PCI_8,3,534748841.0,41908784.0,1056,25,764,9,12,7,48.0,44.0,18.1,21.35
2026-06-13T13:03:00,PCI_9,3,42930565.0,21528263.0,1039,10,845,12,15,15,47.0,46.0,21.88,25.86
2026-06-13T13:03:00,PCI_10,2,35153724.0,20122683.0,1008,33,864,24,14,10,50.0,42.0,8.83,26.31
2026-06-13T13:03:00,PCI_11,2,38287041.0,20364730.0,1068,8,857,27,11,12,50.0,45.0,7.36,21.94
2026-06-13T13:03:00,PCI_12,2,50036845.0,21774721.0,1161,23,979,10,8,12,53.0,37.0,21.94,24.18
2026-06-13T13:03:00,PCI_13,4,50271770.0,23404043.0,1083,33,937,10,8,12,46.0,37.0,20.89,22.41
2026-06-13T13:03:00,PCI_14,2,40896127.0,22069002.0,1062,31,690,15,15,9,55.0,39.0,9.95,12.73
2026-06-13T13:03:00,PCI_15,3,42574001.0,16720646.0,965,31,977,10,12,12,50.0,43.0,15.38,16.79
2026-06-13T13:03:00,PCI_16,3,40519469.0,23186250.0,975,29,743,13,15,12,53.0,47.0,23.83,24.96
2026-06-13T13:04:00,PCI_1,2,543599719.0,36752399.0,1101,5,792,12,11,11,54.0,42.0,11.6,16.85
2026-06-13T13:04:00,PCI_2,2,568442990.0,42844584.0,1040,18,775,5,10,15,52.0,34.0,18.65,25.61
2026-06-13T13:04:00,PCI_3,3,554251081.0,45133913.0,1110,37,962,15,12,11,54.0,39.0,17.33,20.26
2026-06-13T13:04:00,PCI_4,3,739232260.0,42245740.0,964,26,949,4,8,10,52.0,37.0,23.99,24.22
2026-06-13T13:04:00,PCI_5,1,638925731.0,37468995.0,1001,38,714,27,13,15,52.0,41.0,5.5,27.69
2026-06-13T13:04:00,PCI_6,3,645785894.0,41557453.0,931,24,978,10,12,14,52.0,39.0,20.84,23.69
2026-06-13T13:04:00,PCI_7,3,622004457.0,44573638.0,1170,28,697,14,15,8,51.0,39.0,5.79,18.07
2026-06-13T13:04:00,PCI_8,2,618054399.0,38797535.0,1065,39,771,16,7,8,52.0,39.0,16.78,25.67
2026-06-13T13:04:00,PCI_9,3,44126721.0,20678737.0,1005,33,694,12,14,12,62.0,40.0,8.9,12.18
2026-06-13T13:04:00,PCI_10,3,38970251.0,26855273.0,1028,5,913,24,10,14,48.0,41.0,13.52,16.27
2026-06-13T13:04:00,PCI_11,2,37803661.0,22229838.0,1077,25,985,14,10,12,48.0,36.0,24.11,17.66
2026-06-13T13:04:00,PCI_12,2,39698793.0,17813481.0,1189,7,699,13,9,10,48.0,39.0,15.61,11.59
2026-06-13T13:04:00,PCI_13,3,36705063.0,22943601.0,1054,25,951,26,10,10,49.0,44.0,23.01,27.59
2026-06-13T13:04:00,PCI_14,2,50284593.0,19131177.0,1139,5,879,6,9,15,47.0,43.0,23.7,11.38
2026-06-13T13:04:00,PCI_15,2,47178149.0,22437146.0,1001,34,741,19,15,10,52.0,36.0,15.67,22.79
2026-06-13T13:04:00,PCI_16,3,41107266.0,19352516.0,1143,23,846,10,9,9,48.0,40.0,14.09,16.25
2026-06-13T13:05:00,PCI_1,2,655653309.0,47037720.0,1049,15,770,21,13,11,57.0,39.0,14.67,23.22
2026-06-13T13:05:00,PCI_2,2,672684070.0,46506648.0,1126,23,721,27,11,8,54.0,43.0,19.54,23.89
2026-06-13T13:05:00,PCI_3,3,499005778.0,34350202.0,1104,21,874,11,9,14,45.0,49.0,14.71,21.48
2026-06-13T13:05:00,PCI_4,2,626544815.0,33466625.0,1076,33,707,13,12,14,47.0,41.0,24.1,8.67
2026-06-13T13:05:00,PCI_5,2,544561765.0,37726779.0,910,9,772,27,14,14,54.0,36.0,15.59,17.03
2026-06-13T13:05:00,PCI_6,3,584293917.0,39925912.0,926,29,759,19,11,12,53.0,44.0,19.28,24.0
2026-06-13T13:05:00,PCI_7,3,575970881.0,50974850.0,1062,26,882,21,10,11,56.0,40.0,19.14,12.29
2026-06-13T13:05:00,PCI_8,3,547215807.0,45375709.0,1034,15,682,28,11,10,45.0,41.0,9.64,11.92
2026-06-13T13:05:00,PCI_9,2,38407619.0,20164533.0,997,28,812,22,12,10,49.0,47.0,7.76,20.27
2026-06-13T13:05:00,PCI_10,2,46204755.0,22384944.0,1004,17,863,21,12,11,54.0,39.0,17.06,22.57
2026-06-13T13:05:00,PCI_11,2,36365850.0,22133918.0,1156,35,779,21,13,8,52.0,45.0,13.61,10.59
2026-06-13T13:05:00,PCI_12,3,38561767.0,20298756.0,993,15,734,4,11,9,49.0,36.0,10.88,12.91
2026-06-13T13:05:00,PCI_13,2,40355648.0,19411949.0,967,14,923,17,11,15,52.0,42.0,11.88,21.91
2026-06-13T13:05:00,PCI_14,3,39588295.0,20850480.0,930,16,826,4,9,12,63.0,40.0,14.35,8.96
2026-06-13T13:05:00,PCI_15,3,43183100.0,20963480.0,1006,37,926,18,11,13,49.0,36.0,23.35,20.24
2026-06-13T13:05:00,PCI_16,2,41574571.0,19058202.0,942,29,775,6,12,13,48.0,47.0,15.53,20.1
2026-06-13T13:06:00,PCI_1,2,641702484.0,41203738.0,1017,38,852,11,13,13,52.0,44.0,17.29,11.82
2026-06-13T13:06:00,PCI_2,2,607501733.0,46702096.0,1136,24,766,5,12,12,50.0,41.0,24.56,24.16
2026-06-13T13:06:00,PCI_3,2,587586453.0,39834888.0,1064,27,933,3,11,15,52.0,38.0,13.55,8.61
2026-06-13T13:06:00,PCI_4,2,604805564.0,44446252.0,992,33,886,16,8,13,53.0,39.0,9.7,26.15
2026-06-13T13:06:00,PCI_5,3,655172981.0,43898509.0,1040,24,789,28,10,14,45.0,35.0,17.01,25.75
2026-06-13T13:06:00,PCI_6,3,621409100.0,35639724.0,1112,33,894,28,12,8,48.0,36.0,16.24,24.93
2026-06-13T13:06:00,PCI_7,2,764927330.0,47458025.0,997,15,734,27,8,12,49.0,39.0,20.2,20.35
2026-06-13T13:06:00,PCI_8,2,512728273.0,36307651.0,1170,17,791,25,10,13,50.0,41.0,14.25,13.76
2026-06-13T13:06:00,PCI_9,2,36108904.0,23794604.0,1104,16,729,27,14,12,56.0,37.0,9.09,9.62
2026-06-13T13:06:00,PCI_10,3,46483487.0,17801693.0,955,35,713,3,14,9,53.0,37.0,18.41,13.03
2026-06-13T13:06:00,PCI_11,2,46651165.0,19499672.0,944,23,861,18,9,14,52.0,42.0,11.96,12.95
2026-06-13T13:06:00,PCI_12,3,43838192.0,21080583.0,995,31,816,29,9,14,48.0,38.0,14.77,18.17
2026-06-13T13:06:00,PCI_13,1,41324811.0,17407410.0,1147,31,914,18,13,13,50.0,44.0,17.01,20.68
2026-06-13T13:06:00,PCI_14,2,46907070.0,21887138.0,1012,34,971,28,9,12,54.0,38.0,19.62,21.83
2026-06-13T13:06:00,PCI_15,4,34615421.0,25345440.0,1011,6,875,29,11,11,51.0,39.0,7.1,12.43
2026-06-13T13:06:00,PCI_16,2,45105490.0,16392431.0,1112,19,991,8,15,9,50.0,46.0,10.94,13.27
2026-06-13T13:07:00,PCI_1,3,604841971.0,37948613.0,913,21,902,16,13,13,47.0,41.0,20.99,14.51
2026-06-13T13:07:00,PCI_2,2,613537858.0,39924942.0,1021,9,791,3,12,9,50.0,37.0,22.21,9.35
2026-06-13T13:07:00,PCI_3,2,631886356.0,39574730.0,941,37,754,17,10,13,53.0,44.0,22.5,10.53
2026-06-13T13:07:00,PCI_4,2,620682623.0,39768395.0,894,22,990,3,10,15,49.0,42.0,23.41,26.53
2026-06-13T13:07:00,PCI_5,2,467810173.0,29277853.0,957,38,863,14,10,15,44.0,36.0,18.76,18.75
2026-06-13T13:07:00,PCI_6,3,527529515.0,35539708.0,1037,13,787,14,9,11,55.0,38.0,24.99,22.57
2026-06-13T13:07:00,PCI_7,3,687585438.0,38817341.0,863,38,778,11,14,10,39.0,33.0,17.88,18.83
2026-06-13T13:07:00,PCI_8,2,604530234.0,35775713.0,1106,31,821,26,9,9,49.0,38.0,4.76,9.15
2026-06-13T13:07:00,PCI_9,2,37961989.0,20616127.0,911,32,894,3,14,9,53.0,39.0,9.51,12.53
2026-06-13T13:07:00,PCI_10,3,37637027.0,17650262.0,1053,15,989,4,15,12,50.0,41.0,24.32,10.76
2026-06-13T13:07:00,PCI_11,3,51304076.0,21901834.0,1129,7,886,18,8,12,56.0,43.0,6.72,22.66
2026-06-13T13:07:00,PCI_12,3,39203266.0,25296720.0,1098,7,799,24,8,10,55.0,35.0,18.51,12.87
2026-06-13T13:07:00,PCI_13,2,39538140.0,16451418.0,1168,7,857,18,13,12,54.0,43.0,24.51,27.92
2026-06-13T13:07:00,PCI_14,3,40091982.0,22958450.0,988,18,980,15,13,13,49.0,38.0,16.42,21.74
2026-06-13T13:07:00,PCI_15,2,37862286.0,19473427.0,1013,32,785,17,9,14,43.0,47.0,19.78,27.57
2026-06-13T13:07:00,PCI_16,3,41857157.0,14821226.0,1020,28,875,26,10,8,47.0,34.0,20.75,16.56
2026-06-13T13:08:00,PCI_1,2,579517222.0,37688475.0,892,27,868,8,13,12,49.0,44.0,17.63,15.58
2026-06-13T13:08:00,PCI_2,2,628289138.0,33411883.0,1118,8,697,16,9,10,52.0,32.0,15.38,27.61
2026-06-13T13:08:00,PCI_3,3,627509718.0,35199590.0,916,24,900,9,10,12,45.0,35.0,13.15,27.6
2026-06-13T13:08:00,PCI_4,2,676542477.0,44707506.0,1092,37,886,29,15,10,45.0,38.0,10.17,25.93
2026-06-13T13:08:00,PCI_5,1,546687018.0,38677457.0,939,16,795,8,13,11,47.0,35.0,24.2,9.92
2026-06-13T13:08:00,PCI_6,2,624616218.0,33962098.0,957,20,935,14,11,8,53.0,44.0,12.84,20.19
2026-06-13T13:08:00,PCI_7,3,473270148.0,47552753.0,918,35,685,29,14,10,42.0,44.0,22.71,20.28
2026-06-13T13:08:00,PCI_8,3,622266322.0,42445635.0,1074,31,878,9,12,14,52.0,39.0,10.66,23.99
2026-06-13T13:08:00,PCI_9,2,33169175.0,20715633.0,1149,13,809,24,9,10,50.0,45.0,7.91,23.69
2026-06-13T13:08:00,PCI_10,2,34325620.0,16643023.0,942,24,951,4,11,8,53.0,39.0,9.02,20.86
2026-06-13T13:08:00,PCI_11,2,39442365.0,16330178.0,908,14,969,8,13,11,50.0,38.0,19.64,17.98
2026-06-13T13:08:00,PCI_12,2,43468175.0,20481374.0,1054,12,686,28,14,14,51.0,38.0,22.77,23.63
2026-06-13T13:08:00,PCI_13,2,38938295.0,20767137.0,984,17,807,26,12,9,47.0,38.0,22.93,19.2
2026-06-13T13:08:00,PCI_14,3,42746465.0,17458319.0,1138,22,744,26,15,14,50.0,35.0,15.37,27.56
2026-06-13T13:08:00,PCI_15,1,36810673.0,18723308.0,1003,15,714,9,8,15,56.0,34.0,12.0,17.98
2026-06-13T13:08:00,PCI_16,1,42026316.0,23024004.0,1084,17,989,9,15,11,61.0,36.0,14.85,14.91
2026-06-13T13:09:00,PCI_1,3,624115748.0,45626145.0,970,10,689,23,14,11,46.0,37.0,17.42,25.65
2026-06-13T13:09:00,PCI_2,3,634430436.0,41319724.0,1145,31,938,3,13,15,52.0,38.0,6.15,13.07
2026-06-13T13:09:00,PCI_3,2,525412917.0,38431490.0,1140,33,950,11,12,15,46.0,30.0,7.11,21.69
2026-06-13T13:09:00,PCI_4,2,552440111.0,42976963.0,908,13,718,28,13,13,43.0,41.0,21.08,13.33
2026-06-13T13:09:00,PCI_5,3,571798268.0,48818581.0,971,16,869,23,12,12,44.0,41.0,8.25,15.91
2026-06-13T13:09:00,PCI_6,3,626475354.0,39993174.0,1047,19,745,29,13,11,47.0,39.0,10.18,12.27
2026-06-13T13:09:00,PCI_7,3,654588575.0,42728197.0,887,24,704,23,9,8,40.0,44.0,10.28,21.83
2026-06-13T13:09:00,PCI_8,2,714448978.0,41790430.0,1175,20,711,10,8,12,52.0,43.0,7.29,15.72
2026-06-13T13:09:00,PCI_9,2,39250952.0,23686967.0,890,35,786,24,12,15,49.0,34.0,10.05,10.81
2026-06-13T13:09:00,PCI_10,3,50294469.0,19506480.0,989,20,935,8,9,11,51.0,35.0,15.4,12.67
2026-06-13T13:09:00,PCI_11,2,37822099.0,19639980.0,986,39,786,11,12,9,59.0,40.0,10.99,25.55
2026-06-13T13:09:00,PCI_12,2,37884981.0,23502538.0,1146,5,810,14,12,8,52.0,39.0,12.5,26.21
2026-06-13T13:09:00,PCI_13,2,38001988.0,20376603.0,948,18,851,26,14,15,43.0,38.0,24.96,14.72
2026-06-13T13:09:00,PCI_14,3,48033766.0,19881721.0,963,33,986,13,14,13,46.0,38.0,6.06,9.1
2026-06-13T13:09:00,PCI_15,3,38478582.0,18239621.0,902,32,887,12,15,10,48.0,39.0,17.74,18.61
2026-06-13T13:09:00,PCI_16,2,32226379.0,18057052.0,1062,18,690,13,9,9,48.0,38.0,11.27,13.03
2026-06-13T13:10:00,PCI_1,3,601659266.0,35302167.0,902,37,878,12,10,9,51.0,35.0,21.08,17.57
2026-06-13T13:10:00,PCI_2,3,558739301.0,39003569.0,1068,9,811,6,9,10,53.0,41.0,13.01,12.46
2026-06-13T13:10:00,PCI_3,2,575415195.0,38009822.0,1035,7,818,10,10,14,45.0,42.0,21.18,21.54
2026-06-13T13:10:00,PCI_4,3,624620771.0,44110879.0,1085,6,725,6,13,15,45.0,35.0,16.09,23.96
2026-06-13T13:10:00,PCI_5,2,515749744.0,44714856.0,1086,13,835,7,8,12,53.0,38.0,11.82,18.78
2026-06-13T13:10:00,PCI_6,3,617416975.0,41191632.0,1004,29,911,24,13,11,48.0,42.0,18.63,18.68
2026-06-13T13:10:00,PCI_7,2,591141831.0,38538581.0,944,36,842,28,15,12,41.0,33.0,16.49,16.54
2026-06-13T13:10:00,PCI_8,2,623484378.0,34227192.0,1121,35,954,23,10,8,50.0,38.0,6.87,19.83
2026-06-13T13:10:00,PCI_9,3,34777363.0,15247493.0,935,14,704,3,9,15,54.0,41.0,24.73,16.65
2026-06-13T13:10:00,PCI_10,2,40198453.0,20746932.0,1175,7,876,9,11,11,46.0,42.0,10.45,17.44
2026-06-13T13:10:00,PCI_11,2,42499026.0,21015334.0,900,23,922,7,12,10,49.0,41.0,5.72,16.64
2026-06-13T13:10:00,PCI_12,2,33798910.0,21588013.0,1028,17,852,29,12,8,46.0,38.0,5.95,17.61
2026-06-13T13:10:00,PCI_13,1,33485315.0,20843367.0,1075,25,880,20,12,8,51.0,38.0,20.1,23.63
2026-06-13T13:10:00,PCI_14,3,42782777.0,21368325.0,1185,11,810,19,11,14,45.0,37.0,14.64,24.88
2026-06-13T13:10:00,PCI_15,2,35523834.0,22318150.0,1035,20,852,6,14,15,46.0,39.0,14.04,20.74
2026-06-13T13:10:00,PCI_16,3,39039009.0,20535334.0,1165,34,948,13,15,14,44.0,41.0,20.2,8.56
2026-06-13T13:11:00,PCI_1,2,740138576.0,37033918.0,1161,22,722,22,8,12,49.0,43.0,8.22,19.05
2026-06-13T13:11:00,PCI_2,2,591460207.0,36746394.0,951,25,740,7,13,13,46.0,39.0,13.33,9.61
2026-06-13T13:11:00,PCI_3,2,600657196.0,43803353.0,1142,34,932,11,9,13,48.0,40.0,8.08,16.36
2026-06-13T13:11:00,PCI_4,3,615720613.0,40195705.0,1132,13,858,13,12,12,54.0,39.0,12.6,13.57
2026-06-13T13:11:00,PCI_5,4,560237386.0,40835697.0,894,35,705,27,12,8,45.0,38.0,7.08,26.46
2026-06-13T13:11:00,PCI_6,2,630075413.0,31166235.0,1091,22,894,11,11,8,53.0,39.0,6.64,11.58
2026-06-13T13:11:00,PCI_7,2,701582765.0,41899553.0,1044,5,964,25,15,15,48.0,37.0,10.46,16.93
2026-06-13T13:11:00,PCI_8,2,462160137.0,38652401.0,1190,5,785,22,9,6,43.0,36.0,16.94,18.33
2026-06-13T13:11:00,PCI_9,1,38899233.0,19823709.0,1092,38,698,3,14,10,45.0,38.0,23.96,17.5
2026-06-13T13:11:00,PCI_10,3,36267690.0,23549059.0,980,32,802,14,9,11,56.0,39.0,5.64,14.67
2026-06-13T13:11:00,PCI_11,3,47165316.0,17958784.0,1077,10,787,3,11,9,46.0,36.0,13.34,12.58
2026-06-13T13:11:00,PCI_12,2,37143438.0,18510046.0,1080,5,837,19,14,12,34.0,32.0,20.78,10.98
2026-06-13T13:11:00,PCI_13,2,36469177.0,13729833.0,1076,36,807,9,10,12,48.0,36.0,8.95,11.24
2026-06-13T13:11:00,PCI_14,2,42421453.0,23462179.0,910,12,835,28,9,13,44.0,41.0,19.92,12.33
2026-06-13T13:11:00,PCI_15,2,51279263.0,20702548.0,1166,33,838,29,14,13,48.0,36.0,17.84,22.7
2026-06-13T13:11:00,PCI_16,2,48568350.0,16943811.0,1054,17,819,4,13,11,45.0,37.0,16.95,17.47
2026-06-13T13:12:00,PCI_1,3,581813417.0,51531253.0,970,32,675,27,14,15,54.0,32.0,20.37,18.07
2026-06-13T13:12:00,PCI_2,2,733796862.0,40345598.0,953,32,823,7,15,14,50.0,45.0,14.3,12.43
2026-06-13T13:12:00,PCI_3,2,510351489.0,39342522.0,938,7,719,4,8,8,47.0,37.0,20.67,16.99
2026-06-13T13:12:00,PCI_4,2,578848652.0,43720989.0,959,23,704,23,13,9,57.0,40.0,12.25,9.91
2026-06-13T13:12:00,PCI_5,2,614961376.0,47644539.0,1029,6,921,22,8,14,41.0,37.0,17.81,27.72
2026-06-13T13:12:00,PCI_6,2,544258805.0,40358609.0,1101,11,956,11,15,13,54.0,36.0,9.67,17.14
2026-06-13T13:12:00,PCI_7,3,551335933.0,39702322.0,1112,30,976,16,11,8,46.0,32.0,20.1,10.26
2026-06-13T13:12:00,PCI_8,2,511673426.0,31892410.0,1088,32,939,15,12,7,41.0,44.0,6.76,10.98
2026-06-13T13:12:00,PCI_9,2,32901181.0,18762019.0,929,9,782,7,11,8,52.0,37.0,13.74,15.6
2026-06-13T13:12:00,PCI_10,3,41474636.0,19434973.0,1175,14,911,3,10,8,44.0,38.0,19.58,14.04
2026-06-13T13:12:00,PCI_11,3,37435157.0,21704408.0,1056,17,958,7,8,14,58.0,46.0,20.98,21.28
2026-06-13T13:12:00,PCI_12,2,43081487.0,21373541.0,999,37,746,14,11,11,52.0,37.0,19.03,26.25
2026-06-13T13:12:00,PCI_13,2,38051440.0,15714264.0,884,35,838,10,12,12,49.0,29.0,12.22,11.98
2026-06-13T13:12:00,PCI_14,3,26589895.0,16122081.0,879,21,801,4,8,13,45.0,44.0,17.75,26.35
2026-06-13T13:12:00,PCI_15,2,25321628.0,20939381.0,990,34,898,3,14,15,44.0,45.0,19.76,19.94
2026-06-13T13:12:00,PCI_16,3,40634480.0,20267649.0,1091,22,697,7,9,13,52.0,32.0,14.58,15.2
2026-06-13T13:13:00,PCI_1,2,606060079.0,38253613.0,1099,8,940,13,14,9,50.0,36.0,16.56,13.41
2026-06-13T13:13:00,PCI_2,2,512274522.0,35981812.0,1121,39,782,27,14,14,42.0,36.0,13.44,23.67
2026-06-13T13:13:00,PCI_3,2,682533295.0,46117572.0,1150,12,755,13,8,14,48.0,39.0,5.96,25.71
2026-06-13T13:13:00,PCI_4,2,545025148.0,39005990.0,971,34,921,27,15,8,49.0,34.0,11.61,26.83
2026-06-13T13:13:00,PCI_5,2,655932833.0,38568113.0,1126,35,791,6,13,14,48.0,40.0,15.21,26.85
2026-06-13T13:13:00,PCI_6,3,655584120.0,19362026.0,920,27,709,8,14,15,42.0,35.0,17.13,9.35
2026-06-13T13:13:00,PCI_7,3,600808725.0,30728488.0,939,35,811,4,11,9,53.0,34.0,23.51,24.23
2026-06-13T13:13:00,PCI_8,2,567387428.0,29637357.0,955,36,816,4,12,8,53.0,31.0,19.54,7.77
2026-06-13T13:13:00,PCI_9,2,39094009.0,23121224.0,1024,27,963,20,13,15,42.0,33.0,24.28,27.33
2026-06-13T13:13:00,PCI_10,3,32914664.0,20930388.0,1179,12,952,28,11,12,52.0,41.0,10.53,11.35
2026-06-13T13:13:00,PCI_11,2,33051877.0,16909685.0,1152,37,865,23,14,14,43.0,40.0,9.49,23.91
2026-06-13T13:13:00,PCI_12,2,47397281.0,17765297.0,1114,31,743,24,14,8,52.0,37.0,16.28,15.9
2026-06-13T13:13:00,PCI_13,2,43247954.0,17560889.0,1096,26,893,4,12,15,45.0,39.0,17.56,20.82
2026-06-13T13:13:00,PCI_14,3,42873093.0,17551923.0,904,15,840,18,13,9,51.0,43.0,8.75,20.37
2026-06-13T13:13:00,PCI_15,2,30626788.0,18228530.0,1154,22,860,23,11,15,48.0,38.0,13.21,26.82
2026-06-13T13:13:00,PCI_16,2,40038846.0,21134628.0,1044,26,748,8,12,12,55.0,38.0,22.12,21.31
2026-06-13T13:14:00,PCI_1,3,548778575.0,31383486.0,1158,13,849,6,10,15,47.0,40.0,21.28,22.38
2026-06-13T13:14:00,PCI_2,2,584822702.0,49415965.0,1121,14,846,5,15,12,50.0,32.0,13.12,18.96
2026-06-13T13:14:00,PCI_3,2,604760821.0,42405883.0,1067,36,750,8,9,10,44.0,38.0,18.94,13.35
2026-06-13T13:14:00,PCI_4,3,624059628.0,38449638.0,940,39,829,11,9,14,49.0,37.0,7.49,19.09
2026-06-13T13:14:00,PCI_5,2,517658328.0,37821048.0,1008,11,777,16,10,8,48.0,32.0,13.56,19.49
2026-06-13T13:14:00,PCI_6,2,515902924.0,46274766.0,952,18,957,3,9,11,40.0,42.0,6.39,23.38
2026-06-13T13:14:00,PCI_7,3,500374475.0,31652894.0,918,22,715,13,11,8,56.0,44.0,12.27,18.23
2026-06-13T13:14:00,PCI_8,2,546436196.0,35932631.0,1011,9,913,8,8,9,46.0,30.0,15.09,23.94
2026-06-13T13:14:00,PCI_9,2,34748769.0,18858880.0,1030,6,821,7,14,13,42.0,36.0,9.51,22.16
2026-06-13T13:14:00,PCI_10,2,32409661.0,22453030.0,904,23,701,28,11,9,49.0,42.0,20.05,8.11
2026-06-13T13:14:00,PCI_11,2,39133869.0,16052121.0,1131,31,774,10,13,12,50.0,39.0,19.88,25.12
2026-06-13T13:14:00,PCI_12,2,38434181.0,22051865.0,1080,18,905,26,10,10,47.0,35.0,5.76,18.73
2026-06-13T13:14:00,PCI_13,2,36202248.0,18850313.0,964,29,919,13,9,12,47.0,41.0,18.84,11.23
2026-06-13T13:14:00,PCI_14,2,30168405.0,15489725.0,1044,7,818,6,14,9,53.0,34.0,15.55,17.1
2026-06-13T13:14:00,PCI_15,3,26965105.0,17002117.0,1142,7,728,25,14,10,54.0,33.0,21.08,22.79
2026-06-13T13:14:00,PCI_16,2,41214737.0,19691483.0,1133,31,965,10,11,8,43.0,39.0,11.68,22.7
2026-06-13T13:15:00,PCI_1,3,574718367.0,30944311.0,1129,15,736,4,14,13,49.0,42.0,9.54,17.38
2026-06-13T13:15:00,PCI_2,2,621481762.0,36826319.0,931,9,701,11,15,11,44.0,35.0,16.32,16.57
2026-06-13T13:15:00,PCI_3,3,626400477.0,40092590.0,1183,7,724,14,10,11,44.0,37.0,8.57,10.99
2026-06-13T13:15:00,PCI_4,1,546061060.0,36639539.0,966,26,867,25,15,13,51.0,36.0,22.72,24.06
2026-06-13T13:15:00,PCI_5,2,581805058.0,45390783.0,1047,24,764,23,11,8,41.0,34.0,23.45,24.83
2026-06-13T13:15:00,PCI_6,2,496515971.0,30429280.0,1008,35,693,21,10,10,38.0,43.0,23.26,20.05
2026-06-13T13:15:00,PCI_7,2,550025829.0,45482896.0,1133,39,691,25,11,11,43.0,41.0,20.58,21.4
2026-06-13T13:15:00,PCI_8,3,556547419.0,34125480.0,1058,15,831,24,9,13,45.0,34.0,22.04,12.53
2026-06-13T13:15:00,PCI_9,3,34274661.0,17381034.0,1152,28,711,26,13,15,45.0,39.0,13.6,18.83
2026-06-13T13:15:00,PCI_10,2,33697974.0,21617192.0,934,28,686,20,11,12,51.0,38.0,23.89,10.49
2026-06-13T13:15:00,PCI_11,2,40253307.0,23185518.0,889,33,687,20,8,13,47.0,32.0,11.35,25.38
2026-06-13T13:15:00,PCI_12,2,45152905.0,18198335.0,967,21,750,16,8,12,55.0,39.0,11.36,11.74
2026-06-13T13:15:00,PCI_13,2,42890669.0,19838997.0,1116,23,891,17,8,13,51.0,33.0,13.41,9.46
2026-06-13T13:15:00,PCI_14,2,35705849.0,21384307.0,1056,29,901,29,8,15,51.0,47.0,14.41,27.66
2026-06-13T13:15:00,PCI_15,2,31641390.0,18372787.0,950,31,979,7,12,12,50.0,44.0,15.74,8.94
2026-06-13T13:15:00,PCI_16,2,38902098.0,19380086.0,1166,14,877,28,8,14,42.0,39.0,18.17,21.15
2026-06-13T13:16:00,PCI_1,3,608378342.0,37432066.0,1102,30,980,11,10,12,45.0,37.0,10.72,20.32
2026-06-13T13:16:00,PCI_2,2,485422198.0,36297713.0,1140,32,861,7,10,12,44.0,40.0,6.24,13.99
2026-06-13T13:16:00,PCI_3,2,555955548.0,31791881.0,961,23,945,4,10,13,52.0,34.0,8.34,15.37
2026-06-13T13:16:00,PCI_4,2,459070745.0,32092957.0,1088,15,773,14,11,13,52.0,38.0,21.42,18.01
2026-06-13T13:16:00,PCI_5,3,465801821.0,41495075.0,952,15,769,28,11,10,53.0,38.0,22.0,22.22
2026-06-13T13:16:00,PCI_6,2,645503656.0,46340530.0,982,29,901,4,14,15,52.0,35.0,23.51,21.48
2026-06-13T13:16:00,PCI_7,2,608703896.0,43079608.0,982,27,859,9,11,15,44.0,34.0,5.61,19.8
2026-06-13T13:16:00,PCI_8,2,513749119.0,40110366.0,1119,13,850,17,12,7,45.0,35.0,19.76,7.02
2026-06-13T13:16:00,PCI_9,2,38955922.0,18875623.0,1010,10,687,21,10,11,45.0,30.0,24.79,18.53
2026-06-13T13:16:00,PCI_10,3,38304094.0,22664450.0,899,9,718,3,11,13,45.0,32.0,12.44,25.88
2026-06-13T13:16:00,PCI_11,3,39037585.0,10866835.0,1019,23,840,15,15,12,47.0,37.0,9.19,17.62
2026-06-13T13:16:00,PCI_12,3,37227195.0,16984573.0,911,5,853,12,14,9,48.0,40.0,14.64,10.18
2026-06-13T13:16:00,PCI_13,1,36256390.0,19829065.0,889,22,864,20,10,13,55.0,34.0,11.43,24.3
2026-06-13T13:16:00,PCI_14,2,38296395.0,14270282.0,1155,17,761,24,15,8,43.0,42.0,13.16,8.65
2026-06-13T13:16:00,PCI_15,2,38161620.0,18140895.0,1138,18,849,24,11,12,53.0,40.0,10.02,17.27
2026-06-13T13:16:00,PCI_16,2,41013307.0,16490681.0,1099,25,936,13,13,10,48.0,38.0,5.01,14.55
2026-06-13T13:17:00,PCI_1,3,566825226.0,34070416.0,1172,20,815,20,15,12,44.0,33.0,11.28,24.19
2026-06-13T13:17:00,PCI_2,3,711805215.0,43090384.0,893,27,815,25,13,8,49.0,32.0,22.24,25.21
2026-06-13T13:17:00,PCI_3,3,600276194.0,34270115.0,1042,22,911,11,8,11,53.0,39.0,6.61,21.31
2026-06-13T13:17:00,PCI_4,2,410892248.0,30798233.0,1061,38,802,19,11,13,41.0,49.0,17.18,12.55
2026-06-13T13:17:00,PCI_5,2,488084761.0,35642883.0,1111,6,901,18,10,12,43.0,30.0,5.39,20.26
2026-06-13T13:17:00,PCI_6,3,342559525.0,34228604.0,952,6,813,11,12,15,46.0,39.0,7.67,16.2
2026-06-13T13:17:00,PCI_7,2,513187754.0,26398535.0,936,20,749,14,9,14,50.0,33.0,8.96,14.57
2026-06-13T13:17:00,PCI_8,3,432166949.0,33365499.0,938,7,871,5,12,7,47.0,36.0,10.88,24.99
2026-06-13T13:17:00,PCI_9,2,33211121.0,17021200.0,1096,5,830,9,8,13,52.0,30.0,10.76,10.52
2026-06-13T13:17:00,PCI_10,2,35444502.0,21759534.0,1049,20,877,27,11,14,50.0,33.0,6.1,18.45
2026-06-13T13:17:00,PCI_11,2,30864737.0,18640395.0,1144,22,924,4,11,14,37.0,33.0,20.53,9.37
2026-06-13T13:17:00,PCI_12,2,40567147.0,22447124.0,1038,30,858,17,15,8,50.0,37.0,11.16,21.5
2026-06-13T13:17:00,PCI_13,2,32146703.0,21841005.0,1133,26,739,11,8,10,48.0,33.0,6.58,11.94
2026-06-13T13:17:00,PCI_14,2,40855492.0,14667248.0,1106,24,767,13,12,14,51.0,38.0,10.21,8.02
2026-06-13T13:17:00,PCI_15,3,33625907.0,18788775.0,959,10,838,26,12,13,43.0,34.0,24.57,8.15
2026-06-13T13:17:00,PCI_16,2,48486311.0,21986857.0,909,14,771,17,13,13,44.0,37.0,9.13,21.58
2026-06-13T13:18:00,PCI_1,1,623423822.0,25491641.0,1152,30,872,22,15,11,43.0,44.0,17.11,22.67
2026-06-13T13:18:00,PCI_2,2,514971462.0,34306184.0,1063,22,687,22,12,13,45.0,34.0,6.22,20.59
2026-06-13T13:18:00,PCI_3,2,607795787.0,33984261.0,928,26,886,22,14,12,50.0,31.0,21.79,22.21
2026-06-13T13:18:00,PCI_4,2,649465395.0,33553856.0,930,29,974,13,12,13,42.0,39.0,23.66,17.82
2026-06-13T13:18:00,PCI_5,1,471919457.0,38761965.0,975,14,728,12,14,13,44.0,28.0,5.95,18.86
2026-06-13T13:18:00,PCI_6,3,542662008.0,35910845.0,888,13,715,5,11,11,46.0,31.0,7.68,8.12
2026-06-13T13:18:00,PCI_7,3,532634740.0,35034423.0,951,38,753,13,12,15,44.0,38.0,22.54,15.59
2026-06-13T13:18:00,PCI_8,3,423812996.0,27284240.0,1032,25,917,7,13,13,41.0,43.0,12.91,9.38
2026-06-13T13:18:00,PCI_9,2,36082933.0,20309252.0,1160,26,766,11,8,11,49.0,36.0,5.08,25.0
2026-06-13T13:18:00,PCI_10,2,28140393.0,19489549.0,953,9,832,23,9,11,38.0,36.0,18.59,12.17
2026-06-13T13:18:00,PCI_11,3,43068671.0,17909182.0,958,39,757,16,14,13,52.0,40.0,6.21,18.21
2026-06-13T13:18:00,PCI_12,2,38743580.0,15750409.0,904,11,853,26,12,10,49.0,34.0,24.94,10.09
2026-06-13T13:18:00,PCI_13,3,33947118.0,19078021.0,983,30,762,26,15,11,47.0,44.0,8.01,21.48
2026-06-13T13:18:00,PCI_14,2,41448188.0,16749927.0,903,5,785,5,12,14,51.0,36.0,22.16,27.14
2026-06-13T13:18:00,PCI_15,2,31083322.0,14774892.0,1079,10,920,21,9,8,53.0,41.0,16.79,13.72
2026-06-13T13:18:00,PCI_16,3,33594509.0,18345082.0,1009,31,810,11,8,8,45.0,42.0,24.15,9.53
2026-06-13T13:19:00,PCI_1,2,522632292.0,38361891.0,1034,28,735,21,12,10,42.0,38.0,23.38,9.49
2026-06-13T13:19:00,PCI_2,2,535277502.0,29844080.0,944,19,895,20,13,11,48.0,34.0,16.45,21.77
2026-06-13T13:19:00,PCI_3,2,478274662.0,33287660.0,1155,26,970,18,9,15,49.0,35.0,15.2,26.96
2026-06-13T13:19:00,PCI_4,2,647043966.0,43957574.0,919,39,956,15,14,14,45.0,36.0,20.7,9.47
2026-06-13T13:19:00,PCI_5,2,574842492.0,42427109.0,1089,38,795,13,9,8,45.0,36.0,17.94,24.86
2026-06-13T13:19:00,PCI_6,2,416312219.0,30648455.0,1003,8,931,9,14,11,49.0,39.0,18.69,8.52
2026-06-13T13:19:00,PCI_7,2,580649549.0,43548559.0,1153,34,695,29,11,12,46.0,39.0,5.33,19.75
2026-06-13T13:19:00,PCI_8,2,458560254.0,34180484.0,927,30,885,8,13,10,42.0,36.0,10.07,12.96
2026-06-13T13:19:00,PCI_9,3,37262901.0,16906634.0,1125,20,725,13,11,9,49.0,30.0,11.7,20.34
2026-06-13T13:19:00,PCI_10,2,36493470.0,17798158.0,935,20,690,28,13,8,43.0,39.0,11.59,27.62
2026-06-13T13:19:00,PCI_11,2,31778772.0,17911710.0,925,7,911,19,15,11,44.0,35.0,9.57,21.97
2026-06-13T13:19:00,PCI_12,3,33456609.0,21820971.0,878,25,909,27,11,9,48.0,34.0,19.74,16.76
2026-06-13T13:19:00,PCI_13,2,37270555.0,21734255.0,1034,7,713,17,9,15,47.0,28.0,17.35,26.13
2026-06-13T13:19:00,PCI_14,3,31758130.0,14242273.0,952,33,805,16,13,8,46.0,39.0,24.43,14.5
2026-06-13T13:19:00,PCI_15,3,36200668.0,21965071.0,916,5,735,27,11,12,49.0,41.0,6.29,18.89
2026-06-13T13:19:00,PCI_16,3,32332256.0,18793643.0,1109,16,734,13,14,9,48.0,40.0,17.0,12.3
2026-06-13T13:20:00,PCI_1,2,586942491.0,34333790.0,1112,18,796,16,11,14,46.0,39.0,24.43,15.92
2026-06-13T13:20:00,PCI_2,3,498588975.0,35958224.0,922,36,879,6,9,14,39.0,35.0,11.93,14.86
2026-06-13T13:20:00,PCI_3,2,518008562.0,38610488.0,1098,19,836,23,14,11,48.0,34.0,9.52,14.46
2026-06-13T13:20:00,PCI_4,2,535851556.0,31718534.0,1033,9,760,8,15,12,50.0,45.0,12.79,19.55
2026-06-13T13:20:00,PCI_5,3,593564069.0,28031103.0,887,29,724,17,9,8,48.0,44.0,15.77,15.11
2026-06-13T13:20:00,PCI_6,2,486901303.0,37539197.0,1026,25,833,23,12,15,48.0,32.0,19.97,17.15
2026-06-13T13:20:00,PCI_7,3,473868765.0,38796262.0,980,34,811,22,12,12,50.0,36.0,18.29,18.97
2026-06-13T13:20:00,PCI_8,2,455111426.0,27753084.0,1121,27,920,12,8,8,46.0,38.0,9.49,16.27
2026-06-13T13:20:00,PCI_9,2,31854335.0,21855835.0,1052,38,805,23,9,8,46.0,41.0,5.06,24.35
2026-06-13T13:20:00,PCI_10,2,37103703.0,13727584.0,953,13,744,9,12,11,50.0,29.0,12.44,10.53
2026-06-13T13:20:00,PCI_11,3,37966063.0,17111016.0,949,19,846,8,12,8,48.0,26.0,12.43,12.32
2026-06-13T13:20:00,PCI_12,2,35933293.0,18686910.0,1022,8,678,28,14,13,45.0,38.0,10.5,17.17
2026-06-13T13:20:00,PCI_13,2,37350816.0,17724961.0,1039,16,719,11,10,11,41.0,39.0,6.54,14.18
2026-06-13T13:20:00,PCI_14,3,31959276.0,17787122.0,1031,7,698,8,15,11,43.0,40.0,5.58,19.79
2026-06-13T13:20:00,PCI_15,2,28604822.0,22767171.0,1033,11,726,26,10,14,47.0,40.0,22.57,13.83
2026-06-13T13:20:00,PCI_16,3,33041515.0,16080482.0,882,37,927,6,10,14,46.0,29.0,20.07,19.37
2026-06-13T13:21:00,PCI_1,2,486553549.0,32788037.0,922,30,821,27,11,13,43.0,34.0,6.02,21.03
2026-06-13T13:21:00,PCI_2,1,474647174.0,35306360.0,1083,36,774,24,10,13,40.0,38.0,23.18,19.32
2026-06-13T13:21:00,PCI_3,2,666945215.0,24992826.0,1164,10,918,10,11,11,47.0,40.0,11.21,11.41
2026-06-13T13:21:00,PCI_4,2,498247390.0,41326745.0,1028,13,864,11,15,9,45.0,37.0,18.03,25.22
2026-06-13T13:21:00,PCI_5,3,566612405.0,31694199.0,996,32,969,7,12,12,44.0,30.0,13.14,27.28
2026-06-13T13:21:00,PCI_6,3,559225890.0,34358843.0,1119,34,832,26,8,9,48.0,43.0,5.45,11.24
2026-06-13T13:21:00,PCI_7,2,531190285.0,36033194.0,1008,6,688,24,15,12,44.0,40.0,18.4,14.69
2026-06-13T13:21:00,PCI_8,2,417297803.0,18825128.0,1153,18,761,23,6,12,42.0,36.0,19.76,11.79
2026-06-13T13:21:00,PCI_9,2,27460948.0,17383559.0,1086,32,727,24,11,11,47.0,36.0,15.21,12.33
2026-06-13T13:21:00,PCI_10,3,30859964.0,13295876.0,1118,29,962,3,13,9,44.0,33.0,5.73,24.28
2026-06-13T13:21:00,PCI_11,2,34656711.0,16500765.0,877,33,743,12,9,11,48.0,33.0,16.78,22.42
2026-06-13T13:21:00,PCI_12,2,30351084.0,15679010.0,1071,13,809,23,15,11,49.0,37.0,21.11,25.95
2026-06-13T13:21:00,PCI_13,3,35450607.0,20682495.0,956,25,778,13,14,14,41.0,36.0,15.36,25.69
2026-06-13T13:21:00,PCI_14,2,40035994.0,18651367.0,891,27,848,15,13,9,42.0,32.0,12.91,18.51
2026-06-13T13:21:00,PCI_15,3,30718752.0,17853003.0,924,30,733,24,12,15,43.0,37.0,9.49,11.31
2026-06-13T13:21:00,PCI_16,2,36111702.0,19919792.0,895,6,905,19,10,8,41.0,33.0,23.02,27.4
2026-06-13T13:22:00,PCI_1,3,466215717.0,31550302.0,979,19,708,27,10,15,42.0,37.0,17.68,17.2
2026-06-13T13:22:00,PCI_2,2,523744629.0,46266451.0,904,27,819,25,12,9,43.0,39.0,19.91,25.74
2026-06-13T13:22:00,PCI_3,2,531810149.0,33483111.0,964,26,770,12,15,15,45.0,41.0,5.47,18.17
2026-06-13T13:22:00,PCI_4,1,492321175.0,37186586.0,918,19,803,19,15,12,44.0,36.0,8.87,23.02
2026-06-13T13:22:00,PCI_5,2,512278179.0,28872167.0,964,39,816,27,15,12,47.0,40.0,7.04,26.5
2026-06-13T13:22:00,PCI_6,2,474621309.0,40514319.0,1163,27,839,23,8,8,49.0,28.0,15.65,8.18
2026-06-13T13:22:00,PCI_7,2,471218337.0,36066701.0,1083,35,906,13,15,8,41.0,38.0,17.8,20.38
2026-06-13T13:22:00,PCI_8,2,527426172.0,30522112.0,1076,7,895,11,5,8,54.0,33.0,20.85,12.51
2026-06-13T13:22:00,PCI_9,2,29373266.0,19973048.0,1168,12,818,13,8,8,47.0,39.0,22.29,12.63
2026-06-13T13:22:00,PCI_10,2,40571692.0,14746019.0,1145,13,739,12,9,9,48.0,34.0,20.19,16.22
2026-06-13T13:22:00,PCI_11,2,26399206.0,14157005.0,1058,20,861,4,15,15,42.0,39.0,17.16,27.15
2026-06-13T13:22:00,PCI_12,2,40429268.0,18166094.0,931,6,759,10,9,9,47.0,44.0,12.31,9.12
2026-06-13T13:22:00,PCI_13,3,40020078.0,11790659.0,1017,22,861,15,11,15,46.0,39.0,14.21,11.97
2026-06-13T13:22:00,PCI_14,2,41421807.0,14939297.0,1130,30,720,25,11,15,51.0,35.0,16.23,15.04
2026-06-13T13:22:00,PCI_15,2,37307714.0,20275977.0,1020,6,773,4,9,13,44.0,39.0,21.05,22.69
2026-06-13T13:22:00,PCI_16,3,39058085.0,16732816.0,1111,10,831,11,14,8,52.0,39.0,14.27,25.16
2026-06-13T13:23:00,PCI_1,2,487497467.0,34492211.0,933,12,805,12,13,13,39.0,31.0,20.97,21.16
2026-06-13T13:23:00,PCI_2,2,479215250.0,34099302.0,973,11,742,28,15,14,42.0,32.0,5.62,18.0
2026-06-13T13:23:00,PCI_3,1,499394510.0,36096808.0,1138,37,821,19,8,12,42.0,45.0,21.34,8.78
2026-06-13T13:23:00,PCI_4,2,624340443.0,33788887.0,1071,18,694,14,13,15,47.0,34.0,12.02,24.05
2026-06-13T13:23:00,PCI_5,2,570449440.0,32264242.0,1023,32,711,20,12,13,48.0,32.0,5.56,11.16
2026-06-13T13:23:00,PCI_6,2,340709753.0,33318325.0,1128,27,819,28,9,10,46.0,37.0,24.92,24.31
2026-06-13T13:23:00,PCI_7,2,579887527.0,38407072.0,968,19,948,17,10,9,46.0,36.0,19.33,8.42
2026-06-13T13:23:00,PCI_8,2,346166377.0,29566769.0,991,27,818,18,7,8,41.0,32.0,8.37,15.03
2026-06-13T13:23:00,PCI_9,2,40462661.0,16519798.0,1112,38,773,29,14,14,48.0,33.0,6.27,17.24
2026-06-13T13:23:00,PCI_10,2,28786980.0,18239928.0,1096,39,871,11,12,8,44.0,37.0,15.71,16.07
2026-06-13T13:23:00,PCI_11,2,29857550.0,15312676.0,1095,29,918,5,13,13,42.0,42.0,21.38,20.88
2026-06-13T13:23:00,PCI_12,2,32595393.0,16916057.0,921,33,875,21,14,11,48.0,37.0,15.09,24.01
2026-06-13T13:23:00,PCI_13,3,34100779.0,16395008.0,963,14,913,18,11,12,48.0,32.0,14.91,8.41
2026-06-13T13:23:00,PCI_14,2,33103060.0,18132424.0,932,38,953,25,11,9,46.0,36.0,12.99,19.57
2026-06-13T13:23:00,PCI_15,2,35408294.0,14423766.0,1036,30,981,5,14,9,51.0,35.0,23.74,20.04
2026-06-13T13:23:00,PCI_16,2,34436025.0,15342290.0,1156,26,948,5,11,15,49.0,37.0,23.71,27.8
2026-06-13T13:24:00,PCI_1,3,517297911.0,32711065.0,1092,35,772,26,9,11,42.0,36.0,9.29,8.02
2026-06-13T13:24:00,PCI_2,2,583810362.0,44705901.0,1018,22,808,25,12,15,46.0,37.0,22.73,13.25
2026-06-13T13:24:00,PCI_3,2,561780275.0,26020364.0,1123,31,926,16,15,14,40.0,36.0,15.97,17.27
2026-06-13T13:24:00,PCI_4,3,544148073.0,44569728.0,978,18,862,16,8,9,43.0,37.0,12.69,27.18
2026-06-13T13:24:00,PCI_5,3,405666603.0,35590847.0,874,34,802,17,12,12,39.0,34.0,11.71,14.03
2026-06-13T13:24:00,PCI_6,2,507681650.0,34186218.0,1035,23,961,11,11,10,52.0,38.0,22.11,17.09
2026-06-13T13:24:00,PCI_7,2,508266608.0,29991326.0,966,36,906,27,12,8,47.0,39.0,9.21,22.33
2026-06-13T13:24:00,PCI_8,2,435640681.0,25967132.0,946,37,942,28,8,11,45.0,33.0,19.62,20.79
2026-06-13T13:24:00,PCI_9,3,45385927.0,18586097.0,1059,9,693,20,13,9,43.0,33.0,24.29,18.01
2026-06-13T13:24:00,PCI_10,3,29890865.0,17502730.0,970,30,944,13,15,8,44.0,32.0,17.91,23.51
2026-06-13T13:24:00,PCI_11,2,36954830.0,17819348.0,1193,5,861,21,9,11,48.0,31.0,19.56,20.18
2026-06-13T13:24:00,PCI_12,2,35685452.0,16471918.0,910,35,836,26,12,9,44.0,36.0,21.9,15.02
2026-06-13T13:24:00,PCI_13,3,28166454.0,13978729.0,920,12,878,13,11,9,48.0,36.0,14.84,18.46
2026-06-13T13:24:00,PCI_14,3,40127661.0,23449620.0,961,11,839,16,10,8,44.0,35.0,23.78,13.77
2026-06-13T13:24:00,PCI_15,2,41445284.0,21608965.0,1136,7,861,9,15,15,48.0,34.0,15.42,21.11
2026-06-13T13:24:00,PCI_16,3,33988078.0,14415265.0,1047,19,792,22,8,14,42.0,27.0,16.86,16.03
2026-06-13T13:25:00,PCI_1,2,492755345.0,32462147.0,945,12,808,22,13,13,44.0,28.0,18.06,23.07
2026-06-13T13:25:00,PCI_2,2,508320461.0,27439712.0,1134,15,741,3,13,9,45.0,33.0,10.49,24.76
2026-06-13T13:25:00,PCI_3,2,527724625.0,42444552.0,929,25,803,14,11,11,42.0,30.0,6.82,12.6
2026-06-13T13:25:00,PCI_4,2,564948017.0,35540542.0,1034,38,840,24,14,15,51.0,31.0,17.19,24.73
2026-06-13T13:25:00,PCI_5,3,526099327.0,34128110.0,921,17,739,19,14,12,39.0,31.0,7.05,12.23
2026-06-13T13:25:00,PCI_6,2,648297561.0,31079804.0,904,35,807,5,15,8,40.0,38.0,11.12,27.56
2026-06-13T13:25:00,PCI_7,3,554255653.0,41599094.0,961,20,771,13,10,14,51.0,29.0,23.27,25.85
2026-06-13T13:25:00,PCI_8,2,434382199.0,35085726.0,1078,20,944,22,11,9,43.0,35.0,10.8,18.33
2026-06-13T13:25:00,PCI_9,1,31630512.0,15720447.0,944,15,879,12,15,10,46.0,36.0,18.85,15.94
2026-06-13T13:25:00,PCI_10,2,23357440.0,23316066.0,917,16,772,16,11,12,43.0,40.0,14.07,9.78
2026-06-13T13:25:00,PCI_11,2,41321482.0,16095293.0,987,11,939,20,12,13,43.0,33.0,15.74,22.64
2026-06-13T13:25:00,PCI_12,1,40974386.0,20161429.0,1085,6,835,21,14,12,49.0,34.0,22.69,25.28
2026-06-13T13:25:00,PCI_13,2,41207657.0,13232647.0,1091,18,748,17,11,13,44.0,35.0,16.28,22.87
2026-06-13T13:25:00,PCI_14,3,41123203.0,17542693.0,954,18,823,6,11,14,47.0,38.0,7.55,8.85
2026-06-13T13:25:00,PCI_15,3,34288287.0,18780993.0,902,28,854,17,11,13,48.0,32.0,23.53,20.02
2026-06-13T13:25:00,PCI_16,2,28402933.0,18346633.0,1054,9,734,13,11,13,43.0,35.0,17.65,18.75
2026-06-13T13:26:00,PCI_1,2,464321904.0,24774571.0,1143,23,908,17,14,10,46.0,35.0,22.79,11.13
2026-06-13T13:26:00,PCI_2,2,538829730.0,25672519.0,1058,28,749,25,12,9,43.0,31.0,16.76,17.42
2026-06-13T13:26:00,PCI_3,2,546805486.0,32870925.0,1002,33,733,23,11,14,42.0,32.0,16.4,13.55
2026-06-13T13:26:00,PCI_4,2,477712222.0,28011296.0,1140,20,950,23,12,8,46.0,32.0,23.09,21.56
2026-06-13T13:26:00,PCI_5,2,391380407.0,41136894.0,1155,23,911,11,15,11,52.0,27.0,21.0,18.07
2026-06-13T13:26:00,PCI_6,1,417111209.0,34402336.0,1137,14,801,10,13,10,45.0,31.0,16.32,11.47
2026-06-13T13:26:00,PCI_7,3,515118063.0,22977722.0,1028,16,853,22,9,14,48.0,33.0,20.47,16.02
2026-06-13T13:26:00,PCI_8,1,366394633.0,20424229.0,1084,18,679,27,7,5,44.0,32.0,3.5,17.88
2026-06-13T13:26:00,PCI_9,2,42217610.0,16196344.0,1083,34,967,22,9,11,45.0,39.0,19.43,23.53
2026-06-13T13:26:00,PCI_10,2,37355067.0,13554195.0,962,34,677,26,13,12,42.0,32.0,10.31,15.69
2026-06-13T13:26:00,PCI_11,3,34107291.0,17457255.0,1165,23,828,26,9,10,47.0,30.0,20.86,19.96
2026-06-13T13:26:00,PCI_12,3,40552422.0,16172303.0,1025,12,967,6,11,9,42.0,39.0,22.4,13.32
2026-06-13T13:26:00,PCI_13,2,29650829.0,12055921.0,978,18,690,11,14,15,32.0,38.0,11.94,21.65
2026-06-13T13:26:00,PCI_14,2,41076444.0,19887368.0,969,25,944,14,12,15,49.0,32.0,18.79,11.87
2026-06-13T13:26:00,PCI_15,2,32362717.0,15127624.0,1016,38,843,21,15,8,48.0,40.0,20.0,25.91
2026-06-13T13:26:00,PCI_16,2,27085756.0,18071005.0,1085,27,891,4,10,15,44.0,30.0,5.51,20.58
2026-06-13T13:27:00,PCI_1,2,537624327.0,30431494.0,1048,12,885,18,12,13,34.0,43.0,6.52,12.58
2026-06-13T13:27:00,PCI_2,2,628767767.0,25514992.0,984,20,729,21,15,8,49.0,33.0,7.71,14.06
2026-06-13T13:27:00,PCI_3,2,446150714.0,36816076.0,925,23,823,8,11,13,47.0,32.0,17.17,20.26
2026-06-13T13:27:00,PCI_4,2,610678411.0,35629558.0,1138,19,811,8,12,12,45.0,33.0,18.62,22.76
2026-06-13T13:27:00,PCI_5,3,497913500.0,37400079.0,938,11,962,4,14,12,44.0,32.0,17.74,21.27
2026-06-13T13:27:00,PCI_6,2,460233438.0,36765669.0,952,22,691,28,13,15,40.0,36.0,21.82,25.31
2026-06-13T13:27:00,PCI_7,2,451425513.0,31005413.0,991,27,713,8,8,15,38.0,31.0,21.15,16.01
2026-06-13T13:27:00,PCI_8,2,351523383.0,34312740.0,1158,7,701,12,12,9,45.0,36.0,16.86,21.15
2026-06-13T13:27:00,PCI_9,1,41285376.0,17879855.0,1011,13,719,28,8,9,46.0,38.0,7.12,24.91
2026-06-13T13:27:00,PCI_10,3,42968716.0,20195717.0,1083,38,780,26,9,10,47.0,33.0,23.2,21.41
2026-06-13T13:27:00,PCI_11,1,27605959.0,21932976.0,1092,22,761,15,10,10,44.0,34.0,23.07,25.66
2026-06-13T13:27:00,PCI_12,2,29734993.0,20001315.0,984,15,817,5,8,10,45.0,36.0,23.76,25.59
2026-06-13T13:27:00,PCI_13,2,24463893.0,13630513.0,1153,13,827,27,9,12,40.0,34.0,16.68,11.06
2026-06-13T13:27:00,PCI_14,3,46505631.0,15617724.0,1093,11,733,21,13,10,50.0,35.0,16.86,13.96
2026-06-13T13:27:00,PCI_15,1,28826239.0,17411456.0,1023,16,862,25,11,15,45.0,36.0,10.96,8.88
2026-06-13T13:27:00,PCI_16,2,31082354.0,12779639.0,994,21,839,5,13,9,46.0,31.0,6.04,10.56
2026-06-13T13:28:00,PCI_1,2,268009478.0,23115990.0,946,13,844,3,9,12,40.0,38.0,16.9,24.51
2026-06-13T13:28:00,PCI_2,2,422105979.0,28345657.0,1066,39,912,18,10,9,40.0,33.0,6.66,20.56
2026-06-13T13:28:00,PCI_3,2,570448121.0,34345680.0,1182,7,778,25,15,9,43.0,28.0,10.07,23.35
2026-06-13T13:28:00,PCI_4,2,553696449.0,37910527.0,952,15,914,13,12,15,46.0,35.0,24.84,19.32
2026-06-13T13:28:00,PCI_5,1,499197277.0,41784740.0,1023,33,821,28,9,12,40.0,36.0,18.9,27.93
2026-06-13T13:28:00,PCI_6,2,506080853.0,38350193.0,990,9,892,18,11,13,45.0,27.0,22.58,13.68
2026-06-13T13:28:00,PCI_7,1,277183554.0,44917453.0,1049,32,807,20,9,15,38.0,32.0,16.55,25.1
2026-06-13T13:28:00,PCI_8,2,471756925.0,18318165.0,871,30,860,28,6,8,48.0,29.0,18.99,11.57
2026-06-13T13:28:00,PCI_9,2,29183548.0,18914707.0,1101,23,756,20,15,15,45.0,37.0,9.18,20.18
2026-06-13T13:28:00,PCI_10,2,28978199.0,24162457.0,1163,33,966,10,9,13,49.0,30.0,12.34,23.8
2026-06-13T13:28:00,PCI_11,2,27959655.0,13849438.0,1109,7,722,3,11,15,40.0,33.0,12.89,10.37
2026-06-13T13:28:00,PCI_12,2,35866868.0,11179475.0,906,23,957,17,12,9,38.0,34.0,15.22,24.73
2026-06-13T13:28:00,PCI_13,2,35998405.0,12160198.0,1030,18,780,18,15,8,38.0,39.0,16.25,19.37
2026-06-13T13:28:00,PCI_14,2,32943570.0,19172012.0,915,33,840,19,9,9,42.0,36.0,7.85,9.62
2026-06-13T13:28:00,PCI_15,2,36025508.0,12354768.0,1098,35,803,26,8,9,43.0,32.0,10.58,16.08
2026-06-13T13:28:00,PCI_16,2,45698806.0,16116086.0,998,12,856,22,12,9,40.0,36.0,24.69,10.2
2026-06-13T13:29:00,PCI_1,3,528884273.0,36921108.0,1141,31,950,7,14,10,46.0,34.0,24.29,23.59
2026-06-13T13:29:00,PCI_2,2,413581143.0,32971302.0,1173,7,942,10,12,11,37.0,34.0,23.89,16.87
2026-06-13T13:29:00,PCI_3,2,442258700.0,37267387.0,1010,12,810,5,13,15,44.0,32.0,7.3,14.96
2026-06-13T13:29:00,PCI_4,2,508314718.0,27677168.0,1139,22,989,6,10,13,41.0,33.0,17.53,25.65
2026-06-13T13:29:00,PCI_5,2,484198142.0,21729536.0,1038,14,763,5,9,10,48.0,35.0,21.55,16.3
2026-06-13T13:29:00,PCI_6,3,433974757.0,38063547.0,1165,27,732,14,11,12,43.0,39.0,9.63,23.01
2026-06-13T13:29:00,PCI_7,2,538360496.0,36019268.0,967,35,990,3,12,12,43.0,41.0,24.55,10.55
2026-06-13T13:29:00,PCI_8,2,470382801.0,28908311.0,1171,19,867,18,5,10,43.0,38.0,13.86,14.17
2026-06-13T13:29:00,PCI_9,2,33824371.0,15641284.0,1011,35,751,20,13,14,52.0,37.0,15.63,21.54
2026-06-13T13:29:00,PCI_10,2,33805725.0,17494958.0,1044,12,906,17,13,10,43.0,22.0,19.63,17.27
2026-06-13T13:29:00,PCI_11,1,33659869.0,18936775.0,930,23,929,9,12,14,45.0,33.0,23.94,21.65
2026-06-13T13:29:00,PCI_12,2,37182989.0,13203040.0,963,29,927,26,8,11,52.0,31.0,8.08,24.21
2026-06-13T13:29:00,PCI_13,2,30349696.0,17435105.0,1181,6,723,16,13,8,46.0,31.0,11.3,22.17
2026-06-13T13:29:00,PCI_14,2,29264381.0,18741480.0,949,29,733,16,10,15,46.0,32.0,18.04,12.92
2026-06-13T13:29:00,PCI_15,2,31629985.0,18259808.0,1023,7,979,20,14,11,45.0,33.0,18.67,22.74
2026-06-13T13:29:00,PCI_16,2,34321404.0,13704227.0,1107,8,714,11,12,15,41.0,37.0,5.38,13.07
2026-06-13T13:30:00,PCI_1,3,505490963.0,35994004.0,957,23,852,29,15,12,40.0,35.0,23.02,15.15
2026-06-13T13:30:00,PCI_2,2,467993407.0,22440954.0,1085,12,804,29,9,11,42.0,33.0,13.75,27.11
2026-06-13T13:30:00,PCI_3,2,452613632.0,32263277.0,1018,37,822,21,8,11,39.0,33.0,5.26,9.07
2026-06-13T13:30:00,PCI_4,2,518213330.0,36231643.0,1088,21,967,28,10,12,46.0,32.0,7.86,12.8
2026-06-13T13:30:00,PCI_5,2,382129291.0,37033809.0,1011,38,937,15,10,15,47.0,34.0,19.74,21.09
2026-06-13T13:30:00,PCI_6,3,486500932.0,36470484.0,1036,5,865,12,9,8,44.0,30.0,11.29,22.95
2026-06-13T13:30:00,PCI_7,2,400995873.0,37802118.0,1009,29,741,18,14,13,42.0,44.0,5.03,24.83
2026-06-13T13:30:00,PCI_8,3,370974525.0,31457627.0,1009,29,973,20,9,5,45.0,35.0,7.52,7.9
2026-06-13T13:30:00,PCI_9,3,27967041.0,11884218.0,1110,34,832,14,9,12,40.0,42.0,13.77,8.66
2026-06-13T13:30:00,PCI_10,3,39522005.0,14076767.0,981,32,776,15,8,14,44.0,39.0,12.75,15.12
2026-06-13T13:30:00,PCI_11,3,24693851.0,16706227.0,1119,27,911,13,13,15,47.0,36.0,21.92,16.01
2026-06-13T13:30:00,PCI_12,2,41008018.0,18074721.0,1024,29,738,5,8,9,44.0,36.0,19.66,21.31
2026-06-13T13:30:00,PCI_13,2,34055173.0,15465449.0,908,12,787,28,9,10,43.0,40.0,24.76,23.9
2026-06-13T13:30:00,PCI_14,2,30259030.0,16396340.0,1010,26,952,12,8,14,45.0,38.0,21.17,9.3
2026-06-13T13:30:00,PCI_15,2,36903407.0,12373104.0,1094,13,974,25,13,9,41.0,32.0,19.26,16.88
2026-06-13T13:30:00,PCI_16,2,46303726.0,15880351.0,1041,37,877,16,11,11,37.0,30.0,21.58,13.58
2026-06-13T13:31:00,PCI_1,2,447282084.0,31288286.0,996,32,813,24,10,14,45.0,35.0,13.4,17.61
2026-06-13T13:31:00,PCI_2,1,520538860.0,36311025.0,1110,39,832,15,14,11,46.0,35.0,5.41,8.36
2026-06-13T13:31:00,PCI_3,2,400063471.0,17955795.0,961,35,953,8,8,14,45.0,35.0,17.57,17.05
2026-06-13T13:31:00,PCI_4,2,558858759.0,41816476.0,924,29,855,10,13,8,39.0,36.0,12.74,27.37
2026-06-13T13:31:00,PCI_5,3,540912254.0,26613651.0,995,13,713,3,15,8,39.0,28.0,15.55,13.22
2026-06-13T13:31:00,PCI_6,2,431358408.0,37304428.0,902,27,768,25,9,15,41.0,41.0,21.83,13.75
2026-06-13T13:31:00,PCI_7,2,469245202.0,42981989.0,906,19,714,21,15,8,52.0,35.0,16.81,26.99
2026-06-13T13:31:00,PCI_8,2,447353420.0,24931569.0,1055,89,723,110,3,2,44.0,41.0,4.81,9.93
2026-06-13T13:31:00,PCI_9,1,29156182.0,17721802.0,1106,7,766,27,12,10,39.0,25.0,22.87,10.7
2026-06-13T13:31:00,PCI_10,3,36780927.0,20738051.0,909,33,845,9,12,8,42.0,39.0,17.09,27.87
2026-06-13T13:31:00,PCI_11,3,33723358.0,14401174.0,1130,14,696,20,10,8,44.0,30.0,5.51,14.69
2026-06-13T13:31:00,PCI_12,2,36050166.0,10848069.0,976,31,921,18,14,15,48.0,45.0,15.32,25.25
2026-06-13T13:31:00,PCI_13,2,37369146.0,18483413.0,884,33,762,28,15,12,43.0,37.0,8.72,15.0
2026-06-13T13:31:00,PCI_14,2,30333774.0,12310069.0,920,27,759,18,11,15,46.0,33.0,21.66,26.02
2026-06-13T13:31:00,PCI_15,3,40918612.0,13125763.0,1043,14,767,29,15,9,42.0,38.0,8.98,18.26
2026-06-13T13:31:00,PCI_16,2,27087891.0,14296574.0,1082,11,956,6,14,12,39.0,35.0,9.21,19.05
2026-06-13T13:32:00,PCI_1,3,397524265.0,28458249.0,1120,29,697,21,14,8,42.0,39.0,8.77,8.48
2026-06-13T13:32:00,PCI_2,2,576684921.0,38068036.0,1040,12,847,8,13,13,44.0,29.0,17.8,26.54
2026-06-13T13:32:00,PCI_3,3,418878239.0,34105428.0,949,25,808,18,12,11,41.0,36.0,6.86,10.99
2026-06-13T13:32:00,PCI_4,1,512898496.0,31661342.0,1139,6,881,5,14,13,44.0,37.0,9.45,22.15
2026-06-13T13:32:00,PCI_5,2,565841560.0,30018812.0,1113,27,736,20,13,13,43.0,30.0,22.79,14.54
2026-06-13T13:32:00,PCI_6,3,394180114.0,30117147.0,1064,36,954,12,9,11,44.0,38.0,7.11,24.29
2026-06-13T13:32:00,PCI_7,2,467110108.0,36224411.0,877,38,903,25,15,11,43.0,35.0,12.95,11.09
2026-06-13T13:32:00,PCI_8,2,399256885.0,18362362.0,863,247,721,72,2,2,46.0,30.0,7.58,14.34
2026-06-13T13:32:00,PCI_9,2,22578330.0,18041434.0,1026,34,837,12,9,9,49.0,28.0,24.77,18.44
2026-06-13T13:32:00,PCI_10,3,32293394.0,18500077.0,1103,32,746,13,11,10,41.0,36.0,19.94,18.54
2026-06-13T13:32:00,PCI_11,2,33380318.0,18024297.0,886,28,887,18,15,9,41.0,29.0,6.42,25.08
2026-06-13T13:32:00,PCI_12,2,35792588.0,14863082.0,1146,11,869,11,15,13,46.0,32.0,19.93,27.54
2026-06-13T13:32:00,PCI_13,2,26865146.0,15121316.0,983,32,753,3,15,8,42.0,30.0,18.92,20.94
2026-06-13T13:32:00,PCI_14,1,29559739.0,19454408.0,964,22,715,29,8,13,44.0,24.0,8.2,13.27
2026-06-13T13:32:00,PCI_15,2,25355997.0,12085516.0,883,25,709,19,11,8,37.0,31.0,9.31,21.8
2026-06-13T13:32:00,PCI_16,2,41972328.0,13300356.0,953,29,833,26,8,10,51.0,25.0,19.02,20.98
2026-06-13T13:33:00,PCI_1,3,484312691.0,28331535.0,1005,35,813,27,14,13,46.0,40.0,20.28,21.32
2026-06-13T13:33:00,PCI_2,3,549043172.0,29469498.0,1069,38,769,18,14,13,41.0,44.0,9.49,21.83
2026-06-13T13:33:00,PCI_3,2,623134077.0,34018334.0,1172,12,703,11,14,12,49.0,29.0,21.45,11.93
2026-06-13T13:33:00,PCI_4,1,497362248.0,22485206.0,982,32,695,27,10,8,48.0,26.0,17.78,8.7
2026-06-13T13:33:00,PCI_5,3,490917171.0,33836654.0,908,9,843,8,8,14,45.0,36.0,13.43,25.17
2026-06-13T13:33:00,PCI_6,2,444719138.0,32254995.0,902,5,701,3,14,10,44.0,36.0,12.2,24.59
2026-06-13T13:33:00,PCI_7,2,376835917.0,22931205.0,875,35,758,8,15,14,42.0,30.0,14.66,13.98
2026-06-13T13:33:00,PCI_8,2,375908699.0,28541981.0,870,125,782,177,1,1,42.0,33.0,9.2,16.0
2026-06-13T13:33:00,PCI_9,3,27722942.0,15006516.0,921,28,788,26,8,9,44.0,31.0,15.81,12.25
2026-06-13T13:33:00,PCI_10,2,27656364.0,17670969.0,1013,29,781,7,11,11,33.0,31.0,20.31,24.55
2026-06-13T13:33:00,PCI_11,2,42842488.0,15759673.0,1086,31,804,4,14,12,41.0,36.0,20.41,11.09
2026-06-13T13:33:00,PCI_12,2,21794199.0,17054125.0,1017,18,954,24,12,14,45.0,28.0,17.83,11.8
2026-06-13T13:33:00,PCI_13,2,35695102.0,17291458.0,977,8,864,22,15,15,39.0,20.0,19.28,16.22
2026-06-13T13:33:00,PCI_14,3,32301642.0,17523020.0,1156,23,864,9,15,11,37.0,37.0,24.68,20.75
2026-06-13T13:33:00,PCI_15,2,20312475.0,11062748.0,887,39,802,9,14,9,32.0,32.0,21.08,14.33
2026-06-13T13:33:00,PCI_16,3,25065437.0,12685443.0,1134,30,821,3,14,10,42.0,27.0,19.37,20.52
2026-06-13T13:34:00,PCI_1,2,313842524.0,33604242.0,925,24,973,20,15,13,42.0,29.0,13.21,8.78
2026-06-13T13:34:00,PCI_2,2,363997025.0,29881792.0,1166,9,973,17,14,15,41.0,35.0,24.35,26.75
2026-06-13T13:34:00,PCI_3,2,401287488.0,32002468.0,938,19,885,12,8,9,37.0,29.0,17.78,22.07
2026-06-13T13:34:00,PCI_4,2,537290363.0,26881878.0,1130,19,834,29,15,9,52.0,32.0,23.29,17.74
2026-06-13T13:34:00,PCI_5,1,454946427.0,28183536.0,1143,26,731,26,9,12,35.0,30.0,7.99,21.62
2026-06-13T13:34:00,PCI_6,2,569194670.0,25392057.0,973,8,945,22,14,13,43.0,32.0,11.78,12.52
2026-06-13T13:34:00,PCI_7,2,283155384.0,26581484.0,1065,37,960,18,12,9,43.0,31.0,11.94,22.11
2026-06-13T13:34:00,PCI_8,2,431934155.0,26728976.0,922,164,669,154,1,3,42.0,29.0,15.32,10.45
2026-06-13T13:34:00,PCI_9,1,31085508.0,12566242.0,1112,16,840,7,10,15,41.0,28.0,22.25,22.61
2026-06-13T13:34:00,PCI_10,2,25247725.0,17204436.0,1029,26,784,8,14,10,44.0,34.0,7.61,17.82
2026-06-13T13:34:00,PCI_11,3,23534612.0,10945322.0,1062,24,754,7,11,12,41.0,38.0,13.24,26.32
2026-06-13T13:34:00,PCI_12,3,31467993.0,17233863.0,1156,31,801,6,11,12,38.0,35.0,11.3,11.72
2026-06-13T13:34:00,PCI_13,1,25493909.0,15380015.0,1045,34,886,24,10,12,45.0,33.0,6.23,26.52
2026-06-13T13:34:00,PCI_14,2,29904658.0,15285199.0,1119,12,736,10,9,13,39.0,35.0,10.91,21.91
2026-06-13T13:34:00,PCI_15,3,31530190.0,9942913.0,911,13,875,20,9,14,47.0,36.0,20.17,27.87
2026-06-13T13:34:00,PCI_16,3,30270416.0,14538987.0,919,31,810,3,15,13,38.0,28.0,17.17,13.94
2026-06-13T13:35:00,PCI_1,1,525326273.0,25969601.0,961,30,863,16,14,9,41.0,33.0,9.97,14.13
2026-06-13T13:35:00,PCI_2,1,353048434.0,33477919.0,1169,17,913,28,8,13,41.0,34.0,5.49,13.66
2026-06-13T13:35:00,PCI_3,3,374543432.0,38569512.0,946,31,790,13,11,9,37.0,34.0,10.78,20.58
2026-06-13T13:35:00,PCI_4,3,384231811.0,29927119.0,1157,37,919,15,8,11,39.0,31.0,11.35,16.17
2026-06-13T13:35:00,PCI_5,2,382527899.0,25630143.0,1186,8,810,5,9,11,39.0,34.0,21.01,27.53
2026-06-13T13:35:00,PCI_6,3,579799087.0,39146284.0,1051,23,690,11,11,8,42.0,30.0,7.3,12.76
2026-06-13T13:35:00,PCI_7,2,474758556.0,29212574.0,1142,29,902,19,14,14,43.0,40.0,24.96,26.76
2026-06-13T13:35:00,PCI_8,2,388118018.0,26782935.0,918,99,788,96,1,3,47.0,32.0,11.54,21.65
2026-06-13T13:35:00,PCI_9,3,31131035.0,13252791.0,1041,17,708,24,9,9,46.0,36.0,22.98,27.19
2026-06-13T13:35:00,PCI_10,2,35417738.0,15223095.0,871,32,829,5,14,8,40.0,30.0,5.52,20.7
2026-06-13T13:35:00,PCI_11,2,31483173.0,16745116.0,1168,26,699,22,13,10,40.0,41.0,5.83,16.97
2026-06-13T13:35:00,PCI_12,2,28484738.0,15716571.0,1188,5,755,10,10,11,37.0,39.0,10.87,22.88
2026-06-13T13:35:00,PCI_13,3,31859821.0,16492790.0,1184,7,793,8,13,14,42.0,31.0,23.24,18.76
2026-06-13T13:35:00,PCI_14,3,38771746.0,19121349.0,884,25,910,10,12,13,43.0,29.0,24.12,18.86
2026-06-13T13:35:00,PCI_15,2,25433636.0,17152706.0,1007,38,778,9,14,11,37.0,29.0,17.39,26.37
2026-06-13T13:35:00,PCI_16,2,35399999.0,15746671.0,1128,28,750,8,10,15,43.0,31.0,5.55,18.65
2026-06-13T13:36:00,PCI_1,3,483744379.0,26293741.0,1065,34,730,10,11,15,43.0,32.0,10.15,20.27
2026-06-13T13:36:00,PCI_2,2,468789494.0,28526380.0,1097,39,918,10,15,9,41.0,32.0,13.2,12.78
2026-06-13T13:36:00,PCI_3,2,572606060.0,31380025.0,1058,5,869,6,11,15,43.0,32.0,6.2,21.49
2026-06-13T13:36:00,PCI_4,2,428559336.0,34969343.0,1067,7,748,28,9,10,40.0,32.0,12.14,8.21
2026-06-13T13:36:00,PCI_5,2,519604054.0,29279475.0,910,23,939,16,13,9,35.0,41.0,8.97,16.83
2026-06-13T13:36:00,PCI_6,2,431372538.0,34815647.0,1138,32,908,26,13,13,37.0,31.0,23.7,17.35
2026-06-13T13:36:00,PCI_7,2,416068347.0,31063278.0,1075,39,883,16,15,11,40.0,39.0,24.05,13.42
2026-06-13T13:36:00,PCI_8,2,363001560.0,20179760.0,833,140,703,170,3,1,48.0,33.0,12.66,5.66
2026-06-13T13:36:00,PCI_9,2,34801744.0,18750493.0,911,16,787,18,11,12,45.0,35.0,18.75,9.25
2026-06-13T13:36:00,PCI_10,1,30674190.0,13691797.0,1136,38,860,17,11,14,42.0,39.0,14.2,10.66
2026-06-13T13:36:00,PCI_11,2,34759697.0,11394594.0,1092,31,798,18,14,9,35.0,34.0,14.71,27.49
2026-06-13T13:36:00,PCI_12,2,20130797.0,17833155.0,1163,33,904,28,13,12,41.0,31.0,15.14,11.07
2026-06-13T13:36:00,PCI_13,2,22568745.0,15345391.0,1071,14,698,18,9,14,44.0,40.0,22.7,24.77
2026-06-13T13:36:00,PCI_14,2,31097139.0,11911743.0,986,20,845,3,13,8,40.0,35.0,17.55,10.85
2026-06-13T13:36:00,PCI_15,2,30324400.0,12002570.0,1161,9,966,17,11,10,42.0,29.0,23.3,25.48
2026-06-13T13:36:00,PCI_16,3,21099104.0,12514335.0,1042,25,982,16,8,9,44.0,24.0,8.03,22.74
2026-06-13T13:37:00,PCI_1,2,544235649.0,34517318.0,1099,37,833,20,10,11,37.0,27.0,6.73,8.21
2026-06-13T13:37:00,PCI_2,1,455492092.0,30575857.0,1113,19,697,29,8,12,49.0,28.0,22.61,27.35
2026-06-13T13:37:00,PCI_3,2,391396525.0,25818986.0,960,30,940,9,12,9,44.0,29.0,10.99,23.13
2026-06-13T13:37:00,PCI_4,2,456721370.0,27217490.0,976,31,753,16,15,11,37.0,39.0,8.53,14.47
2026-06-13T13:37:00,PCI_5,2,359461236.0,31829642.0,975,30,926,5,8,13,45.0,35.0,23.99,15.35
2026-06-13T13:37:00,PCI_6,2,381145753.0,21386504.0,895,5,694,29,13,14,46.0,33.0,14.64,19.88
2026-06-13T13:37:00,PCI_7,2,380454584.0,37629206.0,965,23,742,24,8,10,42.0,29.0,17.89,12.18
2026-06-13T13:37:00,PCI_8,2,257350913.0,15422662.0,1015,115,625,108,1,3,38.0,29.0,3.48,16.79
2026-06-13T13:37:00,PCI_9,2,22675305.0,14074291.0,1103,37,740,22,11,9,42.0,41.0,15.7,10.06
2026-06-13T13:37:00,PCI_10,1,18468660.0,15759255.0,1080,39,823,28,13,14,34.0,43.0,6.59,23.16
2026-06-13T13:37:00,PCI_11,2,32619058.0,16649379.0,955,37,892,10,8,9,44.0,42.0,13.68,9.63
2026-06-13T13:37:00,PCI_12,1,25388917.0,19450862.0,1087,31,881,15,10,15,46.0,29.0,24.5,23.82
2026-06-13T13:37:00,PCI_13,3,34695367.0,12101506.0,1117,23,691,13,12,13,44.0,31.0,14.05,16.36
2026-06-13T13:37:00,PCI_14,1,27360527.0,16791268.0,989,27,970,7,8,8,37.0,31.0,18.09,10.03
2026-06-13T13:37:00,PCI_15,2,26624787.0,14434904.0,1067,36,734,4,15,13,39.0,32.0,21.34,13.3
2026-06-13T13:37:00,PCI_16,3,26312924.0,12117271.0,1101,15,724,11,8,10,43.0,29.0,20.68,13.68
2026-06-13T13:38:00,PCI_1,2,489557224.0,31971012.0,1145,12,679,28,11,9,42.0,38.0,13.25,12.95
2026-06-13T13:38:00,PCI_2,2,542212557.0,30632308.0,916,24,963,13,11,15,38.0,28.0,7.8,14.72
2026-06-13T13:38:00,PCI_3,3,455378055.0,33222524.0,965,28,799,7,12,15,47.0,30.0,24.34,22.74
2026-06-13T13:38:00,PCI_4,2,488514569.0,25524239.0,1116,21,899,27,12,14,42.0,33.0,6.34,20.28
2026-06-13T13:38:00,PCI_5,2,451125598.0,30277541.0,1054,11,890,26,12,12,39.0,31.0,7.08,23.76
2026-06-13T13:38:00,PCI_6,2,370618269.0,33935998.0,1077,33,970,7,13,14,43.0,35.0,21.83,11.31
2026-06-13T13:38:00,PCI_7,2,396598980.0,31353279.0,1027,26,687,18,15,10,41.0,33.0,19.78,26.78
2026-06-13T13:38:00,PCI_8,2,346242179.0,24429379.0,1020,147,758,101,1,2,44.0,33.0,8.9,3.82
2026-06-13T13:38:00,PCI_9,2,32994037.0,12991277.0,1118,22,760,29,13,11,43.0,34.0,16.71,17.61
2026-06-13T13:38:00,PCI_10,0,31843521.0,17322842.0,1149,38,908,28,10,15,40.0,31.0,14.23,26.26
2026-06-13T13:38:00,PCI_11,3,40409616.0,14483943.0,989,31,896,9,11,10,44.0,30.0,24.3,23.17
2026-06-13T13:38:00,PCI_12,2,23176185.0,19611214.0,1076,13,709,4,10,10,45.0,31.0,21.14,19.56
2026-06-13T13:38:00,PCI_13,2,33096036.0,17994765.0,1021,39,774,5,9,13,47.0,36.0,23.8,26.51
2026-06-13T13:38:00,PCI_14,2,23198701.0,12177251.0,904,25,855,28,10,10,42.0,37.0,12.42,20.97
2026-06-13T13:38:00,PCI_15,2,37765929.0,15440662.0,1131,38,920,12,8,10,39.0,32.0,17.83,19.55
2026-06-13T13:38:00,PCI_16,2,22421143.0,11066446.0,1100,32,806,14,8,14,42.0,32.0,6.03,14.54
2026-06-13T13:39:00,PCI_1,1,545858652.0,27417992.0,1146,13,953,23,15,13,36.0,41.0,11.1,19.66
2026-06-13T13:39:00,PCI_2,2,393010598.0,28899175.0,1118,10,823,23,13,13,33.0,34.0,13.0,24.91
2026-06-13T13:39:00,PCI_3,2,395405999.0,46167336.0,922,12,895,11,14,8,46.0,36.0,20.93,20.13
2026-06-13T13:39:00,PCI_4,2,342250713.0,25117338.0,1125,39,755,27,9,8,47.0,33.0,24.36,15.35
2026-06-13T13:39:00,PCI_5,2,502098470.0,35941728.0,879,31,683,20,13,10,39.0,28.0,24.44,19.86
2026-06-13T13:39:00,PCI_6,3,345624086.0,29595152.0,1128,8,865,22,13,13,44.0,31.0,8.99,19.01
2026-06-13T13:39:00,PCI_7,2,429373488.0,27324282.0,1032,12,965,3,11,12,41.0,28.0,14.66,22.36
2026-06-13T13:39:00,PCI_8,3,344939180.0,19436424.0,869,188,642,122,3,1,43.0,28.0,6.83,18.96
2026-06-13T13:39:00,PCI_9,1,22526487.0,16307458.0,1079,7,688,14,13,9,40.0,33.0,10.13,14.41
2026-06-13T13:39:00,PCI_10,3,38128330.0,8959210.0,976,13,692,25,12,12,39.0,35.0,17.14,17.77
2026-06-13T13:39:00,PCI_11,2,32150611.0,17418777.0,1031,18,893,26,11,14,42.0,33.0,16.96,14.93
2026-06-13T13:39:00,PCI_12,3,36015894.0,14201836.0,1168,21,741,3,13,11,41.0,33.0,20.88,14.23
2026-06-13T13:39:00,PCI_13,2,29158739.0,17882212.0,993,22,869,8,15,9,39.0,27.0,5.2,21.73
2026-06-13T13:39:00,PCI_14,2,33817615.0,14860782.0,1132,17,961,6,15,8,39.0,29.0,16.71,25.9
2026-06-13T13:39:00,PCI_15,3,37093812.0,16057066.0,932,27,934,10,10,11,47.0,35.0,6.75,9.65
2026-06-13T13:39:00,PCI_16,2,29076304.0,12079160.0,1060,29,953,19,13,14,41.0,36.0,5.55,9.2
2026-06-13T13:40:00,PCI_1,2,522279781.0,29803213.0,992,39,749,9,9,15,40.0,36.0,16.96,16.05
2026-06-13T13:40:00,PCI_2,2,497991424.0,33255323.0,1156,29,713,24,8,13,41.0,32.0,17.79,21.21
2026-06-13T13:40:00,PCI_3,2,516490740.0,27768098.0,954,29,870,26,9,13,40.0,31.0,23.74,22.25
2026-06-13T13:40:00,PCI_4,2,422547228.0,31712206.0,973,14,799,13,11,14,43.0,31.0,6.54,20.06
2026-06-13T13:40:00,PCI_5,2,363314023.0,29177007.0,1079,39,916,22,9,11,41.0,33.0,14.63,20.19
2026-06-13T13:40:00,PCI_6,3,362182785.0,33646119.0,1067,8,796,3,10,8,40.0,27.0,11.34,8.65
2026-06-13T13:40:00,PCI_7,1,442576885.0,31243977.0,1145,23,938,16,10,8,42.0,31.0,21.09,8.19
2026-06-13T13:40:00,PCI_8,3,334915186.0,22012116.0,929,117,653,177,2,1,39.0,40.0,3.73,6.21
2026-06-13T13:40:00,PCI_9,2,29218703.0,9392645.0,882,28,880,12,15,11,34.0,33.0,5.08,26.37
2026-06-13T13:40:00,PCI_10,2,32253938.0,15948399.0,943,24,865,28,8,14,43.0,33.0,8.93,8.33
2026-06-13T13:40:00,PCI_11,2,33372136.0,12690659.0,1043,15,932,29,8,13,34.0,33.0,13.37,14.61
2026-06-13T13:40:00,PCI_12,2,29317160.0,16088278.0,1044,14,731,24,8,14,40.0,37.0,7.51,16.12
2026-06-13T13:40:00,PCI_13,2,25816273.0,13596749.0,1042,6,863,5,13,12,42.0,30.0,16.96,18.84
2026-06-13T13:40:00,PCI_14,2,24265139.0,15447804.0,1114,7,837,18,13,13,38.0,34.0,16.88,14.5
2026-06-13T13:40:00,PCI_15,2,32170094.0,15723448.0,1111,37,803,23,12,12,43.0,31.0,21.54,10.78
2026-06-13T13:40:00,PCI_16,1,28255550.0,16066862.0,979,37,714,9,8,14,39.0,35.0,22.2,21.24
2026-06-13T13:41:00,PCI_1,2,553427190.0,18419740.0,1018,12,835,5,8,9,37.0,30.0,23.17,17.02
2026-06-13T13:41:00,PCI_2,3,445347099.0,28997699.0,942,35,930,17,10,11,41.0,31.0,23.52,10.44
2026-06-13T13:41:00,PCI_3,2,308624101.0,27420028.0,1074,28,929,25,10,12,45.0,28.0,11.88,11.14
2026-06-13T13:41:00,PCI_4,2,408028752.0,26880430.0,991,9,897,13,12,8,35.0,33.0,17.67,16.09
2026-06-13T13:41:00,PCI_5,2,343119636.0,24205693.0,1121,6,805,9,14,11,36.0,35.0,11.07,21.87
2026-06-13T13:41:00,PCI_6,1,579490570.0,31936492.0,880,35,822,18,8,11,34.0,32.0,24.03,25.05
2026-06-13T13:41:00,PCI_7,2,571960572.0,22086188.0,1143,28,723,8,9,10,46.0,26.0,18.42,12.72
2026-06-13T13:41:00,PCI_8,2,266001511.0,16434655.0,778,180,792,116,1,1,37.0,24.0,14.17,8.5
2026-06-13T13:41:00,PCI_9,2,23938674.0,15359955.0,1065,16,788,3,13,14,43.0,27.0,18.77,10.12
2026-06-13T13:41:00,PCI_10,2,25800598.0,19238094.0,1107,7,971,3,8,11,34.0,25.0,24.37,22.67
2026-06-13T13:41:00,PCI_11,2,21129417.0,13841873.0,934,9,969,7,14,13,39.0,31.0,7.89,16.26
2026-06-13T13:41:00,PCI_12,2,25870554.0,11426756.0,992,23,870,5,12,12,36.0,33.0,11.85,11.5
2026-06-13T13:41:00,PCI_13,2,26231730.0,15735261.0,1139,7,921,13,15,14,42.0,31.0,21.83,13.4
2026-06-13T13:41:00,PCI_14,2,27048618.0,16077258.0,1096,8,934,28,12,12,32.0,30.0,7.32,15.93
2026-06-13T13:41:00,PCI_15,3,31656099.0,14378077.0,1008,20,897,18,11,15,32.0,29.0,13.91,25.09
2026-06-13T13:41:00,PCI_16,3,26006949.0,12364908.0,931,30,941,19,8,11,34.0,31.0,11.41,20.08
2026-06-13T13:42:00,PCI_1,2,301647589.0,29767102.0,986,17,913,7,9,8,36.0,22.0,23.12,27.44
2026-06-13T13:42:00,PCI_2,2,535146996.0,30712970.0,953,38,723,11,8,14,41.0,29.0,14.85,23.03
2026-06-13T13:42:00,PCI_3,2,394589109.0,34194494.0,1113,24,736,24,8,14,40.0,30.0,5.33,19.94
2026-06-13T13:42:00,PCI_4,2,412231436.0,23984727.0,1158,9,896,23,11,9,31.0,35.0,20.45,22.02
2026-06-13T13:42:00,PCI_5,2,345176840.0,29240722.0,958,26,964,10,11,11,37.0,38.0,12.18,14.81
2026-06-13T13:42:00,PCI_6,2,417856046.0,24292399.0,1054,35,763,7,9,13,41.0,32.0,16.91,12.82
2026-06-13T13:42:00,PCI_7,2,426430524.0,32043109.0,1092,15,909,15,15,12,40.0,33.0,10.77,10.13
2026-06-13T13:42:00,PCI_8,2,294359719.0,17657811.0,900,170,823,123,1,2,33.0,35.0,17.59,20.44
2026-06-13T13:42:00,PCI_9,1,33125391.0,15810427.0,1063,32,776,24,15,11,43.0,33.0,23.7,10.88
2026-06-13T13:42:00,PCI_10,1,25789188.0,13659323.0,1145,30,925,13,8,13,41.0,32.0,19.6,25.85
2026-06-13T13:42:00,PCI_11,2,21679615.0,10786974.0,1003,21,921,26,9,13,31.0,26.0,21.52,25.02
2026-06-13T13:42:00,PCI_12,2,20394676.0,11334041.0,1023,14,871,15,8,12,36.0,38.0,6.48,17.67
2026-06-13T13:42:00,PCI_13,2,26169926.0,12140869.0,1036,6,849,4,13,15,43.0,33.0,5.23,19.46
2026-06-13T13:42:00,PCI_14,2,21863641.0,17062797.0,905,16,710,21,8,13,43.0,28.0,11.07,20.28
2026-06-13T13:42:00,PCI_15,2,23857663.0,10137142.0,1019,20,915,29,14,8,44.0,30.0,21.63,26.51
2026-06-13T13:42:00,PCI_16,1,26915299.0,18684223.0,937,10,774,5,9,10,39.0,26.0,14.35,8.55
2026-06-13T13:43:00,PCI_1,1,501398524.0,25965077.0,1056,24,819,27,8,13,39.0,30.0,22.6,26.1
2026-06-13T13:43:00,PCI_2,2,404627462.0,26397683.0,1128,19,836,12,14,15,38.0,25.0,23.98,23.47
2026-06-13T13:43:00,PCI_3,2,435675245.0,13916026.0,1118,16,787,22,9,10,42.0,26.0,12.42,13.45
2026-06-13T13:43:00,PCI_4,2,376910662.0,30355625.0,1154,8,783,29,12,11,30.0,32.0,7.74,9.9
2026-06-13T13:43:00,PCI_5,3,335127236.0,37221755.0,993,23,681,24,15,8,39.0,32.0,13.82,22.58
2026-06-13T13:43:00,PCI_6,2,331813148.0,28741821.0,1148,10,943,26,14,9,42.0,36.0,16.95,23.96
2026-06-13T13:43:00,PCI_7,2,607570725.0,26390117.0,1138,9,722,7,11,13,48.0,27.0,6.66,25.58
2026-06-13T13:43:00,PCI_8,1,261717264.0,26987582.0,835,195,613,126,2,1,41.0,28.0,3.54,3.66
2026-06-13T13:43:00,PCI_9,2,31794807.0,11100279.0,1039,29,876,6,9,15,37.0,24.0,12.67,23.12
2026-06-13T13:43:00,PCI_10,1,21634158.0,11257823.0,963,31,843,9,13,15,41.0,30.0,19.72,23.42
2026-06-13T13:43:00,PCI_11,1,28974031.0,12706042.0,1090,18,786,27,13,12,44.0,25.0,10.97,22.69
2026-06-13T13:43:00,PCI_12,2,33913211.0,17342364.0,1175,10,975,4,13,12,45.0,38.0,17.76,22.83
2026-06-13T13:43:00,PCI_13,2,25751314.0,10924876.0,952,36,843,13,15,14,32.0,32.0,20.33,11.64
2026-06-13T13:43:00,PCI_14,2,28411068.0,14167983.0,938,36,751,11,10,10,37.0,26.0,14.44,13.39
2026-06-13T13:43:00,PCI_15,2,30789445.0,16041396.0,948,6,874,28,13,10,41.0,32.0,5.38,20.71
2026-06-13T13:43:00,PCI_16,2,29535062.0,7921762.0,1089,38,816,18,11,13,38.0,29.0,22.14,24.84
2026-06-13T13:44:00,PCI_1,1,414859178.0,28006717.0,1065,37,837,8,12,12,35.0,36.0,19.31,10.9
2026-06-13T13:44:00,PCI_2,2,408562438.0,31679591.0,1154,35,723,3,15,9,38.0,36.0,22.67,22.07
2026-06-13T13:44:00,PCI_3,2,515503399.0,21204811.0,1024,24,812,29,12,8,41.0,33.0,15.23,8.44
2026-06-13T13:44:00,PCI_4,3,430267663.0,33122372.0,910,20,684,18,14,14,45.0,28.0,17.06,17.55
2026-06-13T13:44:00,PCI_5,2,280646555.0,21241797.0,1029,37,946,21,15,8,43.0,32.0,16.57,8.62
2026-06-13T13:44:00,PCI_6,2,343321224.0,37282725.0,1029,39,883,21,9,12,40.0,33.0,8.2,13.33
2026-06-13T13:44:00,PCI_7,1,471583701.0,29252910.0,923,37,864,9,13,13,41.0,29.0,12.31,23.55
2026-06-13T13:44:00,PCI_8,2,329864759.0,24394397.0,759,202,586,158,1,1,41.0,40.0,7.02,5.23
2026-06-13T13:44:00,PCI_9,2,24696356.0,18457826.0,1134,18,975,7,11,15,39.0,36.0,24.67,19.27
2026-06-13T13:44:00,PCI_10,2,33512461.0,14539613.0,903,32,955,6,14,9,38.0,35.0,5.81,12.12
2026-06-13T13:44:00,PCI_11,2,25784517.0,14734387.0,1085,17,941,11,14,12,41.0,31.0,8.28,26.47
2026-06-13T13:44:00,PCI_12,2,28804502.0,14351949.0,1114,36,912,29,10,12,39.0,32.0,22.12,17.58
2026-06-13T13:44:00,PCI_13,2,28504968.0,16948959.0,945,36,690,12,8,13,33.0,33.0,6.74,17.04
2026-06-13T13:44:00,PCI_14,2,25943541.0,12853559.0,1060,24,765,22,12,9,34.0,30.0,15.41,24.31
2026-06-13T13:44:00,PCI_15,2,26080828.0,14140854.0,1070,13,736,17,14,13,37.0,26.0,22.12,23.13
2026-06-13T13:44:00,PCI_16,1,30459967.0,9413621.0,896,29,809,25,11,14,34.0,37.0,16.75,27.02
2026-06-13T13:45:00,PCI_1,2,434957952.0,16910716.0,930,31,728,27,15,9,43.0,29.0,23.76,12.66
2026-06-13T13:45:00,PCI_2,2,503407862.0,25792465.0,1155,23,765,9,10,14,34.0,32.0,12.0,19.93
2026-06-13T13:45:00,PCI_3,2,349996101.0,34378713.0,1124,11,746,22,12,11,42.0,32.0,23.25,8.12
2026-06-13T13:45:00,PCI_4,1,457418971.0,37581205.0,1160,13,688,26,14,8,40.0,37.0,17.26,9.47
2026-06-13T13:45:00,PCI_5,2,336183072.0,21826293.0,992,36,876,8,9,15,37.0,41.0,13.73,10.76
2026-06-13T13:45:00,PCI_6,2,342741911.0,35475578.0,1041,21,691,20,10,15,45.0,27.0,9.97,25.37
2026-06-13T13:45:00,PCI_7,2,482471766.0,31201960.0,1042,17,806,8,11,12,36.0,24.0,9.81,8.91
2026-06-13T13:45:00,PCI_8,2,253950586.0,17499166.0,795,111,743,123,1,1,40.0,30.0,11.2,2.61
2026-06-13T13:45:00,PCI_9,1,31276366.0,14619892.0,990,25,903,22,11,15,34.0,29.0,7.91,23.62
2026-06-13T13:45:00,PCI_10,2,32086790.0,15771683.0,1085,10,821,16,15,13,33.0,27.0,12.09,13.13
2026-06-13T13:45:00,PCI_11,2,32737377.0,10206298.0,1079,34,912,11,12,15,40.0,30.0,20.44,21.48
2026-06-13T13:45:00,PCI_12,2,17639643.0,14502828.0,938,18,778,25,14,11,45.0,33.0,22.48,27.75
2026-06-13T13:45:00,PCI_13,1,33155943.0,16080481.0,1108,16,957,22,8,15,44.0,30.0,19.35,21.73
2026-06-13T13:45:00,PCI_14,2,33910502.0,13397553.0,1059,25,923,27,9,15,39.0,36.0,20.0,12.04
2026-06-13T13:45:00,PCI_15,2,22981320.0,13349140.0,1062,24,691,21,14,9,33.0,26.0,6.75,21.23
2026-06-13T13:45:00,PCI_16,3,22497366.0,15309059.0,1015,15,724,15,8,15,39.0,26.0,23.58,12.49
2026-06-13T13:46:00,PCI_1,2,546618951.0,34453093.0,1157,15,855,3,12,10,44.0,36.0,18.2,26.26
2026-06-13T13:46:00,PCI_2,2,405100537.0,15991492.0,1152,14,913,14,14,9,37.0,27.0,24.98,22.13
2026-06-13T13:46:00,PCI_3,3,464319146.0,23624651.0,918,38,811,26,13,15,35.0,29.0,16.09,27.36
2026-06-13T13:46:00,PCI_4,1,359230787.0,36309970.0,900,26,902,22,11,13,42.0,31.0,23.17,17.96
2026-06-13T13:46:00,PCI_5,2,284475325.0,19784291.0,977,5,932,13,11,11,36.0,32.0,7.4,19.98
2026-06-13T13:46:00,PCI_6,1,408247404.0,34776423.0,950,32,954,3,13,10,41.0,30.0,17.44,26.97
2026-06-13T13:46:00,PCI_7,2,531378389.0,26855219.0,979,34,898,9,15,11,44.0,30.0,15.7,16.86
2026-06-13T13:46:00,PCI_8,2,226821696.0,21439694.0,1057,85,842,145,1,1,41.0,31.0,8.8,16.16
2026-06-13T13:46:00,PCI_9,1,26261893.0,14619493.0,920,9,897,13,8,13,37.0,27.0,9.05,26.22
2026-06-13T13:46:00,PCI_10,3,24752997.0,11884574.0,955,38,729,4,9,9,45.0,30.0,9.37,22.46
2026-06-13T13:46:00,PCI_11,2,22665235.0,13813331.0,892,29,720,14,11,8,38.0,29.0,7.14,17.54
2026-06-13T13:46:00,PCI_12,2,23471645.0,15327841.0,897,6,709,28,10,11,43.0,30.0,18.79,25.75
2026-06-13T13:46:00,PCI_13,2,18219839.0,14823559.0,971,33,960,7,13,11,37.0,32.0,10.25,26.58
2026-06-13T13:46:00,PCI_14,3,27877771.0,13073609.0,935,17,800,3,12,10,37.0,29.0,12.22,27.03
2026-06-13T13:46:00,PCI_15,2,32355984.0,10371608.0,947,29,857,9,11,12,37.0,38.0,14.04,22.89
2026-06-13T13:46:00,PCI_16,2,19794618.0,10899098.0,967,31,877,14,10,11,43.0,30.0,17.83,20.41
2026-06-13T13:47:00,PCI_1,2,282898069.0,35208758.0,1151,30,779,26,13,9,40.0,29.0,12.28,25.94
2026-06-13T13:47:00,PCI_2,1,261839916.0,34169892.0,1169,7,972,5,8,11,41.0,33.0,22.0,17.58
2026-06-13T13:47:00,PCI_3,2,421870125.0,27576089.0,927,21,861,17,11,9,43.0,22.0,14.53,26.03
2026-06-13T13:47:00,PCI_4,3,393007545.0,32005352.0,1180,17,831,11,14,14,43.0,23.0,12.91,15.72
2026-06-13T13:47:00,PCI_5,2,397340934.0,25486107.0,1080,5,737,3,8,11,35.0,23.0,19.89,25.06
2026-06-13T13:47:00,PCI_6,2,366749720.0,19937172.0,1071,19,722,8,15,10,38.0,31.0,7.31,8.86
2026-06-13T13:47:00,PCI_7,2,341538468.0,36060499.0,1118,15,933,21,11,15,42.0,32.0,7.96,23.11
2026-06-13T13:47:00,PCI_8,2,238998823.0,25462741.0,913,232,614,105,1,1,38.0,32.0,-0.3,13.88
2026-06-13T13:47:00,PCI_9,2,27470356.0,15496754.0,1165,17,941,14,12,10,35.0,34.0,22.82,14.68
2026-06-13T13:47:00,PCI_10,2,20567526.0,18402696.0,1062,39,855,23,11,12,35.0,34.0,10.71,17.9
2026-06-13T13:47:00,PCI_11,3,29301522.0,8060048.0,891,31,897,13,11,12,43.0,28.0,20.28,25.74
2026-06-13T13:47:00,PCI_12,2,23046000.0,13988962.0,971,31,753,8,11,15,41.0,35.0,14.47,16.91
2026-06-13T13:47:00,PCI_13,2,25093275.0,9145609.0,1119,28,785,6,12,9,38.0,32.0,16.17,13.59
2026-06-13T13:47:00,PCI_14,1,31743517.0,11015625.0,910,38,737,12,9,13,37.0,33.0,13.72,8.69
2026-06-13T13:47:00,PCI_15,1,26976879.0,15387707.0,1166,32,877,22,8,8,42.0,31.0,6.35,15.41
2026-06-13T13:47:00,PCI_16,2,27757709.0,13885094.0,1050,7,971,13,12,10,43.0,28.0,9.07,11.6
2026-06-13T13:48:00,PCI_1,2,399877691.0,15941738.0,923,39,702,27,10,14,36.0,26.0,14.97,14.6
2026-06-13T13:48:00,PCI_2,3,370377883.0,26046853.0,935,29,904,26,14,11,37.0,30.0,5.87,14.92
2026-06-13T13:48:00,PCI_3,2,403940218.0,15096562.0,1023,18,886,18,13,14,37.0,30.0,15.44,18.9
2026-06-13T13:48:00,PCI_4,2,486511345.0,21252363.0,997,16,724,17,15,15,39.0,27.0,13.33,25.36
2026-06-13T13:48:00,PCI_5,2,337220496.0,28792354.0,896,21,698,6,12,11,44.0,32.0,13.59,24.44
2026-06-13T13:48:00,PCI_6,2,446741722.0,19793103.0,938,5,854,15,8,9,42.0,24.0,5.78,22.22
2026-06-13T13:48:00,PCI_7,2,446511621.0,22971505.0,886,23,905,24,11,15,34.0,30.0,17.24,24.1
2026-06-13T13:48:00,PCI_8,3,286364358.0,24252297.0,773,189,790,104,2,1,45.0,32.0,11.51,5.05
2026-06-13T13:48:00,PCI_9,2,29373778.0,6518132.0,1051,35,772,24,12,10,37.0,26.0,12.36,17.54
2026-06-13T13:48:00,PCI_10,2,19478166.0,11889513.0,1095,18,800,4,10,8,40.0,26.0,15.55,23.33
2026-06-13T13:48:00,PCI_11,3,27320804.0,14982985.0,921,28,796,24,11,9,39.0,33.0,15.99,21.13
2026-06-13T13:48:00,PCI_12,2,29643640.0,9783987.0,1135,5,782,15,15,10,33.0,29.0,20.82,17.82
2026-06-13T13:48:00,PCI_13,2,23553377.0,15260634.0,999,27,747,23,12,10,38.0,27.0,19.67,10.32
2026-06-13T13:48:00,PCI_14,1,22823086.0,12280662.0,1162,33,924,19,10,10,42.0,33.0,17.29,14.47
2026-06-13T13:48:00,PCI_15,3,27874486.0,15400949.0,1172,16,704,15,8,9,40.0,28.0,24.89,12.68
2026-06-13T13:48:00,PCI_16,2,21962463.0,13154821.0,955,6,758,12,12,8,38.0,33.0,9.52,20.77
2026-06-13T13:49:00,PCI_1,1,310764938.0,24721557.0,1126,22,877,20,14,13,40.0,30.0,11.56,16.46
2026-06-13T13:49:00,PCI_2,1,444625203.0,28323918.0,1190,6,915,14,14,12,41.0,36.0,23.39,10.2
2026-06-13T13:49:00,PCI_3,2,299234916.0,23935152.0,978,33,918,5,13,9,42.0,32.0,8.1,17.19
2026-06-13T13:49:00,PCI_4,2,232442770.0,32089418.0,861,39,736,22,10,8,41.0,30.0,10.42,25.66
2026-06-13T13:49:00,PCI_5,1,422854535.0,32292314.0,931,12,696,24,8,13,35.0,40.0,23.35,26.39
2026-06-13T13:49:00,PCI_6,2,508551452.0,23009955.0,960,27,906,10,14,11,38.0,34.0,10.14,20.48
2026-06-13T13:49:00,PCI_7,2,398810353.0,27500206.0,1097,35,799,5,11,15,45.0,31.0,11.74,14.28
2026-06-13T13:49:00,PCI_8,2,256320893.0,22757733.0,835,181,614,133,2,1,30.0,34.0,-2.82,11.14
2026-06-13T13:49:00,PCI_9,2,20324192.0,16283166.0,914,13,791,6,8,11,39.0,27.0,24.52,26.84
2026-06-13T13:49:00,PCI_10,2,42031353.0,13450660.0,908,20,888,28,8,8,40.0,21.0,16.13,11.01
2026-06-13T13:49:00,PCI_11,1,23367234.0,14180100.0,1077,8,730,26,14,12,37.0,24.0,23.15,18.84
2026-06-13T13:49:00,PCI_12,2,20127091.0,10406810.0,873,28,984,4,14,9,36.0,27.0,20.72,21.28
2026-06-13T13:49:00,PCI_13,2,18590820.0,10269427.0,1074,11,797,8,14,13,33.0,26.0,18.95,11.38
2026-06-13T13:49:00,PCI_14,2,18352166.0,13265500.0,910,8,867,26,8,15,40.0,32.0,7.98,22.65
2026-06-13T13:49:00,PCI_15,2,26108715.0,9586048.0,1025,21,728,20,13,13,27.0,31.0,19.43,23.59
2026-06-13T13:49:00,PCI_16,2,32934657.0,13389108.0,975,24,944,15,9,13,38.0,30.0,10.44,9.55
2026-06-13T13:50:00,PCI_1,3,349369864.0,21792385.0,1168,18,756,12,8,15,39.0,28.0,13.35,10.19
2026-06-13T13:50:00,PCI_2,2,311124210.0,24338610.0,990,21,931,15,13,14,36.0,21.0,12.63,19.83
2026-06-13T13:50:00,PCI_3,3,363013387.0,37521426.0,916,9,892,25,15,12,35.0,29.0,14.37,14.9
2026-06-13T13:50:00,PCI_4,2,416872798.0,27240536.0,885,29,990,5,8,13,38.0,23.0,9.85,8.18
2026-06-13T13:50:00,PCI_5,2,553385638.0,21272086.0,995,25,814,8,9,8,36.0,37.0,16.01,16.19
2026-06-13T13:50:00,PCI_6,2,305280270.0,26746377.0,1147,21,884,20,11,13,40.0,32.0,11.8,10.9
2026-06-13T13:50:00,PCI_7,3,367375525.0,23531399.0,996,39,804,11,13,10,38.0,34.0,19.16,15.38
2026-06-13T13:50:00,PCI_8,2,360992762.0,24271695.0,1091,98,772,106,1,2,37.0,30.0,-1.16,13.12
2026-06-13T13:50:00,PCI_9,2,25298595.0,6366566.0,933,39,873,20,9,8,27.0,30.0,21.59,25.37
2026-06-13T13:50:00,PCI_10,1,24669988.0,11068729.0,1126,37,748,13,13,11,33.0,31.0,5.59,15.69
2026-06-13T13:50:00,PCI_11,2,29814274.0,14980971.0,1118,10,860,8,14,9,36.0,32.0,9.77,19.35
2026-06-13T13:50:00,PCI_12,2,32681282.0,11984027.0,1008,24,734,17,12,11,43.0,32.0,11.14,8.31
2026-06-13T13:50:00,PCI_13,2,31026923.0,12577125.0,1096,26,911,15,12,15,30.0,31.0,7.51,14.33
2026-06-13T13:50:00,PCI_14,3,28004310.0,13297701.0,931,30,843,15,13,9,40.0,30.0,22.0,16.27
2026-06-13T13:50:00,PCI_15,2,28603150.0,14006859.0,962,33,788,13,9,8,39.0,27.0,6.25,22.08
2026-06-13T13:50:00,PCI_16,3,22497428.0,12545775.0,908,19,865,15,14,14,33.0,33.0,11.92,11.38
2026-06-13T13:51:00,PCI_1,2,342790438.0,22471104.0,1053,16,783,23,9,12,37.0,33.0,7.5,27.93
2026-06-13T13:51:00,PCI_2,2,423997697.0,35860274.0,1112,5,962,16,14,8,36.0,28.0,11.34,20.33
2026-06-13T13:51:00,PCI_3,1,306843974.0,18210667.0,917,7,838,19,12,8,34.0,29.0,10.96,18.85
2026-06-13T13:51:00,PCI_4,3,465524896.0,20511161.0,1107,28,745,19,10,13,31.0,30.0,19.62,15.52
2026-06-13T13:51:00,PCI_5,2,422160485.0,36318501.0,993,12,713,24,12,9,39.0,30.0,5.66,17.7
2026-06-13T13:51:00,PCI_6,2,447109653.0,20222635.0,1047,24,809,19,12,9,41.0,33.0,16.88,23.95
2026-06-13T13:51:00,PCI_7,2,310820340.0,18772203.0,929,28,822,17,15,10,41.0,31.0,12.39,21.56
2026-06-13T13:51:00,PCI_8,2,237202795.0,10175748.0,699,212,680,83,1,1,28.0,32.0,-0.8,15.53
2026-06-13T13:51:00,PCI_9,2,28378682.0,11413957.0,1139,35,825,22,11,10,35.0,34.0,23.95,20.17
2026-06-13T13:51:00,PCI_10,2,20180403.0,13180191.0,1055,17,828,3,13,12,36.0,31.0,15.34,22.0
2026-06-13T13:51:00,PCI_11,3,24518946.0,8647084.0,1132,6,726,25,10,13,39.0,23.0,19.42,21.94
2026-06-13T13:51:00,PCI_12,2,29189410.0,16428970.0,938,15,902,17,12,8,36.0,30.0,20.37,27.42
2026-06-13T13:51:00,PCI_13,2,33219518.0,11626778.0,1110,20,953,24,11,13,44.0,34.0,15.14,17.88
2026-06-13T13:51:00,PCI_14,2,37231441.0,14608184.0,922,38,741,27,11,10,39.0,34.0,9.67,15.67
2026-06-13T13:51:00,PCI_15,2,26111595.0,13375639.0,1129,14,881,16,15,10,38.0,35.0,23.17,22.28
2026-06-13T13:51:00,PCI_16,2,25149645.0,14721547.0,1045,22,707,3,12,9,37.0,32.0,5.2,21.55
2026-06-13T13:52:00,PCI_1,2,344260980.0,28938794.0,995,24,680,21,15,14,37.0,27.0,6.64,13.28
2026-06-13T13:52:00,PCI_2,2,426593818.0,26540759.0,907,17,726,27,8,10,36.0,26.0,18.26,8.1
2026-06-13T13:52:00,PCI_3,2,466391628.0,24059851.0,1106,21,758,19,13,13,37.0,33.0,19.96,16.04
2026-06-13T13:52:00,PCI_4,2,544415794.0,28153341.0,1084,34,706,26,13,15,44.0,25.0,16.1,22.48
2026-06-13T13:52:00,PCI_5,1,416203522.0,22302707.0,1148,19,725,22,15,10,35.0,25.0,16.46,26.74
2026-06-13T13:52:00,PCI_6,2,436085638.0,12477860.0,928,20,942,28,14,12,38.0,34.0,11.61,12.11
2026-06-13T13:52:00,PCI_7,1,442139824.0,17654913.0,1131,36,816,22,13,9,39.0,24.0,13.68,13.97
2026-06-13T13:52:00,PCI_8,3,307105777.0,20559658.0,860,223,712,155,1,1,37.0,21.0,-2.54,20.16
2026-06-13T13:52:00,PCI_9,2,24906926.0,10487636.0,931,12,754,12,15,9,47.0,29.0,10.02,19.55
2026-06-13T13:52:00,PCI_10,2,24869455.0,8202137.0,1055,26,885,15,9,14,36.0,25.0,20.78,26.77
2026-06-13T13:52:00,PCI_11,2,31497069.0,10207081.0,912,23,857,22,8,11,40.0,25.0,17.82,20.01
2026-06-13T13:52:00,PCI_12,2,21332915.0,15718653.0,1004,13,774,20,11,10,38.0,31.0,17.47,16.92
2026-06-13T13:52:00,PCI_13,2,29253828.0,15677948.0,1084,24,798,13,13,14,38.0,33.0,13.79,14.69
2026-06-13T13:52:00,PCI_14,1,15795524.0,11024857.0,1164,18,968,25,15,12,35.0,35.0,22.19,14.41
2026-06-13T13:52:00,PCI_15,1,23578273.0,17308622.0,994,10,863,6,8,11,46.0,32.0,11.61,25.91
2026-06-13T13:52:00,PCI_16,1,39338667.0,11114496.0,996,25,927,28,9,15,40.0,23.0,19.37,27.77
2026-06-13T13:53:00,PCI_1,2,319730527.0,18660303.0,996,33,909,8,13,10,44.0,27.0,11.2,17.34
2026-06-13T13:53:00,PCI_2,2,433802274.0,31505276.0,1142,33,868,11,8,13,38.0,31.0,8.08,21.9
2026-06-13T13:53:00,PCI_3,2,472574564.0,32992195.0,1106,18,944,28,8,10,35.0,33.0,24.98,22.67
2026-06-13T13:53:00,PCI_4,3,357289931.0,17455554.0,1092,24,916,21,9,10,29.0,27.0,18.15,22.7
2026-06-13T13:53:00,PCI_5,2,348619969.0,34181239.0,1027,5,933,29,8,8,38.0,34.0,5.99,20.46
2026-06-13T13:53:00,PCI_6,2,307563172.0,17319230.0,1032,17,788,13,15,13,36.0,27.0,16.42,15.86
2026-06-13T13:53:00,PCI_7,2,364157171.0,28916501.0,1005,20,842,4,14,10,44.0,27.0,8.17,18.56
2026-06-13T13:53:00,PCI_8,1,230212124.0,20706527.0,701,241,609,173,1,1,43.0,28.0,-0.52,5.12
2026-06-13T13:53:00,PCI_9,2,22242997.0,12588569.0,1106,19,910,11,8,11,37.0,28.0,12.43,16.23
2026-06-13T13:53:00,PCI_10,1,27780166.0,10324896.0,1049,27,847,6,15,12,36.0,31.0,12.8,9.7
2026-06-13T13:53:00,PCI_11,2,28181775.0,14838325.0,1015,6,736,7,10,11,32.0,33.0,14.96,9.01
2026-06-13T13:53:00,PCI_12,2,33597457.0,14149101.0,925,37,918,8,15,13,37.0,23.0,12.36,10.02
2026-06-13T13:53:00,PCI_13,1,35945850.0,13522171.0,933,38,938,9,11,9,39.0,29.0,12.66,25.12
2026-06-13T13:53:00,PCI_14,2,22505961.0,13516618.0,1064,31,955,18,8,8,29.0,25.0,7.82,11.11
2026-06-13T13:53:00,PCI_15,2,27746905.0,10582553.0,1159,18,736,22,12,14,33.0,19.0,6.78,22.62
2026-06-13T13:53:00,PCI_16,2,33380734.0,8003962.0,1108,14,750,19,14,13,41.0,29.0,22.64,26.16
2026-06-13T13:54:00,PCI_1,2,407887532.0,30016076.0,1060,18,760,13,11,14,32.0,37.0,24.07,12.24
2026-06-13T13:54:00,PCI_2,2,399748752.0,28662012.0,1065,25,929,21,11,8,36.0,31.0,13.1,27.34
2026-06-13T13:54:00,PCI_3,1,302485731.0,25258116.0,964,5,873,29,15,11,36.0,30.0,11.62,21.98
2026-06-13T13:54:00,PCI_4,2,363072295.0,25923564.0,1042,13,748,10,12,14,40.0,32.0,21.93,8.05
2026-06-13T13:54:00,PCI_5,1,370910270.0,32075850.0,1120,10,920,26,11,8,33.0,25.0,21.36,25.16
2026-06-13T13:54:00,PCI_6,2,494373100.0,20180867.0,1053,39,975,20,8,12,34.0,32.0,8.81,21.83
2026-06-13T13:54:00,PCI_7,1,329538368.0,33889992.0,914,23,936,29,12,13,41.0,30.0,9.11,14.51
2026-06-13T13:54:00,PCI_8,2,304000426.0,12121026.0,860,104,644,147,1,1,40.0,34.0,4.26,6.0
2026-06-13T13:54:00,PCI_9,1,29739795.0,17180475.0,1076,8,838,26,11,10,34.0,30.0,12.65,8.22
2026-06-13T13:54:00,PCI_10,1,21129330.0,16876791.0,1072,28,720,18,12,11,42.0,41.0,22.35,21.9
2026-06-13T13:54:00,PCI_11,2,23824720.0,11873867.0,1107,28,750,14,10,12,40.0,25.0,11.24,9.68
2026-06-13T13:54:00,PCI_12,2,29702825.0,15824440.0,902,24,715,22,13,12,41.0,24.0,7.44,18.98
2026-06-13T13:54:00,PCI_13,2,32485468.0,14987112.0,978,19,705,6,8,12,34.0,29.0,11.86,25.68
2026-06-13T13:54:00,PCI_14,2,23808780.0,13012794.0,904,36,754,12,13,14,39.0,25.0,12.65,19.39
2026-06-13T13:54:00,PCI_15,2,23444253.0,9446328.0,922,15,710,24,11,11,41.0,29.0,20.96,27.79
2026-06-13T13:54:00,PCI_16,2,34009818.0,14589530.0,918,27,875,28,13,14,39.0,24.0,10.57,13.18
2026-06-13T13:55:00,PCI_1,2,377503440.0,28148664.0,1135,14,883,21,15,11,36.0,26.0,12.32,8.62
2026-06-13T13:55:00,PCI_2,2,200234058.0,28384120.0,1067,11,813,29,13,15,37.0,39.0,19.26,27.52
2026-06-13T13:55:00,PCI_3,2,320350362.0,31021448.0,932,5,907,28,12,11,39.0,28.0,17.5,10.98
2026-06-13T13:55:00,PCI_4,2,445410308.0,20983628.0,915,39,737,15,11,15,40.0,26.0,7.36,12.27
2026-06-13T13:55:00,PCI_5,1,374079627.0,24418746.0,1014,14,805,19,11,10,42.0,30.0,11.51,25.07
2026-06-13T13:55:00,PCI_6,3,442139673.0,26299046.0,1116,5,872,22,11,9,36.0,30.0,7.63,17.04
2026-06-13T13:55:00,PCI_7,2,440991412.0,26163049.0,1157,7,815,12,12,15,35.0,31.0,20.72,27.17
2026-06-13T13:55:00,PCI_8,2,258272043.0,18030514.0,985,129,783,138,1,1,40.0,30.0,8.12,1.13
2026-06-13T13:55:00,PCI_9,2,24368208.0,10549677.0,926,27,927,14,15,13,31.0,26.0,7.76,24.33
2026-06-13T13:55:00,PCI_10,1,28105907.0,7209460.0,1112,15,890,8,11,12,32.0,25.0,23.19,9.82
2026-06-13T13:55:00,PCI_11,1,22519200.0,12014676.0,1005,13,680,25,12,13,34.0,28.0,6.21,27.11
2026-06-13T13:55:00,PCI_12,2,13600489.0,15968675.0,1082,39,796,17,9,9,36.0,23.0,16.96,20.74
2026-06-13T13:55:00,PCI_13,3,23070500.0,12992208.0,1152,5,881,9,13,9,35.0,31.0,14.96,16.18
2026-06-13T13:55:00,PCI_14,3,20285979.0,10032836.0,1001,25,901,9,13,9,36.0,24.0,6.99,16.75
2026-06-13T13:55:00,PCI_15,2,27657134.0,11496339.0,1014,5,767,9,12,13,39.0,29.0,21.61,12.24
2026-06-13T13:55:00,PCI_16,2,24713504.0,17767072.0,961,23,834,13,9,9,32.0,30.0,18.61,11.52
2026-06-13T13:56:00,PCI_1,2,503767737.0,31761074.0,1038,32,915,26,15,12,35.0,21.0,11.26,15.24
2026-06-13T13:56:00,PCI_2,2,435180352.0,30657226.0,1145,32,736,4,12,10,32.0,27.0,10.99,8.85
2026-06-13T13:56:00,PCI_3,1,466431596.0,23999103.0,1015,27,874,21,8,12,40.0,30.0,24.57,15.91
2026-06-13T13:56:00,PCI_4,1,418160238.0,22346286.0,1073,20,758,19,9,12,38.0,30.0,10.68,12.24
2026-06-13T13:56:00,PCI_5,3,445835833.0,29398125.0,1134,20,799,24,11,9,32.0,32.0,6.22,27.28
2026-06-13T13:56:00,PCI_6,2,348837833.0,28105522.0,1006,34,869,21,14,12,37.0,28.0,18.72,22.66
2026-06-13T13:56:00,PCI_7,1,451542216.0,23866148.0,986,18,760,7,12,10,32.0,21.0,11.88,10.42
2026-06-13T13:56:00,PCI_8,1,213713189.0,10332236.0,784,232,612,102,1,1,40.0,39.0,4.97,10.16
2026-06-13T13:56:00,PCI_9,2,25846235.0,11885913.0,934,25,859,28,12,11,37.0,32.0,8.44,9.34
2026-06-13T13:56:00,PCI_10,2,21697480.0,12073728.0,1163,16,798,20,8,8,36.0,28.0,9.72,16.11
2026-06-13T13:56:00,PCI_11,2,19461647.0,10240424.0,900,8,832,29,12,9,36.0,21.0,5.83,20.6
2026-06-13T13:56:00,PCI_12,2,25733746.0,9956224.0,1095,36,961,28,10,10,39.0,26.0,9.47,24.18
2026-06-13T13:56:00,PCI_13,1,26863814.0,13019043.0,955,18,790,5,8,13,35.0,30.0,23.16,17.34
2026-06-13T13:56:00,PCI_14,2,19809930.0,15808430.0,945,11,771,18,10,15,31.0,26.0,20.14,20.46
2026-06-13T13:56:00,PCI_15,2,26611880.0,11905005.0,1102,36,847,12,9,14,35.0,32.0,20.38,24.53
2026-06-13T13:56:00,PCI_16,2,19720484.0,8734046.0,1102,22,771,15,15,8,35.0,22.0,14.85,8.94
2026-06-13T13:57:00,PCI_1,2,451452372.0,29480993.0,932,30,723,25,10,10,34.0,17.0,12.73,24.61
2026-06-13T13:57:00,PCI_2,2,383218189.0,29261682.0,1071,10,717,22,14,14,43.0,36.0,10.69,20.04
2026-06-13T13:57:00,PCI_3,3,346848764.0,29250847.0,1082,7,848,12,12,10,37.0,40.0,20.09,10.05
2026-06-13T13:57:00,PCI_4,1,426836457.0,31464243.0,1052,15,775,7,13,15,28.0,25.0,24.86,26.66
2026-06-13T13:57:00,PCI_5,1,307390104.0,20391667.0,1073,39,872,4,12,10,36.0,28.0,17.78,16.98
2026-06-13T13:57:00,PCI_6,1,449152436.0,28720185.0,951,5,777,7,8,10,37.0,31.0,15.93,15.64
2026-06-13T13:57:00,PCI_7,2,405981079.0,18330459.0,1129,33,841,12,11,13,39.0,22.0,17.56,19.99
2026-06-13T13:57:00,PCI_8,3,219467511.0,21209461.0,841,232,755,178,1,1,34.0,30.0,14.81,18.95
2026-06-13T13:57:00,PCI_9,2,22892231.0,13122766.0,1008,35,824,7,10,14,38.0,38.0,9.8,21.0
2026-06-13T13:57:00,PCI_10,1,28660891.0,14981004.0,1076,38,970,25,13,9,34.0,28.0,6.78,13.79
2026-06-13T13:57:00,PCI_11,1,22797481.0,14685888.0,1126,35,895,16,9,15,34.0,33.0,7.12,16.84
2026-06-13T13:57:00,PCI_12,2,24774110.0,13966613.0,1072,34,921,29,13,9,37.0,29.0,18.94,27.15
2026-06-13T13:57:00,PCI_13,1,19593896.0,13679019.0,984,38,862,24,15,13,27.0,27.0,10.95,9.84
2026-06-13T13:57:00,PCI_14,2,34657926.0,10177660.0,1163,22,872,18,10,11,34.0,22.0,16.39,9.65
2026-06-13T13:57:00,PCI_15,2,22346859.0,12960782.0,1068,22,860,13,9,8,36.0,22.0,17.19,12.16
2026-06-13T13:57:00,PCI_16,2,22787886.0,12835057.0,1006,26,851,19,11,8,41.0,18.0,23.42,17.31
2026-06-13T13:58:00,PCI_1,1,389721484.0,29736089.0,958,29,773,21,15,8,42.0,25.0,15.96,26.45
2026-06-13T13:58:00,PCI_2,2,404070405.0,24698138.0,974,22,801,22,13,9,37.0,25.0,24.38,27.35
2026-06-13T13:58:00,PCI_3,2,341416381.0,26945650.0,981,20,891,7,10,9,42.0,28.0,12.2,10.73
2026-06-13T13:58:00,PCI_4,2,486640314.0,24835836.0,1161,29,894,22,12,8,28.0,24.0,10.48,25.21
2026-06-13T13:58:00,PCI_5,2,370908951.0,27503111.0,942,14,844,4,15,15,41.0,28.0,20.3,12.35
2026-06-13T13:58:00,PCI_6,2,427871357.0,20478023.0,1090,5,859,28,12,13,36.0,25.0,20.39,8.75
2026-06-13T13:58:00,PCI_7,2,398167932.0,20053003.0,983,31,882,23,13,12,39.0,26.0,20.72,10.41
2026-06-13T13:58:00,PCI_8,2,200320137.0,16076391.0,787,171,721,175,1,1,40.0,27.0,11.15,12.62
2026-06-13T13:58:00,PCI_9,1,26313612.0,10984448.0,961,22,799,25,9,14,31.0,36.0,10.65,21.35
2026-06-13T13:58:00,PCI_10,2,26929370.0,12436454.0,901,19,735,16,8,11,34.0,22.0,6.71,22.16
2026-06-13T13:58:00,PCI_11,2,27574631.0,12973500.0,920,20,951,23,15,11,38.0,25.0,17.5,8.21
2026-06-13T13:58:00,PCI_12,1,16238568.0,19770485.0,1154,33,937,29,12,12,34.0,32.0,8.92,24.89
2026-06-13T13:58:00,PCI_13,1,20192024.0,10463348.0,984,27,927,10,10,14,39.0,36.0,6.95,14.28
2026-06-13T13:58:00,PCI_14,2,21852828.0,15365534.0,897,24,757,5,11,13,40.0,26.0,18.65,26.82
2026-06-13T13:58:00,PCI_15,1,28253118.0,10445580.0,1119,22,965,6,10,8,31.0,26.0,8.87,9.37
2026-06-13T13:58:00,PCI_16,1,33761298.0,13786463.0,898,10,839,22,15,8,42.0,37.0,13.35,24.02
2026-06-13T13:59:00,PCI_1,2,431983115.0,18595777.0,1091,24,844,9,15,11,34.0,30.0,11.95,26.46
2026-06-13T13:59:00,PCI_2,2,314942803.0,29194606.0,1171,5,970,10,11,9,36.0,21.0,8.17,11.65
2026-06-13T13:59:00,PCI_3,1,503108146.0,18881687.0,969,8,817,3,8,11,44.0,25.0,9.13,26.67
2026-06-13T13:59:00,PCI_4,2,403344566.0,31195273.0,1007,11,722,11,15,15,38.0,32.0,22.22,27.29
2026-06-13T13:59:00,PCI_5,2,350324707.0,25051995.0,991,13,792,7,9,10,37.0,27.0,7.22,17.44
2026-06-13T13:59:00,PCI_6,1,305575415.0,29483570.0,1157,25,762,20,8,8,39.0,36.0,13.88,15.63
2026-06-13T13:59:00,PCI_7,2,419090455.0,27191184.0,1158,6,947,17,14,12,42.0,32.0,5.68,14.24
2026-06-13T13:59:00,PCI_8,1,164871968.0,16563519.0,867,227,684,122,1,1,42.0,24.0,2.73,3.22
2026-06-13T13:59:00,PCI_9,2,25198336.0,14859258.0,1011,6,732,8,8,10,34.0,29.0,19.5,11.77
2026-06-13T13:59:00,PCI_10,2,20838361.0,9919289.0,1157,30,754,3,8,14,39.0,31.0,13.65,17.47
2026-06-13T13:59:00,PCI_11,2,30431569.0,10540814.0,917,39,714,13,12,15,32.0,25.0,12.01,24.07
2026-06-13T13:59:00,PCI_12,2,28627958.0,8940790.0,1061,39,956,20,14,15,37.0,32.0,16.19,12.78
2026-06-13T13:59:00,PCI_13,2,25432383.0,9813185.0,978,25,930,7,11,12,34.0,25.0,16.55,9.67
2026-06-13T13:59:00,PCI_14,2,28376866.0,13083233.0,1087,39,762,26,12,8,34.0,28.0,20.05,22.31
2026-06-13T13:59:00,PCI_15,1,33141528.0,11919469.0,1087,6,732,9,12,10,36.0,28.0,7.83,10.72
2026-06-13T13:59:00,PCI_16,2,21090248.0,10665171.0,880,36,924,23,14,11,41.0,35.0,11.12,17.07
